2025-07-31 09:12:34,063 [INFO] /app/code/main_operator.py - Starting Operator with 20 workers.
2025-07-31 09:12:34,064 [INFO] /app/code/main_operator.py - 🚀 Starting Kopf operator in mode: PLS, watching the test-thesis namespace.
2025-07-31 09:12:34,066 [INFO] root - Initializing Openstack Client!
2025-07-31 09:12:34,150 [INFO] root - Grasshopper was not running, initialising Cluster State.
2025-07-31 09:12:34,354 [INFO] matcher - PLS: Configuring new spol Policy(name=app-b-allow-backend-database, sel=LabelSet(labels={'app': 'app-b', 'role': 'backend'}), allow=[
(LabelSet(labels={'app': 'app-b', 'role': 'database'}), Traffic(direction=ingress, port=80, protocol=TCP)) 
])
2025-07-31 09:12:34,368 [INFO] matcher - PLS: Configuring new spol Policy(name=app-b-allow-backend-database, sel=LabelSet(labels={'app': 'app-b', 'role': 'backend'}), allow=[
(LabelSet(labels={'app': 'app-b', 'role': 'database'}), Traffic(direction=egress, port=80, protocol=TCP)) 
])
2025-07-31 09:12:34,402 [INFO] matcher - PLS: Configuring new spol Policy(name=app-c-allow-backend-database, sel=LabelSet(labels={'app': 'app-c', 'role': 'backend'}), allow=[
(LabelSet(labels={'app': 'app-c', 'role': 'database'}), Traffic(direction=ingress, port=80, protocol=TCP)) 
])
2025-07-31 09:12:34,417 [INFO] matcher - PLS: Configuring new spol Policy(name=app-c-allow-backend-database, sel=LabelSet(labels={'app': 'app-c', 'role': 'backend'}), allow=[
(LabelSet(labels={'app': 'app-c', 'role': 'database'}), Traffic(direction=egress, port=80, protocol=TCP)) 
])
2025-07-31 09:12:34,434 [INFO] matcher - PLS: Configuring new spol Policy(name=app-c-allow-backend-frontend, sel=LabelSet(labels={'app': 'app-c', 'role': 'backend'}), allow=[
(LabelSet(labels={'app': 'app-c', 'role': 'frontend'}), Traffic(direction=ingress, port=80, protocol=TCP)) 
])
2025-07-31 09:12:34,444 [INFO] matcher - PLS: Configuring new spol Policy(name=app-c-allow-backend-frontend, sel=LabelSet(labels={'app': 'app-c', 'role': 'backend'}), allow=[
(LabelSet(labels={'app': 'app-c', 'role': 'frontend'}), Traffic(direction=egress, port=80, protocol=TCP)) 
])
2025-07-31 09:12:34,455 [INFO] matcher - PLS: Configuring new spol Policy(name=app-c-allow-database-backend, sel=LabelSet(labels={'app': 'app-c', 'role': 'database'}), allow=[
(LabelSet(labels={'app': 'app-c', 'role': 'backend'}), Traffic(direction=ingress, port=80, protocol=TCP)) 
])
2025-07-31 09:12:34,468 [INFO] matcher - PLS: Configuring new spol Policy(name=app-c-allow-database-backend, sel=LabelSet(labels={'app': 'app-c', 'role': 'database'}), allow=[
(LabelSet(labels={'app': 'app-c', 'role': 'backend'}), Traffic(direction=egress, port=80, protocol=TCP)) 
])
2025-07-31 09:12:34,481 [INFO] matcher - PLS: Configuring new spol Policy(name=app-c-allow-frontend-backend, sel=LabelSet(labels={'app': 'app-c', 'role': 'frontend'}), allow=[
(LabelSet(labels={'app': 'app-c', 'role': 'backend'}), Traffic(direction=ingress, port=80, protocol=TCP)) 
])
2025-07-31 09:12:34,497 [INFO] matcher - PLS: Configuring new spol Policy(name=app-c-allow-frontend-backend, sel=LabelSet(labels={'app': 'app-c', 'role': 'frontend'}), allow=[
(LabelSet(labels={'app': 'app-c', 'role': 'backend'}), Traffic(direction=egress, port=80, protocol=TCP)) 
])
2025-07-31 09:12:34,506 [INFO] root - ================================= FRESH INITIALISATION DONE =====================================
2025-07-31 09:12:34,520 [INFO] operator_code.watcher_operator - Watcher class for Kopf Operator!
2025-07-31 09:12:34,521 [INFO] kopf.activities.startup - Activity 'startup_handler' succeeded.
2025-07-31 09:12:34,523 [INFO] kopf._core.engines.activities - Initial authentication has been initiated.
2025-07-31 09:12:34,527 [INFO] kopf.activities.authentication - Activity 'login_via_client' succeeded.
2025-07-31 09:12:34,527 [INFO] kopf._core.engines.activities - Initial authentication has finished.
2025-07-31 09:12:34,562 [WARNING] kopf._core.reactor.observation - Not enough permissions to list namespaces. Falling back to a list of namespaces which are assumed to exist: {'test-thesis'}
2025-07-31 09:12:34,566 [WARNING] kopf._core.reactor.observation - Not enough permissions to watch for namespaces: changes (deletion/creation) will not be noticed; the namespaces are only refreshed on operator restarts.
2025-07-31 09:12:34,820 [INFO] matcher - PLS: Configuring new spol Policy(name=app-b-allow-database-backend, sel=LabelSet(labels={'app': 'app-b', 'role': 'database'}), allow=[
(LabelSet(labels={'app': 'app-b', 'role': 'backend'}), Traffic(direction=ingress, port=80, protocol=TCP)) 
])
2025-07-31 09:12:34,823 [INFO] kopf.objects - Handler 'handle_new_policy' succeeded.
2025-07-31 09:12:34,824 [INFO] kopf.objects - Creation is processed: 1 succeeded; 0 failed.
2025-07-31 09:12:34,842 [INFO] kopf.objects - Handler 'handle_new_policy' succeeded.
2025-07-31 09:12:34,842 [INFO] kopf.objects - Creation is processed: 1 succeeded; 0 failed.
2025-07-31 09:12:34,844 [INFO] kopf.objects - Handler 'handle_new_policy' succeeded.
2025-07-31 09:12:34,844 [INFO] kopf.objects - Creation is processed: 1 succeeded; 0 failed.
2025-07-31 09:12:34,848 [INFO] matcher - PLS: Configuring new spol Policy(name=app-b-allow-database-backend, sel=LabelSet(labels={'app': 'app-b', 'role': 'database'}), allow=[
(LabelSet(labels={'app': 'app-b', 'role': 'backend'}), Traffic(direction=egress, port=80, protocol=TCP)) 
])
2025-07-31 09:12:34,854 [INFO] kopf.objects - Handler 'handle_new_policy' succeeded.
2025-07-31 09:12:34,854 [INFO] kopf.objects - Creation is processed: 1 succeeded; 0 failed.
2025-07-31 09:12:34,855 [INFO] kopf.objects - Handler 'handle_new_policy' succeeded.
2025-07-31 09:12:34,855 [INFO] kopf.objects - Creation is processed: 1 succeeded; 0 failed.
2025-07-31 09:12:34,856 [INFO] kopf.objects - Handler 'handle_new_policy' succeeded.
2025-07-31 09:12:34,856 [INFO] kopf.objects - Creation is processed: 1 succeeded; 0 failed.
2025-07-31 09:12:34,857 [INFO] kopf.objects - Handler 'handle_new_policy' succeeded.
2025-07-31 09:12:34,857 [INFO] kopf.objects - Creation is processed: 1 succeeded; 0 failed.
2025-07-31 09:12:34,865 [INFO] kopf.objects - Handler 'handle_new_policy' succeeded.
2025-07-31 09:12:34,866 [INFO] kopf.objects - Creation is processed: 1 succeeded; 0 failed.
2025-07-31 09:12:34,881 [INFO] matcher - PLS: Configuring new spol Policy(name=app-b-allow-frontend-backend, sel=LabelSet(labels={'app': 'app-b', 'role': 'frontend'}), allow=[
(LabelSet(labels={'app': 'app-b', 'role': 'backend'}), Traffic(direction=ingress, port=80, protocol=TCP)) 
])
2025-07-31 09:12:34,896 [INFO] matcher - PLS: Configuring new spol Policy(name=app-b-allow-frontend-backend, sel=LabelSet(labels={'app': 'app-b', 'role': 'frontend'}), allow=[
(LabelSet(labels={'app': 'app-b', 'role': 'backend'}), Traffic(direction=egress, port=80, protocol=TCP)) 
])
2025-07-31 09:12:34,908 [INFO] kopf.objects - Handler 'handle_new_policy' succeeded.
2025-07-31 09:12:34,909 [INFO] kopf.objects - Creation is processed: 1 succeeded; 0 failed.
2025-07-31 09:12:34,961 [INFO] matcher - PLS: Configuring new spol Policy(name=app-b-allow-backend-frontend, sel=LabelSet(labels={'app': 'app-b', 'role': 'backend'}), allow=[
(LabelSet(labels={'app': 'app-b', 'role': 'frontend'}), Traffic(direction=ingress, port=80, protocol=TCP)) 
])
2025-07-31 09:12:34,983 [INFO] matcher - PLS: Configuring new spol Policy(name=app-b-allow-backend-frontend, sel=LabelSet(labels={'app': 'app-b', 'role': 'backend'}), allow=[
(LabelSet(labels={'app': 'app-b', 'role': 'frontend'}), Traffic(direction=egress, port=80, protocol=TCP)) 
])
2025-07-31 09:12:34,999 [INFO] kopf.objects - Handler 'handle_new_policy' succeeded.
2025-07-31 09:12:34,999 [INFO] kopf.objects - Creation is processed: 1 succeeded; 0 failed.
2025-07-31 09:12:35,143 [INFO] matcher - PLS: Configuring new spol Policy(name=app-a-allow-backend-database, sel=LabelSet(labels={'app': 'app-a', 'role': 'backend'}), allow=[
(LabelSet(labels={'app': 'app-a', 'role': 'database'}), Traffic(direction=ingress, port=80, protocol=TCP)) 
])
2025-07-31 09:12:35,160 [INFO] matcher - PLS: Configuring new spol Policy(name=app-a-allow-backend-database, sel=LabelSet(labels={'app': 'app-a', 'role': 'backend'}), allow=[
(LabelSet(labels={'app': 'app-a', 'role': 'database'}), Traffic(direction=egress, port=80, protocol=TCP)) 
])
2025-07-31 09:12:35,174 [INFO] kopf.objects - Handler 'handle_new_policy' succeeded.
2025-07-31 09:12:35,175 [INFO] kopf.objects - Creation is processed: 1 succeeded; 0 failed.
2025-07-31 09:12:35,260 [INFO] matcher - PLS: Configuring new spol Policy(name=app-a-allow-frontend-backend, sel=LabelSet(labels={'app': 'app-a', 'role': 'frontend'}), allow=[
(LabelSet(labels={'app': 'app-a', 'role': 'backend'}), Traffic(direction=ingress, port=80, protocol=TCP)) 
])
2025-07-31 09:12:35,284 [INFO] matcher - PLS: Configuring new spol Policy(name=app-a-allow-frontend-backend, sel=LabelSet(labels={'app': 'app-a', 'role': 'frontend'}), allow=[
(LabelSet(labels={'app': 'app-a', 'role': 'backend'}), Traffic(direction=egress, port=80, protocol=TCP)) 
])
2025-07-31 09:12:35,300 [INFO] kopf.objects - Handler 'handle_new_policy' succeeded.
2025-07-31 09:12:35,300 [INFO] kopf.objects - Creation is processed: 1 succeeded; 0 failed.
2025-07-31 09:12:35,372 [INFO] matcher - PLS: Configuring new spol Policy(name=app-a-allow-backend-frontend, sel=LabelSet(labels={'app': 'app-a', 'role': 'backend'}), allow=[
(LabelSet(labels={'app': 'app-a', 'role': 'frontend'}), Traffic(direction=ingress, port=80, protocol=TCP)) 
])
2025-07-31 09:12:35,386 [INFO] matcher - PLS: Configuring new spol Policy(name=app-a-allow-backend-frontend, sel=LabelSet(labels={'app': 'app-a', 'role': 'backend'}), allow=[
(LabelSet(labels={'app': 'app-a', 'role': 'frontend'}), Traffic(direction=egress, port=80, protocol=TCP)) 
])
2025-07-31 09:12:35,398 [INFO] kopf.objects - Handler 'handle_new_policy' succeeded.
2025-07-31 09:12:35,399 [INFO] kopf.objects - Creation is processed: 1 succeeded; 0 failed.
2025-07-31 09:12:35,504 [INFO] kopf.objects - Handler 'handle_new_policy' succeeded.
2025-07-31 09:12:35,507 [INFO] kopf.objects - Creation is processed: 1 succeeded; 0 failed.
2025-07-31 09:12:35,637 [INFO] matcher - PLS: Configuring new spol Policy(name=app-a-allow-database-backend, sel=LabelSet(labels={'app': 'app-a', 'role': 'database'}), allow=[
(LabelSet(labels={'app': 'app-a', 'role': 'backend'}), Traffic(direction=ingress, port=80, protocol=TCP)) 
])
2025-07-31 09:12:35,659 [INFO] matcher - PLS: Configuring new spol Policy(name=app-a-allow-database-backend, sel=LabelSet(labels={'app': 'app-a', 'role': 'database'}), allow=[
(LabelSet(labels={'app': 'app-a', 'role': 'backend'}), Traffic(direction=egress, port=80, protocol=TCP)) 
])
2025-07-31 09:12:35,677 [INFO] kopf.objects - Handler 'handle_new_policy' succeeded.
2025-07-31 09:12:35,678 [INFO] kopf.objects - Creation is processed: 1 succeeded; 0 failed.
2025-07-31 09:12:36,132 [INFO] matcher - PLS: Configuring new pod with labelset: {L}
2025-07-31 09:12:36,132 [INFO] matcher - PLS: Configuring new spol Policy(name=app-a-allow-backend-frontend, sel=LabelSet(labels={'app': 'app-a', 'role': 'backend'}), allow=[
(LabelSet(labels={'app': 'app-a', 'role': 'frontend'}), Traffic(direction=egress, port=80, protocol=TCP)) 
])
2025-07-31 09:12:36,132 [INFO] matcher - PLS: Configuring new spol Policy(name=app-a-allow-frontend-backend, sel=LabelSet(labels={'app': 'app-a', 'role': 'frontend'}), allow=[
(LabelSet(labels={'app': 'app-a', 'role': 'backend'}), Traffic(direction=ingress, port=80, protocol=TCP)) 
])
2025-07-31 09:12:36,133 [INFO] matcher - Adding Security Group for select labelset: LabelSet(labels={'app': 'app-a', 'role': 'frontend'})
2025-07-31 09:12:36,198 [INFO] matcher - PLS: Configuring new pod with labelset: {L}
2025-07-31 09:12:36,198 [INFO] matcher - PLS: Configuring new spol Policy(name=app-b-allow-backend-database, sel=LabelSet(labels={'app': 'app-b', 'role': 'backend'}), allow=[
(LabelSet(labels={'app': 'app-b', 'role': 'database'}), Traffic(direction=ingress, port=80, protocol=TCP)) 
])
2025-07-31 09:12:36,198 [INFO] matcher - PLS: Configuring new spol Policy(name=app-b-allow-database-backend, sel=LabelSet(labels={'app': 'app-b', 'role': 'database'}), allow=[
(LabelSet(labels={'app': 'app-b', 'role': 'backend'}), Traffic(direction=ingress, port=80, protocol=TCP)) 
])
2025-07-31 09:12:36,199 [INFO] matcher - Adding Security Group for select labelset: LabelSet(labels={'app': 'app-b', 'role': 'database'})
[128610543937216] Handling new policy app-b-allow-backend-database, locking app:app-brole:backend, app:app-brole:database,  ...
Successfully added policy app-b-allow-backend-database to ClusterState
[128610543937216] Handled new policy app-b-allow-backend-database, Released app:app-brole:backend, app:app-brole:database,  ...
[128610543937216] Handling new policy app-c-allow-backend-database, locking app:app-crole:database, app:app-crole:backend,  ...
Successfully added policy app-c-allow-backend-database to ClusterState
[128610543937216] Handled new policy app-c-allow-backend-database, Released app:app-crole:database, app:app-crole:backend,  ...
[128610543937216] Handling new policy app-c-allow-backend-frontend, locking app:app-crole:frontend, app:app-crole:backend,  ...
Successfully added policy app-c-allow-backend-frontend to ClusterState
[128610543937216] Handled new policy app-c-allow-backend-frontend, Released app:app-crole:frontend, app:app-crole:backend,  ...
[128610543937216] Handling new policy app-c-allow-database-backend, locking app:app-crole:database, app:app-crole:backend,  ...
Successfully added policy app-c-allow-database-backend to ClusterState
[128610543937216] Handled new policy app-c-allow-database-backend, Released app:app-crole:database, app:app-crole:backend,  ...
[128610543937216] Handling new policy app-c-allow-frontend-backend, locking app:app-crole:backend, app:app-crole:frontend,  ...
Successfully added policy app-c-allow-frontend-backend to ClusterState
[128610543937216] Handled new policy app-c-allow-frontend-backend, Released app:app-crole:backend, app:app-crole:frontend,  ...
[128610543937216] Handling new policy app-c-deny-all, locking app:app-c,  ...
Successfully added policy app-c-deny-all to ClusterState
[128610543937216] Handled new policy app-c-deny-all, Released app:app-c,  ...
[128610543937216] Handling new policy app-b-allow-backend-database, locking app:app-brole:backend, app:app-brole:database,  ...
Policy app-b-allow-backend-database already exists in the cluster.
[128610543937216] Handling new policy app-b-allow-database-backend, locking app:app-brole:backend, app:app-brole:database,  ...
[128610530301632] Handling new policy app-b-allow-frontend-backend, locking app:app-brole:backend, app:app-brole:frontend,  ...
[128610446866112] Handling new policy app-c-allow-backend-database, locking app:app-crole:database, app:app-crole:backend,  ...
Policy app-c-allow-backend-database already exists in the cluster.
[128610446866112] Handling new policy app-c-allow-database-backend, locking app:app-crole:database, app:app-crole:backend,  ...
Policy app-c-allow-database-backend already exists in the cluster.
[128610438473408] Handling new policy app-c-allow-backend-frontend, locking app:app-crole:frontend, app:app-crole:backend,  ...
Policy app-c-allow-backend-frontend already exists in the cluster.
[128610438473408] Handling new policy app-c-allow-frontend-backend, locking app:app-crole:backend, app:app-crole:frontend,  ...
Policy app-c-allow-frontend-backend already exists in the cluster.
[128610446866112] Handling new policy app-c-deny-all, locking app:app-c,  ...
Successfully added policy app-c-deny-all to ClusterState
[128610446866112] Handled new policy app-c-deny-all, Released app:app-c,  ...
[128610446866112] Handling new policy app-b-deny-all, locking app:app-b,  ...
Successfully added policy app-b-deny-all to ClusterState
[128610446866112] Handled new policy app-b-deny-all, Released app:app-b,  ...
Successfully added policy app-b-allow-database-backend to ClusterState
[128610543937216] Handled new policy app-b-allow-database-backend, Released app:app-brole:backend, app:app-brole:database,  ...
Successfully added policy app-b-allow-frontend-backend to ClusterState
[128610530301632] Handled new policy app-b-allow-frontend-backend, Released app:app-brole:backend, app:app-brole:frontend,  ...
[128610446866112] Handling new policy app-b-allow-backend-frontend, locking app:app-brole:backend, app:app-brole:frontend,  ...
Successfully added policy app-b-allow-backend-frontend to ClusterState
[128610446866112] Handled new policy app-b-allow-backend-frontend, Released app:app-brole:backend, app:app-brole:frontend,  ...
[128610543937216] Handling new policy app-a-allow-backend-database, locking app:app-arole:database, app:app-arole:backend,  ...
Successfully added policy app-a-allow-backend-database to ClusterState
[128610543937216] Handled new policy app-a-allow-backend-database, Released app:app-arole:database, app:app-arole:backend,  ...
[128610438473408] Handling new policy app-a-allow-frontend-backend, locking app:app-arole:frontend, app:app-arole:backend,  ...
Successfully added policy app-a-allow-frontend-backend to ClusterState
[128610438473408] Handled new policy app-a-allow-frontend-backend, Released app:app-arole:frontend, app:app-arole:backend,  ...
[128610530301632] Handling new policy app-a-allow-backend-frontend, locking app:app-arole:frontend, app:app-arole:backend,  ...
Successfully added policy app-a-allow-backend-frontend to ClusterState
[128610530301632] Handled new policy app-a-allow-backend-frontend, Released app:app-arole:frontend, app:app-arole:backend,  ...
[128610446866112] Handling new policy app-a-deny-all, locking app:app-a,  ...
Successfully added policy app-a-deny-all to ClusterState
[128610446866112] Handled new policy app-a-deny-all, Released app:app-a,  ...
[128610543937216] Handling new policy app-a-allow-database-backend, locking app:app-arole:database, app:app-arole:backend,  ...
Successfully added policy app-a-allow-database-backend to ClusterState
[128610543937216] Handled new policy app-a-allow-database-backend, Released app:app-arole:database, app:app-arole:backend,  ...
New pod test-pod-0! old_node = None, new_node = worker-1.
Handling the new pod object: Pod(name=test-pod-0, label_set=LabelSet(labels={'app': 'app-a', 'role': 'frontend'}), node=Node(name=worker-1)
[128610446866112] Handling pod test-pod-0, locking app:app-arole:frontend, app:app-arole:backend,  ...
New pod: test-pod-0, on node: worker-1
New pod test-pod-1! old_node = None, new_node = worker-1.
Handling the new pod object: Pod(name=test-pod-1, label_set=LabelSet(labels={'app': 'app-a', 'role': 'backend'}), node=Node(name=worker-1)
[128610530301632] Handling pod test-pod-1, locking app:app-arole:frontend, app:app-arole:backend, app:app-arole:database,  ...
New pod test-pod-2! old_node = None, new_node = worker-1.
Handling the new pod object: Pod(name=test-pod-2, label_set=LabelSet(labels={'app': 'app-a', 'role': 'database'}), node=Node(name=worker-1)
[128610438473408] Handling pod test-pod-2, locking app:app-arole:database, app:app-arole:backend,  ...
New pod test-pod-5! old_node = None, new_node = worker-1.
Handling the new pod object: Pod(name=test-pod-5, label_set=LabelSet(labels={'app': 'app-b', 'role': 'database'}), node=Node(name=worker-1)
[128610543937216] Handling pod test-pod-5, locking app:app-brole:backend, app:app-brole:database,  ...
New pod: test-pod-5, on node: worker-1
New pod test-pod-8! old_node = None, new_node = worker-1.
Handling the new pod object: Pod(name=test-pod-8, label_set=LabelSet(labels={'app': 'app-c', 'role': 'database'}), node=Node(name=worker-1)
[128610430080704] Handling pod test-pod-8, locking app:app-crole:database, app:app-crole:backend,  ...
New pod: test-pod-8, on node: worker-1
New pod test-pod-6! old_node = None, new_node = worker-1.
Handling the new pod object: Pod(name=test-pod-6, label_set=LabelSet(labels={'app': 'app-c', 'role': 'frontend'}), node=Node(name=worker-1)
[128610421688000] Handling pod test-pod-6, locking app:app-crole:backend, app:app-crole:frontend,  ...
New pod test-pod-3! old_node = None, new_node = worker-1.
Handling the new pod object: Pod(name=test-pod-3, label_set=LabelSet(labels={'app': 'app-b', 'role': 'frontend'}), node=Node(name=worker-1)
[128610413295296] Handling pod test-pod-3, locking app:app-brole:backend, app:app-brole:frontend,  ...
New pod test-pod-4! old_node = None, new_node = worker-1.
2025-07-31 09:12:36,216 [INFO] matcher - PLS: Configuring new pod with labelset: {L}
2025-07-31 09:12:36,216 [INFO] matcher - PLS: Configuring new spol Policy(name=app-c-allow-backend-database, sel=LabelSet(labels={'app': 'app-c', 'role': 'backend'}), allow=[
(LabelSet(labels={'app': 'app-c', 'role': 'database'}), Traffic(direction=egress, port=80, protocol=TCP)) 
])
2025-07-31 09:12:36,216 [INFO] matcher - PLS: Configuring new spol Policy(name=app-c-allow-database-backend, sel=LabelSet(labels={'app': 'app-c', 'role': 'database'}), allow=[
(LabelSet(labels={'app': 'app-c', 'role': 'backend'}), Traffic(direction=ingress, port=80, protocol=TCP)) 
])
2025-07-31 09:12:36,216 [INFO] matcher - Adding Security Group for select labelset: LabelSet(labels={'app': 'app-c', 'role': 'database'})
2025-07-31 09:12:36,617 [INFO] root - Creating security group: SG-app:app-arole:frontend
2025-07-31 09:12:36,618 [INFO] root - Creating security group: SG-app:app-brole:database
2025-07-31 09:12:36,651 [INFO] root - Creating security group: SG-app:app-crole:database
2025-07-31 09:12:37,149 [INFO] security_group_module - Attaching security group SG-app:app-arole:frontend to instance worker-1
2025-07-31 09:12:37,177 [INFO] security_group_module - Attaching security group SG-app:app-crole:database to instance worker-1
2025-07-31 09:12:37,278 [INFO] security_group_module - Attaching security group SG-app:app-brole:database to instance worker-1
2025-07-31 09:12:37,612 [INFO] matcher - Adding Security Group for allow labelset: LabelSet(labels={'app': 'app-a', 'role': 'backend'})
2025-07-31 09:12:37,663 [INFO] root - Creating security group: SG-app:app-arole:backend
2025-07-31 09:12:37,738 [INFO] matcher - Adding Security Group for allow labelset: LabelSet(labels={'app': 'app-c', 'role': 'backend'})
2025-07-31 09:12:37,800 [INFO] root - Creating security group: SG-app:app-crole:backend
2025-07-31 09:12:37,903 [INFO] matcher - Adding Security Group for allow labelset: LabelSet(labels={'app': 'app-b', 'role': 'backend'})
2025-07-31 09:12:37,967 [INFO] security_group_module - SGMod: Adding rule to SG-app:app-arole:frontend, remote SG-app:app-arole:backend, port 80, type ingress
2025-07-31 09:12:38,000 [INFO] security_group_module - SGMod: Adding rule to SG-app:app-crole:database, remote SG-app:app-crole:backend, port 80, type ingress
2025-07-31 09:12:38,072 [INFO] root - Creating security group: SG-app:app-brole:backend
2025-07-31 09:12:38,077 [INFO] matcher - PLS: Configuring new spol Policy(name=app-a-allow-frontend-backend, sel=LabelSet(labels={'app': 'app-a', 'role': 'frontend'}), allow=[
(LabelSet(labels={'app': 'app-a', 'role': 'backend'}), Traffic(direction=egress, port=80, protocol=TCP)) 
])
2025-07-31 09:12:38,077 [INFO] matcher - Adding Security Group for select labelset: LabelSet(labels={'app': 'app-a', 'role': 'frontend'})
2025-07-31 09:12:38,077 [INFO] matcher - Adding Security Group for allow labelset: LabelSet(labels={'app': 'app-a', 'role': 'backend'})
2025-07-31 09:12:38,078 [INFO] security_group_module - SGMod: Adding rule to SG-app:app-arole:frontend, remote SG-app:app-arole:backend, port 80, type egress
2025-07-31 09:12:38,181 [INFO] matcher - PLS: Configuring new spol Policy(name=app-c-allow-database-backend, sel=LabelSet(labels={'app': 'app-c', 'role': 'database'}), allow=[
(LabelSet(labels={'app': 'app-c', 'role': 'backend'}), Traffic(direction=egress, port=80, protocol=TCP)) 
])
2025-07-31 09:12:38,182 [INFO] matcher - Adding Security Group for select labelset: LabelSet(labels={'app': 'app-c', 'role': 'database'})
2025-07-31 09:12:38,182 [INFO] matcher - Adding Security Group for allow labelset: LabelSet(labels={'app': 'app-c', 'role': 'backend'})
2025-07-31 09:12:38,182 [INFO] security_group_module - SGMod: Adding rule to SG-app:app-crole:database, remote SG-app:app-crole:backend, port 80, type egress
2025-07-31 09:12:38,223 [INFO] matcher - PLS: Configuring new spol Policy(name=app-a-allow-backend-frontend, sel=LabelSet(labels={'app': 'app-a', 'role': 'backend'}), allow=[
(LabelSet(labels={'app': 'app-a', 'role': 'frontend'}), Traffic(direction=ingress, port=80, protocol=TCP)) 
])
2025-07-31 09:12:38,233 [INFO] security_group_module - SGMod: Adding rule to SG-app:app-brole:database, remote SG-app:app-brole:backend, port 80, type ingress
2025-07-31 09:12:38,311 [INFO] matcher - PLS: Configuring new spol Policy(name=app-c-allow-backend-database, sel=LabelSet(labels={'app': 'app-c', 'role': 'backend'}), allow=[
(LabelSet(labels={'app': 'app-c', 'role': 'database'}), Traffic(direction=ingress, port=80, protocol=TCP)) 
])
2025-07-31 09:12:38,371 [INFO] matcher - PLS: Configuring new spol Policy(name=app-b-allow-database-backend, sel=LabelSet(labels={'app': 'app-b', 'role': 'database'}), allow=[
(LabelSet(labels={'app': 'app-b', 'role': 'backend'}), Traffic(direction=egress, port=80, protocol=TCP)) 
])
2025-07-31 09:12:38,372 [INFO] matcher - Adding Security Group for select labelset: LabelSet(labels={'app': 'app-b', 'role': 'database'})
2025-07-31 09:12:38,373 [INFO] matcher - Adding Security Group for allow labelset: LabelSet(labels={'app': 'app-b', 'role': 'backend'})
2025-07-31 09:12:38,373 [INFO] security_group_module - SGMod: Adding rule to SG-app:app-brole:database, remote SG-app:app-brole:backend, port 80, type egress
2025-07-31 09:12:38,479 [INFO] security_group_module - Attaching security group SG-app:app-arole:frontend to instance worker-1
2025-07-31 09:12:38,486 [INFO] matcher - PLS: Configuring new spol Policy(name=app-b-allow-backend-database, sel=LabelSet(labels={'app': 'app-b', 'role': 'backend'}), allow=[
(LabelSet(labels={'app': 'app-b', 'role': 'database'}), Traffic(direction=egress, port=80, protocol=TCP)) 
])
2025-07-31 09:12:38,607 [INFO] security_group_module - SG-app:app-crole:database already attached to worker-1
2025-07-31 09:12:38,609 [INFO] kopf.objects - Handler 'handle_new_pod/spec.nodeName' succeeded.
2025-07-31 09:12:38,611 [INFO] kopf.objects - Creation is processed: 1 succeeded; 0 failed.
2025-07-31 09:12:38,647 [INFO] matcher - PLS: Configuring new pod with labelset: {L}
2025-07-31 09:12:38,648 [INFO] matcher - PLS: Configuring new spol Policy(name=app-c-allow-backend-frontend, sel=LabelSet(labels={'app': 'app-c', 'role': 'backend'}), allow=[
(LabelSet(labels={'app': 'app-c', 'role': 'frontend'}), Traffic(direction=egress, port=80, protocol=TCP)) 
])
2025-07-31 09:12:38,650 [INFO] matcher - PLS: Configuring new spol Policy(name=app-c-allow-backend-frontend, sel=LabelSet(labels={'app': 'app-c', 'role': 'backend'}), allow=[
(LabelSet(labels={'app': 'app-c', 'role': 'frontend'}), Traffic(direction=ingress, port=80, protocol=TCP)) 
])
2025-07-31 09:12:38,651 [INFO] matcher - PLS: Configuring new spol Policy(name=app-c-allow-frontend-backend, sel=LabelSet(labels={'app': 'app-c', 'role': 'frontend'}), allow=[
(LabelSet(labels={'app': 'app-c', 'role': 'backend'}), Traffic(direction=ingress, port=80, protocol=TCP)) 
])
2025-07-31 09:12:38,651 [INFO] matcher - Adding Security Group for select labelset: LabelSet(labels={'app': 'app-c', 'role': 'frontend'})
2025-07-31 09:12:38,751 [INFO] root - Creating security group: SG-app:app-crole:frontend
2025-07-31 09:12:38,854 [INFO] security_group_module - SG-app:app-brole:database already attached to worker-1
2025-07-31 09:12:38,858 [INFO] kopf.objects - Handler 'handle_new_pod/spec.nodeName' succeeded.
2025-07-31 09:12:38,865 [INFO] kopf.objects - Creation is processed: 1 succeeded; 0 failed.
2025-07-31 09:12:38,871 [INFO] kopf.objects - Handler 'handle_new_pod/spec.nodeName' succeeded.
2025-07-31 09:12:38,874 [INFO] kopf.objects - Creation is processed: 1 succeeded; 0 failed.
2025-07-31 09:12:38,901 [INFO] matcher - PLS: Configuring new pod with labelset: {L}
2025-07-31 09:12:38,901 [INFO] matcher - PLS: Configuring new spol Policy(name=app-a-allow-frontend-backend, sel=LabelSet(labels={'app': 'app-a', 'role': 'frontend'}), allow=[
(LabelSet(labels={'app': 'app-a', 'role': 'backend'}), Traffic(direction=egress, port=80, protocol=TCP)) 
])
2025-07-31 09:12:38,906 [INFO] matcher - Adding Security Group for select labelset: LabelSet(labels={'app': 'app-a', 'role': 'frontend'})
2025-07-31 09:12:38,907 [INFO] matcher - Adding Security Group for allow labelset: LabelSet(labels={'app': 'app-a', 'role': 'backend'})
2025-07-31 09:12:38,907 [INFO] security_group_module - SGMod: Adding rule to SG-app:app-arole:frontend, remote SG-app:app-arole:backend, port 80, type egress
2025-07-31 09:12:38,917 [INFO] matcher - PLS: Configuring new pod with labelset: {L}
2025-07-31 09:12:38,920 [INFO] matcher - PLS: Configuring new spol Policy(name=app-b-allow-backend-frontend, sel=LabelSet(labels={'app': 'app-b', 'role': 'backend'}), allow=[
(LabelSet(labels={'app': 'app-b', 'role': 'frontend'}), Traffic(direction=egress, port=80, protocol=TCP)) 
])
2025-07-31 09:12:38,921 [INFO] matcher - PLS: Configuring new spol Policy(name=app-b-allow-frontend-backend, sel=LabelSet(labels={'app': 'app-b', 'role': 'frontend'}), allow=[
(LabelSet(labels={'app': 'app-b', 'role': 'backend'}), Traffic(direction=ingress, port=80, protocol=TCP)) 
])
2025-07-31 09:12:38,921 [INFO] matcher - Adding Security Group for select labelset: LabelSet(labels={'app': 'app-b', 'role': 'frontend'})
2025-07-31 09:12:39,058 [INFO] root - Creating security group: SG-app:app-brole:frontend
2025-07-31 09:12:39,065 [INFO] security_group_module - Cannot add rule to remotes: Security group rule already exists. Rule id is 39877020-769c-444c-9786-0f25e8c493b3.
Neutron server returns request_ids: ['req-8b3723bd-309f-4f4c-98d9-dcd25ee81df6']
2025-07-31 09:12:39,066 [INFO] matcher - PLS: Configuring new spol Policy(name=app-a-allow-frontend-backend, sel=LabelSet(labels={'app': 'app-a', 'role': 'frontend'}), allow=[
(LabelSet(labels={'app': 'app-a', 'role': 'backend'}), Traffic(direction=ingress, port=80, protocol=TCP)) 
])
2025-07-31 09:12:39,067 [INFO] matcher - Adding Security Group for select labelset: LabelSet(labels={'app': 'app-a', 'role': 'frontend'})
2025-07-31 09:12:39,069 [INFO] matcher - Adding Security Group for allow labelset: LabelSet(labels={'app': 'app-a', 'role': 'backend'})
2025-07-31 09:12:39,070 [INFO] security_group_module - SGMod: Adding rule to SG-app:app-arole:frontend, remote SG-app:app-arole:backend, port 80, type ingress
2025-07-31 09:12:39,201 [INFO] security_group_module - Attaching security group SG-app:app-crole:frontend to instance worker-1
2025-07-31 09:12:39,229 [INFO] security_group_module - Cannot add rule to remotes: Security group rule already exists. Rule id is 10d6dd50-f994-43df-b29c-50efbda98f73.
Neutron server returns request_ids: ['req-461e5190-a10e-48fd-9ede-591ef2e14268']
2025-07-31 09:12:39,230 [INFO] matcher - PLS: Configuring new spol Policy(name=app-a-allow-backend-database, sel=LabelSet(labels={'app': 'app-a', 'role': 'backend'}), allow=[
(LabelSet(labels={'app': 'app-a', 'role': 'database'}), Traffic(direction=ingress, port=80, protocol=TCP)) 
])
2025-07-31 09:12:39,230 [INFO] matcher - Adding Security Group for select labelset: LabelSet(labels={'app': 'app-a', 'role': 'backend'})
2025-07-31 09:12:39,230 [INFO] matcher - Adding Security Group for allow labelset: LabelSet(labels={'app': 'app-a', 'role': 'database'})
2025-07-31 09:12:39,275 [INFO] root - Creating security group: SG-app:app-arole:database
2025-07-31 09:12:39,408 [INFO] security_group_module - SGMod: Adding rule to SG-app:app-arole:backend, remote SG-app:app-arole:database, port 80, type ingress
2025-07-31 09:12:39,524 [INFO] security_group_module - Attaching security group SG-app:app-brole:frontend to instance worker-1
2025-07-31 09:12:39,541 [INFO] matcher - PLS: Configuring new spol Policy(name=app-a-allow-database-backend, sel=LabelSet(labels={'app': 'app-a', 'role': 'database'}), allow=[
(LabelSet(labels={'app': 'app-a', 'role': 'backend'}), Traffic(direction=egress, port=80, protocol=TCP)) 
])
2025-07-31 09:12:39,541 [INFO] matcher - PLS: Configuring new spol Policy(name=app-a-allow-backend-database, sel=LabelSet(labels={'app': 'app-a', 'role': 'backend'}), allow=[
(LabelSet(labels={'app': 'app-a', 'role': 'database'}), Traffic(direction=egress, port=80, protocol=TCP)) 
])
2025-07-31 09:12:39,542 [INFO] matcher - Adding Security Group for select labelset: LabelSet(labels={'app': 'app-a', 'role': 'backend'})
2025-07-31 09:12:39,542 [INFO] matcher - Adding Security Group for allow labelset: LabelSet(labels={'app': 'app-a', 'role': 'database'})
2025-07-31 09:12:39,542 [INFO] security_group_module - SGMod: Adding rule to SG-app:app-arole:backend, remote SG-app:app-arole:database, port 80, type egress
2025-07-31 09:12:39,570 [INFO] matcher - Adding Security Group for allow labelset: LabelSet(labels={'app': 'app-c', 'role': 'backend'})
2025-07-31 09:12:39,571 [INFO] security_group_module - SGMod: Adding rule to SG-app:app-crole:frontend, remote SG-app:app-crole:backend, port 80, type ingress
2025-07-31 09:12:39,716 [INFO] matcher - PLS: Configuring new spol Policy(name=app-c-allow-frontend-backend, sel=LabelSet(labels={'app': 'app-c', 'role': 'frontend'}), allow=[
(LabelSet(labels={'app': 'app-c', 'role': 'backend'}), Traffic(direction=egress, port=80, protocol=TCP)) 
])
2025-07-31 09:12:39,716 [INFO] matcher - Adding Security Group for select labelset: LabelSet(labels={'app': 'app-c', 'role': 'frontend'})
2025-07-31 09:12:39,716 [INFO] matcher - Adding Security Group for allow labelset: LabelSet(labels={'app': 'app-c', 'role': 'backend'})
2025-07-31 09:12:39,716 [INFO] security_group_module - SGMod: Adding rule to SG-app:app-crole:frontend, remote SG-app:app-crole:backend, port 80, type egress
2025-07-31 09:12:39,727 [INFO] matcher - PLS: Configuring new spol Policy(name=app-a-allow-backend-frontend, sel=LabelSet(labels={'app': 'app-a', 'role': 'backend'}), allow=[
(LabelSet(labels={'app': 'app-a', 'role': 'frontend'}), Traffic(direction=egress, port=80, protocol=TCP)) 
])
2025-07-31 09:12:39,727 [INFO] matcher - Adding Security Group for select labelset: LabelSet(labels={'app': 'app-a', 'role': 'backend'})
2025-07-31 09:12:39,727 [INFO] matcher - Adding Security Group for allow labelset: LabelSet(labels={'app': 'app-a', 'role': 'frontend'})
2025-07-31 09:12:39,727 [INFO] security_group_module - SGMod: Adding rule to SG-app:app-arole:backend, remote SG-app:app-arole:frontend, port 80, type egress
2025-07-31 09:12:39,827 [INFO] matcher - PLS: Configuring new spol Policy(name=app-a-allow-backend-frontend, sel=LabelSet(labels={'app': 'app-a', 'role': 'backend'}), allow=[
(LabelSet(labels={'app': 'app-a', 'role': 'frontend'}), Traffic(direction=ingress, port=80, protocol=TCP)) 
])
2025-07-31 09:12:39,827 [INFO] matcher - Adding Security Group for select labelset: LabelSet(labels={'app': 'app-a', 'role': 'backend'})
2025-07-31 09:12:39,827 [INFO] matcher - Adding Security Group for allow labelset: LabelSet(labels={'app': 'app-a', 'role': 'frontend'})
2025-07-31 09:12:39,828 [INFO] security_group_module - SGMod: Adding rule to SG-app:app-arole:backend, remote SG-app:app-arole:frontend, port 80, type ingress
2025-07-31 09:12:39,933 [INFO] matcher - PLS: Configuring new spol Policy(name=app-a-allow-database-backend, sel=LabelSet(labels={'app': 'app-a', 'role': 'database'}), allow=[
(LabelSet(labels={'app': 'app-a', 'role': 'backend'}), Traffic(direction=ingress, port=80, protocol=TCP)) 
])
2025-07-31 09:12:40,180 [INFO] security_group_module - Attaching security group SG-app:app-arole:backend to instance worker-1
2025-07-31 09:12:40,227 [INFO] security_group_module - SG-app:app-crole:frontend already attached to worker-1
2025-07-31 09:12:40,230 [INFO] kopf.objects - Handler 'handle_new_pod/spec.nodeName' succeeded.
2025-07-31 09:12:40,231 [INFO] kopf.objects - Creation is processed: 1 succeeded; 0 failed.
2025-07-31 09:12:40,262 [INFO] matcher - PLS: Configuring new pod with labelset: {L}
2025-07-31 09:12:40,262 [INFO] matcher - PLS: Configuring new spol Policy(name=app-c-allow-backend-database, sel=LabelSet(labels={'app': 'app-c', 'role': 'backend'}), allow=[
(LabelSet(labels={'app': 'app-c', 'role': 'database'}), Traffic(direction=egress, port=80, protocol=TCP)) 
])
2025-07-31 09:12:40,262 [INFO] matcher - Adding Security Group for select labelset: LabelSet(labels={'app': 'app-c', 'role': 'backend'})
2025-07-31 09:12:40,262 [INFO] matcher - Adding Security Group for allow labelset: LabelSet(labels={'app': 'app-c', 'role': 'database'})
2025-07-31 09:12:40,262 [INFO] security_group_module - SGMod: Adding rule to SG-app:app-crole:backend, remote SG-app:app-crole:database, port 80, type egress
2025-07-31 09:12:40,379 [INFO] matcher - Adding Security Group for allow labelset: LabelSet(labels={'app': 'app-b', 'role': 'backend'})
2025-07-31 09:12:40,380 [INFO] security_group_module - SGMod: Adding rule to SG-app:app-brole:frontend, remote SG-app:app-brole:backend, port 80, type ingress
2025-07-31 09:12:40,460 [INFO] matcher - PLS: Configuring new spol Policy(name=app-c-allow-frontend-backend, sel=LabelSet(labels={'app': 'app-c', 'role': 'frontend'}), allow=[
(LabelSet(labels={'app': 'app-c', 'role': 'backend'}), Traffic(direction=ingress, port=80, protocol=TCP)) 
])
2025-07-31 09:12:40,460 [INFO] matcher - Adding Security Group for select labelset: LabelSet(labels={'app': 'app-c', 'role': 'frontend'})
2025-07-31 09:12:40,461 [INFO] matcher - Adding Security Group for allow labelset: LabelSet(labels={'app': 'app-c', 'role': 'backend'})
2025-07-31 09:12:40,461 [INFO] security_group_module - SGMod: Adding rule to SG-app:app-crole:frontend, remote SG-app:app-crole:backend, port 80, type ingress
2025-07-31 09:12:40,564 [INFO] security_group_module - Cannot add rule to remotes: Security group rule already exists. Rule id is a50906a0-aff1-46ae-adc6-0d872c2af1fb.
Neutron server returns request_ids: ['req-feade806-410a-4688-85c7-1051a4afa00f']
2025-07-31 09:12:40,565 [INFO] matcher - PLS: Configuring new spol Policy(name=app-c-allow-database-backend, sel=LabelSet(labels={'app': 'app-c', 'role': 'database'}), allow=[
(LabelSet(labels={'app': 'app-c', 'role': 'backend'}), Traffic(direction=ingress, port=80, protocol=TCP)) 
])
2025-07-31 09:12:40,565 [INFO] matcher - Adding Security Group for select labelset: LabelSet(labels={'app': 'app-c', 'role': 'database'})
2025-07-31 09:12:40,565 [INFO] matcher - Adding Security Group for allow labelset: LabelSet(labels={'app': 'app-c', 'role': 'backend'})
2025-07-31 09:12:40,565 [INFO] security_group_module - SGMod: Adding rule to SG-app:app-crole:database, remote SG-app:app-crole:backend, port 80, type ingress
2025-07-31 09:12:40,592 [INFO] matcher - PLS: Configuring new spol Policy(name=app-b-allow-backend-frontend, sel=LabelSet(labels={'app': 'app-b', 'role': 'backend'}), allow=[
(LabelSet(labels={'app': 'app-b', 'role': 'frontend'}), Traffic(direction=ingress, port=80, protocol=TCP)) 
])
2025-07-31 09:12:40,592 [INFO] matcher - PLS: Configuring new spol Policy(name=app-b-allow-frontend-backend, sel=LabelSet(labels={'app': 'app-b', 'role': 'frontend'}), allow=[
(LabelSet(labels={'app': 'app-b', 'role': 'backend'}), Traffic(direction=egress, port=80, protocol=TCP)) 
])
2025-07-31 09:12:40,592 [INFO] matcher - Adding Security Group for select labelset: LabelSet(labels={'app': 'app-b', 'role': 'frontend'})
2025-07-31 09:12:40,592 [INFO] matcher - Adding Security Group for allow labelset: LabelSet(labels={'app': 'app-b', 'role': 'backend'})
2025-07-31 09:12:40,593 [INFO] security_group_module - SGMod: Adding rule to SG-app:app-brole:frontend, remote SG-app:app-brole:backend, port 80, type egress
2025-07-31 09:12:40,707 [INFO] security_group_module - Cannot add rule to remotes: Security group rule already exists. Rule id is 932f982c-379e-4a87-b12a-76a09da13dff.
Neutron server returns request_ids: ['req-2f69b800-8c28-4106-bc1f-b3d78af60baf']
2025-07-31 09:12:40,708 [INFO] matcher - PLS: Configuring new spol Policy(name=app-c-allow-database-backend, sel=LabelSet(labels={'app': 'app-c', 'role': 'database'}), allow=[
(LabelSet(labels={'app': 'app-c', 'role': 'backend'}), Traffic(direction=egress, port=80, protocol=TCP)) 
])
2025-07-31 09:12:40,708 [INFO] matcher - Adding Security Group for select labelset: LabelSet(labels={'app': 'app-c', 'role': 'database'})
2025-07-31 09:12:40,709 [INFO] matcher - Adding Security Group for allow labelset: LabelSet(labels={'app': 'app-c', 'role': 'backend'})
2025-07-31 09:12:40,709 [INFO] security_group_module - SGMod: Adding rule to SG-app:app-crole:database, remote SG-app:app-crole:backend, port 80, type egress
2025-07-31 09:12:40,831 [INFO] security_group_module - Cannot add rule to remotes: Security group rule already exists. Rule id is b339d4d4-2964-45e8-a176-f9b1ae9f5361.
Neutron server returns request_ids: ['req-f29888d5-5d32-4b50-aba3-268ffd7b4610']
2025-07-31 09:12:40,831 [INFO] matcher - PLS: Configuring new spol Policy(name=app-c-allow-backend-frontend, sel=LabelSet(labels={'app': 'app-c', 'role': 'backend'}), allow=[
(LabelSet(labels={'app': 'app-c', 'role': 'frontend'}), Traffic(direction=egress, port=80, protocol=TCP)) 
])
2025-07-31 09:12:40,831 [INFO] matcher - Adding Security Group for select labelset: LabelSet(labels={'app': 'app-c', 'role': 'backend'})
2025-07-31 09:12:40,832 [INFO] matcher - Adding Security Group for allow labelset: LabelSet(labels={'app': 'app-c', 'role': 'frontend'})
2025-07-31 09:12:40,832 [INFO] security_group_module - SGMod: Adding rule to SG-app:app-crole:backend, remote SG-app:app-crole:frontend, port 80, type egress
2025-07-31 09:12:40,972 [INFO] matcher - PLS: Configuring new spol Policy(name=app-c-allow-backend-frontend, sel=LabelSet(labels={'app': 'app-c', 'role': 'backend'}), allow=[
(LabelSet(labels={'app': 'app-c', 'role': 'frontend'}), Traffic(direction=ingress, port=80, protocol=TCP)) 
])
2025-07-31 09:12:40,972 [INFO] matcher - Adding Security Group for select labelset: LabelSet(labels={'app': 'app-c', 'role': 'backend'})
2025-07-31 09:12:40,972 [INFO] matcher - Adding Security Group for allow labelset: LabelSet(labels={'app': 'app-c', 'role': 'frontend'})
2025-07-31 09:12:40,972 [INFO] security_group_module - SGMod: Adding rule to SG-app:app-crole:backend, remote SG-app:app-crole:frontend, port 80, type ingress
2025-07-31 09:12:41,183 [INFO] security_group_module - SG-app:app-brole:frontend already attached to worker-1
2025-07-31 09:12:41,186 [INFO] kopf.objects - Handler 'handle_new_pod/spec.nodeName' succeeded.
2025-07-31 09:12:41,187 [INFO] kopf.objects - Creation is processed: 1 succeeded; 0 failed.
2025-07-31 09:12:41,218 [INFO] matcher - PLS: Configuring new pod with labelset: {L}
2025-07-31 09:12:41,218 [INFO] matcher - PLS: Configuring new spol Policy(name=app-b-allow-backend-frontend, sel=LabelSet(labels={'app': 'app-b', 'role': 'backend'}), allow=[
(LabelSet(labels={'app': 'app-b', 'role': 'frontend'}), Traffic(direction=ingress, port=80, protocol=TCP)) 
])
2025-07-31 09:12:41,218 [INFO] matcher - Adding Security Group for select labelset: LabelSet(labels={'app': 'app-b', 'role': 'backend'})
2025-07-31 09:12:41,218 [INFO] matcher - Adding Security Group for allow labelset: LabelSet(labels={'app': 'app-b', 'role': 'frontend'})
2025-07-31 09:12:41,219 [INFO] security_group_module - SGMod: Adding rule to SG-app:app-brole:backend, remote SG-app:app-brole:frontend, port 80, type ingress
2025-07-31 09:12:41,239 [INFO] matcher - PLS: Configuring new spol Policy(name=app-c-allow-frontend-backend, sel=LabelSet(labels={'app': 'app-c', 'role': 'frontend'}), allow=[
(LabelSet(labels={'app': 'app-c', 'role': 'backend'}), Traffic(direction=egress, port=80, protocol=TCP)) 
])
2025-07-31 09:12:41,239 [INFO] matcher - Adding Security Group for select labelset: LabelSet(labels={'app': 'app-c', 'role': 'frontend'})
2025-07-31 09:12:41,239 [INFO] matcher - Adding Security Group for allow labelset: LabelSet(labels={'app': 'app-c', 'role': 'backend'})
2025-07-31 09:12:41,239 [INFO] security_group_module - SGMod: Adding rule to SG-app:app-crole:frontend, remote SG-app:app-crole:backend, port 80, type egress
2025-07-31 09:12:41,279 [INFO] kopf.objects - Handler 'handle_new_pod/spec.nodeName' succeeded.
2025-07-31 09:12:41,281 [INFO] kopf.objects - Creation is processed: 1 succeeded; 0 failed.
2025-07-31 09:12:41,310 [INFO] matcher - PLS: Configuring new pod with labelset: {L}
2025-07-31 09:12:41,310 [INFO] matcher - PLS: Configuring new spol Policy(name=app-a-allow-backend-database, sel=LabelSet(labels={'app': 'app-a', 'role': 'backend'}), allow=[
(LabelSet(labels={'app': 'app-a', 'role': 'database'}), Traffic(direction=egress, port=80, protocol=TCP)) 
])
2025-07-31 09:12:41,310 [INFO] matcher - Adding Security Group for select labelset: LabelSet(labels={'app': 'app-a', 'role': 'backend'})
2025-07-31 09:12:41,310 [INFO] matcher - Adding Security Group for allow labelset: LabelSet(labels={'app': 'app-a', 'role': 'database'})
2025-07-31 09:12:41,310 [INFO] security_group_module - SGMod: Adding rule to SG-app:app-arole:backend, remote SG-app:app-arole:database, port 80, type egress
2025-07-31 09:12:41,492 [INFO] security_group_module - Cannot add rule to remotes: Security group rule already exists. Rule id is e2f6b240-e417-422e-83ae-99f76d8e101c.
Neutron server returns request_ids: ['req-9c01ce46-7ded-4193-8275-96c61b5e7009']
2025-07-31 09:12:41,492 [INFO] matcher - PLS: Configuring new spol Policy(name=app-c-allow-backend-database, sel=LabelSet(labels={'app': 'app-c', 'role': 'backend'}), allow=[
(LabelSet(labels={'app': 'app-c', 'role': 'database'}), Traffic(direction=ingress, port=80, protocol=TCP)) 
])
2025-07-31 09:12:41,493 [INFO] matcher - Adding Security Group for select labelset: LabelSet(labels={'app': 'app-c', 'role': 'backend'})
2025-07-31 09:12:41,493 [INFO] matcher - Adding Security Group for allow labelset: LabelSet(labels={'app': 'app-c', 'role': 'database'})
2025-07-31 09:12:41,493 [INFO] security_group_module - SGMod: Adding rule to SG-app:app-crole:backend, remote SG-app:app-crole:database, port 80, type ingress
2025-07-31 09:12:41,519 [INFO] matcher - PLS: Configuring new spol Policy(name=app-b-allow-backend-database, sel=LabelSet(labels={'app': 'app-b', 'role': 'backend'}), allow=[
(LabelSet(labels={'app': 'app-b', 'role': 'database'}), Traffic(direction=egress, port=80, protocol=TCP)) 
])
2025-07-31 09:12:41,520 [INFO] matcher - Adding Security Group for select labelset: LabelSet(labels={'app': 'app-b', 'role': 'backend'})
2025-07-31 09:12:41,520 [INFO] matcher - Adding Security Group for allow labelset: LabelSet(labels={'app': 'app-b', 'role': 'database'})
2025-07-31 09:12:41,520 [INFO] security_group_module - SGMod: Adding rule to SG-app:app-brole:backend, remote SG-app:app-brole:database, port 80, type egress
2025-07-31 09:12:41,572 [INFO] security_group_module - Cannot add rule to remotes: Security group rule already exists. Rule id is 082912dc-87c3-4644-9827-fc834d08cf7f.
Neutron server returns request_ids: ['req-b7bf7a2c-51d5-4a7b-a02c-4f095e075ebe']
2025-07-31 09:12:41,582 [INFO] matcher - PLS: Configuring new spol Policy(name=app-a-allow-database-backend, sel=LabelSet(labels={'app': 'app-a', 'role': 'database'}), allow=[
(LabelSet(labels={'app': 'app-a', 'role': 'backend'}), Traffic(direction=ingress, port=80, protocol=TCP)) 
])
2025-07-31 09:12:41,583 [INFO] matcher - Adding Security Group for select labelset: LabelSet(labels={'app': 'app-a', 'role': 'database'})
2025-07-31 09:12:41,585 [INFO] matcher - Adding Security Group for allow labelset: LabelSet(labels={'app': 'app-a', 'role': 'backend'})
2025-07-31 09:12:41,585 [INFO] security_group_module - SGMod: Adding rule to SG-app:app-arole:database, remote SG-app:app-arole:backend, port 80, type ingress
2025-07-31 09:12:41,629 [INFO] matcher - PLS: Configuring new spol Policy(name=app-b-allow-frontend-backend, sel=LabelSet(labels={'app': 'app-b', 'role': 'frontend'}), allow=[
(LabelSet(labels={'app': 'app-b', 'role': 'backend'}), Traffic(direction=egress, port=80, protocol=TCP)) 
])
2025-07-31 09:12:41,629 [INFO] matcher - Adding Security Group for select labelset: LabelSet(labels={'app': 'app-b', 'role': 'frontend'})
2025-07-31 09:12:41,630 [INFO] matcher - Adding Security Group for allow labelset: LabelSet(labels={'app': 'app-b', 'role': 'backend'})
2025-07-31 09:12:41,631 [INFO] security_group_module - SGMod: Adding rule to SG-app:app-brole:frontend, remote SG-app:app-brole:backend, port 80, type egress
2025-07-31 09:12:41,742 [INFO] security_group_module - Cannot add rule to remotes: Security group rule already exists. Rule id is 7e615f7a-31b3-4faf-83e6-4d7e63773990.
Neutron server returns request_ids: ['req-8d7a2b65-f2db-40cb-a3f2-1b24e0e6071b']
2025-07-31 09:12:41,743 [INFO] matcher - PLS: Configuring new spol Policy(name=app-b-allow-database-backend, sel=LabelSet(labels={'app': 'app-b', 'role': 'database'}), allow=[
(LabelSet(labels={'app': 'app-b', 'role': 'backend'}), Traffic(direction=egress, port=80, protocol=TCP)) 
])
2025-07-31 09:12:41,743 [INFO] matcher - Adding Security Group for select labelset: LabelSet(labels={'app': 'app-b', 'role': 'database'})
2025-07-31 09:12:41,743 [INFO] matcher - Adding Security Group for allow labelset: LabelSet(labels={'app': 'app-b', 'role': 'backend'})
2025-07-31 09:12:41,743 [INFO] security_group_module - SGMod: Adding rule to SG-app:app-brole:database, remote SG-app:app-brole:backend, port 80, type egress
2025-07-31 09:12:41,851 [INFO] security_group_module - Cannot add rule to remotes: Security group rule already exists. Rule id is e4ac65d2-5ee0-4dcd-8cc0-9ce984d321cf.
Neutron server returns request_ids: ['req-35bfa06a-f23f-46fe-9c90-6c3c31c0fc5b']
2025-07-31 09:12:41,851 [INFO] matcher - PLS: Configuring new spol Policy(name=app-b-allow-backend-database, sel=LabelSet(labels={'app': 'app-b', 'role': 'backend'}), allow=[
(LabelSet(labels={'app': 'app-b', 'role': 'database'}), Traffic(direction=ingress, port=80, protocol=TCP)) 
])
2025-07-31 09:12:41,851 [INFO] matcher - Adding Security Group for select labelset: LabelSet(labels={'app': 'app-b', 'role': 'backend'})
2025-07-31 09:12:41,852 [INFO] matcher - Adding Security Group for allow labelset: LabelSet(labels={'app': 'app-b', 'role': 'database'})
2025-07-31 09:12:41,853 [INFO] security_group_module - SGMod: Adding rule to SG-app:app-brole:backend, remote SG-app:app-brole:database, port 80, type ingress
2025-07-31 09:12:41,866 [INFO] matcher - PLS: Configuring new spol Policy(name=app-a-allow-backend-database, sel=LabelSet(labels={'app': 'app-a', 'role': 'backend'}), allow=[
(LabelSet(labels={'app': 'app-a', 'role': 'database'}), Traffic(direction=ingress, port=80, protocol=TCP)) 
])
2025-07-31 09:12:41,866 [INFO] matcher - Adding Security Group for select labelset: LabelSet(labels={'app': 'app-a', 'role': 'backend'})
2025-07-31 09:12:41,866 [INFO] matcher - Adding Security Group for allow labelset: LabelSet(labels={'app': 'app-a', 'role': 'database'})
2025-07-31 09:12:41,867 [INFO] security_group_module - SGMod: Adding rule to SG-app:app-arole:backend, remote SG-app:app-arole:database, port 80, type ingress
2025-07-31 09:12:41,967 [INFO] matcher - PLS: Configuring new spol Policy(name=app-b-allow-database-backend, sel=LabelSet(labels={'app': 'app-b', 'role': 'database'}), allow=[
(LabelSet(labels={'app': 'app-b', 'role': 'backend'}), Traffic(direction=ingress, port=80, protocol=TCP)) 
])
2025-07-31 09:12:41,968 [INFO] matcher - Adding Security Group for select labelset: LabelSet(labels={'app': 'app-b', 'role': 'database'})
2025-07-31 09:12:41,968 [INFO] matcher - Adding Security Group for allow labelset: LabelSet(labels={'app': 'app-b', 'role': 'backend'})
2025-07-31 09:12:41,968 [INFO] security_group_module - SGMod: Adding rule to SG-app:app-brole:database, remote SG-app:app-brole:backend, port 80, type ingress
2025-07-31 09:12:41,980 [INFO] security_group_module - Cannot add rule to remotes: Security group rule already exists. Rule id is 41c251de-66a9-47bc-afee-a470235d07b5.
Neutron server returns request_ids: ['req-1352d47f-8197-4d06-b08d-bd1ddb2734fa']
2025-07-31 09:12:41,981 [INFO] matcher - PLS: Configuring new spol Policy(name=app-a-allow-database-backend, sel=LabelSet(labels={'app': 'app-a', 'role': 'database'}), allow=[
(LabelSet(labels={'app': 'app-a', 'role': 'backend'}), Traffic(direction=egress, port=80, protocol=TCP)) 
])
2025-07-31 09:12:41,981 [INFO] matcher - Adding Security Group for select labelset: LabelSet(labels={'app': 'app-a', 'role': 'database'})
2025-07-31 09:12:41,981 [INFO] matcher - Adding Security Group for allow labelset: LabelSet(labels={'app': 'app-a', 'role': 'backend'})
2025-07-31 09:12:41,981 [INFO] security_group_module - SGMod: Adding rule to SG-app:app-arole:database, remote SG-app:app-arole:backend, port 80, type egress
2025-07-31 09:12:42,074 [INFO] security_group_module - Cannot add rule to remotes: Security group rule already exists. Rule id is 809e291a-efa5-46f0-adc4-d71c5c20f0a1.
Neutron server returns request_ids: ['req-842e389c-c918-4099-9e4f-d82482691a4f']
2025-07-31 09:12:42,075 [INFO] matcher - PLS: Configuring new spol Policy(name=app-b-allow-frontend-backend, sel=LabelSet(labels={'app': 'app-b', 'role': 'frontend'}), allow=[
(LabelSet(labels={'app': 'app-b', 'role': 'backend'}), Traffic(direction=ingress, port=80, protocol=TCP)) 
])
2025-07-31 09:12:42,075 [INFO] matcher - Adding Security Group for select labelset: LabelSet(labels={'app': 'app-b', 'role': 'frontend'})
2025-07-31 09:12:42,075 [INFO] matcher - Adding Security Group for allow labelset: LabelSet(labels={'app': 'app-b', 'role': 'backend'})
2025-07-31 09:12:42,076 [INFO] security_group_module - SGMod: Adding rule to SG-app:app-brole:frontend, remote SG-app:app-brole:backend, port 80, type ingress
2025-07-31 09:12:42,176 [INFO] security_group_module - Attaching security group SG-app:app-crole:backend to instance worker-1
2025-07-31 09:12:42,182 [INFO] security_group_module - Cannot add rule to remotes: Security group rule already exists. Rule id is d336755b-062a-4e5e-a174-1e7c03442477.
Neutron server returns request_ids: ['req-6810394f-1a2f-4895-88ef-4ec7ca6b2c51']
2025-07-31 09:12:42,183 [INFO] matcher - PLS: Configuring new spol Policy(name=app-b-allow-backend-frontend, sel=LabelSet(labels={'app': 'app-b', 'role': 'backend'}), allow=[
(LabelSet(labels={'app': 'app-b', 'role': 'frontend'}), Traffic(direction=egress, port=80, protocol=TCP)) 
])
2025-07-31 09:12:42,183 [INFO] matcher - Adding Security Group for select labelset: LabelSet(labels={'app': 'app-b', 'role': 'backend'})
2025-07-31 09:12:42,184 [INFO] matcher - Adding Security Group for allow labelset: LabelSet(labels={'app': 'app-b', 'role': 'frontend'})
2025-07-31 09:12:42,184 [INFO] security_group_module - SGMod: Adding rule to SG-app:app-brole:backend, remote SG-app:app-brole:frontend, port 80, type egress
2025-07-31 09:12:42,330 [INFO] security_group_module - Attaching security group SG-app:app-arole:database to instance worker-1
2025-07-31 09:12:42,574 [INFO] security_group_module - Attaching security group SG-app:app-brole:backend to instance worker-1
2025-07-31 09:12:42,639 [INFO] kopf.objects - Handler 'handle_new_pod/spec.nodeName' succeeded.
2025-07-31 09:12:42,640 [INFO] kopf.objects - Creation is processed: 1 succeeded; 0 failed.
2025-07-31 09:12:42,658 [INFO] kopf.objects - Handler 'handle_new_pod/spec.nodeName' succeeded.
2025-07-31 09:12:42,659 [INFO] kopf.objects - Creation is processed: 1 succeeded; 0 failed.
Handling the new pod object: Pod(name=test-pod-4, label_set=LabelSet(labels={'app': 'app-b', 'role': 'backend'}), node=Node(name=worker-1)
[128610404902592] Handling pod test-pod-4, locking app:app-brole:backend, app:app-brole:frontend, app:app-brole:database,  ...
2025-07-31 09:12:42,676 [INFO] kopf.objects - Handler 'handle_new_pod/spec.nodeName' succeeded.
2025-07-31 09:12:42,676 [INFO] kopf.objects - Creation is processed: 1 succeeded; 0 failed.
New pod test-pod-7! old_node = None, new_node = worker-1.
Handling the new pod object: Pod(name=test-pod-7, label_set=LabelSet(labels={'app': 'app-c', 'role': 'backend'}), node=Node(name=worker-1)
[128610396509888] Handling pod test-pod-7, locking app:app-crole:frontend, app:app-crole:database, app:app-crole:backend,  ...
New pod test-pod-9! old_node = None, new_node = worker-1.
Handling the new pod object: Pod(name=test-pod-9, label_set=LabelSet(labels={'app': 'app-a', 'role': 'frontend'}), node=Node(name=worker-1)
[128609842886336] Handling pod test-pod-9, locking app:app-arole:frontend, app:app-arole:backend,  ...
New pod test-pod-11! old_node = None, new_node = worker-1.
Handling the new pod object: Pod(name=test-pod-11, label_set=LabelSet(labels={'app': 'app-a', 'role': 'database'}), node=Node(name=worker-1)
[128609834493632] Handling pod test-pod-11, locking app:app-arole:database, app:app-arole:backend,  ...
New pod test-pod-10! old_node = None, new_node = worker-1.
Handling the new pod object: Pod(name=test-pod-10, label_set=LabelSet(labels={'app': 'app-a', 'role': 'backend'}), node=Node(name=worker-1)
[128609826100928] Handling pod test-pod-10, locking app:app-arole:frontend, app:app-arole:backend, app:app-arole:database,  ...
New pod test-pod-15! old_node = None, new_node = worker-1.
Handling the new pod object: Pod(name=test-pod-15, label_set=LabelSet(labels={'app': 'app-c', 'role': 'frontend'}), node=Node(name=worker-1)
[128609817708224] Handling pod test-pod-15, locking app:app-crole:backend, app:app-crole:frontend,  ...
New pod test-pod-16! old_node = None, new_node = worker-1.
Handling the new pod object: Pod(name=test-pod-16, label_set=LabelSet(labels={'app': 'app-c', 'role': 'backend'}), node=Node(name=worker-1)
[128609809315520] Handling pod test-pod-16, locking app:app-crole:frontend, app:app-crole:database, app:app-crole:backend,  ...
New pod test-pod-12! old_node = None, new_node = worker-1.
Handling the new pod object: Pod(name=test-pod-12, label_set=LabelSet(labels={'app': 'app-b', 'role': 'frontend'}), node=Node(name=worker-1)
[128609800922816] Handling pod test-pod-12, locking app:app-brole:backend, app:app-brole:frontend,  ...
New pod test-pod-13! old_node = None, new_node = worker-1.
Handling the new pod object: Pod(name=test-pod-13, label_set=LabelSet(labels={'app': 'app-b', 'role': 'backend'}), node=Node(name=worker-1)
[128609792530112] Handling pod test-pod-13, locking app:app-brole:backend, app:app-brole:frontend, app:app-brole:database,  ...
New pod test-pod-17! old_node = None, new_node = worker-1.
Handling the new pod object: Pod(name=test-pod-17, label_set=LabelSet(labels={'app': 'app-c', 'role': 'database'}), node=Node(name=worker-1)
[128609306015424] Handling pod test-pod-17, locking app:app-crole:database, app:app-crole:backend,  ...
New pod test-pod-19! old_node = None, new_node = worker-1.
Handling the new pod object: Pod(name=test-pod-19, label_set=LabelSet(labels={'app': 'app-a', 'role': 'backend'}), node=Node(name=worker-1)
[128609297622720] Handling pod test-pod-19, locking app:app-arole:frontend, app:app-arole:backend, app:app-arole:database,  ...
New pod test-pod-14! old_node = None, new_node = worker-1.
Handling the new pod object: Pod(name=test-pod-14, label_set=LabelSet(labels={'app': 'app-b', 'role': 'database'}), node=Node(name=worker-1)
[128609289230016] Handling pod test-pod-14, locking app:app-brole:backend, app:app-brole:database,  ...
New pod test-pod-18! old_node = None, new_node = worker-1.
Handling the new pod object: Pod(name=test-pod-18, label_set=LabelSet(labels={'app': 'app-a', 'role': 'frontend'}), node=Node(name=worker-1)
[128609280837312] Handling pod test-pod-18, locking app:app-arole:frontend, app:app-arole:backend,  ...
[128610430080704] Pod test-pod-8 handled. Released locks for: app:app-crole:database, app:app-crole:backend, 
New pod: test-pod-6, on node: worker-1
New pod test-pod-23! old_node = None, new_node = worker-1.
Handling the new pod object: Pod(name=test-pod-23, label_set=LabelSet(labels={'app': 'app-b', 'role': 'database'}), node=Node(name=worker-1)
[128610430080704] Handling pod test-pod-23, locking app:app-brole:backend, app:app-brole:database,  ...
[128610446866112] Pod test-pod-0 handled. Released locks for: app:app-arole:frontend, app:app-arole:backend, 
New pod test-pod-24! old_node = None, new_node = worker-1.
Handling the new pod object: Pod(name=test-pod-24, label_set=LabelSet(labels={'app': 'app-c', 'role': 'frontend'}), node=Node(name=worker-1)
[128610446866112] Handling pod test-pod-24, locking app:app-crole:backend, app:app-crole:frontend,  ...
New pod: test-pod-1, on node: worker-1
[128610543937216] Pod test-pod-5 handled. Released locks for: app:app-brole:backend, app:app-brole:database, 
New pod test-pod-25! old_node = None, new_node = worker-1.
Handling the new pod object: Pod(name=test-pod-25, label_set=LabelSet(labels={'app': 'app-c', 'role': 'backend'}), node=Node(name=worker-1)
[128610543937216] Handling pod test-pod-25, locking app:app-crole:frontend, app:app-crole:database, app:app-crole:backend,  ...
New pod: test-pod-3, on node: worker-1
[128610421688000] Pod test-pod-6 handled. Released locks for: app:app-crole:backend, app:app-crole:frontend, 
New pod test-pod-20! old_node = None, new_node = worker-1.
Handling the new pod object: Pod(name=test-pod-20, label_set=LabelSet(labels={'app': 'app-a', 'role': 'database'}), node=Node(name=worker-1)
[128610421688000] Handling pod test-pod-20, locking app:app-arole:database, app:app-arole:backend,  ...
New pod: test-pod-7, on node: worker-1
[128610413295296] Pod test-pod-3 handled. Released locks for: app:app-brole:backend, app:app-brole:frontend, 
New pod test-pod-22! old_node = None, new_node = worker-1.
Handling the new pod object: Pod(name=test-pod-22, label_set=LabelSet(labels={'app': 'app-b', 'role': 'backend'}), node=Node(name=worker-1)
[128610413295296] Handling pod test-pod-22, locking app:app-brole:backend, app:app-brole:frontend, app:app-brole:database,  ...
New pod: test-pod-4, on node: worker-1
[128610530301632] Pod test-pod-1 handled. Released locks for: app:app-arole:frontend, app:app-arole:backend, app:app-arole:database, 
New pod test-pod-26! old_node = None, new_node = worker-1.
Handling the new pod object: Pod(name=test-pod-26, label_set=LabelSet(labels={'app': 'app-c', 'role': 'database'}), node=Node(name=worker-1)
[128610530301632] Handling pod test-pod-26, locking app:app-crole:database, app:app-crole:backend,  ...
New pod: test-pod-2, on node: worker-1
[128610396509888] Pod test-pod-7 handled. Released locks for: app:app-crole:frontend, app:app-crole:database, app:app-crole:backend, 
New pod: test-pod-15, on node: worker-1
New pod test-pod-21! old_node = None, new_node = worker-1.
Handling the new pod object: Pod(name=test-pod-21, label_set=LabelSet(labels={'app': 'app-b', 'role': 'frontend'}), node=Node(name=worker-1)
[128610396509888] Handling pod test-pod-21, locking app:app-brole:backend, app:app-brole:frontend,  ...
[128609817708224] Pod test-pod-15 handled. Released locks for: app:app-crole:backend, app:app-crole:frontend, 
New pod test-pod-27! old_node = None, new_node = worker-1.
Handling the new pod object: Pod(name=test-pod-27, label_set=LabelSet(labels={'app': 'app-a', 'role': 'frontend'}), node=Node(name=worker-1)
[128609817708224] Handling pod test-pod-27, locking app:app-arole:frontend, app:app-arole:backend,  ...
New pod: test-pod-16, on node: worker-1
[128609809315520] Pod test-pod-16 handled. Released locks for: app:app-crole:frontend, app:app-crole:database, app:app-crole:backend, 
New pod: test-pod-17, on node: worker-1
New pod test-pod-29! old_node = None, new_node = worker-1.
Handling the new pod object: Pod(name=test-pod-29, label_set=LabelSet(labels={'app': 'app-a', 'role': 'database'}), node=Node(name=worker-1)
2025-07-31 09:12:42,696 [INFO] kopf.objects - Handler 'handle_new_pod/spec.nodeName' succeeded.
2025-07-31 09:12:42,697 [INFO] kopf.objects - Creation is processed: 1 succeeded; 0 failed.
2025-07-31 09:12:42,709 [INFO] kopf.objects - Handler 'handle_new_pod/spec.nodeName' succeeded.
2025-07-31 09:12:42,709 [INFO] kopf.objects - Creation is processed: 1 succeeded; 0 failed.
2025-07-31 09:12:42,722 [INFO] kopf.objects - Handler 'handle_new_pod/spec.nodeName' succeeded.
2025-07-31 09:12:42,723 [INFO] kopf.objects - Creation is processed: 1 succeeded; 0 failed.
2025-07-31 09:12:42,736 [INFO] kopf.objects - Handler 'handle_new_pod/spec.nodeName' succeeded.
2025-07-31 09:12:42,737 [INFO] kopf.objects - Creation is processed: 1 succeeded; 0 failed.
2025-07-31 09:12:42,829 [INFO] kopf.objects - Handler 'handle_new_pod/spec.nodeName' succeeded.
2025-07-31 09:12:42,830 [INFO] kopf.objects - Creation is processed: 1 succeeded; 0 failed.
2025-07-31 09:12:42,843 [INFO] kopf.objects - Handler 'handle_new_pod/spec.nodeName' succeeded.
2025-07-31 09:12:42,844 [INFO] kopf.objects - Creation is processed: 1 succeeded; 0 failed.
2025-07-31 09:12:42,852 [INFO] kopf.objects - Handler 'handle_new_pod/spec.nodeName' succeeded.
2025-07-31 09:12:42,852 [INFO] kopf.objects - Creation is processed: 1 succeeded; 0 failed.
2025-07-31 09:12:42,877 [INFO] kopf.objects - Handler 'handle_new_pod/spec.nodeName' succeeded.
2025-07-31 09:12:42,877 [INFO] kopf.objects - Creation is processed: 1 succeeded; 0 failed.
2025-07-31 09:12:42,884 [INFO] kopf.objects - Handler 'handle_new_pod/spec.nodeName' succeeded.
2025-07-31 09:12:42,885 [INFO] kopf.objects - Creation is processed: 1 succeeded; 0 failed.
2025-07-31 09:12:42,900 [INFO] kopf.objects - Handler 'handle_new_pod/spec.nodeName' succeeded.
2025-07-31 09:12:42,900 [INFO] kopf.objects - Creation is processed: 1 succeeded; 0 failed.
2025-07-31 09:12:42,916 [INFO] kopf.objects - Handler 'handle_new_pod/spec.nodeName' succeeded.
2025-07-31 09:12:42,917 [INFO] kopf.objects - Creation is processed: 1 succeeded; 0 failed.
2025-07-31 09:12:42,932 [INFO] kopf.objects - Handler 'handle_new_pod/spec.nodeName' succeeded.
2025-07-31 09:12:42,933 [INFO] kopf.objects - Creation is processed: 1 succeeded; 0 failed.
2025-07-31 09:12:42,949 [INFO] kopf.objects - Handler 'handle_new_pod/spec.nodeName' succeeded.
2025-07-31 09:12:42,951 [INFO] kopf.objects - Creation is processed: 1 succeeded; 0 failed.
2025-07-31 09:12:42,963 [INFO] kopf.objects - Handler 'handle_new_pod/spec.nodeName' succeeded.
2025-07-31 09:12:42,964 [INFO] kopf.objects - Creation is processed: 1 succeeded; 0 failed.
2025-07-31 09:12:42,972 [INFO] kopf.objects - Handler 'handle_new_pod/spec.nodeName' succeeded.
2025-07-31 09:12:42,972 [INFO] kopf.objects - Creation is processed: 1 succeeded; 0 failed.
2025-07-31 09:12:42,992 [INFO] kopf.objects - Handler 'handle_new_pod/spec.nodeName' succeeded.
2025-07-31 09:12:42,992 [INFO] kopf.objects - Creation is processed: 1 succeeded; 0 failed.
2025-07-31 09:12:43,005 [INFO] kopf.objects - Handler 'handle_new_pod/spec.nodeName' succeeded.
2025-07-31 09:12:43,005 [INFO] kopf.objects - Creation is processed: 1 succeeded; 0 failed.
2025-07-31 09:12:43,018 [INFO] kopf.objects - Handler 'handle_new_pod/spec.nodeName' succeeded.
2025-07-31 09:12:43,018 [INFO] kopf.objects - Creation is processed: 1 succeeded; 0 failed.
[128609809315520] Handling pod test-pod-29, locking app:app-arole:database, app:app-arole:backend,  ...
[128609306015424] Pod test-pod-17 handled. Released locks for: app:app-crole:database, app:app-crole:backend, 
New pod: test-pod-24, on node: worker-1
New pod test-pod-28! old_node = None, new_node = worker-1.
Handling the new pod object: Pod(name=test-pod-28, label_set=LabelSet(labels={'app': 'app-a', 'role': 'backend'}), node=Node(name=worker-1)
[128609306015424] Handling pod test-pod-28, locking app:app-arole:frontend, app:app-arole:backend, app:app-arole:database,  ...
[128610446866112] Pod test-pod-24 handled. Released locks for: app:app-crole:backend, app:app-crole:frontend, 
New pod test-pod-30! old_node = None, new_node = worker-1.
Handling the new pod object: Pod(name=test-pod-30, label_set=LabelSet(labels={'app': 'app-b', 'role': 'frontend'}), node=Node(name=worker-1)
[128610446866112] Handling pod test-pod-30, locking app:app-brole:backend, app:app-brole:frontend,  ...
New pod: test-pod-25, on node: worker-1
[128610543937216] Pod test-pod-25 handled. Released locks for: app:app-crole:frontend, app:app-crole:database, app:app-crole:backend, 
New pod test-pod-31! old_node = None, new_node = worker-1.
Handling the new pod object: Pod(name=test-pod-31, label_set=LabelSet(labels={'app': 'app-b', 'role': 'backend'}), node=Node(name=worker-1)
[128610543937216] Handling pod test-pod-31, locking app:app-brole:backend, app:app-brole:frontend, app:app-brole:database,  ...
New pod: test-pod-26, on node: worker-1
[128610530301632] Pod test-pod-26 handled. Released locks for: app:app-crole:database, app:app-crole:backend, 
New pod test-pod-32! old_node = None, new_node = worker-1.
Handling the new pod object: Pod(name=test-pod-32, label_set=LabelSet(labels={'app': 'app-b', 'role': 'database'}), node=Node(name=worker-1)
[128610530301632] Handling pod test-pod-32, locking app:app-brole:backend, app:app-brole:database,  ...
[128610438473408] Pod test-pod-2 handled. Released locks for: app:app-arole:database, app:app-arole:backend, 
New pod test-pod-34! old_node = None, new_node = worker-1.
Handling the new pod object: Pod(name=test-pod-34, label_set=LabelSet(labels={'app': 'app-c', 'role': 'backend'}), node=Node(name=worker-1)
[128610438473408] Handling pod test-pod-34, locking app:app-crole:frontend, app:app-crole:database, app:app-crole:backend,  ...
New pod: test-pod-34, on node: worker-1
New pod: test-pod-9, on node: worker-1
[128609842886336] Pod test-pod-9 handled. Released locks for: app:app-arole:frontend, app:app-arole:backend, 
New pod test-pod-35! old_node = None, new_node = worker-1.
Handling the new pod object: Pod(name=test-pod-35, label_set=LabelSet(labels={'app': 'app-c', 'role': 'database'}), node=Node(name=worker-1)
[128609842886336] Handling pod test-pod-35, locking app:app-crole:database, app:app-crole:backend,  ...
New pod: test-pod-11, on node: worker-1
[128610438473408] Pod test-pod-34 handled. Released locks for: app:app-crole:frontend, app:app-crole:database, app:app-crole:backend, 
New pod test-pod-36! old_node = None, new_node = worker-1.
Handling the new pod object: Pod(name=test-pod-36, label_set=LabelSet(labels={'app': 'app-a', 'role': 'frontend'}), node=Node(name=worker-1)
[128610438473408] Handling pod test-pod-36, locking app:app-arole:frontend, app:app-arole:backend,  ...
New pod: test-pod-35, on node: worker-1
[128609842886336] Pod test-pod-35 handled. Released locks for: app:app-crole:database, app:app-crole:backend, 
New pod test-pod-37! old_node = None, new_node = worker-1.
Handling the new pod object: Pod(name=test-pod-37, label_set=LabelSet(labels={'app': 'app-a', 'role': 'backend'}), node=Node(name=worker-1)
[128609842886336] Handling pod test-pod-37, locking app:app-arole:frontend, app:app-arole:backend, app:app-arole:database,  ...
[128609834493632] Pod test-pod-11 handled. Released locks for: app:app-arole:database, app:app-arole:backend, 
New pod: test-pod-10, on node: worker-1
New pod test-pod-38! old_node = None, new_node = worker-1.
Handling the new pod object: Pod(name=test-pod-38, label_set=LabelSet(labels={'app': 'app-a', 'role': 'database'}), node=Node(name=worker-1)
[128609834493632] Handling pod test-pod-38, locking app:app-arole:database, app:app-arole:backend,  ...
[128609826100928] Pod test-pod-10 handled. Released locks for: app:app-arole:frontend, app:app-arole:backend, app:app-arole:database, 
New pod: test-pod-19, on node: worker-1
New pod test-pod-39! old_node = None, new_node = worker-1.
Handling the new pod object: Pod(name=test-pod-39, label_set=LabelSet(labels={'app': 'app-b', 'role': 'frontend'}), node=Node(name=worker-1)
[128609826100928] Handling pod test-pod-39, locking app:app-brole:backend, app:app-brole:frontend,  ...
[128609297622720] Pod test-pod-19 handled. Released locks for: app:app-arole:frontend, app:app-arole:backend, app:app-arole:database, 
New pod test-pod-33! old_node = None, new_node = worker-1.
Handling the new pod object: Pod(name=test-pod-33, label_set=LabelSet(labels={'app': 'app-c', 'role': 'frontend'}), node=Node(name=worker-1)
[128609297622720] Handling pod test-pod-33, locking app:app-crole:backend, app:app-crole:frontend,  ...
New pod: test-pod-33, on node: worker-1
New pod: test-pod-18, on node: worker-1
[128609297622720] Pod test-pod-33 handled. Released locks for: app:app-crole:backend, app:app-crole:frontend, 
New pod test-pod-40! old_node = None, new_node = worker-1.
Handling the new pod object: Pod(name=test-pod-40, label_set=LabelSet(labels={'app': 'app-b', 'role': 'backend'}), node=Node(name=worker-1)
[128609297622720] Handling pod test-pod-40, locking app:app-brole:backend, app:app-brole:frontend, app:app-brole:database,  ...
[128609280837312] Pod test-pod-18 handled. Released locks for: app:app-arole:frontend, app:app-arole:backend, 
New pod test-pod-41! old_node = None, new_node = worker-1.
Handling the new pod object: Pod(name=test-pod-41, label_set=LabelSet(labels={'app': 'app-b', 'role': 'database'}), node=Node(name=worker-1)
[128609280837312] Handling pod test-pod-41, locking app:app-brole:backend, app:app-brole:database,  ...
New pod: test-pod-20, on node: worker-1
[128610421688000] Pod test-pod-20 handled. Released locks for: app:app-arole:database, app:app-arole:backend, 
New pod: test-pod-27, on node: worker-1
New pod test-pod-42! old_node = None, new_node = worker-1.
Handling the new pod object: Pod(name=test-pod-42, label_set=LabelSet(labels={'app': 'app-c', 'role': 'frontend'}), node=Node(name=worker-1)
[128610421688000] Handling pod test-pod-42, locking app:app-crole:backend, app:app-crole:frontend,  ...
New pod: test-pod-42, on node: worker-1
[128609817708224] Pod test-pod-27 handled. Released locks for: app:app-arole:frontend, app:app-arole:backend, 
New pod test-pod-43! old_node = None, new_node = worker-1.
Handling the new pod object: Pod(name=test-pod-43, label_set=LabelSet(labels={'app': 'app-c', 'role': 'backend'}), node=Node(name=worker-1)
[128609817708224] Handling pod test-pod-43, locking app:app-crole:frontend, app:app-crole:database, app:app-crole:backend,  ...
New pod: test-pod-29, on node: worker-1
[128610421688000] Pod test-pod-42 handled. Released locks for: app:app-crole:backend, app:app-crole:frontend, 
New pod test-pod-44! old_node = None, new_node = worker-1.
Handling the new pod object: Pod(name=test-pod-44, label_set=LabelSet(labels={'app': 'app-c', 'role': 'database'}), node=Node(name=worker-1)
[128610421688000] Handling pod test-pod-44, locking app:app-crole:database, app:app-crole:backend,  ...
New pod: test-pod-44, on node: worker-1
[128609809315520] Pod test-pod-29 handled. Released locks for: app:app-arole:database, app:app-arole:backend, 
New pod test-pod-45! old_node = None, new_node = worker-1.
Handling the new pod object: Pod(name=test-pod-45, label_set=LabelSet(labels={'app': 'app-a', 'role': 'frontend'}), node=Node(name=worker-1)
[128609809315520] Handling pod test-pod-45, locking app:app-arole:frontend, app:app-arole:backend,  ...
New pod: test-pod-28, on node: worker-1
[128610421688000] Pod test-pod-44 handled. Released locks for: app:app-crole:database, app:app-crole:backend, 
2025-07-31 09:12:43,030 [INFO] kopf.objects - Handler 'handle_new_pod/spec.nodeName' succeeded.
2025-07-31 09:12:43,031 [INFO] kopf.objects - Creation is processed: 1 succeeded; 0 failed.
2025-07-31 09:12:43,052 [INFO] kopf.objects - Handler 'handle_new_pod/spec.nodeName' succeeded.
2025-07-31 09:12:43,052 [INFO] kopf.objects - Creation is processed: 1 succeeded; 0 failed.
2025-07-31 09:12:43,063 [INFO] kopf.objects - Handler 'handle_new_pod/spec.nodeName' succeeded.
2025-07-31 09:12:43,063 [INFO] kopf.objects - Creation is processed: 1 succeeded; 0 failed.
2025-07-31 09:12:43,092 [INFO] kopf.objects - Handler 'handle_new_pod/spec.nodeName' succeeded.
2025-07-31 09:12:43,092 [INFO] kopf.objects - Creation is processed: 1 succeeded; 0 failed.
2025-07-31 09:12:43,101 [INFO] kopf.objects - Handler 'handle_new_pod/spec.nodeName' succeeded.
2025-07-31 09:12:43,101 [INFO] kopf.objects - Creation is processed: 1 succeeded; 0 failed.
2025-07-31 09:12:43,120 [INFO] kopf.objects - Handler 'handle_new_pod/spec.nodeName' succeeded.
2025-07-31 09:12:43,120 [INFO] kopf.objects - Creation is processed: 1 succeeded; 0 failed.
2025-07-31 09:12:43,133 [INFO] kopf.objects - Handler 'handle_new_pod/spec.nodeName' succeeded.
2025-07-31 09:12:43,134 [INFO] kopf.objects - Creation is processed: 1 succeeded; 0 failed.
2025-07-31 09:12:43,153 [INFO] kopf.objects - Handler 'handle_new_pod/spec.nodeName' succeeded.
2025-07-31 09:12:43,154 [INFO] kopf.objects - Creation is processed: 1 succeeded; 0 failed.
2025-07-31 09:12:43,163 [INFO] kopf.objects - Handler 'handle_new_pod/spec.nodeName' succeeded.
2025-07-31 09:12:43,164 [INFO] kopf.objects - Creation is processed: 1 succeeded; 0 failed.
2025-07-31 09:12:43,179 [INFO] kopf.objects - Handler 'handle_new_pod/spec.nodeName' succeeded.
2025-07-31 09:12:43,179 [INFO] kopf.objects - Creation is processed: 1 succeeded; 0 failed.
2025-07-31 09:12:43,201 [INFO] kopf.objects - Handler 'handle_new_pod/spec.nodeName' succeeded.
2025-07-31 09:12:43,201 [INFO] kopf.objects - Creation is processed: 1 succeeded; 0 failed.
2025-07-31 09:12:43,215 [INFO] kopf.objects - Handler 'handle_new_pod/spec.nodeName' succeeded.
2025-07-31 09:12:43,216 [INFO] kopf.objects - Creation is processed: 1 succeeded; 0 failed.
2025-07-31 09:12:43,233 [INFO] kopf.objects - Handler 'handle_new_pod/spec.nodeName' succeeded.
2025-07-31 09:12:43,233 [INFO] kopf.objects - Creation is processed: 1 succeeded; 0 failed.
2025-07-31 09:12:43,252 [INFO] kopf.objects - Handler 'handle_new_pod/spec.nodeName' succeeded.
2025-07-31 09:12:43,253 [INFO] kopf.objects - Creation is processed: 1 succeeded; 0 failed.
2025-07-31 09:12:43,268 [INFO] kopf.objects - Handler 'handle_new_pod/spec.nodeName' succeeded.
2025-07-31 09:12:43,269 [INFO] kopf.objects - Creation is processed: 1 succeeded; 0 failed.
2025-07-31 09:12:43,284 [INFO] kopf.objects - Handler 'handle_new_pod/spec.nodeName' succeeded.
2025-07-31 09:12:43,284 [INFO] kopf.objects - Creation is processed: 1 succeeded; 0 failed.
New pod: test-pod-43, on node: worker-1
New pod test-pod-46! old_node = None, new_node = worker-1.
Handling the new pod object: Pod(name=test-pod-46, label_set=LabelSet(labels={'app': 'app-a', 'role': 'backend'}), node=Node(name=worker-1)
[128610421688000] Handling pod test-pod-46, locking app:app-arole:frontend, app:app-arole:backend, app:app-arole:database,  ...
[128609306015424] Pod test-pod-28 handled. Released locks for: app:app-arole:frontend, app:app-arole:backend, app:app-arole:database, 
New pod: test-pod-36, on node: worker-1
New pod test-pod-47! old_node = None, new_node = worker-1.
Handling the new pod object: Pod(name=test-pod-47, label_set=LabelSet(labels={'app': 'app-a', 'role': 'database'}), node=Node(name=worker-1)
[128609306015424] Handling pod test-pod-47, locking app:app-arole:database, app:app-arole:backend,  ...
[128609817708224] Pod test-pod-43 handled. Released locks for: app:app-crole:frontend, app:app-crole:database, app:app-crole:backend, 
New pod test-pod-49! old_node = None, new_node = worker-1.
Handling the new pod object: Pod(name=test-pod-49, label_set=LabelSet(labels={'app': 'app-b', 'role': 'backend'}), node=Node(name=worker-1)
[128609817708224] Handling pod test-pod-49, locking app:app-brole:backend, app:app-brole:frontend, app:app-brole:database,  ...
[128610438473408] Pod test-pod-36 handled. Released locks for: app:app-arole:frontend, app:app-arole:backend, 
New pod test-pod-48! old_node = None, new_node = worker-1.
Handling the new pod object: Pod(name=test-pod-48, label_set=LabelSet(labels={'app': 'app-b', 'role': 'frontend'}), node=Node(name=worker-1)
[128610438473408] Handling pod test-pod-48, locking app:app-brole:backend, app:app-brole:frontend,  ...
New pod: test-pod-37, on node: worker-1
[128609842886336] Pod test-pod-37 handled. Released locks for: app:app-arole:frontend, app:app-arole:backend, app:app-arole:database, 
New pod test-pod-53! old_node = None, new_node = worker-1.
Handling the new pod object: Pod(name=test-pod-53, label_set=LabelSet(labels={'app': 'app-c', 'role': 'database'}), node=Node(name=worker-1)
[128609842886336] Handling pod test-pod-53, locking app:app-crole:database, app:app-crole:backend,  ...
New pod: test-pod-53, on node: worker-1
New pod: test-pod-38, on node: worker-1
[128609842886336] Pod test-pod-53 handled. Released locks for: app:app-crole:database, app:app-crole:backend, 
New pod test-pod-52! old_node = None, new_node = worker-1.
Handling the new pod object: Pod(name=test-pod-52, label_set=LabelSet(labels={'app': 'app-c', 'role': 'backend'}), node=Node(name=worker-1)
[128609842886336] Handling pod test-pod-52, locking app:app-crole:frontend, app:app-crole:database, app:app-crole:backend,  ...
New pod: test-pod-52, on node: worker-1
[128609834493632] Pod test-pod-38 handled. Released locks for: app:app-arole:database, app:app-arole:backend, 
New pod: test-pod-45, on node: worker-1
New pod test-pod-50! old_node = None, new_node = worker-1.
Handling the new pod object: Pod(name=test-pod-50, label_set=LabelSet(labels={'app': 'app-b', 'role': 'database'}), node=Node(name=worker-1)
[128609834493632] Handling pod test-pod-50, locking app:app-brole:backend, app:app-brole:database,  ...
[128609842886336] Pod test-pod-52 handled. Released locks for: app:app-crole:frontend, app:app-crole:database, app:app-crole:backend, 
New pod test-pod-51! old_node = None, new_node = worker-1.
Handling the new pod object: Pod(name=test-pod-51, label_set=LabelSet(labels={'app': 'app-c', 'role': 'frontend'}), node=Node(name=worker-1)
[128609842886336] Handling pod test-pod-51, locking app:app-crole:backend, app:app-crole:frontend,  ...
New pod: test-pod-51, on node: worker-1
[128609842886336] Pod test-pod-51 handled. Released locks for: app:app-crole:backend, app:app-crole:frontend, 
New pod test-pod-54! old_node = None, new_node = worker-1.
Handling the new pod object: Pod(name=test-pod-54, label_set=LabelSet(labels={'app': 'app-a', 'role': 'frontend'}), node=Node(name=worker-1)
[128609842886336] Handling pod test-pod-54, locking app:app-arole:frontend, app:app-arole:backend,  ...
[128609809315520] Pod test-pod-45 handled. Released locks for: app:app-arole:frontend, app:app-arole:backend, 
New pod test-pod-56! old_node = None, new_node = worker-1.
Handling the new pod object: Pod(name=test-pod-56, label_set=LabelSet(labels={'app': 'app-a', 'role': 'database'}), node=Node(name=worker-1)
[128609809315520] Handling pod test-pod-56, locking app:app-arole:database, app:app-arole:backend,  ...
New pod: test-pod-46, on node: worker-1
[128610421688000] Pod test-pod-46 handled. Released locks for: app:app-arole:frontend, app:app-arole:backend, app:app-arole:database, 
New pod: test-pod-47, on node: worker-1
New pod test-pod-57! old_node = None, new_node = worker-1.
Handling the new pod object: Pod(name=test-pod-57, label_set=LabelSet(labels={'app': 'app-b', 'role': 'frontend'}), node=Node(name=worker-1)
[128610421688000] Handling pod test-pod-57, locking app:app-brole:backend, app:app-brole:frontend,  ...
[128609306015424] Pod test-pod-47 handled. Released locks for: app:app-arole:database, app:app-arole:backend, 
New pod test-pod-55! old_node = None, new_node = worker-1.
Handling the new pod object: Pod(name=test-pod-55, label_set=LabelSet(labels={'app': 'app-a', 'role': 'backend'}), node=Node(name=worker-1)
[128609306015424] Handling pod test-pod-55, locking app:app-arole:frontend, app:app-arole:backend, app:app-arole:database,  ...
New pod: test-pod-55, on node: worker-1
[128609306015424] Pod test-pod-55 handled. Released locks for: app:app-arole:frontend, app:app-arole:backend, app:app-arole:database, 
New pod test-pod-58! old_node = None, new_node = worker-1.
Handling the new pod object: Pod(name=test-pod-58, label_set=LabelSet(labels={'app': 'app-b', 'role': 'backend'}), node=Node(name=worker-1)
[128609306015424] Handling pod test-pod-58, locking app:app-brole:backend, app:app-brole:frontend, app:app-brole:database,  ...
New pod: test-pod-56, on node: worker-1
[128609809315520] Pod test-pod-56 handled. Released locks for: app:app-arole:database, app:app-arole:backend, 
New pod test-pod-59! old_node = None, new_node = worker-1.
Handling the new pod object: Pod(name=test-pod-59, label_set=LabelSet(labels={'app': 'app-b', 'role': 'database'}), node=Node(name=worker-1)
[128609809315520] Handling pod test-pod-59, locking app:app-brole:backend, app:app-brole:database,  ...
New pod: test-pod-54, on node: worker-1
[128609842886336] Pod test-pod-54 handled. Released locks for: app:app-arole:frontend, app:app-arole:backend, 
New pod test-pod-61! old_node = None, new_node = worker-1.
Handling the new pod object: Pod(name=test-pod-61, label_set=LabelSet(labels={'app': 'app-c', 'role': 'backend'}), node=Node(name=worker-1)
[128609842886336] Handling pod test-pod-61, locking app:app-crole:frontend, app:app-crole:database, app:app-crole:backend,  ...
New pod: test-pod-61, on node: worker-1
[128609842886336] Pod test-pod-61 handled. Released locks for: app:app-crole:frontend, app:app-crole:database, app:app-crole:backend, 
New pod test-pod-60! old_node = None, new_node = worker-1.
Handling the new pod object: Pod(name=test-pod-60, label_set=LabelSet(labels={'app': 'app-c', 'role': 'frontend'}), node=Node(name=worker-1)
[128609842886336] Handling pod test-pod-60, locking app:app-crole:backend, app:app-crole:frontend,  ...
New pod: test-pod-60, on node: worker-1
[128609842886336] Pod test-pod-60 handled. Released locks for: app:app-crole:backend, app:app-crole:frontend, 
New pod test-pod-62! old_node = None, new_node = worker-1.
Handling the new pod object: Pod(name=test-pod-62, label_set=LabelSet(labels={'app': 'app-c', 'role': 'database'}), node=Node(name=worker-1)
[128609842886336] Handling pod test-pod-62, locking app:app-crole:database, app:app-crole:backend,  ...
New pod: test-pod-62, on node: worker-1
[128609842886336] Pod test-pod-62 handled. Released locks for: app:app-crole:database, app:app-crole:backend, 
New pod test-pod-63! old_node = None, new_node = worker-1.
2025-07-31 09:12:43,310 [INFO] kopf.objects - Handler 'handle_new_pod/spec.nodeName' succeeded.
2025-07-31 09:12:43,312 [INFO] kopf.objects - Creation is processed: 1 succeeded; 0 failed.
2025-07-31 09:12:43,340 [INFO] kopf.objects - Handler 'handle_new_pod/spec.nodeName' succeeded.
2025-07-31 09:12:43,340 [INFO] kopf.objects - Creation is processed: 1 succeeded; 0 failed.
2025-07-31 09:12:43,353 [INFO] kopf.objects - Handler 'handle_new_pod/spec.nodeName' succeeded.
2025-07-31 09:12:43,354 [INFO] kopf.objects - Creation is processed: 1 succeeded; 0 failed.
2025-07-31 09:12:43,372 [INFO] kopf.objects - Handler 'handle_new_pod/spec.nodeName' succeeded.
2025-07-31 09:12:43,373 [INFO] kopf.objects - Creation is processed: 1 succeeded; 0 failed.
2025-07-31 09:12:43,687 [INFO] kopf.objects - Handler 'handle_new_pod/spec.nodeName' succeeded.
2025-07-31 09:12:43,688 [INFO] kopf.objects - Creation is processed: 1 succeeded; 0 failed.
2025-07-31 09:12:43,704 [INFO] kopf.objects - Handler 'handle_new_pod/spec.nodeName' succeeded.
2025-07-31 09:12:43,705 [INFO] kopf.objects - Creation is processed: 1 succeeded; 0 failed.
2025-07-31 09:12:43,724 [INFO] kopf.objects - Handler 'handle_new_pod/spec.nodeName' succeeded.
2025-07-31 09:12:43,725 [INFO] kopf.objects - Creation is processed: 1 succeeded; 0 failed.
2025-07-31 09:12:43,744 [INFO] kopf.objects - Handler 'handle_new_pod/spec.nodeName' succeeded.
2025-07-31 09:12:43,744 [INFO] kopf.objects - Creation is processed: 1 succeeded; 0 failed.
2025-07-31 09:12:43,755 [INFO] kopf.objects - Handler 'handle_new_pod/spec.nodeName' succeeded.
2025-07-31 09:12:43,757 [INFO] kopf.objects - Creation is processed: 1 succeeded; 0 failed.
2025-07-31 09:12:43,767 [INFO] kopf.objects - Handler 'handle_new_pod/spec.nodeName' succeeded.
2025-07-31 09:12:43,768 [INFO] kopf.objects - Creation is processed: 1 succeeded; 0 failed.
2025-07-31 09:12:43,775 [INFO] kopf.objects - Handler 'handle_new_pod/spec.nodeName' succeeded.
2025-07-31 09:12:43,777 [INFO] kopf.objects - Creation is processed: 1 succeeded; 0 failed.
2025-07-31 09:12:43,789 [INFO] kopf.objects - Handler 'handle_new_pod/spec.nodeName' succeeded.
2025-07-31 09:12:43,789 [INFO] kopf.objects - Creation is processed: 1 succeeded; 0 failed.
2025-07-31 09:12:43,791 [INFO] kopf.objects - Handler 'handle_new_pod/spec.nodeName' succeeded.
2025-07-31 09:12:43,791 [INFO] kopf.objects - Creation is processed: 1 succeeded; 0 failed.
2025-07-31 09:12:43,801 [INFO] kopf.objects - Handler 'handle_new_pod/spec.nodeName' succeeded.
2025-07-31 09:12:43,801 [INFO] kopf.objects - Creation is processed: 1 succeeded; 0 failed.
2025-07-31 09:12:43,817 [INFO] kopf.objects - Handler 'handle_new_pod/spec.nodeName' succeeded.
2025-07-31 09:12:43,818 [INFO] kopf.objects - Creation is processed: 1 succeeded; 0 failed.
2025-07-31 09:12:43,830 [INFO] kopf.objects - Handler 'handle_new_pod/spec.nodeName' succeeded.
2025-07-31 09:12:43,830 [INFO] kopf.objects - Creation is processed: 1 succeeded; 0 failed.
2025-07-31 09:12:43,890 [INFO] kopf.objects - Handler 'handle_new_pod/spec.nodeName' succeeded.
2025-07-31 09:12:43,890 [INFO] kopf.objects - Creation is processed: 1 succeeded; 0 failed.
Handling the new pod object: Pod(name=test-pod-63, label_set=LabelSet(labels={'app': 'app-a', 'role': 'frontend'}), node=Node(name=worker-1)
[128609842886336] Handling pod test-pod-63, locking app:app-arole:frontend, app:app-arole:backend,  ...
New pod: test-pod-63, on node: worker-1
[128609842886336] Pod test-pod-63 handled. Released locks for: app:app-arole:frontend, app:app-arole:backend, 
New pod test-pod-64! old_node = None, new_node = worker-1.
Handling the new pod object: Pod(name=test-pod-64, label_set=LabelSet(labels={'app': 'app-a', 'role': 'backend'}), node=Node(name=worker-1)
[128609842886336] Handling pod test-pod-64, locking app:app-arole:frontend, app:app-arole:backend, app:app-arole:database,  ...
New pod: test-pod-64, on node: worker-1
[128609842886336] Pod test-pod-64 handled. Released locks for: app:app-arole:frontend, app:app-arole:backend, app:app-arole:database, 
New pod test-pod-65! old_node = None, new_node = worker-1.
Handling the new pod object: Pod(name=test-pod-65, label_set=LabelSet(labels={'app': 'app-a', 'role': 'database'}), node=Node(name=worker-1)
[128609842886336] Handling pod test-pod-65, locking app:app-arole:database, app:app-arole:backend,  ...
New pod: test-pod-65, on node: worker-1
[128609842886336] Pod test-pod-65 handled. Released locks for: app:app-arole:database, app:app-arole:backend, 
New pod test-pod-67! old_node = None, new_node = worker-1.
Handling the new pod object: Pod(name=test-pod-67, label_set=LabelSet(labels={'app': 'app-b', 'role': 'backend'}), node=Node(name=worker-1)
[128609842886336] Handling pod test-pod-67, locking app:app-brole:backend, app:app-brole:frontend, app:app-brole:database,  ...
[128610404902592] Pod test-pod-4 handled. Released locks for: app:app-brole:backend, app:app-brole:frontend, app:app-brole:database, 
New pod test-pod-66! old_node = None, new_node = worker-1.
Handling the new pod object: Pod(name=test-pod-66, label_set=LabelSet(labels={'app': 'app-b', 'role': 'frontend'}), node=Node(name=worker-1)
[128610404902592] Handling pod test-pod-66, locking app:app-brole:backend, app:app-brole:frontend,  ...
New pod: test-pod-12, on node: worker-1
[128609800922816] Pod test-pod-12 handled. Released locks for: app:app-brole:backend, app:app-brole:frontend, 
New pod test-pod-68! old_node = None, new_node = worker-1.
Handling the new pod object: Pod(name=test-pod-68, label_set=LabelSet(labels={'app': 'app-b', 'role': 'database'}), node=Node(name=worker-1)
[128609800922816] Handling pod test-pod-68, locking app:app-brole:backend, app:app-brole:database,  ...
New pod: test-pod-13, on node: worker-1
[128609792530112] Pod test-pod-13 handled. Released locks for: app:app-brole:backend, app:app-brole:frontend, app:app-brole:database, 
New pod test-pod-69! old_node = None, new_node = worker-1.
Handling the new pod object: Pod(name=test-pod-69, label_set=LabelSet(labels={'app': 'app-c', 'role': 'frontend'}), node=Node(name=worker-1)
[128609792530112] Handling pod test-pod-69, locking app:app-crole:backend, app:app-crole:frontend,  ...
New pod: test-pod-69, on node: worker-1
New pod: test-pod-14, on node: worker-1
[128609792530112] Pod test-pod-69 handled. Released locks for: app:app-crole:backend, app:app-crole:frontend, 
New pod test-pod-70! old_node = None, new_node = worker-1.
Handling the new pod object: Pod(name=test-pod-70, label_set=LabelSet(labels={'app': 'app-c', 'role': 'backend'}), node=Node(name=worker-1)
[128609792530112] Handling pod test-pod-70, locking app:app-crole:frontend, app:app-crole:database, app:app-crole:backend,  ...
New pod: test-pod-70, on node: worker-1
[128609289230016] Pod test-pod-14 handled. Released locks for: app:app-brole:backend, app:app-brole:database, 
New pod test-pod-71! old_node = None, new_node = worker-1.
Handling the new pod object: Pod(name=test-pod-71, label_set=LabelSet(labels={'app': 'app-c', 'role': 'database'}), node=Node(name=worker-1)
[128609289230016] Handling pod test-pod-71, locking app:app-crole:database, app:app-crole:backend,  ...
New pod: test-pod-23, on node: worker-1
[128609792530112] Pod test-pod-70 handled. Released locks for: app:app-crole:frontend, app:app-crole:database, app:app-crole:backend, 
New pod test-pod-74! old_node = None, new_node = worker-1.
Handling the new pod object: Pod(name=test-pod-74, label_set=LabelSet(labels={'app': 'app-a', 'role': 'database'}), node=Node(name=worker-1)
[128609792530112] Handling pod test-pod-74, locking app:app-arole:database, app:app-arole:backend,  ...
New pod: test-pod-74, on node: worker-1
New pod: test-pod-71, on node: worker-1
[128610430080704] Pod test-pod-23 handled. Released locks for: app:app-brole:backend, app:app-brole:database, 
New pod: test-pod-22, on node: worker-1
New pod test-pod-72! old_node = None, new_node = worker-1.
Handling the new pod object: Pod(name=test-pod-72, label_set=LabelSet(labels={'app': 'app-a', 'role': 'frontend'}), node=Node(name=worker-1)
[128610430080704] Handling pod test-pod-72, locking app:app-arole:frontend, app:app-arole:backend,  ...
[128610413295296] Pod test-pod-22 handled. Released locks for: app:app-brole:backend, app:app-brole:frontend, app:app-brole:database, 
New pod test-pod-73! old_node = None, new_node = worker-1.
Handling the new pod object: Pod(name=test-pod-73, label_set=LabelSet(labels={'app': 'app-a', 'role': 'backend'}), node=Node(name=worker-1)
[128610413295296] Handling pod test-pod-73, locking app:app-arole:frontend, app:app-arole:backend, app:app-arole:database,  ...
New pod: test-pod-21, on node: worker-1
[128609289230016] Pod test-pod-71 handled. Released locks for: app:app-crole:database, app:app-crole:backend, 
New pod test-pod-75! old_node = None, new_node = worker-1.
Handling the new pod object: Pod(name=test-pod-75, label_set=LabelSet(labels={'app': 'app-b', 'role': 'frontend'}), node=Node(name=worker-1)
[128609289230016] Handling pod test-pod-75, locking app:app-brole:backend, app:app-brole:frontend,  ...
[128609792530112] Pod test-pod-74 handled. Released locks for: app:app-arole:database, app:app-arole:backend, 
New pod: test-pod-72, on node: worker-1
New pod test-pod-77! old_node = None, new_node = worker-1.
Handling the new pod object: Pod(name=test-pod-77, label_set=LabelSet(labels={'app': 'app-b', 'role': 'database'}), node=Node(name=worker-1)
[128609792530112] Handling pod test-pod-77, locking app:app-brole:backend, app:app-brole:database,  ...
[128610430080704] Pod test-pod-72 handled. Released locks for: app:app-arole:frontend, app:app-arole:backend, 
New pod test-pod-76! old_node = None, new_node = worker-1.
Handling the new pod object: Pod(name=test-pod-76, label_set=LabelSet(labels={'app': 'app-b', 'role': 'backend'}), node=Node(name=worker-1)
[128610430080704] Handling pod test-pod-76, locking app:app-brole:backend, app:app-brole:frontend, app:app-brole:database,  ...
New pod: test-pod-73, on node: worker-1
[128610396509888] Pod test-pod-21 handled. Released locks for: app:app-brole:backend, app:app-brole:frontend, 
New pod test-pod-78! old_node = None, new_node = worker-1.
Handling the new pod object: Pod(name=test-pod-78, label_set=LabelSet(labels={'app': 'app-c', 'role': 'frontend'}), node=Node(name=worker-1)
[128610396509888] Handling pod test-pod-78, locking app:app-crole:backend, app:app-crole:frontend,  ...
New pod: test-pod-78, on node: worker-1
New pod: test-pod-30, on node: worker-1
[128610446866112] Pod test-pod-30 handled. Released locks for: app:app-brole:backend, app:app-brole:frontend, 
New pod test-pod-79! old_node = None, new_node = worker-1.
Handling the new pod object: Pod(name=test-pod-79, label_set=LabelSet(labels={'app': 'app-c', 'role': 'backend'}), node=Node(name=worker-1)
[128610446866112] Handling pod test-pod-79, locking app:app-crole:frontend, app:app-crole:database, app:app-crole:backend,  ...
New pod: test-pod-31, on node: worker-1
[128610396509888] Pod test-pod-78 handled. Released locks for: app:app-crole:backend, app:app-crole:frontend, 
New pod test-pod-80! old_node = None, new_node = worker-1.
Handling the new pod object: Pod(name=test-pod-80, label_set=LabelSet(labels={'app': 'app-c', 'role': 'database'}), node=Node(name=worker-1)
2025-07-31 09:12:43,900 [INFO] kopf.objects - Handler 'handle_new_pod/spec.nodeName' succeeded.
2025-07-31 09:12:43,900 [INFO] kopf.objects - Creation is processed: 1 succeeded; 0 failed.
2025-07-31 09:12:43,910 [INFO] kopf.objects - Handler 'handle_new_pod/spec.nodeName' succeeded.
2025-07-31 09:12:43,910 [INFO] kopf.objects - Creation is processed: 1 succeeded; 0 failed.
2025-07-31 09:12:43,921 [INFO] kopf.objects - Handler 'handle_new_pod/spec.nodeName' succeeded.
2025-07-31 09:12:43,922 [INFO] kopf.objects - Creation is processed: 1 succeeded; 0 failed.
2025-07-31 09:12:43,928 [INFO] kopf.objects - Handler 'handle_new_pod/spec.nodeName' succeeded.
2025-07-31 09:12:43,929 [INFO] kopf.objects - Creation is processed: 1 succeeded; 0 failed.
2025-07-31 09:12:43,937 [INFO] kopf.objects - Handler 'handle_new_pod/spec.nodeName' succeeded.
2025-07-31 09:12:43,938 [INFO] kopf.objects - Creation is processed: 1 succeeded; 0 failed.
2025-07-31 09:12:43,949 [INFO] kopf.objects - Handler 'handle_new_pod/spec.nodeName' succeeded.
2025-07-31 09:12:43,949 [INFO] kopf.objects - Creation is processed: 1 succeeded; 0 failed.
2025-07-31 09:12:43,957 [INFO] kopf.objects - Handler 'handle_new_pod/spec.nodeName' succeeded.
2025-07-31 09:12:43,958 [INFO] kopf.objects - Creation is processed: 1 succeeded; 0 failed.
2025-07-31 09:12:43,960 [INFO] kopf.objects - Handler 'handle_new_pod/spec.nodeName' succeeded.
2025-07-31 09:12:43,962 [INFO] kopf.objects - Creation is processed: 1 succeeded; 0 failed.
2025-07-31 09:12:43,988 [INFO] kopf.objects - Handler 'handle_new_pod/spec.nodeName' succeeded.
2025-07-31 09:12:43,988 [INFO] kopf.objects - Creation is processed: 1 succeeded; 0 failed.
2025-07-31 09:12:43,989 [INFO] kopf.objects - Handler 'handle_new_pod/spec.nodeName' succeeded.
2025-07-31 09:12:43,989 [INFO] kopf.objects - Creation is processed: 1 succeeded; 0 failed.
2025-07-31 09:12:44,003 [INFO] kopf.objects - Handler 'handle_new_pod/spec.nodeName' succeeded.
2025-07-31 09:12:44,004 [INFO] kopf.objects - Creation is processed: 1 succeeded; 0 failed.
2025-07-31 09:12:44,018 [INFO] kopf.objects - Handler 'handle_new_pod/spec.nodeName' succeeded.
2025-07-31 09:12:44,019 [INFO] kopf.objects - Creation is processed: 1 succeeded; 0 failed.
2025-07-31 09:12:44,034 [INFO] kopf.objects - Handler 'handle_new_pod/spec.nodeName' succeeded.
2025-07-31 09:12:44,034 [INFO] kopf.objects - Creation is processed: 1 succeeded; 0 failed.
2025-07-31 09:12:44,046 [INFO] kopf.objects - Handler 'handle_new_pod/spec.nodeName' succeeded.
2025-07-31 09:12:44,047 [INFO] kopf.objects - Creation is processed: 1 succeeded; 0 failed.
2025-07-31 09:12:44,057 [INFO] kopf.objects - Handler 'handle_new_pod/spec.nodeName' succeeded.
2025-07-31 09:12:44,058 [INFO] kopf.objects - Creation is processed: 1 succeeded; 0 failed.
2025-07-31 09:12:44,078 [INFO] kopf.objects - Handler 'handle_new_pod/spec.nodeName' succeeded.
2025-07-31 09:12:44,078 [INFO] kopf.objects - Creation is processed: 1 succeeded; 0 failed.
2025-07-31 09:12:44,099 [INFO] kopf.objects - Handler 'handle_new_pod/spec.nodeName' succeeded.
2025-07-31 09:12:44,099 [INFO] kopf.objects - Creation is processed: 1 succeeded; 0 failed.
2025-07-31 09:12:44,110 [INFO] kopf.objects - Handler 'handle_new_pod/spec.nodeName' succeeded.
2025-07-31 09:12:44,110 [INFO] kopf.objects - Creation is processed: 1 succeeded; 0 failed.
[128610396509888] Handling pod test-pod-80, locking app:app-crole:database, app:app-crole:backend,  ...
New pod: test-pod-79, on node: worker-1
[128610413295296] Pod test-pod-73 handled. Released locks for: app:app-arole:frontend, app:app-arole:backend, app:app-arole:database, 
New pod test-pod-81! old_node = None, new_node = worker-1.
Handling the new pod object: Pod(name=test-pod-81, label_set=LabelSet(labels={'app': 'app-a', 'role': 'frontend'}), node=Node(name=worker-1)
[128610413295296] Handling pod test-pod-81, locking app:app-arole:frontend, app:app-arole:backend,  ...
New pod: test-pod-81, on node: worker-1
[128610413295296] Pod test-pod-81 handled. Released locks for: app:app-arole:frontend, app:app-arole:backend, 
New pod test-pod-82! old_node = None, new_node = worker-1.
Handling the new pod object: Pod(name=test-pod-82, label_set=LabelSet(labels={'app': 'app-a', 'role': 'backend'}), node=Node(name=worker-1)
[128610413295296] Handling pod test-pod-82, locking app:app-arole:frontend, app:app-arole:backend, app:app-arole:database,  ...
New pod: test-pod-82, on node: worker-1
[128610446866112] Pod test-pod-79 handled. Released locks for: app:app-crole:frontend, app:app-crole:database, app:app-crole:backend, 
New pod test-pod-83! old_node = None, new_node = worker-1.
Handling the new pod object: Pod(name=test-pod-83, label_set=LabelSet(labels={'app': 'app-a', 'role': 'database'}), node=Node(name=worker-1)
[128610446866112] Handling pod test-pod-83, locking app:app-arole:database, app:app-arole:backend,  ...
New pod: test-pod-80, on node: worker-1
[128610543937216] Pod test-pod-31 handled. Released locks for: app:app-brole:backend, app:app-brole:frontend, app:app-brole:database, 
New pod test-pod-84! old_node = None, new_node = worker-1.
Handling the new pod object: Pod(name=test-pod-84, label_set=LabelSet(labels={'app': 'app-b', 'role': 'frontend'}), node=Node(name=worker-1)
[128610543937216] Handling pod test-pod-84, locking app:app-brole:backend, app:app-brole:frontend,  ...
New pod: test-pod-32, on node: worker-1
[128610396509888] Pod test-pod-80 handled. Released locks for: app:app-crole:database, app:app-crole:backend, 
New pod test-pod-85! old_node = None, new_node = worker-1.
Handling the new pod object: Pod(name=test-pod-85, label_set=LabelSet(labels={'app': 'app-b', 'role': 'backend'}), node=Node(name=worker-1)
[128610396509888] Handling pod test-pod-85, locking app:app-brole:backend, app:app-brole:frontend, app:app-brole:database,  ...
[128610413295296] Pod test-pod-82 handled. Released locks for: app:app-arole:frontend, app:app-arole:backend, app:app-arole:database, 
New pod test-pod-86! old_node = None, new_node = worker-1.
Handling the new pod object: Pod(name=test-pod-86, label_set=LabelSet(labels={'app': 'app-b', 'role': 'database'}), node=Node(name=worker-1)
[128610413295296] Handling pod test-pod-86, locking app:app-brole:backend, app:app-brole:database,  ...
New pod: test-pod-83, on node: worker-1
[128610530301632] Pod test-pod-32 handled. Released locks for: app:app-brole:backend, app:app-brole:database, 
New pod test-pod-87! old_node = None, new_node = worker-1.
Handling the new pod object: Pod(name=test-pod-87, label_set=LabelSet(labels={'app': 'app-c', 'role': 'frontend'}), node=Node(name=worker-1)
[128610530301632] Handling pod test-pod-87, locking app:app-crole:backend, app:app-crole:frontend,  ...
New pod: test-pod-87, on node: worker-1
New pod: test-pod-39, on node: worker-1
[128610530301632] Pod test-pod-87 handled. Released locks for: app:app-crole:backend, app:app-crole:frontend, 
New pod test-pod-88! old_node = None, new_node = worker-1.
Handling the new pod object: Pod(name=test-pod-88, label_set=LabelSet(labels={'app': 'app-c', 'role': 'backend'}), node=Node(name=worker-1)
[128610530301632] Handling pod test-pod-88, locking app:app-crole:frontend, app:app-crole:database, app:app-crole:backend,  ...
New pod: test-pod-88, on node: worker-1
[128610446866112] Pod test-pod-83 handled. Released locks for: app:app-arole:database, app:app-arole:backend, 
New pod test-pod-93! old_node = None, new_node = worker-1.
Handling the new pod object: Pod(name=test-pod-93, label_set=LabelSet(labels={'app': 'app-b', 'role': 'frontend'}), node=Node(name=worker-1)
[128610446866112] Handling pod test-pod-93, locking app:app-brole:backend, app:app-brole:frontend,  ...
[128609826100928] Pod test-pod-39 handled. Released locks for: app:app-brole:backend, app:app-brole:frontend, 
New pod test-pod-95! old_node = None, new_node = worker-1.
Handling the new pod object: Pod(name=test-pod-95, label_set=LabelSet(labels={'app': 'app-b', 'role': 'database'}), node=Node(name=worker-1)
[128609826100928] Handling pod test-pod-95, locking app:app-brole:backend, app:app-brole:database,  ...
New pod: test-pod-95, on node: worker-1
[128610530301632] Pod test-pod-88 handled. Released locks for: app:app-crole:frontend, app:app-crole:database, app:app-crole:backend, 
New pod test-pod-94! old_node = None, new_node = worker-1.
Handling the new pod object: Pod(name=test-pod-94, label_set=LabelSet(labels={'app': 'app-b', 'role': 'backend'}), node=Node(name=worker-1)
[128610530301632] Handling pod test-pod-94, locking app:app-brole:backend, app:app-brole:frontend, app:app-brole:database,  ...
[128609826100928] Pod test-pod-95 handled. Released locks for: app:app-brole:backend, app:app-brole:database, 
New pod test-pod-90! old_node = None, new_node = worker-1.
Handling the new pod object: Pod(name=test-pod-90, label_set=LabelSet(labels={'app': 'app-a', 'role': 'frontend'}), node=Node(name=worker-1)
[128609826100928] Handling pod test-pod-90, locking app:app-arole:frontend, app:app-arole:backend,  ...
New pod: test-pod-90, on node: worker-1
New pod: test-pod-41, on node: worker-1
[128609280837312] Pod test-pod-41 handled. Released locks for: app:app-brole:backend, app:app-brole:database, 
New pod test-pod-97! old_node = None, new_node = worker-1.
Handling the new pod object: Pod(name=test-pod-97, label_set=LabelSet(labels={'app': 'app-c', 'role': 'backend'}), node=Node(name=worker-1)
[128609280837312] Handling pod test-pod-97, locking app:app-crole:frontend, app:app-crole:database, app:app-crole:backend,  ...
New pod: test-pod-97, on node: worker-1
New pod: test-pod-49, on node: worker-1
[128609826100928] Pod test-pod-90 handled. Released locks for: app:app-arole:frontend, app:app-arole:backend, 
New pod test-pod-89! old_node = None, new_node = worker-1.
Handling the new pod object: Pod(name=test-pod-89, label_set=LabelSet(labels={'app': 'app-c', 'role': 'database'}), node=Node(name=worker-1)
[128609826100928] Handling pod test-pod-89, locking app:app-crole:database, app:app-crole:backend,  ...
[128609280837312] Pod test-pod-97 handled. Released locks for: app:app-crole:frontend, app:app-crole:database, app:app-crole:backend, 
New pod test-pod-91! old_node = None, new_node = worker-1.
Handling the new pod object: Pod(name=test-pod-91, label_set=LabelSet(labels={'app': 'app-a', 'role': 'backend'}), node=Node(name=worker-1)
[128609280837312] Handling pod test-pod-91, locking app:app-arole:frontend, app:app-arole:backend, app:app-arole:database,  ...
New pod: test-pod-91, on node: worker-1
New pod: test-pod-89, on node: worker-1
[128609817708224] Pod test-pod-49 handled. Released locks for: app:app-brole:backend, app:app-brole:frontend, app:app-brole:database, 
New pod test-pod-92! old_node = None, new_node = worker-1.
Handling the new pod object: Pod(name=test-pod-92, label_set=LabelSet(labels={'app': 'app-a', 'role': 'database'}), node=Node(name=worker-1)
[128609817708224] Handling pod test-pod-92, locking app:app-arole:database, app:app-arole:backend,  ...
New pod: test-pod-48, on node: worker-1
[128609280837312] Pod test-pod-91 handled. Released locks for: app:app-arole:frontend, app:app-arole:backend, app:app-arole:database, 
New pod test-pod-96! old_node = None, new_node = worker-1.
Handling the new pod object: Pod(name=test-pod-96, label_set=LabelSet(labels={'app': 'app-c', 'role': 'frontend'}), node=Node(name=worker-1)
[128609280837312] Handling pod test-pod-96, locking app:app-crole:backend, app:app-crole:frontend,  ...
2025-07-31 09:12:44,122 [INFO] kopf.objects - Handler 'handle_new_pod/spec.nodeName' succeeded.
2025-07-31 09:12:44,122 [INFO] kopf.objects - Creation is processed: 1 succeeded; 0 failed.
2025-07-31 09:12:44,139 [INFO] kopf.objects - Handler 'handle_new_pod/spec.nodeName' succeeded.
2025-07-31 09:12:44,139 [INFO] kopf.objects - Creation is processed: 1 succeeded; 0 failed.
2025-07-31 09:12:44,141 [INFO] kopf.objects - Handler 'handle_new_pod/spec.nodeName' succeeded.
2025-07-31 09:12:44,142 [INFO] kopf.objects - Creation is processed: 1 succeeded; 0 failed.
2025-07-31 09:12:44,151 [INFO] kopf.objects - Handler 'handle_new_pod/spec.nodeName' succeeded.
2025-07-31 09:12:44,151 [INFO] kopf.objects - Creation is processed: 1 succeeded; 0 failed.
2025-07-31 09:12:44,171 [INFO] kopf.objects - Handler 'handle_new_pod/spec.nodeName' succeeded.
2025-07-31 09:12:44,172 [INFO] kopf.objects - Creation is processed: 1 succeeded; 0 failed.
2025-07-31 09:12:44,184 [INFO] kopf.objects - Handler 'handle_new_pod/spec.nodeName' succeeded.
2025-07-31 09:12:44,185 [INFO] kopf.objects - Creation is processed: 1 succeeded; 0 failed.
2025-07-31 09:12:44,197 [INFO] kopf.objects - Handler 'handle_new_pod/spec.nodeName' succeeded.
2025-07-31 09:12:44,198 [INFO] kopf.objects - Creation is processed: 1 succeeded; 0 failed.
2025-07-31 09:12:44,221 [INFO] kopf.objects - Handler 'handle_new_pod/spec.nodeName' succeeded.
2025-07-31 09:12:44,221 [INFO] kopf.objects - Creation is processed: 1 succeeded; 0 failed.
2025-07-31 09:12:44,242 [INFO] kopf.objects - Handler 'handle_new_pod/spec.nodeName' succeeded.
2025-07-31 09:12:44,242 [INFO] kopf.objects - Creation is processed: 1 succeeded; 0 failed.
2025-07-31 09:12:44,263 [INFO] kopf.objects - Handler 'handle_new_pod/spec.nodeName' succeeded.
2025-07-31 09:12:44,263 [INFO] kopf.objects - Creation is processed: 1 succeeded; 0 failed.
2025-07-31 09:12:44,279 [INFO] kopf.objects - Handler 'handle_new_pod/spec.nodeName' succeeded.
2025-07-31 09:12:44,281 [INFO] kopf.objects - Creation is processed: 1 succeeded; 0 failed.
2025-07-31 09:12:44,313 [INFO] kopf.objects - Handler 'handle_new_pod/spec.nodeName' succeeded.
2025-07-31 09:12:44,314 [INFO] kopf.objects - Creation is processed: 1 succeeded; 0 failed.
2025-07-31 09:12:44,333 [INFO] kopf.objects - Handler 'handle_new_pod/spec.nodeName' succeeded.
2025-07-31 09:12:44,333 [INFO] kopf.objects - Creation is processed: 1 succeeded; 0 failed.
2025-07-31 09:12:44,355 [INFO] kopf.objects - Handler 'handle_new_pod/spec.nodeName' succeeded.
2025-07-31 09:12:44,355 [INFO] kopf.objects - Creation is processed: 1 succeeded; 0 failed.
2025-07-31 09:12:44,378 [INFO] kopf.objects - Handler 'handle_new_pod/spec.nodeName' succeeded.
2025-07-31 09:12:44,379 [INFO] kopf.objects - Creation is processed: 1 succeeded; 0 failed.
2025-07-31 09:12:44,387 [INFO] kopf.objects - Handler 'handle_new_pod/spec.nodeName' succeeded.
2025-07-31 09:12:44,388 [INFO] kopf.objects - Creation is processed: 1 succeeded; 0 failed.
2025-07-31 09:12:44,406 [INFO] kopf.objects - Handler 'handle_new_pod/spec.nodeName' succeeded.
2025-07-31 09:12:44,407 [INFO] kopf.objects - Creation is processed: 1 succeeded; 0 failed.
2025-07-31 09:12:44,421 [INFO] kopf.objects - Handler 'handle_new_pod/spec.nodeName' succeeded.
2025-07-31 09:12:44,425 [INFO] kopf.objects - Creation is processed: 1 succeeded; 0 failed.
2025-07-31 09:12:44,442 [INFO] kopf.objects - Handler 'handle_new_pod/spec.nodeName' succeeded.
2025-07-31 09:12:44,442 [INFO] kopf.objects - Creation is processed: 1 succeeded; 0 failed.
2025-07-31 09:12:44,461 [INFO] kopf.objects - Handler 'handle_new_pod/spec.nodeName' succeeded.
2025-07-31 09:12:44,462 [INFO] kopf.objects - Creation is processed: 1 succeeded; 0 failed.
2025-07-31 09:12:44,488 [INFO] kopf.objects - Handler 'handle_new_pod/spec.nodeName' succeeded.
2025-07-31 09:12:44,489 [INFO] kopf.objects - Creation is processed: 1 succeeded; 0 failed.
