2025-07-31 09:09:37,032 [INFO] /app/code/main_operator.py - Starting Operator with 20 workers.
2025-07-31 09:09:37,035 [INFO] /app/code/main_operator.py - 🚀 Starting Kopf operator in mode: PLS, watching the test-thesis namespace.
2025-07-31 09:09:37,036 [INFO] root - Initializing Openstack Client!
2025-07-31 09:09:37,092 [INFO] root - Grasshopper was not running, initialising Cluster State.
2025-07-31 09:09:37,307 [INFO] matcher - PLS: Configuring new spol Policy(name=app-c-allow-backend-frontend, sel=LabelSet(labels={'app': 'app-c', 'role': 'backend'}), allow=[
(LabelSet(labels={'app': 'app-c', 'role': 'frontend'}), Traffic(direction=ingress, port=80, protocol=TCP)) 
])
2025-07-31 09:09:37,317 [INFO] matcher - PLS: Configuring new spol Policy(name=app-c-allow-backend-frontend, sel=LabelSet(labels={'app': 'app-c', 'role': 'backend'}), allow=[
(LabelSet(labels={'app': 'app-c', 'role': 'frontend'}), Traffic(direction=egress, port=80, protocol=TCP)) 
])
2025-07-31 09:09:37,335 [INFO] matcher - PLS: Configuring new spol Policy(name=app-c-allow-database-backend, sel=LabelSet(labels={'app': 'app-c', 'role': 'database'}), allow=[
(LabelSet(labels={'app': 'app-c', 'role': 'backend'}), Traffic(direction=ingress, port=80, protocol=TCP)) 
])
2025-07-31 09:09:37,344 [INFO] matcher - PLS: Configuring new spol Policy(name=app-c-allow-database-backend, sel=LabelSet(labels={'app': 'app-c', 'role': 'database'}), allow=[
(LabelSet(labels={'app': 'app-c', 'role': 'backend'}), Traffic(direction=egress, port=80, protocol=TCP)) 
])
2025-07-31 09:09:37,354 [INFO] matcher - PLS: Configuring new spol Policy(name=app-c-allow-frontend-backend, sel=LabelSet(labels={'app': 'app-c', 'role': 'frontend'}), allow=[
(LabelSet(labels={'app': 'app-c', 'role': 'backend'}), Traffic(direction=ingress, port=80, protocol=TCP)) 
])
2025-07-31 09:09:37,364 [INFO] matcher - PLS: Configuring new spol Policy(name=app-c-allow-frontend-backend, sel=LabelSet(labels={'app': 'app-c', 'role': 'frontend'}), allow=[
(LabelSet(labels={'app': 'app-c', 'role': 'backend'}), Traffic(direction=egress, port=80, protocol=TCP)) 
])
2025-07-31 09:09:37,374 [INFO] root - ================================= FRESH INITIALISATION DONE =====================================
2025-07-31 09:09:37,391 [INFO] operator_code.watcher_operator - Watcher class for Kopf Operator!
2025-07-31 09:09:37,392 [INFO] kopf.activities.startup - Activity 'startup_handler' succeeded.
2025-07-31 09:09:37,393 [INFO] kopf._core.engines.activities - Initial authentication has been initiated.
2025-07-31 09:09:37,396 [INFO] kopf.activities.authentication - Activity 'login_via_client' succeeded.
2025-07-31 09:09:37,397 [INFO] kopf._core.engines.activities - Initial authentication has finished.
2025-07-31 09:09:37,439 [WARNING] kopf._core.reactor.observation - Not enough permissions to list namespaces. Falling back to a list of namespaces which are assumed to exist: {'test-thesis'}
2025-07-31 09:09:37,443 [WARNING] kopf._core.reactor.observation - Not enough permissions to watch for namespaces: changes (deletion/creation) will not be noticed; the namespaces are only refreshed on operator restarts.
2025-07-31 09:09:37,684 [INFO] kopf.objects - Handler 'handle_new_policy' succeeded.
2025-07-31 09:09:37,685 [INFO] kopf.objects - Creation is processed: 1 succeeded; 0 failed.
2025-07-31 09:09:37,692 [INFO] kopf.objects - Handler 'handle_new_policy' succeeded.
2025-07-31 09:09:37,693 [INFO] kopf.objects - Creation is processed: 1 succeeded; 0 failed.
2025-07-31 09:09:37,699 [INFO] matcher - PLS: Configuring new spol Policy(name=app-c-allow-backend-database, sel=LabelSet(labels={'app': 'app-c', 'role': 'backend'}), allow=[
(LabelSet(labels={'app': 'app-c', 'role': 'database'}), Traffic(direction=ingress, port=80, protocol=TCP)) 
])
2025-07-31 09:09:37,704 [INFO] kopf.objects - Handler 'handle_new_policy' succeeded.
2025-07-31 09:09:37,705 [INFO] kopf.objects - Creation is processed: 1 succeeded; 0 failed.
2025-07-31 09:09:37,710 [INFO] matcher - PLS: Configuring new spol Policy(name=app-b-allow-backend-database, sel=LabelSet(labels={'app': 'app-b', 'role': 'backend'}), allow=[
(LabelSet(labels={'app': 'app-b', 'role': 'database'}), Traffic(direction=ingress, port=80, protocol=TCP)) 
])
2025-07-31 09:09:37,718 [INFO] matcher - PLS: Configuring new spol Policy(name=app-c-allow-backend-database, sel=LabelSet(labels={'app': 'app-c', 'role': 'backend'}), allow=[
(LabelSet(labels={'app': 'app-c', 'role': 'database'}), Traffic(direction=egress, port=80, protocol=TCP)) 
])
2025-07-31 09:09:37,725 [INFO] matcher - PLS: Configuring new spol Policy(name=app-b-allow-backend-database, sel=LabelSet(labels={'app': 'app-b', 'role': 'backend'}), allow=[
(LabelSet(labels={'app': 'app-b', 'role': 'database'}), Traffic(direction=egress, port=80, protocol=TCP)) 
])
2025-07-31 09:09:37,739 [INFO] kopf.objects - Handler 'handle_new_policy' succeeded.
2025-07-31 09:09:37,740 [INFO] kopf.objects - Creation is processed: 1 succeeded; 0 failed.
2025-07-31 09:09:37,746 [INFO] kopf.objects - Handler 'handle_new_policy' succeeded.
2025-07-31 09:09:37,752 [INFO] kopf.objects - Creation is processed: 1 succeeded; 0 failed.
2025-07-31 09:09:37,757 [INFO] kopf.objects - Handler 'handle_new_policy' succeeded.
2025-07-31 09:09:37,758 [INFO] kopf.objects - Creation is processed: 1 succeeded; 0 failed.
2025-07-31 09:09:37,768 [INFO] matcher - PLS: Configuring new spol Policy(name=app-b-allow-database-backend, sel=LabelSet(labels={'app': 'app-b', 'role': 'database'}), allow=[
(LabelSet(labels={'app': 'app-b', 'role': 'backend'}), Traffic(direction=ingress, port=80, protocol=TCP)) 
])
2025-07-31 09:09:37,779 [INFO] matcher - PLS: Configuring new spol Policy(name=app-b-allow-database-backend, sel=LabelSet(labels={'app': 'app-b', 'role': 'database'}), allow=[
(LabelSet(labels={'app': 'app-b', 'role': 'backend'}), Traffic(direction=egress, port=80, protocol=TCP)) 
])
2025-07-31 09:09:37,790 [INFO] kopf.objects - Handler 'handle_new_policy' succeeded.
2025-07-31 09:09:37,792 [INFO] kopf.objects - Creation is processed: 1 succeeded; 0 failed.
2025-07-31 09:09:37,901 [INFO] matcher - PLS: Configuring new spol Policy(name=app-b-allow-frontend-backend, sel=LabelSet(labels={'app': 'app-b', 'role': 'frontend'}), allow=[
(LabelSet(labels={'app': 'app-b', 'role': 'backend'}), Traffic(direction=ingress, port=80, protocol=TCP)) 
])
2025-07-31 09:09:37,912 [INFO] matcher - PLS: Configuring new spol Policy(name=app-b-allow-frontend-backend, sel=LabelSet(labels={'app': 'app-b', 'role': 'frontend'}), allow=[
(LabelSet(labels={'app': 'app-b', 'role': 'backend'}), Traffic(direction=egress, port=80, protocol=TCP)) 
])
2025-07-31 09:09:37,923 [INFO] kopf.objects - Handler 'handle_new_policy' succeeded.
2025-07-31 09:09:37,923 [INFO] kopf.objects - Creation is processed: 1 succeeded; 0 failed.
2025-07-31 09:09:37,953 [INFO] kopf.objects - Handler 'handle_new_policy' succeeded.
2025-07-31 09:09:37,954 [INFO] kopf.objects - Creation is processed: 1 succeeded; 0 failed.
2025-07-31 09:09:38,064 [INFO] matcher - PLS: Configuring new spol Policy(name=app-b-allow-backend-frontend, sel=LabelSet(labels={'app': 'app-b', 'role': 'backend'}), allow=[
(LabelSet(labels={'app': 'app-b', 'role': 'frontend'}), Traffic(direction=ingress, port=80, protocol=TCP)) 
])
2025-07-31 09:09:38,081 [INFO] matcher - PLS: Configuring new spol Policy(name=app-b-allow-backend-frontend, sel=LabelSet(labels={'app': 'app-b', 'role': 'backend'}), allow=[
(LabelSet(labels={'app': 'app-b', 'role': 'frontend'}), Traffic(direction=egress, port=80, protocol=TCP)) 
])
2025-07-31 09:09:38,095 [INFO] kopf.objects - Handler 'handle_new_policy' succeeded.
2025-07-31 09:09:38,096 [INFO] kopf.objects - Creation is processed: 1 succeeded; 0 failed.
2025-07-31 09:09:38,194 [INFO] matcher - PLS: Configuring new spol Policy(name=app-a-allow-backend-database, sel=LabelSet(labels={'app': 'app-a', 'role': 'backend'}), allow=[
(LabelSet(labels={'app': 'app-a', 'role': 'database'}), Traffic(direction=ingress, port=80, protocol=TCP)) 
])
2025-07-31 09:09:38,206 [INFO] matcher - PLS: Configuring new spol Policy(name=app-a-allow-backend-database, sel=LabelSet(labels={'app': 'app-a', 'role': 'backend'}), allow=[
(LabelSet(labels={'app': 'app-a', 'role': 'database'}), Traffic(direction=egress, port=80, protocol=TCP)) 
])
2025-07-31 09:09:38,217 [INFO] kopf.objects - Handler 'handle_new_policy' succeeded.
2025-07-31 09:09:38,219 [INFO] kopf.objects - Creation is processed: 1 succeeded; 0 failed.
2025-07-31 09:09:38,307 [INFO] matcher - PLS: Configuring new spol Policy(name=app-a-allow-frontend-backend, sel=LabelSet(labels={'app': 'app-a', 'role': 'frontend'}), allow=[
(LabelSet(labels={'app': 'app-a', 'role': 'backend'}), Traffic(direction=ingress, port=80, protocol=TCP)) 
])
2025-07-31 09:09:38,330 [INFO] matcher - PLS: Configuring new spol Policy(name=app-a-allow-frontend-backend, sel=LabelSet(labels={'app': 'app-a', 'role': 'frontend'}), allow=[
(LabelSet(labels={'app': 'app-a', 'role': 'backend'}), Traffic(direction=egress, port=80, protocol=TCP)) 
])
2025-07-31 09:09:38,348 [INFO] kopf.objects - Handler 'handle_new_policy' succeeded.
2025-07-31 09:09:38,349 [INFO] kopf.objects - Creation is processed: 1 succeeded; 0 failed.
2025-07-31 09:09:38,435 [INFO] matcher - PLS: Configuring new spol Policy(name=app-a-allow-backend-frontend, sel=LabelSet(labels={'app': 'app-a', 'role': 'backend'}), allow=[
(LabelSet(labels={'app': 'app-a', 'role': 'frontend'}), Traffic(direction=ingress, port=80, protocol=TCP)) 
])
2025-07-31 09:09:38,448 [INFO] matcher - PLS: Configuring new spol Policy(name=app-a-allow-backend-frontend, sel=LabelSet(labels={'app': 'app-a', 'role': 'backend'}), allow=[
(LabelSet(labels={'app': 'app-a', 'role': 'frontend'}), Traffic(direction=egress, port=80, protocol=TCP)) 
])
2025-07-31 09:09:38,462 [INFO] kopf.objects - Handler 'handle_new_policy' succeeded.
2025-07-31 09:09:38,464 [INFO] kopf.objects - Creation is processed: 1 succeeded; 0 failed.
2025-07-31 09:09:38,566 [INFO] kopf.objects - Handler 'handle_new_policy' succeeded.
2025-07-31 09:09:38,569 [INFO] kopf.objects - Creation is processed: 1 succeeded; 0 failed.
2025-07-31 09:09:38,700 [INFO] matcher - PLS: Configuring new spol Policy(name=app-a-allow-database-backend, sel=LabelSet(labels={'app': 'app-a', 'role': 'database'}), allow=[
(LabelSet(labels={'app': 'app-a', 'role': 'backend'}), Traffic(direction=ingress, port=80, protocol=TCP)) 
])
2025-07-31 09:09:38,715 [INFO] matcher - PLS: Configuring new spol Policy(name=app-a-allow-database-backend, sel=LabelSet(labels={'app': 'app-a', 'role': 'database'}), allow=[
(LabelSet(labels={'app': 'app-a', 'role': 'backend'}), Traffic(direction=egress, port=80, protocol=TCP)) 
])
2025-07-31 09:09:38,727 [INFO] kopf.objects - Handler 'handle_new_policy' succeeded.
2025-07-31 09:09:38,729 [INFO] kopf.objects - Creation is processed: 1 succeeded; 0 failed.
2025-07-31 09:09:39,244 [INFO] matcher - PLS: Configuring new pod with labelset: {L}
2025-07-31 09:09:39,244 [INFO] matcher - PLS: Configuring new spol Policy(name=app-a-allow-frontend-backend, sel=LabelSet(labels={'app': 'app-a', 'role': 'frontend'}), allow=[
(LabelSet(labels={'app': 'app-a', 'role': 'backend'}), Traffic(direction=ingress, port=80, protocol=TCP)) 
])
2025-07-31 09:09:39,244 [INFO] matcher - Adding Security Group for select labelset: LabelSet(labels={'app': 'app-a', 'role': 'frontend'})
2025-07-31 09:09:39,264 [INFO] matcher - PLS: Configuring new pod with labelset: {L}
2025-07-31 09:09:39,265 [INFO] matcher - PLS: Configuring new spol Policy(name=app-b-allow-backend-frontend, sel=LabelSet(labels={'app': 'app-b', 'role': 'backend'}), allow=[
(LabelSet(labels={'app': 'app-b', 'role': 'frontend'}), Traffic(direction=ingress, port=80, protocol=TCP)) 
])
2025-07-31 09:09:39,265 [INFO] matcher - Adding Security Group for select labelset: LabelSet(labels={'app': 'app-b', 'role': 'backend'})
2025-07-31 09:09:39,279 [INFO] matcher - PLS: Configuring new pod with labelset: {L}
2025-07-31 09:09:39,280 [INFO] matcher - PLS: Configuring new spol Policy(name=app-c-allow-backend-database, sel=LabelSet(labels={'app': 'app-c', 'role': 'backend'}), allow=[
(LabelSet(labels={'app': 'app-c', 'role': 'database'}), Traffic(direction=egress, port=80, protocol=TCP)) 
])
2025-07-31 09:09:39,280 [INFO] matcher - Adding Security Group for select labelset: LabelSet(labels={'app': 'app-c', 'role': 'backend'})
[125313004926656] Handling new policy app-c-allow-backend-frontend, locking app:app-crole:backend, app:app-crole:frontend,  ...
Successfully added policy app-c-allow-backend-frontend to ClusterState
[125313004926656] Handled new policy app-c-allow-backend-frontend, Released app:app-crole:backend, app:app-crole:frontend,  ...
[125313004926656] Handling new policy app-c-allow-database-backend, locking app:app-crole:database, app:app-crole:backend,  ...
Successfully added policy app-c-allow-database-backend to ClusterState
[125313004926656] Handled new policy app-c-allow-database-backend, Released app:app-crole:database, app:app-crole:backend,  ...
[125313004926656] Handling new policy app-c-allow-frontend-backend, locking app:app-crole:backend, app:app-crole:frontend,  ...
Successfully added policy app-c-allow-frontend-backend to ClusterState
[125313004926656] Handled new policy app-c-allow-frontend-backend, Released app:app-crole:backend, app:app-crole:frontend,  ...
[125313004926656] Handling new policy app-c-deny-all, locking app:app-c,  ...
Successfully added policy app-c-deny-all to ClusterState
[125313004926656] Handled new policy app-c-deny-all, Released app:app-c,  ...
[125313004926656] Handling new policy app-b-allow-backend-database, locking app:app-brole:backend, app:app-brole:database,  ...
[125312918615744] Handling new policy app-c-deny-all, locking app:app-c,  ...
Successfully added policy app-c-deny-all to ClusterState
[125312918615744] Handled new policy app-c-deny-all, Released app:app-c,  ...
[125312918615744] Handling new policy app-c-allow-backend-frontend, locking app:app-crole:backend, app:app-crole:frontend,  ...
Policy app-c-allow-backend-frontend already exists in the cluster.
[125312918615744] Handling new policy app-c-allow-frontend-backend, locking app:app-crole:backend, app:app-crole:frontend,  ...
Policy app-c-allow-frontend-backend already exists in the cluster.
[125312918615744] Handling new policy app-c-allow-backend-database, locking app:app-crole:database, app:app-crole:backend,  ...
[125312910223040] Handling new policy app-c-allow-database-backend, locking app:app-crole:database, app:app-crole:backend,  ...
Successfully added policy app-c-allow-backend-database to ClusterState
[125312918615744] Handled new policy app-c-allow-backend-database, Released app:app-crole:database, app:app-crole:backend,  ...
Policy app-c-allow-database-backend already exists in the cluster.
Successfully added policy app-b-allow-backend-database to ClusterState
[125313004926656] Handled new policy app-b-allow-backend-database, Released app:app-brole:backend, app:app-brole:database,  ...
[125312918615744] Handling new policy app-b-allow-database-backend, locking app:app-brole:backend, app:app-brole:database,  ...
Successfully added policy app-b-allow-database-backend to ClusterState
[125312918615744] Handled new policy app-b-allow-database-backend, Released app:app-brole:backend, app:app-brole:database,  ...
[125313004926656] Handling new policy app-b-allow-frontend-backend, locking app:app-brole:frontend, app:app-brole:backend,  ...
Successfully added policy app-b-allow-frontend-backend to ClusterState
[125313004926656] Handled new policy app-b-allow-frontend-backend, Released app:app-brole:frontend, app:app-brole:backend,  ...
[125312918615744] Handling new policy app-b-deny-all, locking app:app-b,  ...
Successfully added policy app-b-deny-all to ClusterState
[125312918615744] Handled new policy app-b-deny-all, Released app:app-b,  ...
[125313004926656] Handling new policy app-b-allow-backend-frontend, locking app:app-brole:frontend, app:app-brole:backend,  ...
Successfully added policy app-b-allow-backend-frontend to ClusterState
[125313004926656] Handled new policy app-b-allow-backend-frontend, Released app:app-brole:frontend, app:app-brole:backend,  ...
[125312918615744] Handling new policy app-a-allow-backend-database, locking app:app-arole:backend, app:app-arole:database,  ...
Successfully added policy app-a-allow-backend-database to ClusterState
[125312918615744] Handled new policy app-a-allow-backend-database, Released app:app-arole:backend, app:app-arole:database,  ...
[125313004926656] Handling new policy app-a-allow-frontend-backend, locking app:app-arole:frontend, app:app-arole:backend,  ...
Successfully added policy app-a-allow-frontend-backend to ClusterState
[125313004926656] Handled new policy app-a-allow-frontend-backend, Released app:app-arole:frontend, app:app-arole:backend,  ...
[125312918615744] Handling new policy app-a-allow-backend-frontend, locking app:app-arole:frontend, app:app-arole:backend,  ...
Successfully added policy app-a-allow-backend-frontend to ClusterState
[125312918615744] Handled new policy app-a-allow-backend-frontend, Released app:app-arole:frontend, app:app-arole:backend,  ...
[125313004926656] Handling new policy app-a-deny-all, locking app:app-a,  ...
Successfully added policy app-a-deny-all to ClusterState
[125313004926656] Handled new policy app-a-deny-all, Released app:app-a,  ...
[125312918615744] Handling new policy app-a-allow-database-backend, locking app:app-arole:backend, app:app-arole:database,  ...
Successfully added policy app-a-allow-database-backend to ClusterState
[125312918615744] Handled new policy app-a-allow-database-backend, Released app:app-arole:backend, app:app-arole:database,  ...
New pod test-pod-0! old_node = None, new_node = worker-1.
Handling the new pod object: Pod(name=test-pod-0, label_set=LabelSet(labels={'app': 'app-a', 'role': 'frontend'}), node=Node(name=worker-1)
[125312910223040] Handling pod test-pod-0, locking app:app-arole:frontend, app:app-arole:backend,  ...
New pod: test-pod-0, on node: worker-1
New pod test-pod-2! old_node = None, new_node = worker-1.
Handling the new pod object: Pod(name=test-pod-2, label_set=LabelSet(labels={'app': 'app-a', 'role': 'database'}), node=Node(name=worker-1)
[125312918615744] Handling pod test-pod-2, locking app:app-arole:backend, app:app-arole:database,  ...
New pod test-pod-4! old_node = None, new_node = worker-1.
Handling the new pod object: Pod(name=test-pod-4, label_set=LabelSet(labels={'app': 'app-b', 'role': 'backend'}), node=Node(name=worker-1)
[125313004926656] Handling pod test-pod-4, locking app:app-brole:frontend, app:app-brole:backend, app:app-brole:database,  ...
New pod: test-pod-4, on node: worker-1
New pod test-pod-1! old_node = None, new_node = worker-1.
Handling the new pod object: Pod(name=test-pod-1, label_set=LabelSet(labels={'app': 'app-a', 'role': 'backend'}), node=Node(name=worker-1)
[125312901830336] Handling pod test-pod-1, locking app:app-arole:frontend, app:app-arole:backend, app:app-arole:database,  ...
New pod test-pod-3! old_node = None, new_node = worker-1.
Handling the new pod object: Pod(name=test-pod-3, label_set=LabelSet(labels={'app': 'app-b', 'role': 'frontend'}), node=Node(name=worker-1)
[125312893437632] Handling pod test-pod-3, locking app:app-brole:frontend, app:app-brole:backend,  ...
New pod test-pod-7! old_node = None, new_node = worker-1.
Handling the new pod object: Pod(name=test-pod-7, label_set=LabelSet(labels={'app': 'app-c', 'role': 'backend'}), node=Node(name=worker-1)
[125312885044928] Handling pod test-pod-7, locking app:app-crole:database, app:app-crole:backend, app:app-crole:frontend,  ...
New pod: test-pod-7, on node: worker-1
New pod test-pod-5! old_node = None, new_node = worker-1.
Handling the new pod object: Pod(name=test-pod-5, label_set=LabelSet(labels={'app': 'app-b', 'role': 'database'}), node=Node(name=worker-1)
[125312876652224] Handling pod test-pod-5, locking app:app-brole:backend, app:app-brole:database,  ...
New pod test-pod-8! old_node = None, new_node = worker-1.
Handling the new pod object: Pod(name=test-pod-8, label_set=LabelSet(labels={'app': 'app-c', 'role': 'database'}), node=Node(name=worker-1)
[125312868259520] Handling pod test-pod-8, locking app:app-crole:database, app:app-crole:backend,  ...
New pod test-pod-6! old_node = None, new_node = worker-1.
Handling the new pod object: Pod(name=test-pod-6, label_set=LabelSet(labels={'app': 'app-c', 'role': 'frontend'}), node=Node(name=worker-1)
2025-07-31 09:09:39,636 [INFO] root - Creating security group: SG-app:app-brole:backend
2025-07-31 09:09:39,780 [INFO] root - Creating security group: SG-app:app-crole:backend
2025-07-31 09:09:39,940 [INFO] root - Creating security group: SG-app:app-arole:frontend
2025-07-31 09:09:40,191 [INFO] security_group_module - Attaching security group SG-app:app-brole:backend to instance worker-1
2025-07-31 09:09:40,443 [INFO] security_group_module - Attaching security group SG-app:app-crole:backend to instance worker-1
2025-07-31 09:09:40,520 [INFO] security_group_module - Attaching security group SG-app:app-arole:frontend to instance worker-1
2025-07-31 09:09:40,841 [INFO] matcher - Adding Security Group for allow labelset: LabelSet(labels={'app': 'app-b', 'role': 'frontend'})
2025-07-31 09:09:40,898 [INFO] root - Creating security group: SG-app:app-brole:frontend
2025-07-31 09:09:40,927 [INFO] matcher - Adding Security Group for allow labelset: LabelSet(labels={'app': 'app-a', 'role': 'backend'})
2025-07-31 09:09:41,008 [INFO] root - Creating security group: SG-app:app-arole:backend
2025-07-31 09:09:41,033 [INFO] security_group_module - SGMod: Adding rule to SG-app:app-brole:backend, remote SG-app:app-brole:frontend, port 80, type ingress
2025-07-31 09:09:41,049 [INFO] matcher - Adding Security Group for allow labelset: LabelSet(labels={'app': 'app-c', 'role': 'database'})
2025-07-31 09:09:41,133 [INFO] security_group_module - SGMod: Adding rule to SG-app:app-arole:frontend, remote SG-app:app-arole:backend, port 80, type ingress
2025-07-31 09:09:41,141 [INFO] root - Creating security group: SG-app:app-crole:database
2025-07-31 09:09:41,192 [INFO] matcher - PLS: Configuring new spol Policy(name=app-b-allow-frontend-backend, sel=LabelSet(labels={'app': 'app-b', 'role': 'frontend'}), allow=[
(LabelSet(labels={'app': 'app-b', 'role': 'backend'}), Traffic(direction=egress, port=80, protocol=TCP)) 
])
2025-07-31 09:09:41,193 [INFO] matcher - PLS: Configuring new spol Policy(name=app-b-allow-database-backend, sel=LabelSet(labels={'app': 'app-b', 'role': 'database'}), allow=[
(LabelSet(labels={'app': 'app-b', 'role': 'backend'}), Traffic(direction=ingress, port=80, protocol=TCP)) 
])
2025-07-31 09:09:41,193 [INFO] matcher - PLS: Configuring new spol Policy(name=app-b-allow-backend-database, sel=LabelSet(labels={'app': 'app-b', 'role': 'backend'}), allow=[
(LabelSet(labels={'app': 'app-b', 'role': 'database'}), Traffic(direction=egress, port=80, protocol=TCP)) 
])
2025-07-31 09:09:41,193 [INFO] matcher - Adding Security Group for select labelset: LabelSet(labels={'app': 'app-b', 'role': 'backend'})
2025-07-31 09:09:41,193 [INFO] matcher - Adding Security Group for allow labelset: LabelSet(labels={'app': 'app-b', 'role': 'database'})
2025-07-31 09:09:41,259 [INFO] root - Creating security group: SG-app:app-brole:database
2025-07-31 09:09:41,264 [INFO] matcher - PLS: Configuring new spol Policy(name=app-a-allow-backend-frontend, sel=LabelSet(labels={'app': 'app-a', 'role': 'backend'}), allow=[
(LabelSet(labels={'app': 'app-a', 'role': 'frontend'}), Traffic(direction=ingress, port=80, protocol=TCP)) 
])
2025-07-31 09:09:41,264 [INFO] matcher - PLS: Configuring new spol Policy(name=app-a-allow-frontend-backend, sel=LabelSet(labels={'app': 'app-a', 'role': 'frontend'}), allow=[
(LabelSet(labels={'app': 'app-a', 'role': 'backend'}), Traffic(direction=egress, port=80, protocol=TCP)) 
])
2025-07-31 09:09:41,264 [INFO] matcher - Adding Security Group for select labelset: LabelSet(labels={'app': 'app-a', 'role': 'frontend'})
2025-07-31 09:09:41,264 [INFO] matcher - Adding Security Group for allow labelset: LabelSet(labels={'app': 'app-a', 'role': 'backend'})
2025-07-31 09:09:41,264 [INFO] security_group_module - SGMod: Adding rule to SG-app:app-arole:frontend, remote SG-app:app-arole:backend, port 80, type egress
2025-07-31 09:09:41,296 [INFO] security_group_module - SGMod: Adding rule to SG-app:app-crole:backend, remote SG-app:app-crole:database, port 80, type egress
2025-07-31 09:09:41,539 [INFO] matcher - PLS: Configuring new spol Policy(name=app-c-allow-backend-frontend, sel=LabelSet(labels={'app': 'app-c', 'role': 'backend'}), allow=[
(LabelSet(labels={'app': 'app-c', 'role': 'frontend'}), Traffic(direction=egress, port=80, protocol=TCP)) 
])
2025-07-31 09:09:41,540 [INFO] matcher - Adding Security Group for select labelset: LabelSet(labels={'app': 'app-c', 'role': 'backend'})
2025-07-31 09:09:41,541 [INFO] matcher - Adding Security Group for allow labelset: LabelSet(labels={'app': 'app-c', 'role': 'frontend'})
2025-07-31 09:09:41,590 [INFO] matcher - PLS: Configuring new spol Policy(name=app-a-allow-backend-frontend, sel=LabelSet(labels={'app': 'app-a', 'role': 'backend'}), allow=[
(LabelSet(labels={'app': 'app-a', 'role': 'frontend'}), Traffic(direction=egress, port=80, protocol=TCP)) 
])
2025-07-31 09:09:41,602 [INFO] root - Creating security group: SG-app:app-crole:frontend
2025-07-31 09:09:41,619 [INFO] security_group_module - SGMod: Adding rule to SG-app:app-brole:backend, remote SG-app:app-brole:database, port 80, type egress
2025-07-31 09:09:41,735 [INFO] matcher - PLS: Configuring new spol Policy(name=app-b-allow-backend-frontend, sel=LabelSet(labels={'app': 'app-b', 'role': 'backend'}), allow=[
(LabelSet(labels={'app': 'app-b', 'role': 'frontend'}), Traffic(direction=egress, port=80, protocol=TCP)) 
])
2025-07-31 09:09:41,735 [INFO] matcher - Adding Security Group for select labelset: LabelSet(labels={'app': 'app-b', 'role': 'backend'})
2025-07-31 09:09:41,735 [INFO] matcher - Adding Security Group for allow labelset: LabelSet(labels={'app': 'app-b', 'role': 'frontend'})
2025-07-31 09:09:41,736 [INFO] security_group_module - SGMod: Adding rule to SG-app:app-brole:backend, remote SG-app:app-brole:frontend, port 80, type egress
2025-07-31 09:09:41,847 [INFO] security_group_module - SGMod: Adding rule to SG-app:app-crole:backend, remote SG-app:app-crole:frontend, port 80, type egress
2025-07-31 09:09:41,873 [INFO] matcher - PLS: Configuring new spol Policy(name=app-b-allow-database-backend, sel=LabelSet(labels={'app': 'app-b', 'role': 'database'}), allow=[
(LabelSet(labels={'app': 'app-b', 'role': 'backend'}), Traffic(direction=egress, port=80, protocol=TCP)) 
])
2025-07-31 09:09:41,874 [INFO] matcher - PLS: Configuring new spol Policy(name=app-b-allow-frontend-backend, sel=LabelSet(labels={'app': 'app-b', 'role': 'frontend'}), allow=[
(LabelSet(labels={'app': 'app-b', 'role': 'backend'}), Traffic(direction=ingress, port=80, protocol=TCP)) 
])
2025-07-31 09:09:41,875 [INFO] matcher - PLS: Configuring new spol Policy(name=app-b-allow-backend-database, sel=LabelSet(labels={'app': 'app-b', 'role': 'backend'}), allow=[
(LabelSet(labels={'app': 'app-b', 'role': 'database'}), Traffic(direction=ingress, port=80, protocol=TCP)) 
])
2025-07-31 09:09:41,875 [INFO] matcher - Adding Security Group for select labelset: LabelSet(labels={'app': 'app-b', 'role': 'backend'})
2025-07-31 09:09:41,875 [INFO] matcher - Adding Security Group for allow labelset: LabelSet(labels={'app': 'app-b', 'role': 'database'})
2025-07-31 09:09:41,875 [INFO] security_group_module - SGMod: Adding rule to SG-app:app-brole:backend, remote SG-app:app-brole:database, port 80, type ingress
2025-07-31 09:09:41,990 [INFO] matcher - PLS: Configuring new spol Policy(name=app-c-allow-frontend-backend, sel=LabelSet(labels={'app': 'app-c', 'role': 'frontend'}), allow=[
(LabelSet(labels={'app': 'app-c', 'role': 'backend'}), Traffic(direction=egress, port=80, protocol=TCP)) 
])
2025-07-31 09:09:41,990 [INFO] matcher - PLS: Configuring new spol Policy(name=app-c-allow-backend-database, sel=LabelSet(labels={'app': 'app-c', 'role': 'backend'}), allow=[
(LabelSet(labels={'app': 'app-c', 'role': 'database'}), Traffic(direction=ingress, port=80, protocol=TCP)) 
])
2025-07-31 09:09:41,991 [INFO] matcher - Adding Security Group for select labelset: LabelSet(labels={'app': 'app-c', 'role': 'backend'})
2025-07-31 09:09:41,991 [INFO] matcher - Adding Security Group for allow labelset: LabelSet(labels={'app': 'app-c', 'role': 'database'})
2025-07-31 09:09:41,992 [INFO] security_group_module - SGMod: Adding rule to SG-app:app-crole:backend, remote SG-app:app-crole:database, port 80, type ingress
2025-07-31 09:09:42,040 [INFO] security_group_module - SG-app:app-arole:frontend already attached to worker-1
2025-07-31 09:09:42,049 [INFO] kopf.objects - Handler 'handle_new_pod/spec.nodeName' succeeded.
2025-07-31 09:09:42,050 [INFO] kopf.objects - Creation is processed: 1 succeeded; 0 failed.
2025-07-31 09:09:42,076 [INFO] matcher - PLS: Configuring new pod with labelset: {L}
2025-07-31 09:09:42,076 [INFO] matcher - PLS: Configuring new spol Policy(name=app-a-allow-backend-database, sel=LabelSet(labels={'app': 'app-a', 'role': 'backend'}), allow=[
(LabelSet(labels={'app': 'app-a', 'role': 'database'}), Traffic(direction=egress, port=80, protocol=TCP)) 
])
2025-07-31 09:09:42,076 [INFO] matcher - PLS: Configuring new spol Policy(name=app-a-allow-backend-database, sel=LabelSet(labels={'app': 'app-a', 'role': 'backend'}), allow=[
(LabelSet(labels={'app': 'app-a', 'role': 'database'}), Traffic(direction=ingress, port=80, protocol=TCP)) 
])
2025-07-31 09:09:42,076 [INFO] matcher - PLS: Configuring new spol Policy(name=app-a-allow-database-backend, sel=LabelSet(labels={'app': 'app-a', 'role': 'database'}), allow=[
(LabelSet(labels={'app': 'app-a', 'role': 'backend'}), Traffic(direction=egress, port=80, protocol=TCP)) 
])
2025-07-31 09:09:42,076 [INFO] matcher - Adding Security Group for select labelset: LabelSet(labels={'app': 'app-a', 'role': 'database'})
2025-07-31 09:09:42,106 [INFO] matcher - PLS: Configuring new spol Policy(name=app-c-allow-database-backend, sel=LabelSet(labels={'app': 'app-c', 'role': 'database'}), allow=[
(LabelSet(labels={'app': 'app-c', 'role': 'backend'}), Traffic(direction=ingress, port=80, protocol=TCP)) 
])
2025-07-31 09:09:42,106 [INFO] matcher - PLS: Configuring new spol Policy(name=app-c-allow-database-backend, sel=LabelSet(labels={'app': 'app-c', 'role': 'database'}), allow=[
(LabelSet(labels={'app': 'app-c', 'role': 'backend'}), Traffic(direction=egress, port=80, protocol=TCP)) 
])
2025-07-31 09:09:42,106 [INFO] matcher - PLS: Configuring new spol Policy(name=app-c-allow-frontend-backend, sel=LabelSet(labels={'app': 'app-c', 'role': 'frontend'}), allow=[
(LabelSet(labels={'app': 'app-c', 'role': 'backend'}), Traffic(direction=ingress, port=80, protocol=TCP)) 
])
2025-07-31 09:09:42,106 [INFO] matcher - PLS: Configuring new spol Policy(name=app-c-allow-backend-frontend, sel=LabelSet(labels={'app': 'app-c', 'role': 'backend'}), allow=[
(LabelSet(labels={'app': 'app-c', 'role': 'frontend'}), Traffic(direction=ingress, port=80, protocol=TCP)) 
])
2025-07-31 09:09:42,106 [INFO] matcher - Adding Security Group for select labelset: LabelSet(labels={'app': 'app-c', 'role': 'backend'})
2025-07-31 09:09:42,107 [INFO] matcher - Adding Security Group for allow labelset: LabelSet(labels={'app': 'app-c', 'role': 'frontend'})
2025-07-31 09:09:42,107 [INFO] security_group_module - SGMod: Adding rule to SG-app:app-crole:backend, remote SG-app:app-crole:frontend, port 80, type ingress
2025-07-31 09:09:42,143 [INFO] root - Creating security group: SG-app:app-arole:database
2025-07-31 09:09:42,495 [INFO] security_group_module - SG-app:app-brole:backend already attached to worker-1
2025-07-31 09:09:42,498 [INFO] kopf.objects - Handler 'handle_new_pod/spec.nodeName' succeeded.
2025-07-31 09:09:42,501 [INFO] kopf.objects - Creation is processed: 1 succeeded; 0 failed.
2025-07-31 09:09:42,534 [INFO] matcher - PLS: Configuring new pod with labelset: {L}
2025-07-31 09:09:42,534 [INFO] matcher - PLS: Configuring new spol Policy(name=app-b-allow-backend-frontend, sel=LabelSet(labels={'app': 'app-b', 'role': 'backend'}), allow=[
(LabelSet(labels={'app': 'app-b', 'role': 'frontend'}), Traffic(direction=ingress, port=80, protocol=TCP)) 
])
2025-07-31 09:09:42,534 [INFO] matcher - Adding Security Group for select labelset: LabelSet(labels={'app': 'app-b', 'role': 'backend'})
2025-07-31 09:09:42,535 [INFO] matcher - Adding Security Group for allow labelset: LabelSet(labels={'app': 'app-b', 'role': 'frontend'})
2025-07-31 09:09:42,535 [INFO] security_group_module - SGMod: Adding rule to SG-app:app-brole:backend, remote SG-app:app-brole:frontend, port 80, type ingress
2025-07-31 09:09:42,543 [INFO] security_group_module - SG-app:app-crole:backend already attached to worker-1
2025-07-31 09:09:42,545 [INFO] kopf.objects - Handler 'handle_new_pod/spec.nodeName' succeeded.
2025-07-31 09:09:42,546 [INFO] kopf.objects - Creation is processed: 1 succeeded; 0 failed.
2025-07-31 09:09:42,582 [INFO] matcher - PLS: Configuring new pod with labelset: {L}
2025-07-31 09:09:42,583 [INFO] matcher - PLS: Configuring new spol Policy(name=app-c-allow-database-backend, sel=LabelSet(labels={'app': 'app-c', 'role': 'database'}), allow=[
(LabelSet(labels={'app': 'app-c', 'role': 'backend'}), Traffic(direction=egress, port=80, protocol=TCP)) 
])
2025-07-31 09:09:42,583 [INFO] matcher - Adding Security Group for select labelset: LabelSet(labels={'app': 'app-c', 'role': 'database'})
2025-07-31 09:09:42,583 [INFO] matcher - Adding Security Group for allow labelset: LabelSet(labels={'app': 'app-c', 'role': 'backend'})
2025-07-31 09:09:42,583 [INFO] security_group_module - SGMod: Adding rule to SG-app:app-crole:database, remote SG-app:app-crole:backend, port 80, type egress
2025-07-31 09:09:42,649 [INFO] security_group_module - Cannot add rule to remotes: Security group rule already exists. Rule id is 151f28a1-777a-47b4-9420-5aaa316df2be.
Neutron server returns request_ids: ['req-5eaf9842-2926-4716-b869-f9a2b2af3fbc']
2025-07-31 09:09:42,650 [INFO] matcher - PLS: Configuring new spol Policy(name=app-b-allow-frontend-backend, sel=LabelSet(labels={'app': 'app-b', 'role': 'frontend'}), allow=[
(LabelSet(labels={'app': 'app-b', 'role': 'backend'}), Traffic(direction=ingress, port=80, protocol=TCP)) 
])
2025-07-31 09:09:42,651 [INFO] matcher - Adding Security Group for select labelset: LabelSet(labels={'app': 'app-b', 'role': 'frontend'})
2025-07-31 09:09:42,652 [INFO] matcher - Adding Security Group for allow labelset: LabelSet(labels={'app': 'app-b', 'role': 'backend'})
2025-07-31 09:09:42,653 [INFO] security_group_module - SGMod: Adding rule to SG-app:app-brole:frontend, remote SG-app:app-brole:backend, port 80, type ingress
2025-07-31 09:09:42,745 [INFO] security_group_module - Attaching security group SG-app:app-arole:database to instance worker-1
2025-07-31 09:09:42,749 [INFO] matcher - PLS: Configuring new spol Policy(name=app-c-allow-database-backend, sel=LabelSet(labels={'app': 'app-c', 'role': 'database'}), allow=[
(LabelSet(labels={'app': 'app-c', 'role': 'backend'}), Traffic(direction=ingress, port=80, protocol=TCP)) 
])
2025-07-31 09:09:42,753 [INFO] matcher - Adding Security Group for select labelset: LabelSet(labels={'app': 'app-c', 'role': 'database'})
2025-07-31 09:09:42,754 [INFO] matcher - Adding Security Group for allow labelset: LabelSet(labels={'app': 'app-c', 'role': 'backend'})
2025-07-31 09:09:42,754 [INFO] security_group_module - SGMod: Adding rule to SG-app:app-crole:database, remote SG-app:app-crole:backend, port 80, type ingress
2025-07-31 09:09:42,775 [INFO] matcher - PLS: Configuring new spol Policy(name=app-b-allow-backend-frontend, sel=LabelSet(labels={'app': 'app-b', 'role': 'backend'}), allow=[
(LabelSet(labels={'app': 'app-b', 'role': 'frontend'}), Traffic(direction=egress, port=80, protocol=TCP)) 
])
2025-07-31 09:09:42,775 [INFO] matcher - Adding Security Group for select labelset: LabelSet(labels={'app': 'app-b', 'role': 'backend'})
2025-07-31 09:09:42,776 [INFO] matcher - Adding Security Group for allow labelset: LabelSet(labels={'app': 'app-b', 'role': 'frontend'})
2025-07-31 09:09:42,776 [INFO] security_group_module - SGMod: Adding rule to SG-app:app-brole:backend, remote SG-app:app-brole:frontend, port 80, type egress
2025-07-31 09:09:42,882 [INFO] matcher - PLS: Configuring new spol Policy(name=app-c-allow-backend-database, sel=LabelSet(labels={'app': 'app-c', 'role': 'backend'}), allow=[
(LabelSet(labels={'app': 'app-c', 'role': 'database'}), Traffic(direction=egress, port=80, protocol=TCP)) 
])
2025-07-31 09:09:42,882 [INFO] matcher - Adding Security Group for select labelset: LabelSet(labels={'app': 'app-c', 'role': 'backend'})
2025-07-31 09:09:42,882 [INFO] matcher - Adding Security Group for allow labelset: LabelSet(labels={'app': 'app-c', 'role': 'database'})
2025-07-31 09:09:42,882 [INFO] security_group_module - SGMod: Adding rule to SG-app:app-crole:backend, remote SG-app:app-crole:database, port 80, type egress
2025-07-31 09:09:42,909 [INFO] security_group_module - Cannot add rule to remotes: Security group rule already exists. Rule id is b82d7efe-ff43-4ebe-8c62-3f3463752adb.
Neutron server returns request_ids: ['req-b4f84aa7-ce0e-493b-aed8-627f92721a5c']
2025-07-31 09:09:42,910 [INFO] matcher - PLS: Configuring new spol Policy(name=app-b-allow-frontend-backend, sel=LabelSet(labels={'app': 'app-b', 'role': 'frontend'}), allow=[
(LabelSet(labels={'app': 'app-b', 'role': 'backend'}), Traffic(direction=egress, port=80, protocol=TCP)) 
])
2025-07-31 09:09:42,910 [INFO] matcher - Adding Security Group for select labelset: LabelSet(labels={'app': 'app-b', 'role': 'frontend'})
2025-07-31 09:09:42,910 [INFO] matcher - Adding Security Group for allow labelset: LabelSet(labels={'app': 'app-b', 'role': 'backend'})
2025-07-31 09:09:42,910 [INFO] security_group_module - SGMod: Adding rule to SG-app:app-brole:frontend, remote SG-app:app-brole:backend, port 80, type egress
2025-07-31 09:09:42,979 [INFO] security_group_module - Cannot add rule to remotes: Security group rule already exists. Rule id is a857fc88-20a8-431b-858f-307b1c208c3d.
Neutron server returns request_ids: ['req-92399fdd-fa53-481a-a186-918ee2c392d3']
2025-07-31 09:09:42,980 [INFO] matcher - PLS: Configuring new spol Policy(name=app-c-allow-backend-database, sel=LabelSet(labels={'app': 'app-c', 'role': 'backend'}), allow=[
(LabelSet(labels={'app': 'app-c', 'role': 'database'}), Traffic(direction=ingress, port=80, protocol=TCP)) 
])
2025-07-31 09:09:42,981 [INFO] matcher - Adding Security Group for select labelset: LabelSet(labels={'app': 'app-c', 'role': 'backend'})
2025-07-31 09:09:42,981 [INFO] matcher - Adding Security Group for allow labelset: LabelSet(labels={'app': 'app-c', 'role': 'database'})
2025-07-31 09:09:42,981 [INFO] security_group_module - SGMod: Adding rule to SG-app:app-crole:backend, remote SG-app:app-crole:database, port 80, type ingress
2025-07-31 09:09:43,094 [INFO] security_group_module - Cannot add rule to remotes: Security group rule already exists. Rule id is b79bad1c-2fd3-4b5c-ad62-0b2ea28175ab.
Neutron server returns request_ids: ['req-774d23c6-54f4-480b-9298-3ad67241dc8d']
2025-07-31 09:09:43,361 [INFO] security_group_module - Attaching security group SG-app:app-crole:database to instance worker-1
2025-07-31 09:09:43,559 [INFO] security_group_module - Attaching security group SG-app:app-brole:frontend to instance worker-1
2025-07-31 09:09:43,653 [INFO] matcher - Adding Security Group for allow labelset: LabelSet(labels={'app': 'app-a', 'role': 'backend'})
2025-07-31 09:09:43,653 [INFO] security_group_module - SGMod: Adding rule to SG-app:app-arole:database, remote SG-app:app-arole:backend, port 80, type egress
2025-07-31 09:09:43,778 [INFO] matcher - PLS: Configuring new spol Policy(name=app-a-allow-database-backend, sel=LabelSet(labels={'app': 'app-a', 'role': 'database'}), allow=[
(LabelSet(labels={'app': 'app-a', 'role': 'backend'}), Traffic(direction=ingress, port=80, protocol=TCP)) 
])
2025-07-31 09:09:43,779 [INFO] matcher - Adding Security Group for select labelset: LabelSet(labels={'app': 'app-a', 'role': 'database'})
2025-07-31 09:09:43,780 [INFO] matcher - Adding Security Group for allow labelset: LabelSet(labels={'app': 'app-a', 'role': 'backend'})
2025-07-31 09:09:43,781 [INFO] security_group_module - SGMod: Adding rule to SG-app:app-arole:database, remote SG-app:app-arole:backend, port 80, type ingress
2025-07-31 09:09:43,907 [INFO] kopf.objects - Handler 'handle_new_pod/spec.nodeName' succeeded.
2025-07-31 09:09:43,908 [INFO] kopf.objects - Creation is processed: 1 succeeded; 0 failed.
2025-07-31 09:09:43,944 [INFO] matcher - PLS: Configuring new pod with labelset: {L}
2025-07-31 09:09:43,945 [INFO] matcher - PLS: Configuring new spol Policy(name=app-c-allow-frontend-backend, sel=LabelSet(labels={'app': 'app-c', 'role': 'frontend'}), allow=[
(LabelSet(labels={'app': 'app-c', 'role': 'backend'}), Traffic(direction=ingress, port=80, protocol=TCP)) 
])
2025-07-31 09:09:43,945 [INFO] matcher - Adding Security Group for select labelset: LabelSet(labels={'app': 'app-c', 'role': 'frontend'})
2025-07-31 09:09:43,945 [INFO] matcher - Adding Security Group for allow labelset: LabelSet(labels={'app': 'app-c', 'role': 'backend'})
2025-07-31 09:09:43,946 [INFO] security_group_module - SGMod: Adding rule to SG-app:app-crole:frontend, remote SG-app:app-crole:backend, port 80, type ingress
2025-07-31 09:09:44,090 [INFO] matcher - PLS: Configuring new spol Policy(name=app-c-allow-backend-frontend, sel=LabelSet(labels={'app': 'app-c', 'role': 'backend'}), allow=[
(LabelSet(labels={'app': 'app-c', 'role': 'frontend'}), Traffic(direction=ingress, port=80, protocol=TCP)) 
])
2025-07-31 09:09:44,090 [INFO] matcher - Adding Security Group for select labelset: LabelSet(labels={'app': 'app-c', 'role': 'backend'})
2025-07-31 09:09:44,090 [INFO] matcher - Adding Security Group for allow labelset: LabelSet(labels={'app': 'app-c', 'role': 'frontend'})
2025-07-31 09:09:44,090 [INFO] security_group_module - SGMod: Adding rule to SG-app:app-crole:backend, remote SG-app:app-crole:frontend, port 80, type ingress
2025-07-31 09:09:44,168 [INFO] security_group_module - Attaching security group SG-app:app-arole:database to instance worker-1
2025-07-31 09:09:44,205 [INFO] security_group_module - Cannot add rule to remotes: Security group rule already exists. Rule id is a7442ecc-9e2d-4585-b471-17e29ac91441.
Neutron server returns request_ids: ['req-15471f26-6016-42d8-b4e7-3014496ca63e']
2025-07-31 09:09:44,205 [INFO] matcher - PLS: Configuring new spol Policy(name=app-c-allow-backend-frontend, sel=LabelSet(labels={'app': 'app-c', 'role': 'backend'}), allow=[
(LabelSet(labels={'app': 'app-c', 'role': 'frontend'}), Traffic(direction=egress, port=80, protocol=TCP)) 
])
2025-07-31 09:09:44,205 [INFO] matcher - Adding Security Group for select labelset: LabelSet(labels={'app': 'app-c', 'role': 'backend'})
2025-07-31 09:09:44,205 [INFO] matcher - Adding Security Group for allow labelset: LabelSet(labels={'app': 'app-c', 'role': 'frontend'})
2025-07-31 09:09:44,205 [INFO] security_group_module - SGMod: Adding rule to SG-app:app-crole:backend, remote SG-app:app-crole:frontend, port 80, type egress
2025-07-31 09:09:44,291 [INFO] security_group_module - Cannot add rule to remotes: Security group rule already exists. Rule id is 03c2e07e-c4f9-4ab2-9014-39323c533f5b.
Neutron server returns request_ids: ['req-f82a3365-dab4-456e-bf56-4cf56f11c39b']
2025-07-31 09:09:44,292 [INFO] matcher - PLS: Configuring new spol Policy(name=app-c-allow-frontend-backend, sel=LabelSet(labels={'app': 'app-c', 'role': 'frontend'}), allow=[
(LabelSet(labels={'app': 'app-c', 'role': 'backend'}), Traffic(direction=egress, port=80, protocol=TCP)) 
])
2025-07-31 09:09:44,293 [INFO] matcher - Adding Security Group for select labelset: LabelSet(labels={'app': 'app-c', 'role': 'frontend'})
2025-07-31 09:09:44,293 [INFO] matcher - Adding Security Group for allow labelset: LabelSet(labels={'app': 'app-c', 'role': 'backend'})
2025-07-31 09:09:44,293 [INFO] security_group_module - SGMod: Adding rule to SG-app:app-crole:frontend, remote SG-app:app-crole:backend, port 80, type egress
2025-07-31 09:09:44,471 [INFO] kopf.objects - Handler 'handle_new_pod/spec.nodeName' succeeded.
2025-07-31 09:09:44,472 [INFO] kopf.objects - Creation is processed: 1 succeeded; 0 failed.
2025-07-31 09:09:44,502 [INFO] matcher - PLS: Configuring new pod with labelset: {L}
2025-07-31 09:09:44,502 [INFO] matcher - PLS: Configuring new spol Policy(name=app-b-allow-database-backend, sel=LabelSet(labels={'app': 'app-b', 'role': 'database'}), allow=[
(LabelSet(labels={'app': 'app-b', 'role': 'backend'}), Traffic(direction=ingress, port=80, protocol=TCP)) 
])
2025-07-31 09:09:44,503 [INFO] matcher - Adding Security Group for select labelset: LabelSet(labels={'app': 'app-b', 'role': 'database'})
2025-07-31 09:09:44,503 [INFO] matcher - Adding Security Group for allow labelset: LabelSet(labels={'app': 'app-b', 'role': 'backend'})
2025-07-31 09:09:44,503 [INFO] security_group_module - SGMod: Adding rule to SG-app:app-brole:database, remote SG-app:app-brole:backend, port 80, type ingress
2025-07-31 09:09:44,514 [INFO] kopf.objects - Handler 'handle_new_pod/spec.nodeName' succeeded.
2025-07-31 09:09:44,515 [INFO] kopf.objects - Creation is processed: 1 succeeded; 0 failed.
2025-07-31 09:09:44,544 [INFO] matcher - PLS: Configuring new pod with labelset: {L}
2025-07-31 09:09:44,544 [INFO] matcher - PLS: Configuring new spol Policy(name=app-a-allow-database-backend, sel=LabelSet(labels={'app': 'app-a', 'role': 'database'}), allow=[
(LabelSet(labels={'app': 'app-a', 'role': 'backend'}), Traffic(direction=ingress, port=80, protocol=TCP)) 
])
2025-07-31 09:09:44,544 [INFO] matcher - Adding Security Group for select labelset: LabelSet(labels={'app': 'app-a', 'role': 'database'})
2025-07-31 09:09:44,545 [INFO] matcher - Adding Security Group for allow labelset: LabelSet(labels={'app': 'app-a', 'role': 'backend'})
2025-07-31 09:09:44,545 [INFO] security_group_module - SGMod: Adding rule to SG-app:app-arole:database, remote SG-app:app-arole:backend, port 80, type ingress
2025-07-31 09:09:44,694 [INFO] security_group_module - Attaching security group SG-app:app-crole:frontend to instance worker-1
2025-07-31 09:09:44,797 [INFO] security_group_module - Cannot add rule to remotes: Security group rule already exists. Rule id is 1ef509ec-3f14-4b0c-9755-52f7fbfbdf86.
Neutron server returns request_ids: ['req-fe671fc0-e5d1-4579-8d5e-a19a1da8d3b0']
2025-07-31 09:09:44,797 [INFO] matcher - PLS: Configuring new spol Policy(name=app-a-allow-frontend-backend, sel=LabelSet(labels={'app': 'app-a', 'role': 'frontend'}), allow=[
(LabelSet(labels={'app': 'app-a', 'role': 'backend'}), Traffic(direction=ingress, port=80, protocol=TCP)) 
])
2025-07-31 09:09:44,797 [INFO] matcher - Adding Security Group for select labelset: LabelSet(labels={'app': 'app-a', 'role': 'frontend'})
2025-07-31 09:09:44,798 [INFO] matcher - Adding Security Group for allow labelset: LabelSet(labels={'app': 'app-a', 'role': 'backend'})
2025-07-31 09:09:44,798 [INFO] security_group_module - SGMod: Adding rule to SG-app:app-arole:frontend, remote SG-app:app-arole:backend, port 80, type ingress
2025-07-31 09:09:44,819 [INFO] matcher - PLS: Configuring new spol Policy(name=app-b-allow-backend-database, sel=LabelSet(labels={'app': 'app-b', 'role': 'backend'}), allow=[
(LabelSet(labels={'app': 'app-b', 'role': 'database'}), Traffic(direction=egress, port=80, protocol=TCP)) 
])
2025-07-31 09:09:44,820 [INFO] matcher - Adding Security Group for select labelset: LabelSet(labels={'app': 'app-b', 'role': 'backend'})
2025-07-31 09:09:44,820 [INFO] matcher - Adding Security Group for allow labelset: LabelSet(labels={'app': 'app-b', 'role': 'database'})
2025-07-31 09:09:44,821 [INFO] security_group_module - SGMod: Adding rule to SG-app:app-brole:backend, remote SG-app:app-brole:database, port 80, type egress
2025-07-31 09:09:44,896 [INFO] security_group_module - Cannot add rule to remotes: Security group rule already exists. Rule id is 30c41888-8f42-41e6-8b19-f7b9457fbb98.
Neutron server returns request_ids: ['req-6df24d1f-3c9d-40c2-adb0-a3c918f4697a']
2025-07-31 09:09:44,896 [INFO] matcher - PLS: Configuring new spol Policy(name=app-a-allow-database-backend, sel=LabelSet(labels={'app': 'app-a', 'role': 'database'}), allow=[
(LabelSet(labels={'app': 'app-a', 'role': 'backend'}), Traffic(direction=egress, port=80, protocol=TCP)) 
])
2025-07-31 09:09:44,896 [INFO] matcher - Adding Security Group for select labelset: LabelSet(labels={'app': 'app-a', 'role': 'database'})
2025-07-31 09:09:44,896 [INFO] matcher - Adding Security Group for allow labelset: LabelSet(labels={'app': 'app-a', 'role': 'backend'})
2025-07-31 09:09:44,896 [INFO] security_group_module - SGMod: Adding rule to SG-app:app-arole:database, remote SG-app:app-arole:backend, port 80, type egress
2025-07-31 09:09:44,935 [INFO] security_group_module - Cannot add rule to remotes: Security group rule already exists. Rule id is 9aa55205-7546-4b3d-9018-7702ff73e000.
Neutron server returns request_ids: ['req-19da1e40-badc-4ac9-8b56-41093e9f2764']
2025-07-31 09:09:44,935 [INFO] matcher - PLS: Configuring new spol Policy(name=app-b-allow-database-backend, sel=LabelSet(labels={'app': 'app-b', 'role': 'database'}), allow=[
(LabelSet(labels={'app': 'app-b', 'role': 'backend'}), Traffic(direction=egress, port=80, protocol=TCP)) 
])
2025-07-31 09:09:44,935 [INFO] matcher - Adding Security Group for select labelset: LabelSet(labels={'app': 'app-b', 'role': 'database'})
2025-07-31 09:09:44,937 [INFO] matcher - Adding Security Group for allow labelset: LabelSet(labels={'app': 'app-b', 'role': 'backend'})
2025-07-31 09:09:44,937 [INFO] security_group_module - SGMod: Adding rule to SG-app:app-brole:database, remote SG-app:app-brole:backend, port 80, type egress
2025-07-31 09:09:45,039 [INFO] security_group_module - Cannot add rule to remotes: Security group rule already exists. Rule id is b7cd192f-cd34-4dda-ab24-bb14b2095839.
Neutron server returns request_ids: ['req-4173b846-a9c8-45a2-a404-caf721944c9c']
2025-07-31 09:09:45,039 [INFO] matcher - PLS: Configuring new spol Policy(name=app-a-allow-backend-frontend, sel=LabelSet(labels={'app': 'app-a', 'role': 'backend'}), allow=[
(LabelSet(labels={'app': 'app-a', 'role': 'frontend'}), Traffic(direction=egress, port=80, protocol=TCP)) 
])
2025-07-31 09:09:45,039 [INFO] matcher - Adding Security Group for select labelset: LabelSet(labels={'app': 'app-a', 'role': 'backend'})
2025-07-31 09:09:45,039 [INFO] matcher - Adding Security Group for allow labelset: LabelSet(labels={'app': 'app-a', 'role': 'frontend'})
2025-07-31 09:09:45,040 [INFO] security_group_module - SGMod: Adding rule to SG-app:app-arole:backend, remote SG-app:app-arole:frontend, port 80, type egress
2025-07-31 09:09:45,103 [INFO] matcher - PLS: Configuring new spol Policy(name=app-b-allow-backend-database, sel=LabelSet(labels={'app': 'app-b', 'role': 'backend'}), allow=[
(LabelSet(labels={'app': 'app-b', 'role': 'database'}), Traffic(direction=ingress, port=80, protocol=TCP)) 
])
2025-07-31 09:09:45,103 [INFO] matcher - Adding Security Group for select labelset: LabelSet(labels={'app': 'app-b', 'role': 'backend'})
2025-07-31 09:09:45,103 [INFO] matcher - Adding Security Group for allow labelset: LabelSet(labels={'app': 'app-b', 'role': 'database'})
2025-07-31 09:09:45,104 [INFO] security_group_module - SGMod: Adding rule to SG-app:app-brole:backend, remote SG-app:app-brole:database, port 80, type ingress
2025-07-31 09:09:45,279 [INFO] matcher - PLS: Configuring new spol Policy(name=app-a-allow-backend-database, sel=LabelSet(labels={'app': 'app-a', 'role': 'backend'}), allow=[
(LabelSet(labels={'app': 'app-a', 'role': 'database'}), Traffic(direction=ingress, port=80, protocol=TCP)) 
])
2025-07-31 09:09:45,279 [INFO] matcher - Adding Security Group for select labelset: LabelSet(labels={'app': 'app-a', 'role': 'backend'})
2025-07-31 09:09:45,279 [INFO] matcher - Adding Security Group for allow labelset: LabelSet(labels={'app': 'app-a', 'role': 'database'})
2025-07-31 09:09:45,279 [INFO] security_group_module - SGMod: Adding rule to SG-app:app-arole:backend, remote SG-app:app-arole:database, port 80, type ingress
2025-07-31 09:09:45,297 [INFO] kopf.objects - Handler 'handle_new_pod/spec.nodeName' succeeded.
2025-07-31 09:09:45,298 [INFO] kopf.objects - Creation is processed: 1 succeeded; 0 failed.
2025-07-31 09:09:45,315 [INFO] kopf.objects - Handler 'handle_new_pod/spec.nodeName' succeeded.
2025-07-31 09:09:45,315 [INFO] kopf.objects - Creation is processed: 1 succeeded; 0 failed.
2025-07-31 09:09:45,339 [INFO] kopf.objects - Handler 'handle_new_pod/spec.nodeName' succeeded.
2025-07-31 09:09:45,339 [INFO] kopf.objects - Creation is processed: 1 succeeded; 0 failed.
[125312381744832] Handling pod test-pod-6, locking app:app-crole:backend, app:app-crole:frontend,  ...
New pod test-pod-9! old_node = None, new_node = worker-1.
Handling the new pod object: Pod(name=test-pod-9, label_set=LabelSet(labels={'app': 'app-a', 'role': 'frontend'}), node=Node(name=worker-1)
[125312373352128] Handling pod test-pod-9, locking app:app-arole:frontend, app:app-arole:backend,  ...
New pod test-pod-12! old_node = None, new_node = worker-1.
Handling the new pod object: Pod(name=test-pod-12, label_set=LabelSet(labels={'app': 'app-b', 'role': 'frontend'}), node=Node(name=worker-1)
[125312364959424] Handling pod test-pod-12, locking app:app-brole:frontend, app:app-brole:backend,  ...
New pod test-pod-13! old_node = None, new_node = worker-1.
Handling the new pod object: Pod(name=test-pod-13, label_set=LabelSet(labels={'app': 'app-b', 'role': 'backend'}), node=Node(name=worker-1)
[125312356566720] Handling pod test-pod-13, locking app:app-brole:frontend, app:app-brole:backend, app:app-brole:database,  ...
New pod test-pod-14! old_node = None, new_node = worker-1.
Handling the new pod object: Pod(name=test-pod-14, label_set=LabelSet(labels={'app': 'app-b', 'role': 'database'}), node=Node(name=worker-1)
[125312348174016] Handling pod test-pod-14, locking app:app-brole:backend, app:app-brole:database,  ...
New pod test-pod-10! old_node = None, new_node = worker-1.
Handling the new pod object: Pod(name=test-pod-10, label_set=LabelSet(labels={'app': 'app-a', 'role': 'backend'}), node=Node(name=worker-1)
[125312339781312] Handling pod test-pod-10, locking app:app-arole:frontend, app:app-arole:backend, app:app-arole:database,  ...
New pod test-pod-15! old_node = None, new_node = worker-1.
Handling the new pod object: Pod(name=test-pod-15, label_set=LabelSet(labels={'app': 'app-c', 'role': 'frontend'}), node=Node(name=worker-1)
[125312331388608] Handling pod test-pod-15, locking app:app-crole:backend, app:app-crole:frontend,  ...
New pod test-pod-16! old_node = None, new_node = worker-1.
Handling the new pod object: Pod(name=test-pod-16, label_set=LabelSet(labels={'app': 'app-c', 'role': 'backend'}), node=Node(name=worker-1)
[125311844873920] Handling pod test-pod-16, locking app:app-crole:database, app:app-crole:backend, app:app-crole:frontend,  ...
New pod test-pod-11! old_node = None, new_node = worker-1.
Handling the new pod object: Pod(name=test-pod-11, label_set=LabelSet(labels={'app': 'app-a', 'role': 'database'}), node=Node(name=worker-1)
[125311836481216] Handling pod test-pod-11, locking app:app-arole:backend, app:app-arole:database,  ...
New pod test-pod-18! old_node = None, new_node = worker-1.
Handling the new pod object: Pod(name=test-pod-18, label_set=LabelSet(labels={'app': 'app-a', 'role': 'frontend'}), node=Node(name=worker-1)
[125311828088512] Handling pod test-pod-18, locking app:app-arole:frontend, app:app-arole:backend,  ...
New pod test-pod-17! old_node = None, new_node = worker-1.
Handling the new pod object: Pod(name=test-pod-17, label_set=LabelSet(labels={'app': 'app-c', 'role': 'database'}), node=Node(name=worker-1)
[125311819695808] Handling pod test-pod-17, locking app:app-crole:database, app:app-crole:backend,  ...
New pod test-pod-19! old_node = None, new_node = worker-1.
Handling the new pod object: Pod(name=test-pod-19, label_set=LabelSet(labels={'app': 'app-a', 'role': 'backend'}), node=Node(name=worker-1)
[125311811303104] Handling pod test-pod-19, locking app:app-arole:frontend, app:app-arole:backend, app:app-arole:database,  ...
[125312910223040] Pod test-pod-0 handled. Released locks for: app:app-arole:frontend, app:app-arole:backend, 
New pod test-pod-20! old_node = None, new_node = worker-1.
Handling the new pod object: Pod(name=test-pod-20, label_set=LabelSet(labels={'app': 'app-a', 'role': 'database'}), node=Node(name=worker-1)
[125312910223040] Handling pod test-pod-20, locking app:app-arole:backend, app:app-arole:database,  ...
New pod: test-pod-2, on node: worker-1
2025-07-31 09:09:45,351 [INFO] kopf.objects - Handler 'handle_new_pod/spec.nodeName' succeeded.
[125313004926656] Pod test-pod-4 handled. Released locks for: app:app-brole:frontend, app:app-brole:backend, app:app-brole:database, 
New pod: test-pod-3, on node: worker-1
New pod test-pod-24! old_node = None, new_node = worker-1.
Handling the new pod object: Pod(name=test-pod-24, label_set=LabelSet(labels={'app': 'app-c', 'role': 'frontend'}), node=Node(name=worker-1)
[125313004926656] Handling pod test-pod-24, locking app:app-crole:backend, app:app-crole:frontend,  ...
[125312885044928] Pod test-pod-7 handled. Released locks for: app:app-crole:database, app:app-crole:backend, app:app-crole:frontend, 
New pod test-pod-22! old_node = None, new_node = worker-1.
Handling the new pod object: Pod(name=test-pod-22, label_set=LabelSet(labels={'app': 'app-b', 'role': 'backend'}), node=Node(name=worker-1)
[125312885044928] Handling pod test-pod-22, locking app:app-brole:frontend, app:app-brole:backend, app:app-brole:database,  ...
New pod: test-pod-8, on node: worker-1
[125312868259520] Pod test-pod-8 handled. Released locks for: app:app-crole:database, app:app-crole:backend, 
New pod test-pod-23! old_node = None, new_node = worker-1.
Handling the new pod object: Pod(name=test-pod-23, label_set=LabelSet(labels={'app': 'app-b', 'role': 'database'}), node=Node(name=worker-1)
[125312868259520] Handling pod test-pod-23, locking app:app-brole:backend, app:app-brole:database,  ...
New pod: test-pod-6, on node: worker-1
[125312893437632] Pod test-pod-3 handled. Released locks for: app:app-brole:frontend, app:app-brole:backend, 
New pod test-pod-27! old_node = None, new_node = worker-1.
Handling the new pod object: Pod(name=test-pod-27, label_set=LabelSet(labels={'app': 'app-a', 'role': 'frontend'}), node=Node(name=worker-1)
[125312893437632] Handling pod test-pod-27, locking app:app-arole:frontend, app:app-arole:backend,  ...
New pod: test-pod-5, on node: worker-1
[125312918615744] Pod test-pod-2 handled. Released locks for: app:app-arole:backend, app:app-arole:database, 
New pod test-pod-21! old_node = None, new_node = worker-1.
Handling the new pod object: Pod(name=test-pod-21, label_set=LabelSet(labels={'app': 'app-b', 'role': 'frontend'}), node=Node(name=worker-1)
[125312918615744] Handling pod test-pod-21, locking app:app-brole:frontend, app:app-brole:backend,  ...
New pod: test-pod-1, on node: worker-1
[125312381744832] Pod test-pod-6 handled. Released locks for: app:app-crole:backend, app:app-crole:frontend, 
New pod test-pod-25! old_node = None, new_node = worker-1.
Handling the new pod object: Pod(name=test-pod-25, label_set=LabelSet(labels={'app': 'app-c', 'role': 'backend'}), node=Node(name=worker-1)
[125312381744832] Handling pod test-pod-25, locking app:app-crole:database, app:app-crole:backend, app:app-crole:frontend,  ...
New pod: test-pod-15, on node: worker-1
[125312331388608] Pod test-pod-15 handled. Released locks for: app:app-crole:backend, app:app-crole:frontend, 
New pod: test-pod-16, on node: worker-1
New pod test-pod-28! old_node = None, new_node = worker-1.
Handling the new pod object: Pod(name=test-pod-28, label_set=LabelSet(labels={'app': 'app-a', 'role': 'backend'}), node=Node(name=worker-1)
[125312331388608] Handling pod test-pod-28, locking app:app-arole:frontend, app:app-arole:backend, app:app-arole:database,  ...
[125311844873920] Pod test-pod-16 handled. Released locks for: app:app-crole:database, app:app-crole:backend, app:app-crole:frontend, 
New pod: test-pod-17, on node: worker-1
New pod test-pod-26! old_node = None, new_node = worker-1.
Handling the new pod object: Pod(name=test-pod-26, label_set=LabelSet(labels={'app': 'app-c', 'role': 'database'}), node=Node(name=worker-1)
[125311844873920] Handling pod test-pod-26, locking app:app-crole:database, app:app-crole:backend,  ...
[125311819695808] Pod test-pod-17 handled. Released locks for: app:app-crole:database, app:app-crole:backend, 
New pod: test-pod-24, on node: worker-1
New pod test-pod-32! old_node = None, new_node = worker-1.
Handling the new pod object: Pod(name=test-pod-32, label_set=LabelSet(labels={'app': 'app-b', 'role': 'database'}), node=Node(name=worker-1)
2025-07-31 09:09:45,352 [INFO] kopf.objects - Creation is processed: 1 succeeded; 0 failed.
2025-07-31 09:09:45,366 [INFO] kopf.objects - Handler 'handle_new_pod/spec.nodeName' succeeded.
2025-07-31 09:09:45,367 [INFO] kopf.objects - Creation is processed: 1 succeeded; 0 failed.
2025-07-31 09:09:45,374 [INFO] security_group_module - Cannot add rule to remotes: Security group rule already exists. Rule id is 1b729442-2cbe-46cc-9ca9-503f0e99bd43.
Neutron server returns request_ids: ['req-9929d8a1-e2a2-4932-814f-b1834f2994f6']
2025-07-31 09:09:45,389 [INFO] kopf.objects - Handler 'handle_new_pod/spec.nodeName' succeeded.
2025-07-31 09:09:45,392 [INFO] kopf.objects - Creation is processed: 1 succeeded; 0 failed.
2025-07-31 09:09:45,403 [INFO] kopf.objects - Handler 'handle_new_pod/spec.nodeName' succeeded.
2025-07-31 09:09:45,403 [INFO] kopf.objects - Creation is processed: 1 succeeded; 0 failed.
2025-07-31 09:09:45,424 [INFO] kopf.objects - Handler 'handle_new_pod/spec.nodeName' succeeded.
2025-07-31 09:09:45,424 [INFO] kopf.objects - Creation is processed: 1 succeeded; 0 failed.
2025-07-31 09:09:45,434 [INFO] kopf.objects - Handler 'handle_new_pod/spec.nodeName' succeeded.
2025-07-31 09:09:45,435 [INFO] kopf.objects - Creation is processed: 1 succeeded; 0 failed.
2025-07-31 09:09:45,650 [INFO] matcher - PLS: Configuring new spol Policy(name=app-a-allow-frontend-backend, sel=LabelSet(labels={'app': 'app-a', 'role': 'frontend'}), allow=[
(LabelSet(labels={'app': 'app-a', 'role': 'backend'}), Traffic(direction=egress, port=80, protocol=TCP)) 
])
2025-07-31 09:09:45,654 [INFO] matcher - Adding Security Group for select labelset: LabelSet(labels={'app': 'app-a', 'role': 'frontend'})
2025-07-31 09:09:45,654 [INFO] matcher - Adding Security Group for allow labelset: LabelSet(labels={'app': 'app-a', 'role': 'backend'})
2025-07-31 09:09:45,655 [INFO] security_group_module - SGMod: Adding rule to SG-app:app-arole:frontend, remote SG-app:app-arole:backend, port 80, type egress
2025-07-31 09:09:45,657 [INFO] security_group_module - Attaching security group SG-app:app-brole:database to instance worker-1
2025-07-31 09:09:45,747 [INFO] security_group_module - Cannot add rule to remotes: Security group rule already exists. Rule id is b1c24dff-4f08-4f2e-8648-94d282be6a8c.
Neutron server returns request_ids: ['req-6b8a01e8-820d-49bc-81ad-27cc249ae998']
2025-07-31 09:09:45,747 [INFO] matcher - PLS: Configuring new spol Policy(name=app-a-allow-backend-frontend, sel=LabelSet(labels={'app': 'app-a', 'role': 'backend'}), allow=[
(LabelSet(labels={'app': 'app-a', 'role': 'frontend'}), Traffic(direction=ingress, port=80, protocol=TCP)) 
])
2025-07-31 09:09:45,748 [INFO] matcher - Adding Security Group for select labelset: LabelSet(labels={'app': 'app-a', 'role': 'backend'})
2025-07-31 09:09:45,748 [INFO] matcher - Adding Security Group for allow labelset: LabelSet(labels={'app': 'app-a', 'role': 'frontend'})
2025-07-31 09:09:45,748 [INFO] security_group_module - SGMod: Adding rule to SG-app:app-arole:backend, remote SG-app:app-arole:frontend, port 80, type ingress
2025-07-31 09:09:45,875 [INFO] matcher - PLS: Configuring new spol Policy(name=app-a-allow-backend-database, sel=LabelSet(labels={'app': 'app-a', 'role': 'backend'}), allow=[
(LabelSet(labels={'app': 'app-a', 'role': 'database'}), Traffic(direction=egress, port=80, protocol=TCP)) 
])
2025-07-31 09:09:45,875 [INFO] matcher - Adding Security Group for select labelset: LabelSet(labels={'app': 'app-a', 'role': 'backend'})
2025-07-31 09:09:45,875 [INFO] matcher - Adding Security Group for allow labelset: LabelSet(labels={'app': 'app-a', 'role': 'database'})
2025-07-31 09:09:45,875 [INFO] security_group_module - SGMod: Adding rule to SG-app:app-arole:backend, remote SG-app:app-arole:database, port 80, type egress
2025-07-31 09:09:46,234 [INFO] kopf.objects - Handler 'handle_new_pod/spec.nodeName' succeeded.
2025-07-31 09:09:46,235 [INFO] kopf.objects - Creation is processed: 1 succeeded; 0 failed.
2025-07-31 09:09:46,261 [INFO] kopf.objects - Handler 'handle_new_pod/spec.nodeName' succeeded.
2025-07-31 09:09:46,266 [INFO] kopf.objects - Creation is processed: 1 succeeded; 0 failed.
2025-07-31 09:09:46,276 [INFO] kopf.objects - Handler 'handle_new_pod/spec.nodeName' succeeded.
2025-07-31 09:09:46,278 [INFO] kopf.objects - Creation is processed: 1 succeeded; 0 failed.
2025-07-31 09:09:46,290 [INFO] kopf.objects - Handler 'handle_new_pod/spec.nodeName' succeeded.
2025-07-31 09:09:46,291 [INFO] kopf.objects - Creation is processed: 1 succeeded; 0 failed.
2025-07-31 09:09:46,302 [INFO] kopf.objects - Handler 'handle_new_pod/spec.nodeName' succeeded.
2025-07-31 09:09:46,303 [INFO] kopf.objects - Creation is processed: 1 succeeded; 0 failed.
2025-07-31 09:09:46,313 [INFO] kopf.objects - Handler 'handle_new_pod/spec.nodeName' succeeded.
2025-07-31 09:09:46,314 [INFO] kopf.objects - Creation is processed: 1 succeeded; 0 failed.
2025-07-31 09:09:46,328 [INFO] kopf.objects - Handler 'handle_new_pod/spec.nodeName' succeeded.
2025-07-31 09:09:46,328 [INFO] kopf.objects - Creation is processed: 1 succeeded; 0 failed.
2025-07-31 09:09:46,338 [INFO] kopf.objects - Handler 'handle_new_pod/spec.nodeName' succeeded.
2025-07-31 09:09:46,339 [INFO] kopf.objects - Creation is processed: 1 succeeded; 0 failed.
2025-07-31 09:09:46,355 [INFO] kopf.objects - Handler 'handle_new_pod/spec.nodeName' succeeded.
2025-07-31 09:09:46,356 [INFO] kopf.objects - Creation is processed: 1 succeeded; 0 failed.
2025-07-31 09:09:46,364 [INFO] kopf.objects - Handler 'handle_new_pod/spec.nodeName' succeeded.
2025-07-31 09:09:46,365 [INFO] kopf.objects - Creation is processed: 1 succeeded; 0 failed.
2025-07-31 09:09:46,375 [INFO] kopf.objects - Handler 'handle_new_pod/spec.nodeName' succeeded.
2025-07-31 09:09:46,376 [INFO] kopf.objects - Creation is processed: 1 succeeded; 0 failed.
2025-07-31 09:09:46,381 [INFO] kopf.objects - Handler 'handle_new_pod/spec.nodeName' succeeded.
2025-07-31 09:09:46,384 [INFO] kopf.objects - Creation is processed: 1 succeeded; 0 failed.
[125311819695808] Handling pod test-pod-32, locking app:app-brole:backend, app:app-brole:database,  ...
[125313004926656] Pod test-pod-24 handled. Released locks for: app:app-crole:backend, app:app-crole:frontend, 
New pod test-pod-29! old_node = None, new_node = worker-1.
Handling the new pod object: Pod(name=test-pod-29, label_set=LabelSet(labels={'app': 'app-a', 'role': 'database'}), node=Node(name=worker-1)
[125313004926656] Handling pod test-pod-29, locking app:app-arole:backend, app:app-arole:database,  ...
New pod: test-pod-25, on node: worker-1
[125312381744832] Pod test-pod-25 handled. Released locks for: app:app-crole:database, app:app-crole:backend, app:app-crole:frontend, 
New pod test-pod-33! old_node = None, new_node = worker-1.
Handling the new pod object: Pod(name=test-pod-33, label_set=LabelSet(labels={'app': 'app-c', 'role': 'frontend'}), node=Node(name=worker-1)
[125312381744832] Handling pod test-pod-33, locking app:app-crole:backend, app:app-crole:frontend,  ...
New pod: test-pod-33, on node: worker-1
[125312381744832] Pod test-pod-33 handled. Released locks for: app:app-crole:backend, app:app-crole:frontend, 
New pod: test-pod-26, on node: worker-1
New pod test-pod-35! old_node = None, new_node = worker-1.
Handling the new pod object: Pod(name=test-pod-35, label_set=LabelSet(labels={'app': 'app-c', 'role': 'database'}), node=Node(name=worker-1)
[125312381744832] Handling pod test-pod-35, locking app:app-crole:database, app:app-crole:backend,  ...
[125311844873920] Pod test-pod-26 handled. Released locks for: app:app-crole:database, app:app-crole:backend, 
New pod test-pod-30! old_node = None, new_node = worker-1.
Handling the new pod object: Pod(name=test-pod-30, label_set=LabelSet(labels={'app': 'app-b', 'role': 'frontend'}), node=Node(name=worker-1)
[125311844873920] Handling pod test-pod-30, locking app:app-brole:frontend, app:app-brole:backend,  ...
New pod: test-pod-35, on node: worker-1
[125312381744832] Pod test-pod-35 handled. Released locks for: app:app-crole:database, app:app-crole:backend, 
New pod test-pod-31! old_node = None, new_node = worker-1.
Handling the new pod object: Pod(name=test-pod-31, label_set=LabelSet(labels={'app': 'app-b', 'role': 'backend'}), node=Node(name=worker-1)
[125312381744832] Handling pod test-pod-31, locking app:app-brole:frontend, app:app-brole:backend, app:app-brole:database,  ...
[125312876652224] Pod test-pod-5 handled. Released locks for: app:app-brole:backend, app:app-brole:database, 
New pod test-pod-34! old_node = None, new_node = worker-1.
Handling the new pod object: Pod(name=test-pod-34, label_set=LabelSet(labels={'app': 'app-c', 'role': 'backend'}), node=Node(name=worker-1)
[125312876652224] Handling pod test-pod-34, locking app:app-crole:database, app:app-crole:backend, app:app-crole:frontend,  ...
New pod: test-pod-34, on node: worker-1
New pod: test-pod-12, on node: worker-1
[125312876652224] Pod test-pod-34 handled. Released locks for: app:app-crole:database, app:app-crole:backend, app:app-crole:frontend, 
New pod test-pod-36! old_node = None, new_node = worker-1.
Handling the new pod object: Pod(name=test-pod-36, label_set=LabelSet(labels={'app': 'app-a', 'role': 'frontend'}), node=Node(name=worker-1)
[125312876652224] Handling pod test-pod-36, locking app:app-arole:frontend, app:app-arole:backend,  ...
[125312364959424] Pod test-pod-12 handled. Released locks for: app:app-brole:frontend, app:app-brole:backend, 
New pod test-pod-37! old_node = None, new_node = worker-1.
Handling the new pod object: Pod(name=test-pod-37, label_set=LabelSet(labels={'app': 'app-a', 'role': 'backend'}), node=Node(name=worker-1)
[125312364959424] Handling pod test-pod-37, locking app:app-arole:frontend, app:app-arole:backend, app:app-arole:database,  ...
New pod: test-pod-13, on node: worker-1
[125312356566720] Pod test-pod-13 handled. Released locks for: app:app-brole:frontend, app:app-brole:backend, app:app-brole:database, 
New pod test-pod-38! old_node = None, new_node = worker-1.
Handling the new pod object: Pod(name=test-pod-38, label_set=LabelSet(labels={'app': 'app-a', 'role': 'database'}), node=Node(name=worker-1)
[125312356566720] Handling pod test-pod-38, locking app:app-arole:backend, app:app-arole:database,  ...
New pod: test-pod-14, on node: worker-1
[125312348174016] Pod test-pod-14 handled. Released locks for: app:app-brole:backend, app:app-brole:database, 
New pod test-pod-39! old_node = None, new_node = worker-1.
Handling the new pod object: Pod(name=test-pod-39, label_set=LabelSet(labels={'app': 'app-b', 'role': 'frontend'}), node=Node(name=worker-1)
[125312348174016] Handling pod test-pod-39, locking app:app-brole:frontend, app:app-brole:backend,  ...
New pod: test-pod-22, on node: worker-1
[125312885044928] Pod test-pod-22 handled. Released locks for: app:app-brole:frontend, app:app-brole:backend, app:app-brole:database, 
New pod test-pod-40! old_node = None, new_node = worker-1.
Handling the new pod object: Pod(name=test-pod-40, label_set=LabelSet(labels={'app': 'app-b', 'role': 'backend'}), node=Node(name=worker-1)
[125312885044928] Handling pod test-pod-40, locking app:app-brole:frontend, app:app-brole:backend, app:app-brole:database,  ...
New pod: test-pod-40, on node: worker-1
[125312885044928] Pod test-pod-40 handled. Released locks for: app:app-brole:frontend, app:app-brole:backend, app:app-brole:database, 
New pod test-pod-41! old_node = None, new_node = worker-1.
Handling the new pod object: Pod(name=test-pod-41, label_set=LabelSet(labels={'app': 'app-b', 'role': 'database'}), node=Node(name=worker-1)
[125312885044928] Handling pod test-pod-41, locking app:app-brole:backend, app:app-brole:database,  ...
New pod: test-pod-21, on node: worker-1
[125312918615744] Pod test-pod-21 handled. Released locks for: app:app-brole:frontend, app:app-brole:backend, 
New pod test-pod-42! old_node = None, new_node = worker-1.
Handling the new pod object: Pod(name=test-pod-42, label_set=LabelSet(labels={'app': 'app-c', 'role': 'frontend'}), node=Node(name=worker-1)
[125312918615744] Handling pod test-pod-42, locking app:app-crole:backend, app:app-crole:frontend,  ...
New pod: test-pod-42, on node: worker-1
New pod: test-pod-32, on node: worker-1
[125312918615744] Pod test-pod-42 handled. Released locks for: app:app-crole:backend, app:app-crole:frontend, 
New pod test-pod-43! old_node = None, new_node = worker-1.
Handling the new pod object: Pod(name=test-pod-43, label_set=LabelSet(labels={'app': 'app-c', 'role': 'backend'}), node=Node(name=worker-1)
[125312918615744] Handling pod test-pod-43, locking app:app-crole:database, app:app-crole:backend, app:app-crole:frontend,  ...
New pod: test-pod-43, on node: worker-1
[125311819695808] Pod test-pod-32 handled. Released locks for: app:app-brole:backend, app:app-brole:database, 
New pod: test-pod-30, on node: worker-1
New pod test-pod-44! old_node = None, new_node = worker-1.
Handling the new pod object: Pod(name=test-pod-44, label_set=LabelSet(labels={'app': 'app-c', 'role': 'database'}), node=Node(name=worker-1)
[125311819695808] Handling pod test-pod-44, locking app:app-crole:database, app:app-crole:backend,  ...
[125312918615744] Pod test-pod-43 handled. Released locks for: app:app-crole:database, app:app-crole:backend, app:app-crole:frontend, 
New pod test-pod-45! old_node = None, new_node = worker-1.
Handling the new pod object: Pod(name=test-pod-45, label_set=LabelSet(labels={'app': 'app-a', 'role': 'frontend'}), node=Node(name=worker-1)
[125312918615744] Handling pod test-pod-45, locking app:app-arole:frontend, app:app-arole:backend,  ...
New pod: test-pod-44, on node: worker-1
[125311844873920] Pod test-pod-30 handled. Released locks for: app:app-brole:frontend, app:app-brole:backend, 
New pod: test-pod-31, on node: worker-1
New pod test-pod-46! old_node = None, new_node = worker-1.
Handling the new pod object: Pod(name=test-pod-46, label_set=LabelSet(labels={'app': 'app-a', 'role': 'backend'}), node=Node(name=worker-1)
[125311844873920] Handling pod test-pod-46, locking app:app-arole:frontend, app:app-arole:backend, app:app-arole:database,  ...
2025-07-31 09:09:46,396 [INFO] kopf.objects - Handler 'handle_new_pod/spec.nodeName' succeeded.
2025-07-31 09:09:46,397 [INFO] kopf.objects - Creation is processed: 1 succeeded; 0 failed.
2025-07-31 09:09:46,408 [INFO] kopf.objects - Handler 'handle_new_pod/spec.nodeName' succeeded.
2025-07-31 09:09:46,409 [INFO] kopf.objects - Creation is processed: 1 succeeded; 0 failed.
2025-07-31 09:09:46,428 [INFO] kopf.objects - Handler 'handle_new_pod/spec.nodeName' succeeded.
2025-07-31 09:09:46,430 [INFO] kopf.objects - Creation is processed: 1 succeeded; 0 failed.
2025-07-31 09:09:46,446 [INFO] kopf.objects - Handler 'handle_new_pod/spec.nodeName' succeeded.
2025-07-31 09:09:46,448 [INFO] kopf.objects - Creation is processed: 1 succeeded; 0 failed.
2025-07-31 09:09:46,467 [INFO] kopf.objects - Handler 'handle_new_pod/spec.nodeName' succeeded.
2025-07-31 09:09:46,467 [INFO] kopf.objects - Creation is processed: 1 succeeded; 0 failed.
2025-07-31 09:09:46,482 [INFO] kopf.objects - Handler 'handle_new_pod/spec.nodeName' succeeded.
2025-07-31 09:09:46,482 [INFO] kopf.objects - Creation is processed: 1 succeeded; 0 failed.
2025-07-31 09:09:46,490 [INFO] security_group_module - Attaching security group SG-app:app-arole:backend to instance worker-1
2025-07-31 09:09:46,503 [INFO] kopf.objects - Handler 'handle_new_pod/spec.nodeName' succeeded.
2025-07-31 09:09:46,503 [INFO] kopf.objects - Creation is processed: 1 succeeded; 0 failed.
2025-07-31 09:09:46,514 [INFO] kopf.objects - Handler 'handle_new_pod/spec.nodeName' succeeded.
2025-07-31 09:09:46,514 [INFO] kopf.objects - Creation is processed: 1 succeeded; 0 failed.
2025-07-31 09:09:46,528 [INFO] kopf.objects - Handler 'handle_new_pod/spec.nodeName' succeeded.
2025-07-31 09:09:46,530 [INFO] kopf.objects - Creation is processed: 1 succeeded; 0 failed.
2025-07-31 09:09:46,556 [INFO] kopf.objects - Handler 'handle_new_pod/spec.nodeName' succeeded.
2025-07-31 09:09:46,556 [INFO] kopf.objects - Creation is processed: 1 succeeded; 0 failed.
2025-07-31 09:09:46,567 [INFO] kopf.objects - Handler 'handle_new_pod/spec.nodeName' succeeded.
2025-07-31 09:09:46,569 [INFO] kopf.objects - Creation is processed: 1 succeeded; 0 failed.
2025-07-31 09:09:46,584 [INFO] kopf.objects - Handler 'handle_new_pod/spec.nodeName' succeeded.
2025-07-31 09:09:46,585 [INFO] kopf.objects - Creation is processed: 1 succeeded; 0 failed.
2025-07-31 09:09:46,594 [INFO] kopf.objects - Handler 'handle_new_pod/spec.nodeName' succeeded.
2025-07-31 09:09:46,596 [INFO] kopf.objects - Creation is processed: 1 succeeded; 0 failed.
2025-07-31 09:09:46,607 [INFO] kopf.objects - Handler 'handle_new_pod/spec.nodeName' succeeded.
2025-07-31 09:09:46,607 [INFO] kopf.objects - Creation is processed: 1 succeeded; 0 failed.
2025-07-31 09:09:46,622 [INFO] kopf.objects - Handler 'handle_new_pod/spec.nodeName' succeeded.
2025-07-31 09:09:46,623 [INFO] kopf.objects - Creation is processed: 1 succeeded; 0 failed.
2025-07-31 09:09:46,641 [INFO] kopf.objects - Handler 'handle_new_pod/spec.nodeName' succeeded.
2025-07-31 09:09:46,641 [INFO] kopf.objects - Creation is processed: 1 succeeded; 0 failed.
2025-07-31 09:09:46,657 [INFO] kopf.objects - Handler 'handle_new_pod/spec.nodeName' succeeded.
2025-07-31 09:09:46,657 [INFO] kopf.objects - Creation is processed: 1 succeeded; 0 failed.
[125311819695808] Pod test-pod-44 handled. Released locks for: app:app-crole:database, app:app-crole:backend, 
New pod test-pod-47! old_node = None, new_node = worker-1.
Handling the new pod object: Pod(name=test-pod-47, label_set=LabelSet(labels={'app': 'app-a', 'role': 'database'}), node=Node(name=worker-1)
[125311819695808] Handling pod test-pod-47, locking app:app-arole:backend, app:app-arole:database,  ...
[125312381744832] Pod test-pod-31 handled. Released locks for: app:app-brole:frontend, app:app-brole:backend, app:app-brole:database, 
New pod test-pod-48! old_node = None, new_node = worker-1.
Handling the new pod object: Pod(name=test-pod-48, label_set=LabelSet(labels={'app': 'app-b', 'role': 'frontend'}), node=Node(name=worker-1)
[125312381744832] Handling pod test-pod-48, locking app:app-brole:frontend, app:app-brole:backend,  ...
New pod: test-pod-48, on node: worker-1
[125312381744832] Pod test-pod-48 handled. Released locks for: app:app-brole:frontend, app:app-brole:backend, 
New pod: test-pod-23, on node: worker-1
New pod test-pod-49! old_node = None, new_node = worker-1.
Handling the new pod object: Pod(name=test-pod-49, label_set=LabelSet(labels={'app': 'app-b', 'role': 'backend'}), node=Node(name=worker-1)
[125312381744832] Handling pod test-pod-49, locking app:app-brole:frontend, app:app-brole:backend, app:app-brole:database,  ...
[125312868259520] Pod test-pod-23 handled. Released locks for: app:app-brole:backend, app:app-brole:database, 
New pod test-pod-50! old_node = None, new_node = worker-1.
Handling the new pod object: Pod(name=test-pod-50, label_set=LabelSet(labels={'app': 'app-b', 'role': 'database'}), node=Node(name=worker-1)
[125312868259520] Handling pod test-pod-50, locking app:app-brole:backend, app:app-brole:database,  ...
New pod: test-pod-50, on node: worker-1
[125312868259520] Pod test-pod-50 handled. Released locks for: app:app-brole:backend, app:app-brole:database, 
New pod test-pod-51! old_node = None, new_node = worker-1.
Handling the new pod object: Pod(name=test-pod-51, label_set=LabelSet(labels={'app': 'app-c', 'role': 'frontend'}), node=Node(name=worker-1)
[125312868259520] Handling pod test-pod-51, locking app:app-crole:backend, app:app-crole:frontend,  ...
New pod: test-pod-51, on node: worker-1
New pod: test-pod-39, on node: worker-1
[125312868259520] Pod test-pod-51 handled. Released locks for: app:app-crole:backend, app:app-crole:frontend, 
New pod test-pod-52! old_node = None, new_node = worker-1.
Handling the new pod object: Pod(name=test-pod-52, label_set=LabelSet(labels={'app': 'app-c', 'role': 'backend'}), node=Node(name=worker-1)
[125312868259520] Handling pod test-pod-52, locking app:app-crole:database, app:app-crole:backend, app:app-crole:frontend,  ...
New pod: test-pod-52, on node: worker-1
[125312348174016] Pod test-pod-39 handled. Released locks for: app:app-brole:frontend, app:app-brole:backend, 
New pod test-pod-53! old_node = None, new_node = worker-1.
Handling the new pod object: Pod(name=test-pod-53, label_set=LabelSet(labels={'app': 'app-c', 'role': 'database'}), node=Node(name=worker-1)
[125312348174016] Handling pod test-pod-53, locking app:app-crole:database, app:app-crole:backend,  ...
New pod: test-pod-49, on node: worker-1
[125312868259520] Pod test-pod-52 handled. Released locks for: app:app-crole:database, app:app-crole:backend, app:app-crole:frontend, 
New pod: test-pod-53, on node: worker-1
New pod test-pod-55! old_node = None, new_node = worker-1.
Handling the new pod object: Pod(name=test-pod-55, label_set=LabelSet(labels={'app': 'app-a', 'role': 'backend'}), node=Node(name=worker-1)
[125312868259520] Handling pod test-pod-55, locking app:app-arole:frontend, app:app-arole:backend, app:app-arole:database,  ...
[125312381744832] Pod test-pod-49 handled. Released locks for: app:app-brole:frontend, app:app-brole:backend, app:app-brole:database, 
New pod test-pod-54! old_node = None, new_node = worker-1.
Handling the new pod object: Pod(name=test-pod-54, label_set=LabelSet(labels={'app': 'app-a', 'role': 'frontend'}), node=Node(name=worker-1)
[125312381744832] Handling pod test-pod-54, locking app:app-arole:frontend, app:app-arole:backend,  ...
New pod: test-pod-41, on node: worker-1
[125312348174016] Pod test-pod-53 handled. Released locks for: app:app-crole:database, app:app-crole:backend, 
New pod test-pod-56! old_node = None, new_node = worker-1.
Handling the new pod object: Pod(name=test-pod-56, label_set=LabelSet(labels={'app': 'app-a', 'role': 'database'}), node=Node(name=worker-1)
[125312348174016] Handling pod test-pod-56, locking app:app-arole:backend, app:app-arole:database,  ...
[125312885044928] Pod test-pod-41 handled. Released locks for: app:app-brole:backend, app:app-brole:database, 
New pod test-pod-57! old_node = None, new_node = worker-1.
Handling the new pod object: Pod(name=test-pod-57, label_set=LabelSet(labels={'app': 'app-b', 'role': 'frontend'}), node=Node(name=worker-1)
[125312885044928] Handling pod test-pod-57, locking app:app-brole:frontend, app:app-brole:backend,  ...
New pod: test-pod-57, on node: worker-1
[125312885044928] Pod test-pod-57 handled. Released locks for: app:app-brole:frontend, app:app-brole:backend, 
New pod test-pod-58! old_node = None, new_node = worker-1.
Handling the new pod object: Pod(name=test-pod-58, label_set=LabelSet(labels={'app': 'app-b', 'role': 'backend'}), node=Node(name=worker-1)
[125312885044928] Handling pod test-pod-58, locking app:app-brole:frontend, app:app-brole:backend, app:app-brole:database,  ...
New pod: test-pod-58, on node: worker-1
[125312885044928] Pod test-pod-58 handled. Released locks for: app:app-brole:frontend, app:app-brole:backend, app:app-brole:database, 
New pod test-pod-59! old_node = None, new_node = worker-1.
Handling the new pod object: Pod(name=test-pod-59, label_set=LabelSet(labels={'app': 'app-b', 'role': 'database'}), node=Node(name=worker-1)
[125312885044928] Handling pod test-pod-59, locking app:app-brole:backend, app:app-brole:database,  ...
New pod: test-pod-59, on node: worker-1
[125312885044928] Pod test-pod-59 handled. Released locks for: app:app-brole:backend, app:app-brole:database, 
New pod test-pod-60! old_node = None, new_node = worker-1.
Handling the new pod object: Pod(name=test-pod-60, label_set=LabelSet(labels={'app': 'app-c', 'role': 'frontend'}), node=Node(name=worker-1)
[125312885044928] Handling pod test-pod-60, locking app:app-crole:backend, app:app-crole:frontend,  ...
New pod: test-pod-60, on node: worker-1
[125312885044928] Pod test-pod-60 handled. Released locks for: app:app-crole:backend, app:app-crole:frontend, 
New pod test-pod-62! old_node = None, new_node = worker-1.
Handling the new pod object: Pod(name=test-pod-62, label_set=LabelSet(labels={'app': 'app-c', 'role': 'database'}), node=Node(name=worker-1)
[125312885044928] Handling pod test-pod-62, locking app:app-crole:database, app:app-crole:backend,  ...
New pod: test-pod-62, on node: worker-1
[125312885044928] Pod test-pod-62 handled. Released locks for: app:app-crole:database, app:app-crole:backend, 
New pod test-pod-61! old_node = None, new_node = worker-1.
Handling the new pod object: Pod(name=test-pod-61, label_set=LabelSet(labels={'app': 'app-c', 'role': 'backend'}), node=Node(name=worker-1)
[125312885044928] Handling pod test-pod-61, locking app:app-crole:database, app:app-crole:backend, app:app-crole:frontend,  ...
New pod: test-pod-61, on node: worker-1
[125312885044928] Pod test-pod-61 handled. Released locks for: app:app-crole:database, app:app-crole:backend, app:app-crole:frontend, 
New pod test-pod-63! old_node = None, new_node = worker-1.
Handling the new pod object: Pod(name=test-pod-63, label_set=LabelSet(labels={'app': 'app-a', 'role': 'frontend'}), node=Node(name=worker-1)
[125312885044928] Handling pod test-pod-63, locking app:app-arole:frontend, app:app-arole:backend,  ...
[125312901830336] Pod test-pod-1 handled. Released locks for: app:app-arole:frontend, app:app-arole:backend, app:app-arole:database, 
New pod test-pod-64! old_node = None, new_node = worker-1.
2025-07-31 09:09:47,048 [INFO] kopf.objects - Handler 'handle_new_pod/spec.nodeName' succeeded.
2025-07-31 09:09:47,049 [INFO] kopf.objects - Creation is processed: 1 succeeded; 0 failed.
2025-07-31 09:09:47,076 [INFO] kopf.objects - Handler 'handle_new_pod/spec.nodeName' succeeded.
2025-07-31 09:09:47,076 [INFO] kopf.objects - Creation is processed: 1 succeeded; 0 failed.
2025-07-31 09:09:47,086 [INFO] kopf.objects - Handler 'handle_new_pod/spec.nodeName' succeeded.
2025-07-31 09:09:47,087 [INFO] kopf.objects - Creation is processed: 1 succeeded; 0 failed.
2025-07-31 09:09:47,103 [INFO] kopf.objects - Handler 'handle_new_pod/spec.nodeName' succeeded.
2025-07-31 09:09:47,103 [INFO] kopf.objects - Creation is processed: 1 succeeded; 0 failed.
2025-07-31 09:09:47,112 [INFO] kopf.objects - Handler 'handle_new_pod/spec.nodeName' succeeded.
2025-07-31 09:09:47,112 [INFO] kopf.objects - Creation is processed: 1 succeeded; 0 failed.
2025-07-31 09:09:47,128 [INFO] kopf.objects - Handler 'handle_new_pod/spec.nodeName' succeeded.
2025-07-31 09:09:47,128 [INFO] kopf.objects - Creation is processed: 1 succeeded; 0 failed.
2025-07-31 09:09:47,142 [INFO] kopf.objects - Handler 'handle_new_pod/spec.nodeName' succeeded.
2025-07-31 09:09:47,142 [INFO] kopf.objects - Creation is processed: 1 succeeded; 0 failed.
2025-07-31 09:09:47,154 [INFO] kopf.objects - Handler 'handle_new_pod/spec.nodeName' succeeded.
2025-07-31 09:09:47,155 [INFO] kopf.objects - Creation is processed: 1 succeeded; 0 failed.
2025-07-31 09:09:47,156 [INFO] kopf.objects - Handler 'handle_new_pod/spec.nodeName' succeeded.
2025-07-31 09:09:47,156 [INFO] kopf.objects - Creation is processed: 1 succeeded; 0 failed.
2025-07-31 09:09:47,168 [INFO] kopf.objects - Handler 'handle_new_pod/spec.nodeName' succeeded.
2025-07-31 09:09:47,170 [INFO] kopf.objects - Creation is processed: 1 succeeded; 0 failed.
2025-07-31 09:09:47,177 [INFO] kopf.objects - Handler 'handle_new_pod/spec.nodeName' succeeded.
2025-07-31 09:09:47,177 [INFO] kopf.objects - Creation is processed: 1 succeeded; 0 failed.
2025-07-31 09:09:47,198 [INFO] kopf.objects - Handler 'handle_new_pod/spec.nodeName' succeeded.
2025-07-31 09:09:47,200 [INFO] kopf.objects - Creation is processed: 1 succeeded; 0 failed.
2025-07-31 09:09:47,209 [INFO] kopf.objects - Handler 'handle_new_pod/spec.nodeName' succeeded.
2025-07-31 09:09:47,210 [INFO] kopf.objects - Creation is processed: 1 succeeded; 0 failed.
2025-07-31 09:09:47,215 [INFO] kopf.objects - Handler 'handle_new_pod/spec.nodeName' succeeded.
2025-07-31 09:09:47,215 [INFO] kopf.objects - Creation is processed: 1 succeeded; 0 failed.
2025-07-31 09:09:47,227 [INFO] kopf.objects - Handler 'handle_new_pod/spec.nodeName' succeeded.
2025-07-31 09:09:47,227 [INFO] kopf.objects - Creation is processed: 1 succeeded; 0 failed.
2025-07-31 09:09:47,240 [INFO] kopf.objects - Handler 'handle_new_pod/spec.nodeName' succeeded.
2025-07-31 09:09:47,240 [INFO] kopf.objects - Creation is processed: 1 succeeded; 0 failed.
2025-07-31 09:09:47,244 [INFO] kopf.objects - Handler 'handle_new_pod/spec.nodeName' succeeded.
2025-07-31 09:09:47,245 [INFO] kopf.objects - Creation is processed: 1 succeeded; 0 failed.
Handling the new pod object: Pod(name=test-pod-64, label_set=LabelSet(labels={'app': 'app-a', 'role': 'backend'}), node=Node(name=worker-1)
[125312901830336] Handling pod test-pod-64, locking app:app-arole:frontend, app:app-arole:backend, app:app-arole:database,  ...
[125312373352128] Pod test-pod-9 handled. Released locks for: app:app-arole:frontend, app:app-arole:backend, 
New pod test-pod-65! old_node = None, new_node = worker-1.
Handling the new pod object: Pod(name=test-pod-65, label_set=LabelSet(labels={'app': 'app-a', 'role': 'database'}), node=Node(name=worker-1)
[125312373352128] Handling pod test-pod-65, locking app:app-arole:backend, app:app-arole:database,  ...
New pod: test-pod-65, on node: worker-1
[125312373352128] Pod test-pod-65 handled. Released locks for: app:app-arole:backend, app:app-arole:database, 
New pod test-pod-66! old_node = None, new_node = worker-1.
Handling the new pod object: Pod(name=test-pod-66, label_set=LabelSet(labels={'app': 'app-b', 'role': 'frontend'}), node=Node(name=worker-1)
[125312373352128] Handling pod test-pod-66, locking app:app-brole:frontend, app:app-brole:backend,  ...
New pod: test-pod-66, on node: worker-1
New pod: test-pod-11, on node: worker-1
[125312373352128] Pod test-pod-66 handled. Released locks for: app:app-brole:frontend, app:app-brole:backend, 
New pod test-pod-68! old_node = None, new_node = worker-1.
Handling the new pod object: Pod(name=test-pod-68, label_set=LabelSet(labels={'app': 'app-b', 'role': 'database'}), node=Node(name=worker-1)
[125312373352128] Handling pod test-pod-68, locking app:app-brole:backend, app:app-brole:database,  ...
New pod: test-pod-68, on node: worker-1
[125311836481216] Pod test-pod-11 handled. Released locks for: app:app-arole:backend, app:app-arole:database, 
New pod test-pod-67! old_node = None, new_node = worker-1.
Handling the new pod object: Pod(name=test-pod-67, label_set=LabelSet(labels={'app': 'app-b', 'role': 'backend'}), node=Node(name=worker-1)
[125311836481216] Handling pod test-pod-67, locking app:app-brole:frontend, app:app-brole:backend, app:app-brole:database,  ...
New pod: test-pod-18, on node: worker-1
[125312373352128] Pod test-pod-68 handled. Released locks for: app:app-brole:backend, app:app-brole:database, 
New pod test-pod-69! old_node = None, new_node = worker-1.
Handling the new pod object: Pod(name=test-pod-69, label_set=LabelSet(labels={'app': 'app-c', 'role': 'frontend'}), node=Node(name=worker-1)
[125312373352128] Handling pod test-pod-69, locking app:app-crole:backend, app:app-crole:frontend,  ...
New pod: test-pod-69, on node: worker-1
New pod: test-pod-67, on node: worker-1
[125311836481216] Pod test-pod-67 handled. Released locks for: app:app-brole:frontend, app:app-brole:backend, app:app-brole:database, 
New pod test-pod-70! old_node = None, new_node = worker-1.
Handling the new pod object: Pod(name=test-pod-70, label_set=LabelSet(labels={'app': 'app-c', 'role': 'backend'}), node=Node(name=worker-1)
[125311836481216] Handling pod test-pod-70, locking app:app-crole:database, app:app-crole:backend, app:app-crole:frontend,  ...
[125311828088512] Pod test-pod-18 handled. Released locks for: app:app-arole:frontend, app:app-arole:backend, 
[125312373352128] Pod test-pod-69 handled. Released locks for: app:app-crole:backend, app:app-crole:frontend, 
New pod test-pod-71! old_node = None, new_node = worker-1.
Handling the new pod object: Pod(name=test-pod-71, label_set=LabelSet(labels={'app': 'app-c', 'role': 'database'}), node=Node(name=worker-1)
[125312373352128] Handling pod test-pod-71, locking app:app-crole:database, app:app-crole:backend,  ...
New pod test-pod-72! old_node = None, new_node = worker-1.
Handling the new pod object: Pod(name=test-pod-72, label_set=LabelSet(labels={'app': 'app-a', 'role': 'frontend'}), node=Node(name=worker-1)
[125311828088512] Handling pod test-pod-72, locking app:app-arole:frontend, app:app-arole:backend,  ...
New pod: test-pod-19, on node: worker-1
New pod: test-pod-70, on node: worker-1
[125311811303104] Pod test-pod-19 handled. Released locks for: app:app-arole:frontend, app:app-arole:backend, app:app-arole:database, 
New pod test-pod-74! old_node = None, new_node = worker-1.
Handling the new pod object: Pod(name=test-pod-74, label_set=LabelSet(labels={'app': 'app-a', 'role': 'database'}), node=Node(name=worker-1)
[125311811303104] Handling pod test-pod-74, locking app:app-arole:backend, app:app-arole:database,  ...
New pod: test-pod-74, on node: worker-1
[125311836481216] Pod test-pod-70 handled. Released locks for: app:app-crole:database, app:app-crole:backend, app:app-crole:frontend, 
New pod test-pod-73! old_node = None, new_node = worker-1.
Handling the new pod object: Pod(name=test-pod-73, label_set=LabelSet(labels={'app': 'app-a', 'role': 'backend'}), node=Node(name=worker-1)
[125311836481216] Handling pod test-pod-73, locking app:app-arole:frontend, app:app-arole:backend, app:app-arole:database,  ...
New pod: test-pod-71, on node: worker-1
[125312373352128] Pod test-pod-71 handled. Released locks for: app:app-crole:database, app:app-crole:backend, 
New pod test-pod-75! old_node = None, new_node = worker-1.
Handling the new pod object: Pod(name=test-pod-75, label_set=LabelSet(labels={'app': 'app-b', 'role': 'frontend'}), node=Node(name=worker-1)
[125312373352128] Handling pod test-pod-75, locking app:app-brole:frontend, app:app-brole:backend,  ...
New pod: test-pod-75, on node: worker-1
[125312373352128] Pod test-pod-75 handled. Released locks for: app:app-brole:frontend, app:app-brole:backend, 
New pod test-pod-76! old_node = None, new_node = worker-1.
Handling the new pod object: Pod(name=test-pod-76, label_set=LabelSet(labels={'app': 'app-b', 'role': 'backend'}), node=Node(name=worker-1)
[125312373352128] Handling pod test-pod-76, locking app:app-brole:frontend, app:app-brole:backend, app:app-brole:database,  ...
New pod: test-pod-76, on node: worker-1
[125311811303104] Pod test-pod-74 handled. Released locks for: app:app-arole:backend, app:app-arole:database, 
New pod: test-pod-27, on node: worker-1
New pod test-pod-77! old_node = None, new_node = worker-1.
Handling the new pod object: Pod(name=test-pod-77, label_set=LabelSet(labels={'app': 'app-b', 'role': 'database'}), node=Node(name=worker-1)
[125311811303104] Handling pod test-pod-77, locking app:app-brole:backend, app:app-brole:database,  ...
[125312373352128] Pod test-pod-76 handled. Released locks for: app:app-brole:frontend, app:app-brole:backend, app:app-brole:database, 
New pod test-pod-78! old_node = None, new_node = worker-1.
Handling the new pod object: Pod(name=test-pod-78, label_set=LabelSet(labels={'app': 'app-c', 'role': 'frontend'}), node=Node(name=worker-1)
[125312373352128] Handling pod test-pod-78, locking app:app-crole:backend, app:app-crole:frontend,  ...
New pod: test-pod-78, on node: worker-1
New pod: test-pod-77, on node: worker-1
[125312373352128] Pod test-pod-78 handled. Released locks for: app:app-crole:backend, app:app-crole:frontend, 
New pod test-pod-79! old_node = None, new_node = worker-1.
Handling the new pod object: Pod(name=test-pod-79, label_set=LabelSet(labels={'app': 'app-c', 'role': 'backend'}), node=Node(name=worker-1)
[125312373352128] Handling pod test-pod-79, locking app:app-crole:database, app:app-crole:backend, app:app-crole:frontend,  ...
New pod: test-pod-79, on node: worker-1
[125312893437632] Pod test-pod-27 handled. Released locks for: app:app-arole:frontend, app:app-arole:backend, 
New pod test-pod-80! old_node = None, new_node = worker-1.
Handling the new pod object: Pod(name=test-pod-80, label_set=LabelSet(labels={'app': 'app-c', 'role': 'database'}), node=Node(name=worker-1)
[125312893437632] Handling pod test-pod-80, locking app:app-crole:database, app:app-crole:backend,  ...
New pod: test-pod-28, on node: worker-1
[125311811303104] Pod test-pod-77 handled. Released locks for: app:app-brole:backend, app:app-brole:database, 
New pod test-pod-81! old_node = None, new_node = worker-1.
Handling the new pod object: Pod(name=test-pod-81, label_set=LabelSet(labels={'app': 'app-a', 'role': 'frontend'}), node=Node(name=worker-1)
2025-07-31 09:09:47,254 [INFO] kopf.objects - Handler 'handle_new_pod/spec.nodeName' succeeded.
2025-07-31 09:09:47,255 [INFO] kopf.objects - Creation is processed: 1 succeeded; 0 failed.
2025-07-31 09:09:47,274 [INFO] kopf.objects - Handler 'handle_new_pod/spec.nodeName' succeeded.
2025-07-31 09:09:47,274 [INFO] kopf.objects - Creation is processed: 1 succeeded; 0 failed.
2025-07-31 09:09:47,275 [INFO] kopf.objects - Handler 'handle_new_pod/spec.nodeName' succeeded.
2025-07-31 09:09:47,275 [INFO] kopf.objects - Creation is processed: 1 succeeded; 0 failed.
2025-07-31 09:09:47,289 [INFO] kopf.objects - Handler 'handle_new_pod/spec.nodeName' succeeded.
2025-07-31 09:09:47,289 [INFO] kopf.objects - Creation is processed: 1 succeeded; 0 failed.
2025-07-31 09:09:47,291 [INFO] kopf.objects - Handler 'handle_new_pod/spec.nodeName' succeeded.
2025-07-31 09:09:47,291 [INFO] kopf.objects - Creation is processed: 1 succeeded; 0 failed.
2025-07-31 09:09:47,311 [INFO] kopf.objects - Handler 'handle_new_pod/spec.nodeName' succeeded.
2025-07-31 09:09:47,312 [INFO] kopf.objects - Creation is processed: 1 succeeded; 0 failed.
2025-07-31 09:09:47,313 [INFO] kopf.objects - Handler 'handle_new_pod/spec.nodeName' succeeded.
2025-07-31 09:09:47,313 [INFO] kopf.objects - Creation is processed: 1 succeeded; 0 failed.
2025-07-31 09:09:47,329 [INFO] kopf.objects - Handler 'handle_new_pod/spec.nodeName' succeeded.
2025-07-31 09:09:47,330 [INFO] kopf.objects - Creation is processed: 1 succeeded; 0 failed.
2025-07-31 09:09:47,344 [INFO] kopf.objects - Handler 'handle_new_pod/spec.nodeName' succeeded.
2025-07-31 09:09:47,344 [INFO] kopf.objects - Creation is processed: 1 succeeded; 0 failed.
2025-07-31 09:09:47,366 [INFO] kopf.objects - Handler 'handle_new_pod/spec.nodeName' succeeded.
2025-07-31 09:09:47,366 [INFO] kopf.objects - Creation is processed: 1 succeeded; 0 failed.
2025-07-31 09:09:47,372 [INFO] kopf.objects - Handler 'handle_new_pod/spec.nodeName' succeeded.
2025-07-31 09:09:47,373 [INFO] kopf.objects - Creation is processed: 1 succeeded; 0 failed.
2025-07-31 09:09:47,382 [INFO] kopf.objects - Handler 'handle_new_pod/spec.nodeName' succeeded.
2025-07-31 09:09:47,382 [INFO] kopf.objects - Creation is processed: 1 succeeded; 0 failed.
2025-07-31 09:09:47,390 [INFO] kopf.objects - Handler 'handle_new_pod/spec.nodeName' succeeded.
2025-07-31 09:09:47,391 [INFO] kopf.objects - Creation is processed: 1 succeeded; 0 failed.
2025-07-31 09:09:47,391 [INFO] kopf.objects - Handler 'handle_new_pod/spec.nodeName' succeeded.
2025-07-31 09:09:47,392 [INFO] kopf.objects - Creation is processed: 1 succeeded; 0 failed.
2025-07-31 09:09:47,416 [INFO] kopf.objects - Handler 'handle_new_pod/spec.nodeName' succeeded.
2025-07-31 09:09:47,416 [INFO] kopf.objects - Creation is processed: 1 succeeded; 0 failed.
2025-07-31 09:09:47,425 [INFO] kopf.objects - Handler 'handle_new_pod/spec.nodeName' succeeded.
2025-07-31 09:09:47,425 [INFO] kopf.objects - Creation is processed: 1 succeeded; 0 failed.
2025-07-31 09:09:47,447 [INFO] kopf.objects - Handler 'handle_new_pod/spec.nodeName' succeeded.
2025-07-31 09:09:47,448 [INFO] kopf.objects - Creation is processed: 1 succeeded; 0 failed.
2025-07-31 09:09:47,459 [INFO] kopf.objects - Handler 'handle_new_pod/spec.nodeName' succeeded.
2025-07-31 09:09:47,459 [INFO] kopf.objects - Creation is processed: 1 succeeded; 0 failed.
                                       [125311811303104] Handling pod test-pod-81, locking app:app-arole:frontend, app:app-arole:backend,  ...
[125312331388608] Pod test-pod-28 handled. Released locks for: app:app-arole:frontend, app:app-arole:backend, app:app-arole:database, 
New pod test-pod-82! old_node = None, new_node = worker-1.
Handling the new pod object: Pod(name=test-pod-82, label_set=LabelSet(labels={'app': 'app-a', 'role': 'backend'}), node=Node(name=worker-1)
[125312331388608] Handling pod test-pod-82, locking app:app-arole:frontend, app:app-arole:backend, app:app-arole:database,  ...
New pod: test-pod-82, on node: worker-1
[125312373352128] Pod test-pod-79 handled. Released locks for: app:app-crole:database, app:app-crole:backend, app:app-crole:frontend, 
New pod test-pod-83! old_node = None, new_node = worker-1.
Handling the new pod object: Pod(name=test-pod-83, label_set=LabelSet(labels={'app': 'app-a', 'role': 'database'}), node=Node(name=worker-1)
[125312373352128] Handling pod test-pod-83, locking app:app-arole:backend, app:app-arole:database,  ...
New pod: test-pod-80, on node: worker-1
[125312893437632] Pod test-pod-80 handled. Released locks for: app:app-crole:database, app:app-crole:backend, 
New pod test-pod-84! old_node = None, new_node = worker-1.
Handling the new pod object: Pod(name=test-pod-84, label_set=LabelSet(labels={'app': 'app-b', 'role': 'frontend'}), node=Node(name=worker-1)
[125312893437632] Handling pod test-pod-84, locking app:app-brole:frontend, app:app-brole:backend,  ...
New pod: test-pod-84, on node: worker-1
[125312331388608] Pod test-pod-82 handled. Released locks for: app:app-arole:frontend, app:app-arole:backend, app:app-arole:database, 
New pod test-pod-85! old_node = None, new_node = worker-1.
Handling the new pod object: Pod(name=test-pod-85, label_set=LabelSet(labels={'app': 'app-b', 'role': 'backend'}), node=Node(name=worker-1)
[125312331388608] Handling pod test-pod-85, locking app:app-brole:frontend, app:app-brole:backend, app:app-brole:database,  ...
New pod: test-pod-36, on node: worker-1
[125312876652224] Pod test-pod-36 handled. Released locks for: app:app-arole:frontend, app:app-arole:backend, 
[125312893437632] Pod test-pod-84 handled. Released locks for: app:app-brole:frontend, app:app-brole:backend, 
New pod test-pod-86! old_node = None, new_node = worker-1.
Handling the new pod object: Pod(name=test-pod-86, label_set=LabelSet(labels={'app': 'app-b', 'role': 'database'}), node=Node(name=worker-1)
[125312876652224] Handling pod test-pod-86, locking app:app-brole:backend, app:app-brole:database,  ...
New pod test-pod-87! old_node = None, new_node = worker-1.
Handling the new pod object: Pod(name=test-pod-87, label_set=LabelSet(labels={'app': 'app-c', 'role': 'frontend'}), node=Node(name=worker-1)
[125312893437632] Handling pod test-pod-87, locking app:app-crole:backend, app:app-crole:frontend,  ...
New pod: test-pod-87, on node: worker-1
New pod: test-pod-37, on node: worker-1
New pod: test-pod-85, on node: worker-1
[125312364959424] Pod test-pod-37 handled. Released locks for: app:app-arole:frontend, app:app-arole:backend, app:app-arole:database, 
New pod test-pod-88! old_node = None, new_node = worker-1.
Handling the new pod object: Pod(name=test-pod-88, label_set=LabelSet(labels={'app': 'app-c', 'role': 'backend'}), node=Node(name=worker-1)
[125312364959424] Handling pod test-pod-88, locking app:app-crole:database, app:app-crole:backend, app:app-crole:frontend,  ...
New pod: test-pod-38, on node: worker-1
[125312893437632] Pod test-pod-87 handled. Released locks for: app:app-crole:backend, app:app-crole:frontend, 
New pod test-pod-89! old_node = None, new_node = worker-1.
Handling the new pod object: Pod(name=test-pod-89, label_set=LabelSet(labels={'app': 'app-c', 'role': 'database'}), node=Node(name=worker-1)
[125312893437632] Handling pod test-pod-89, locking app:app-crole:database, app:app-crole:backend,  ...
New pod: test-pod-88, on node: worker-1
[125312331388608] Pod test-pod-85 handled. Released locks for: app:app-brole:frontend, app:app-brole:backend, app:app-brole:database, 
New pod test-pod-90! old_node = None, new_node = worker-1.
Handling the new pod object: Pod(name=test-pod-90, label_set=LabelSet(labels={'app': 'app-a', 'role': 'frontend'}), node=Node(name=worker-1)
[125312331388608] Handling pod test-pod-90, locking app:app-arole:frontend, app:app-arole:backend,  ...
New pod: test-pod-86, on node: worker-1
[125312364959424] Pod test-pod-88 handled. Released locks for: app:app-crole:database, app:app-crole:backend, app:app-crole:frontend, 
New pod test-pod-91! old_node = None, new_node = worker-1.
Handling the new pod object: Pod(name=test-pod-91, label_set=LabelSet(labels={'app': 'app-a', 'role': 'backend'}), node=Node(name=worker-1)
[125312364959424] Handling pod test-pod-91, locking app:app-arole:frontend, app:app-arole:backend, app:app-arole:database,  ...
New pod: test-pod-89, on node: worker-1
[125312356566720] Pod test-pod-38 handled. Released locks for: app:app-arole:backend, app:app-arole:database, 
New pod test-pod-92! old_node = None, new_node = worker-1.
Handling the new pod object: Pod(name=test-pod-92, label_set=LabelSet(labels={'app': 'app-a', 'role': 'database'}), node=Node(name=worker-1)
[125312356566720] Handling pod test-pod-92, locking app:app-arole:backend, app:app-arole:database,  ...
New pod: test-pod-92, on node: worker-1
[125312876652224] Pod test-pod-86 handled. Released locks for: app:app-brole:backend, app:app-brole:database, 
New pod test-pod-93! old_node = None, new_node = worker-1.
Handling the new pod object: Pod(name=test-pod-93, label_set=LabelSet(labels={'app': 'app-b', 'role': 'frontend'}), node=Node(name=worker-1)
[125312876652224] Handling pod test-pod-93, locking app:app-brole:frontend, app:app-brole:backend,  ...
New pod: test-pod-93, on node: worker-1
[125312893437632] Pod test-pod-89 handled. Released locks for: app:app-crole:database, app:app-crole:backend, 
New pod test-pod-94! old_node = None, new_node = worker-1.
Handling the new pod object: Pod(name=test-pod-94, label_set=LabelSet(labels={'app': 'app-b', 'role': 'backend'}), node=Node(name=worker-1)
[125312893437632] Handling pod test-pod-94, locking app:app-brole:frontend, app:app-brole:backend, app:app-brole:database,  ...
[125312876652224] Pod test-pod-93 handled. Released locks for: app:app-brole:frontend, app:app-brole:backend, 
New pod test-pod-95! old_node = None, new_node = worker-1.
Handling the new pod object: Pod(name=test-pod-95, label_set=LabelSet(labels={'app': 'app-b', 'role': 'database'}), node=Node(name=worker-1)
[125312876652224] Handling pod test-pod-95, locking app:app-brole:backend, app:app-brole:database,  ...
New pod: test-pod-95, on node: worker-1
[125312356566720] Pod test-pod-92 handled. Released locks for: app:app-arole:backend, app:app-arole:database, 
New pod test-pod-96! old_node = None, new_node = worker-1.
Handling the new pod object: Pod(name=test-pod-96, label_set=LabelSet(labels={'app': 'app-c', 'role': 'frontend'}), node=Node(name=worker-1)
[125312356566720] Handling pod test-pod-96, locking app:app-crole:backend, app:app-crole:frontend,  ...
New pod: test-pod-96, on node: worker-1
New pod: test-pod-46, on node: worker-1
[125312876652224] Pod test-pod-95 handled. Released locks for: app:app-brole:backend, app:app-brole:database, 
New pod: test-pod-94, on node: worker-1
New pod test-pod-97! old_node = None, new_node = worker-1.
Handling the new pod object: Pod(name=test-pod-97, label_set=LabelSet(labels={'app': 'app-c', 'role': 'backend'}), node=Node(name=worker-1)
[125312876652224] Handling pod test-pod-97, locking app:app-crole:database, app:app-crole:backend, app:app-crole:frontend,  ...
[125311844873920] Pod test-pod-46 handled. Released locks for: app:app-arole:frontend, app:app-arole:backend, app:app-arole:database, 
New pod test-pod-98! old_node = None, new_node = worker-1.
Handling the new pod object: Pod(name=test-pod-98, label_set=LabelSet(labels={'app': 'app-c', 'role': 'database'}), node=Node(name=worker-1)
[125311844873920] Handling pod test-pod-98, locking app:app-crole:database, app:app-crole:backend,  ...
New pod: test-pod-47, on node: worker-1
2025-07-31 09:09:47,463 [INFO] kopf.objects - Handler 'handle_new_pod/spec.nodeName' succeeded.
2025-07-31 09:09:47,463 [INFO] kopf.objects - Creation is processed: 1 succeeded; 0 failed.
2025-07-31 09:09:47,477 [INFO] kopf.objects - Handler 'handle_new_pod/spec.nodeName' succeeded.
2025-07-31 09:09:47,477 [INFO] kopf.objects - Creation is processed: 1 succeeded; 0 failed.
2025-07-31 09:09:47,482 [INFO] kopf.objects - Handler 'handle_new_pod/spec.nodeName' succeeded.
2025-07-31 09:09:47,482 [INFO] kopf.objects - Creation is processed: 1 succeeded; 0 failed.
2025-07-31 09:09:47,501 [INFO] kopf.objects - Handler 'handle_new_pod/spec.nodeName' succeeded.
2025-07-31 09:09:47,501 [INFO] kopf.objects - Creation is processed: 1 succeeded; 0 failed.
2025-07-31 09:09:47,513 [INFO] kopf.objects - Handler 'handle_new_pod/spec.nodeName' succeeded.
2025-07-31 09:09:47,514 [INFO] kopf.objects - Creation is processed: 1 succeeded; 0 failed.
2025-07-31 09:09:47,528 [INFO] kopf.objects - Handler 'handle_new_pod/spec.nodeName' succeeded.
2025-07-31 09:09:47,529 [INFO] kopf.objects - Creation is processed: 1 succeeded; 0 failed.
2025-07-31 09:09:47,544 [INFO] kopf.objects - Handler 'handle_new_pod/spec.nodeName' succeeded.
2025-07-31 09:09:47,544 [INFO] kopf.objects - Creation is processed: 1 succeeded; 0 failed.
2025-07-31 09:09:47,557 [INFO] kopf.objects - Handler 'handle_new_pod/spec.nodeName' succeeded.
2025-07-31 09:09:47,558 [INFO] kopf.objects - Creation is processed: 1 succeeded; 0 failed.
2025-07-31 09:09:47,575 [INFO] kopf.objects - Handler 'handle_new_pod/spec.nodeName' succeeded.
2025-07-31 09:09:47,576 [INFO] kopf.objects - Creation is processed: 1 succeeded; 0 failed.
2025-07-31 09:09:47,604 [INFO] kopf.objects - Handler 'handle_new_pod/spec.nodeName' succeeded.
2025-07-31 09:09:47,604 [INFO] kopf.objects - Creation is processed: 1 succeeded; 0 failed.
2025-07-31 09:09:47,627 [INFO] kopf.objects - Handler 'handle_new_pod/spec.nodeName' succeeded.
2025-07-31 09:09:47,629 [INFO] kopf.objects - Creation is processed: 1 succeeded; 0 failed.
2025-07-31 09:09:47,648 [INFO] kopf.objects - Handler 'handle_new_pod/spec.nodeName' succeeded.
2025-07-31 09:09:47,650 [INFO] kopf.objects - Creation is processed: 1 succeeded; 0 failed.
2025-07-31 09:09:47,673 [INFO] kopf.objects - Handler 'handle_new_pod/spec.nodeName' succeeded.
2025-07-31 09:09:47,675 [INFO] kopf.objects - Creation is processed: 1 succeeded; 0 failed.
2025-07-31 09:09:47,692 [INFO] kopf.objects - Handler 'handle_new_pod/spec.nodeName' succeeded.
2025-07-31 09:09:47,692 [INFO] kopf.objects - Creation is processed: 1 succeeded; 0 failed.
2025-07-31 09:09:47,710 [INFO] kopf.objects - Handler 'handle_new_pod/spec.nodeName' succeeded.
2025-07-31 09:09:47,711 [INFO] kopf.objects - Creation is processed: 1 succeeded; 0 failed.
2025-07-31 09:09:47,729 [INFO] kopf.objects - Handler 'handle_new_pod/spec.nodeName' succeeded.
2025-07-31 09:09:47,729 [INFO] kopf.objects - Creation is processed: 1 succeeded; 0 failed.
2025-07-31 09:09:47,748 [INFO] kopf.objects - Handler 'handle_new_pod/spec.nodeName' succeeded.
2025-07-31 09:09:47,748 [INFO] kopf.objects - Creation is processed: 1 succeeded; 0 failed.
2025-07-31 09:09:47,778 [INFO] kopf.objects - Handler 'handle_new_pod/spec.nodeName' succeeded.
2025-07-31 09:09:47,779 [INFO] kopf.objects - Creation is processed: 1 succeeded; 0 failed.
2025-07-31 09:09:47,796 [INFO] kopf.objects - Handler 'handle_new_pod/spec.nodeName' succeeded.
2025-07-31 09:09:47,796 [INFO] kopf.objects - Creation is processed: 1 succeeded; 0 failed.
2025-07-31 09:09:47,811 [INFO] kopf.objects - Handler 'handle_new_pod/spec.nodeName' succeeded.
2025-07-31 09:09:47,812 [INFO] kopf.objects - Creation is processed: 1 succeeded; 0 failed.
