2025-07-31 09:06:41,023 [INFO] /app/code/main_operator.py - Starting Operator with 20 workers.
2025-07-31 09:06:41,024 [INFO] /app/code/main_operator.py - ðŸš€ Starting Kopf operator in mode: PLS, watching the test-thesis namespace.
2025-07-31 09:06:41,024 [INFO] root - Initializing Openstack Client!
2025-07-31 09:06:41,091 [INFO] root - Grasshopper was not running, initialising Cluster State.
2025-07-31 09:06:41,294 [INFO] root - ================================= FRESH INITIALISATION DONE =====================================
2025-07-31 09:06:41,314 [INFO] operator_code.watcher_operator - Watcher class for Kopf Operator!
2025-07-31 09:06:41,316 [INFO] kopf.activities.startup - Activity 'startup_handler' succeeded.
2025-07-31 09:06:41,317 [INFO] kopf._core.engines.activities - Initial authentication has been initiated.
2025-07-31 09:06:41,319 [INFO] kopf.activities.authentication - Activity 'login_via_client' succeeded.
2025-07-31 09:06:41,319 [INFO] kopf._core.engines.activities - Initial authentication has finished.
2025-07-31 09:06:41,346 [WARNING] kopf._core.reactor.observation - Not enough permissions to list namespaces. Falling back to a list of namespaces which are assumed to exist: {'test-thesis'}
2025-07-31 09:06:41,352 [WARNING] kopf._core.reactor.observation - Not enough permissions to watch for namespaces: changes (deletion/creation) will not be noticed; the namespaces are only refreshed on operator restarts.
2025-07-31 09:06:41,589 [INFO] kopf.objects - Handler 'handle_new_policy' succeeded.
2025-07-31 09:06:41,592 [INFO] kopf.objects - Creation is processed: 1 succeeded; 0 failed.
2025-07-31 09:06:41,626 [INFO] matcher - PLS: Configuring new spol Policy(name=app-c-allow-frontend-backend, sel=LabelSet(labels={'app': 'app-c', 'role': 'frontend'}), allow=[
(LabelSet(labels={'app': 'app-c', 'role': 'backend'}), Traffic(direction=ingress, port=80, protocol=TCP)) 
])
2025-07-31 09:06:41,638 [INFO] matcher - PLS: Configuring new spol Policy(name=app-c-allow-frontend-backend, sel=LabelSet(labels={'app': 'app-c', 'role': 'frontend'}), allow=[
(LabelSet(labels={'app': 'app-c', 'role': 'backend'}), Traffic(direction=egress, port=80, protocol=TCP)) 
])
2025-07-31 09:06:41,651 [INFO] kopf.objects - Handler 'handle_new_policy' succeeded.
2025-07-31 09:06:41,651 [INFO] kopf.objects - Creation is processed: 1 succeeded; 0 failed.
2025-07-31 09:06:41,668 [INFO] matcher - PLS: Configuring new spol Policy(name=app-c-allow-database-backend, sel=LabelSet(labels={'app': 'app-c', 'role': 'database'}), allow=[
(LabelSet(labels={'app': 'app-c', 'role': 'backend'}), Traffic(direction=ingress, port=80, protocol=TCP)) 
])
2025-07-31 09:06:41,679 [INFO] matcher - PLS: Configuring new spol Policy(name=app-c-allow-database-backend, sel=LabelSet(labels={'app': 'app-c', 'role': 'database'}), allow=[
(LabelSet(labels={'app': 'app-c', 'role': 'backend'}), Traffic(direction=egress, port=80, protocol=TCP)) 
])
2025-07-31 09:06:41,693 [INFO] kopf.objects - Handler 'handle_new_policy' succeeded.
2025-07-31 09:06:41,693 [INFO] kopf.objects - Creation is processed: 1 succeeded; 0 failed.
2025-07-31 09:06:41,733 [INFO] matcher - PLS: Configuring new spol Policy(name=app-c-allow-backend-frontend, sel=LabelSet(labels={'app': 'app-c', 'role': 'backend'}), allow=[
(LabelSet(labels={'app': 'app-c', 'role': 'frontend'}), Traffic(direction=ingress, port=80, protocol=TCP)) 
])
2025-07-31 09:06:41,745 [INFO] matcher - PLS: Configuring new spol Policy(name=app-c-allow-backend-frontend, sel=LabelSet(labels={'app': 'app-c', 'role': 'backend'}), allow=[
(LabelSet(labels={'app': 'app-c', 'role': 'frontend'}), Traffic(direction=egress, port=80, protocol=TCP)) 
])
2025-07-31 09:06:41,757 [INFO] kopf.objects - Handler 'handle_new_policy' succeeded.
2025-07-31 09:06:41,758 [INFO] kopf.objects - Creation is processed: 1 succeeded; 0 failed.
2025-07-31 09:06:41,845 [INFO] matcher - PLS: Configuring new spol Policy(name=app-c-allow-backend-database, sel=LabelSet(labels={'app': 'app-c', 'role': 'backend'}), allow=[
(LabelSet(labels={'app': 'app-c', 'role': 'database'}), Traffic(direction=ingress, port=80, protocol=TCP)) 
])
2025-07-31 09:06:41,858 [INFO] matcher - PLS: Configuring new spol Policy(name=app-c-allow-backend-database, sel=LabelSet(labels={'app': 'app-c', 'role': 'backend'}), allow=[
(LabelSet(labels={'app': 'app-c', 'role': 'database'}), Traffic(direction=egress, port=80, protocol=TCP)) 
])
2025-07-31 09:06:41,871 [INFO] kopf.objects - Handler 'handle_new_policy' succeeded.
2025-07-31 09:06:41,871 [INFO] kopf.objects - Creation is processed: 1 succeeded; 0 failed.
2025-07-31 09:06:41,978 [INFO] matcher - PLS: Configuring new spol Policy(name=app-b-allow-backend-database, sel=LabelSet(labels={'app': 'app-b', 'role': 'backend'}), allow=[
(LabelSet(labels={'app': 'app-b', 'role': 'database'}), Traffic(direction=ingress, port=80, protocol=TCP)) 
])
2025-07-31 09:06:42,001 [INFO] matcher - PLS: Configuring new spol Policy(name=app-b-allow-backend-database, sel=LabelSet(labels={'app': 'app-b', 'role': 'backend'}), allow=[
(LabelSet(labels={'app': 'app-b', 'role': 'database'}), Traffic(direction=egress, port=80, protocol=TCP)) 
])
2025-07-31 09:06:42,017 [INFO] kopf.objects - Handler 'handle_new_policy' succeeded.
2025-07-31 09:06:42,017 [INFO] kopf.objects - Creation is processed: 1 succeeded; 0 failed.
2025-07-31 09:06:42,046 [INFO] matcher - PLS: Configuring new spol Policy(name=app-b-allow-database-backend, sel=LabelSet(labels={'app': 'app-b', 'role': 'database'}), allow=[
(LabelSet(labels={'app': 'app-b', 'role': 'backend'}), Traffic(direction=ingress, port=80, protocol=TCP)) 
])
2025-07-31 09:06:42,064 [INFO] matcher - PLS: Configuring new spol Policy(name=app-b-allow-database-backend, sel=LabelSet(labels={'app': 'app-b', 'role': 'database'}), allow=[
(LabelSet(labels={'app': 'app-b', 'role': 'backend'}), Traffic(direction=egress, port=80, protocol=TCP)) 
])
2025-07-31 09:06:42,085 [INFO] kopf.objects - Handler 'handle_new_policy' succeeded.
2025-07-31 09:06:42,086 [INFO] kopf.objects - Creation is processed: 1 succeeded; 0 failed.
2025-07-31 09:06:42,170 [INFO] matcher - PLS: Configuring new spol Policy(name=app-b-allow-frontend-backend, sel=LabelSet(labels={'app': 'app-b', 'role': 'frontend'}), allow=[
(LabelSet(labels={'app': 'app-b', 'role': 'backend'}), Traffic(direction=ingress, port=80, protocol=TCP)) 
])
2025-07-31 09:06:42,183 [INFO] matcher - PLS: Configuring new spol Policy(name=app-b-allow-frontend-backend, sel=LabelSet(labels={'app': 'app-b', 'role': 'frontend'}), allow=[
(LabelSet(labels={'app': 'app-b', 'role': 'backend'}), Traffic(direction=egress, port=80, protocol=TCP)) 
])
2025-07-31 09:06:42,201 [INFO] kopf.objects - Handler 'handle_new_policy' succeeded.
2025-07-31 09:06:42,202 [INFO] kopf.objects - Creation is processed: 1 succeeded; 0 failed.
2025-07-31 09:06:42,268 [INFO] kopf.objects - Handler 'handle_new_policy' succeeded.
2025-07-31 09:06:42,269 [INFO] kopf.objects - Creation is processed: 1 succeeded; 0 failed.
2025-07-31 09:06:42,402 [INFO] matcher - PLS: Configuring new spol Policy(name=app-b-allow-backend-frontend, sel=LabelSet(labels={'app': 'app-b', 'role': 'backend'}), allow=[
(LabelSet(labels={'app': 'app-b', 'role': 'frontend'}), Traffic(direction=ingress, port=80, protocol=TCP)) 
])
2025-07-31 09:06:42,420 [INFO] matcher - PLS: Configuring new spol Policy(name=app-b-allow-backend-frontend, sel=LabelSet(labels={'app': 'app-b', 'role': 'backend'}), allow=[
(LabelSet(labels={'app': 'app-b', 'role': 'frontend'}), Traffic(direction=egress, port=80, protocol=TCP)) 
])
2025-07-31 09:06:42,436 [INFO] kopf.objects - Handler 'handle_new_policy' succeeded.
2025-07-31 09:06:42,436 [INFO] kopf.objects - Creation is processed: 1 succeeded; 0 failed.
2025-07-31 09:06:42,565 [INFO] matcher - PLS: Configuring new spol Policy(name=app-a-allow-backend-database, sel=LabelSet(labels={'app': 'app-a', 'role': 'backend'}), allow=[
(LabelSet(labels={'app': 'app-a', 'role': 'database'}), Traffic(direction=ingress, port=80, protocol=TCP)) 
])
2025-07-31 09:06:42,580 [INFO] matcher - PLS: Configuring new spol Policy(name=app-a-allow-backend-database, sel=LabelSet(labels={'app': 'app-a', 'role': 'backend'}), allow=[
(LabelSet(labels={'app': 'app-a', 'role': 'database'}), Traffic(direction=egress, port=80, protocol=TCP)) 
])
2025-07-31 09:06:42,602 [INFO] kopf.objects - Handler 'handle_new_policy' succeeded.
2025-07-31 09:06:42,603 [INFO] kopf.objects - Creation is processed: 1 succeeded; 0 failed.
2025-07-31 09:06:42,664 [INFO] matcher - PLS: Configuring new spol Policy(name=app-a-allow-frontend-backend, sel=LabelSet(labels={'app': 'app-a', 'role': 'frontend'}), allow=[
(LabelSet(labels={'app': 'app-a', 'role': 'backend'}), Traffic(direction=ingress, port=80, protocol=TCP)) 
])
2025-07-31 09:06:42,676 [INFO] matcher - PLS: Configuring new spol Policy(name=app-a-allow-frontend-backend, sel=LabelSet(labels={'app': 'app-a', 'role': 'frontend'}), allow=[
(LabelSet(labels={'app': 'app-a', 'role': 'backend'}), Traffic(direction=egress, port=80, protocol=TCP)) 
])
2025-07-31 09:06:42,694 [INFO] kopf.objects - Handler 'handle_new_policy' succeeded.
2025-07-31 09:06:42,697 [INFO] kopf.objects - Creation is processed: 1 succeeded; 0 failed.
2025-07-31 09:06:42,761 [INFO] matcher - PLS: Configuring new spol Policy(name=app-a-allow-backend-frontend, sel=LabelSet(labels={'app': 'app-a', 'role': 'backend'}), allow=[
(LabelSet(labels={'app': 'app-a', 'role': 'frontend'}), Traffic(direction=ingress, port=80, protocol=TCP)) 
])
2025-07-31 09:06:42,781 [INFO] matcher - PLS: Configuring new spol Policy(name=app-a-allow-backend-frontend, sel=LabelSet(labels={'app': 'app-a', 'role': 'backend'}), allow=[
(LabelSet(labels={'app': 'app-a', 'role': 'frontend'}), Traffic(direction=egress, port=80, protocol=TCP)) 
])
2025-07-31 09:06:42,799 [INFO] kopf.objects - Handler 'handle_new_policy' succeeded.
2025-07-31 09:06:42,800 [INFO] kopf.objects - Creation is processed: 1 succeeded; 0 failed.
2025-07-31 09:06:42,884 [INFO] kopf.objects - Handler 'handle_new_policy' succeeded.
2025-07-31 09:06:42,885 [INFO] kopf.objects - Creation is processed: 1 succeeded; 0 failed.
2025-07-31 09:06:43,037 [INFO] matcher - PLS: Configuring new spol Policy(name=app-a-allow-database-backend, sel=LabelSet(labels={'app': 'app-a', 'role': 'database'}), allow=[
(LabelSet(labels={'app': 'app-a', 'role': 'backend'}), Traffic(direction=ingress, port=80, protocol=TCP)) 
])
2025-07-31 09:06:43,051 [INFO] matcher - PLS: Configuring new spol Policy(name=app-a-allow-database-backend, sel=LabelSet(labels={'app': 'app-a', 'role': 'database'}), allow=[
(LabelSet(labels={'app': 'app-a', 'role': 'backend'}), Traffic(direction=egress, port=80, protocol=TCP)) 
])
2025-07-31 09:06:43,065 [INFO] kopf.objects - Handler 'handle_new_policy' succeeded.
2025-07-31 09:06:43,065 [INFO] kopf.objects - Creation is processed: 1 succeeded; 0 failed.
2025-07-31 09:06:43,618 [INFO] matcher - PLS: Configuring new pod with labelset: {L}
2025-07-31 09:06:43,619 [INFO] matcher - PLS: Configuring new spol Policy(name=app-a-allow-backend-frontend, sel=LabelSet(labels={'app': 'app-a', 'role': 'backend'}), allow=[
(LabelSet(labels={'app': 'app-a', 'role': 'frontend'}), Traffic(direction=ingress, port=80, protocol=TCP)) 
])
2025-07-31 09:06:43,619 [INFO] matcher - PLS: Configuring new spol Policy(name=app-a-allow-frontend-backend, sel=LabelSet(labels={'app': 'app-a', 'role': 'frontend'}), allow=[
(LabelSet(labels={'app': 'app-a', 'role': 'backend'}), Traffic(direction=egress, port=80, protocol=TCP)) 
])
2025-07-31 09:06:43,619 [INFO] matcher - Adding Security Group for select labelset: LabelSet(labels={'app': 'app-a', 'role': 'frontend'})
2025-07-31 09:06:43,685 [INFO] matcher - PLS: Configuring new pod with labelset: {L}
2025-07-31 09:06:43,685 [INFO] matcher - PLS: Configuring new spol Policy(name=app-b-allow-frontend-backend, sel=LabelSet(labels={'app': 'app-b', 'role': 'frontend'}), allow=[
(LabelSet(labels={'app': 'app-b', 'role': 'backend'}), Traffic(direction=ingress, port=80, protocol=TCP)) 
])
2025-07-31 09:06:43,687 [INFO] matcher - Adding Security Group for select labelset: LabelSet(labels={'app': 'app-b', 'role': 'frontend'})
2025-07-31 09:06:43,752 [INFO] matcher - PLS: Configuring new pod with labelset: {L}
2025-07-31 09:06:43,754 [INFO] matcher - PLS: Configuring new spol Policy(name=app-c-allow-backend-frontend, sel=LabelSet(labels={'app': 'app-c', 'role': 'backend'}), allow=[
(LabelSet(labels={'app': 'app-c', 'role': 'frontend'}), Traffic(direction=egress, port=80, protocol=TCP)) 
])
2025-07-31 09:06:43,754 [INFO] matcher - PLS: Configuring new spol Policy(name=app-c-allow-backend-frontend, sel=LabelSet(labels={'app': 'app-c', 'role': 'backend'}), allow=[
(LabelSet(labels={'app': 'app-c', 'role': 'frontend'}), Traffic(direction=ingress, port=80, protocol=TCP)) 
])
2025-07-31 09:06:43,754 [INFO] matcher - PLS: Configuring new spol Policy(name=app-c-allow-frontend-backend, sel=LabelSet(labels={'app': 'app-c', 'role': 'frontend'}), allow=[
(LabelSet(labels={'app': 'app-c', 'role': 'backend'}), Traffic(direction=egress, port=80, protocol=TCP)) 
])
2025-07-31 09:06:43,754 [INFO] matcher - Adding Security Group for select labelset: LabelSet(labels={'app': 'app-c', 'role': 'frontend'})
[131424892069568] Handling new policy app-c-deny-all, locking app:app-c,  ...
Successfully added policy app-c-deny-all to ClusterState
[131424892069568] Handled new policy app-c-deny-all, Released app:app-c,  ...
[131424892069568] Handling new policy app-c-allow-frontend-backend, locking app:app-crole:frontend, app:app-crole:backend,  ...
[131424878433984] Handling new policy app-c-deny-all, locking app:app-c,  ...
Successfully added policy app-c-deny-all to ClusterState
[131424878433984] Handled new policy app-c-deny-all, Released app:app-c,  ...
[131424878433984] Handling new policy app-c-allow-database-backend, locking app:app-crole:backend, app:app-crole:database,  ...
Successfully added policy app-c-allow-frontend-backend to ClusterState
[131424892069568] Handled new policy app-c-allow-frontend-backend, Released app:app-crole:frontend, app:app-crole:backend,  ...
Successfully added policy app-c-allow-database-backend to ClusterState
[131424878433984] Handled new policy app-c-allow-database-backend, Released app:app-crole:backend, app:app-crole:database,  ...
[131424892069568] Handling new policy app-c-allow-backend-frontend, locking app:app-crole:frontend, app:app-crole:backend,  ...
Successfully added policy app-c-allow-backend-frontend to ClusterState
[131424892069568] Handled new policy app-c-allow-backend-frontend, Released app:app-crole:frontend, app:app-crole:backend,  ...
[131424878433984] Handling new policy app-c-allow-backend-database, locking app:app-crole:backend, app:app-crole:database,  ...
Successfully added policy app-c-allow-backend-database to ClusterState
[131424878433984] Handled new policy app-c-allow-backend-database, Released app:app-crole:backend, app:app-crole:database,  ...
[131424892069568] Handling new policy app-b-allow-backend-database, locking app:app-brole:backend, app:app-brole:database,  ...
Successfully added policy app-b-allow-backend-database to ClusterState
[131424892069568] Handled new policy app-b-allow-backend-database, Released app:app-brole:backend, app:app-brole:database,  ...
[131424878433984] Handling new policy app-b-allow-database-backend, locking app:app-brole:backend, app:app-brole:database,  ...
Successfully added policy app-b-allow-database-backend to ClusterState
[131424878433984] Handled new policy app-b-allow-database-backend, Released app:app-brole:backend, app:app-brole:database,  ...
[131424892069568] Handling new policy app-b-allow-frontend-backend, locking app:app-brole:backend, app:app-brole:frontend,  ...
Successfully added policy app-b-allow-frontend-backend to ClusterState
[131424892069568] Handled new policy app-b-allow-frontend-backend, Released app:app-brole:backend, app:app-brole:frontend,  ...
[131424878433984] Handling new policy app-b-deny-all, locking app:app-b,  ...
Successfully added policy app-b-deny-all to ClusterState
[131424878433984] Handled new policy app-b-deny-all, Released app:app-b,  ...
[131424892069568] Handling new policy app-b-allow-backend-frontend, locking app:app-brole:backend, app:app-brole:frontend,  ...
Successfully added policy app-b-allow-backend-frontend to ClusterState
[131424892069568] Handled new policy app-b-allow-backend-frontend, Released app:app-brole:backend, app:app-brole:frontend,  ...
[131424878433984] Handling new policy app-a-allow-backend-database, locking app:app-arole:backend, app:app-arole:database,  ...
Successfully added policy app-a-allow-backend-database to ClusterState
[131424878433984] Handled new policy app-a-allow-backend-database, Released app:app-arole:backend, app:app-arole:database,  ...
[131424892069568] Handling new policy app-a-allow-frontend-backend, locking app:app-arole:backend, app:app-arole:frontend,  ...
Successfully added policy app-a-allow-frontend-backend to ClusterState
[131424892069568] Handled new policy app-a-allow-frontend-backend, Released app:app-arole:backend, app:app-arole:frontend,  ...
[131424878433984] Handling new policy app-a-allow-backend-frontend, locking app:app-arole:backend, app:app-arole:frontend,  ...
Successfully added policy app-a-allow-backend-frontend to ClusterState
[131424878433984] Handled new policy app-a-allow-backend-frontend, Released app:app-arole:backend, app:app-arole:frontend,  ...
[131424892069568] Handling new policy app-a-deny-all, locking app:app-a,  ...
Successfully added policy app-a-deny-all to ClusterState
[131424892069568] Handled new policy app-a-deny-all, Released app:app-a,  ...
[131424878433984] Handling new policy app-a-allow-database-backend, locking app:app-arole:backend, app:app-arole:database,  ...
Successfully added policy app-a-allow-database-backend to ClusterState
[131424878433984] Handled new policy app-a-allow-database-backend, Released app:app-arole:backend, app:app-arole:database,  ...
New pod test-pod-0! old_node = None, new_node = worker-1.
Handling the new pod object: Pod(name=test-pod-0, label_set=LabelSet(labels={'app': 'app-a', 'role': 'frontend'}), node=Node(name=worker-1)
[131424892069568] Handling pod test-pod-0, locking app:app-arole:backend, app:app-arole:frontend,  ...
New pod: test-pod-0, on node: worker-1
New pod test-pod-2! old_node = None, new_node = worker-1.
Handling the new pod object: Pod(name=test-pod-2, label_set=LabelSet(labels={'app': 'app-a', 'role': 'database'}), node=Node(name=worker-1)
[131424878433984] Handling pod test-pod-2, locking app:app-arole:backend, app:app-arole:database,  ...
New pod test-pod-1! old_node = None, new_node = worker-1.
Handling the new pod object: Pod(name=test-pod-1, label_set=LabelSet(labels={'app': 'app-a', 'role': 'backend'}), node=Node(name=worker-1)
[131424868992704] Handling pod test-pod-1, locking app:app-arole:backend, app:app-arole:database, app:app-arole:frontend,  ...
New pod test-pod-3! old_node = None, new_node = worker-1.
Handling the new pod object: Pod(name=test-pod-3, label_set=LabelSet(labels={'app': 'app-b', 'role': 'frontend'}), node=Node(name=worker-1)
[131424657077952] Handling pod test-pod-3, locking app:app-brole:backend, app:app-brole:frontend,  ...
New pod: test-pod-3, on node: worker-1
New pod test-pod-4! old_node = None, new_node = worker-1.
Handling the new pod object: Pod(name=test-pod-4, label_set=LabelSet(labels={'app': 'app-b', 'role': 'backend'}), node=Node(name=worker-1)
[131424648685248] Handling pod test-pod-4, locking app:app-brole:backend, app:app-brole:frontend, app:app-brole:database,  ...
New pod test-pod-5! old_node = None, new_node = worker-1.
Handling the new pod object: Pod(name=test-pod-5, label_set=LabelSet(labels={'app': 'app-b', 'role': 'database'}), node=Node(name=worker-1)
[131424640292544] Handling pod test-pod-5, locking app:app-brole:backend, app:app-brole:database,  ...
New pod test-pod-6! old_node = None, new_node = worker-1.
Handling the new pod object: Pod(name=test-pod-6, label_set=LabelSet(labels={'app': 'app-c', 'role': 'frontend'}), node=Node(name=worker-1)
[131424631899840] Handling pod test-pod-6, locking app:app-crole:frontend, app:app-crole:backend,  ...
New pod: test-pod-6, on node: worker-1
New pod test-pod-7! old_node = None, new_node = worker-1.
Handling the new pod object: Pod(name=test-pod-7, label_set=LabelSet(labels={'app': 'app-c', 'role': 'backend'}), node=Node(name=worker-1)
[131424623507136] Handling pod test-pod-7, locking app:app-crole:frontend, app:app-crole:backend, app:app-crole:database,  ...
New pod test-pod-8! old_node = None, new_node = worker-1.
Handling the new pod object: Pod(name=test-pod-8, label_set=LabelSet(labels={'app': 'app-c', 'role': 'database'}), node=Node(name=worker-1)
[131424615114432] Handling pod test-pod-8, locking app:app-crole:backend, app:app-crole:database,  ...
New pod test-pod-9! old_node = None, new_node = worker-1.
Handling the new pod object: Pod(name=test-pod-9, label_set=LabelSet(labels={'app': 'app-a', 'role': 'frontend'}), node=Node(name=worker-1)
[131424606721728] Handling pod test-pod-9, locking app:app-arole:backend, app:app-arole:frontend,  ...
New pod test-pod-10! old_node = None, new_node = worker-1.
Handling the new pod object: Pod(name=test-pod-10, label_set=LabelSet(labels={'app': 'app-a', 'role': 'backend'}), node=Node(name=worker-1)
2025-07-31 09:06:44,104 [INFO] root - Creating security group: SG-app:app-arole:frontend
2025-07-31 09:06:44,114 [INFO] root - Creating security group: SG-app:app-crole:frontend
2025-07-31 09:06:44,484 [INFO] root - Creating security group: SG-app:app-brole:frontend
2025-07-31 09:06:44,639 [INFO] security_group_module - Attaching security group SG-app:app-crole:frontend to instance worker-1
2025-07-31 09:06:44,655 [INFO] security_group_module - Attaching security group SG-app:app-arole:frontend to instance worker-1
2025-07-31 09:06:45,217 [INFO] matcher - Adding Security Group for allow labelset: LabelSet(labels={'app': 'app-a', 'role': 'backend'})
2025-07-31 09:06:45,230 [INFO] security_group_module - Attaching security group SG-app:app-brole:frontend to instance worker-1
2025-07-31 09:06:45,280 [INFO] root - Creating security group: SG-app:app-arole:backend
2025-07-31 09:06:45,316 [INFO] matcher - Adding Security Group for allow labelset: LabelSet(labels={'app': 'app-c', 'role': 'backend'})
2025-07-31 09:06:45,379 [INFO] root - Creating security group: SG-app:app-crole:backend
2025-07-31 09:06:45,474 [INFO] security_group_module - SGMod: Adding rule to SG-app:app-arole:frontend, remote SG-app:app-arole:backend, port 80, type egress
2025-07-31 09:06:45,567 [INFO] security_group_module - SGMod: Adding rule to SG-app:app-crole:frontend, remote SG-app:app-crole:backend, port 80, type egress
2025-07-31 09:06:45,590 [INFO] matcher - Adding Security Group for allow labelset: LabelSet(labels={'app': 'app-b', 'role': 'backend'})
2025-07-31 09:06:45,611 [INFO] matcher - PLS: Configuring new spol Policy(name=app-a-allow-backend-frontend, sel=LabelSet(labels={'app': 'app-a', 'role': 'backend'}), allow=[
(LabelSet(labels={'app': 'app-a', 'role': 'frontend'}), Traffic(direction=egress, port=80, protocol=TCP)) 
])
2025-07-31 09:06:45,611 [INFO] matcher - PLS: Configuring new spol Policy(name=app-a-allow-frontend-backend, sel=LabelSet(labels={'app': 'app-a', 'role': 'frontend'}), allow=[
(LabelSet(labels={'app': 'app-a', 'role': 'backend'}), Traffic(direction=ingress, port=80, protocol=TCP)) 
])
2025-07-31 09:06:45,611 [INFO] matcher - Adding Security Group for select labelset: LabelSet(labels={'app': 'app-a', 'role': 'frontend'})
2025-07-31 09:06:45,611 [INFO] matcher - Adding Security Group for allow labelset: LabelSet(labels={'app': 'app-a', 'role': 'backend'})
2025-07-31 09:06:45,611 [INFO] security_group_module - SGMod: Adding rule to SG-app:app-arole:frontend, remote SG-app:app-arole:backend, port 80, type ingress
2025-07-31 09:06:45,656 [INFO] root - Creating security group: SG-app:app-brole:backend
2025-07-31 09:06:45,726 [INFO] matcher - PLS: Configuring new spol Policy(name=app-c-allow-frontend-backend, sel=LabelSet(labels={'app': 'app-c', 'role': 'frontend'}), allow=[
(LabelSet(labels={'app': 'app-c', 'role': 'backend'}), Traffic(direction=ingress, port=80, protocol=TCP)) 
])
2025-07-31 09:06:45,726 [INFO] matcher - Adding Security Group for select labelset: LabelSet(labels={'app': 'app-c', 'role': 'frontend'})
2025-07-31 09:06:45,726 [INFO] matcher - Adding Security Group for allow labelset: LabelSet(labels={'app': 'app-c', 'role': 'backend'})
2025-07-31 09:06:45,727 [INFO] security_group_module - SGMod: Adding rule to SG-app:app-crole:frontend, remote SG-app:app-crole:backend, port 80, type ingress
2025-07-31 09:06:45,840 [INFO] security_group_module - SGMod: Adding rule to SG-app:app-brole:frontend, remote SG-app:app-brole:backend, port 80, type ingress
2025-07-31 09:06:45,990 [INFO] matcher - PLS: Configuring new spol Policy(name=app-b-allow-backend-frontend, sel=LabelSet(labels={'app': 'app-b', 'role': 'backend'}), allow=[
(LabelSet(labels={'app': 'app-b', 'role': 'frontend'}), Traffic(direction=egress, port=80, protocol=TCP)) 
])
2025-07-31 09:06:45,991 [INFO] matcher - PLS: Configuring new spol Policy(name=app-b-allow-backend-frontend, sel=LabelSet(labels={'app': 'app-b', 'role': 'backend'}), allow=[
(LabelSet(labels={'app': 'app-b', 'role': 'frontend'}), Traffic(direction=ingress, port=80, protocol=TCP)) 
])
2025-07-31 09:06:45,991 [INFO] matcher - PLS: Configuring new spol Policy(name=app-b-allow-frontend-backend, sel=LabelSet(labels={'app': 'app-b', 'role': 'frontend'}), allow=[
(LabelSet(labels={'app': 'app-b', 'role': 'backend'}), Traffic(direction=egress, port=80, protocol=TCP)) 
])
2025-07-31 09:06:45,992 [INFO] matcher - Adding Security Group for select labelset: LabelSet(labels={'app': 'app-b', 'role': 'frontend'})
2025-07-31 09:06:45,994 [INFO] matcher - Adding Security Group for allow labelset: LabelSet(labels={'app': 'app-b', 'role': 'backend'})
2025-07-31 09:06:45,995 [INFO] security_group_module - SGMod: Adding rule to SG-app:app-brole:frontend, remote SG-app:app-brole:backend, port 80, type egress
2025-07-31 09:06:46,134 [INFO] security_group_module - SG-app:app-crole:frontend already attached to worker-1
2025-07-31 09:06:46,142 [INFO] kopf.objects - Handler 'handle_new_pod/spec.nodeName' succeeded.
2025-07-31 09:06:46,143 [INFO] kopf.objects - Creation is processed: 1 succeeded; 0 failed.
2025-07-31 09:06:46,173 [INFO] security_group_module - SG-app:app-arole:frontend already attached to worker-1
2025-07-31 09:06:46,179 [INFO] kopf.objects - Handler 'handle_new_pod/spec.nodeName' succeeded.
2025-07-31 09:06:46,179 [INFO] kopf.objects - Creation is processed: 1 succeeded; 0 failed.
2025-07-31 09:06:46,188 [INFO] matcher - PLS: Configuring new pod with labelset: {L}
2025-07-31 09:06:46,188 [INFO] matcher - PLS: Configuring new spol Policy(name=app-c-allow-backend-database, sel=LabelSet(labels={'app': 'app-c', 'role': 'backend'}), allow=[
(LabelSet(labels={'app': 'app-c', 'role': 'database'}), Traffic(direction=egress, port=80, protocol=TCP)) 
])
2025-07-31 09:06:46,188 [INFO] matcher - Adding Security Group for select labelset: LabelSet(labels={'app': 'app-c', 'role': 'backend'})
2025-07-31 09:06:46,190 [INFO] matcher - Adding Security Group for allow labelset: LabelSet(labels={'app': 'app-c', 'role': 'database'})
2025-07-31 09:06:46,207 [INFO] matcher - PLS: Configuring new pod with labelset: {L}
2025-07-31 09:06:46,207 [INFO] matcher - PLS: Configuring new spol Policy(name=app-a-allow-database-backend, sel=LabelSet(labels={'app': 'app-a', 'role': 'database'}), allow=[
(LabelSet(labels={'app': 'app-a', 'role': 'backend'}), Traffic(direction=egress, port=80, protocol=TCP)) 
])
2025-07-31 09:06:46,207 [INFO] matcher - Adding Security Group for select labelset: LabelSet(labels={'app': 'app-a', 'role': 'database'})
2025-07-31 09:06:46,249 [INFO] root - Creating security group: SG-app:app-crole:database
2025-07-31 09:06:46,263 [INFO] root - Creating security group: SG-app:app-arole:database
2025-07-31 09:06:46,373 [INFO] security_group_module - SG-app:app-brole:frontend already attached to worker-1
2025-07-31 09:06:46,374 [INFO] kopf.objects - Handler 'handle_new_pod/spec.nodeName' succeeded.
2025-07-31 09:06:46,375 [INFO] kopf.objects - Creation is processed: 1 succeeded; 0 failed.
2025-07-31 09:06:46,401 [INFO] matcher - PLS: Configuring new pod with labelset: {L}
2025-07-31 09:06:46,401 [INFO] matcher - PLS: Configuring new spol Policy(name=app-b-allow-backend-frontend, sel=LabelSet(labels={'app': 'app-b', 'role': 'backend'}), allow=[
(LabelSet(labels={'app': 'app-b', 'role': 'frontend'}), Traffic(direction=ingress, port=80, protocol=TCP)) 
])
2025-07-31 09:06:46,402 [INFO] matcher - Adding Security Group for select labelset: LabelSet(labels={'app': 'app-b', 'role': 'backend'})
2025-07-31 09:06:46,402 [INFO] matcher - Adding Security Group for allow labelset: LabelSet(labels={'app': 'app-b', 'role': 'frontend'})
2025-07-31 09:06:46,402 [INFO] security_group_module - SGMod: Adding rule to SG-app:app-brole:backend, remote SG-app:app-brole:frontend, port 80, type ingress
2025-07-31 09:06:46,509 [INFO] matcher - PLS: Configuring new spol Policy(name=app-b-allow-backend-frontend, sel=LabelSet(labels={'app': 'app-b', 'role': 'backend'}), allow=[
(LabelSet(labels={'app': 'app-b', 'role': 'frontend'}), Traffic(direction=egress, port=80, protocol=TCP)) 
])
2025-07-31 09:06:46,509 [INFO] matcher - Adding Security Group for select labelset: LabelSet(labels={'app': 'app-b', 'role': 'backend'})
2025-07-31 09:06:46,509 [INFO] matcher - Adding Security Group for allow labelset: LabelSet(labels={'app': 'app-b', 'role': 'frontend'})
2025-07-31 09:06:46,510 [INFO] security_group_module - SGMod: Adding rule to SG-app:app-brole:backend, remote SG-app:app-brole:frontend, port 80, type egress
2025-07-31 09:06:46,564 [INFO] security_group_module - SGMod: Adding rule to SG-app:app-crole:backend, remote SG-app:app-crole:database, port 80, type egress
2025-07-31 09:06:46,678 [INFO] matcher - PLS: Configuring new spol Policy(name=app-b-allow-backend-database, sel=LabelSet(labels={'app': 'app-b', 'role': 'backend'}), allow=[
(LabelSet(labels={'app': 'app-b', 'role': 'database'}), Traffic(direction=ingress, port=80, protocol=TCP)) 
])
2025-07-31 09:06:46,678 [INFO] matcher - Adding Security Group for select labelset: LabelSet(labels={'app': 'app-b', 'role': 'backend'})
2025-07-31 09:06:46,679 [INFO] matcher - Adding Security Group for allow labelset: LabelSet(labels={'app': 'app-b', 'role': 'database'})
2025-07-31 09:06:46,692 [INFO] matcher - PLS: Configuring new spol Policy(name=app-c-allow-database-backend, sel=LabelSet(labels={'app': 'app-c', 'role': 'database'}), allow=[
(LabelSet(labels={'app': 'app-c', 'role': 'backend'}), Traffic(direction=egress, port=80, protocol=TCP)) 
])
2025-07-31 09:06:46,692 [INFO] matcher - PLS: Configuring new spol Policy(name=app-c-allow-backend-frontend, sel=LabelSet(labels={'app': 'app-c', 'role': 'backend'}), allow=[
(LabelSet(labels={'app': 'app-c', 'role': 'frontend'}), Traffic(direction=ingress, port=80, protocol=TCP)) 
])
2025-07-31 09:06:46,707 [INFO] matcher - Adding Security Group for select labelset: LabelSet(labels={'app': 'app-c', 'role': 'backend'})
2025-07-31 09:06:46,709 [INFO] matcher - Adding Security Group for allow labelset: LabelSet(labels={'app': 'app-c', 'role': 'frontend'})
2025-07-31 09:06:46,709 [INFO] security_group_module - SGMod: Adding rule to SG-app:app-crole:backend, remote SG-app:app-crole:frontend, port 80, type ingress
2025-07-31 09:06:46,754 [INFO] root - Creating security group: SG-app:app-brole:database
2025-07-31 09:06:47,002 [INFO] security_group_module - SGMod: Adding rule to SG-app:app-brole:backend, remote SG-app:app-brole:database, port 80, type ingress
2025-07-31 09:06:47,002 [INFO] security_group_module - Attaching security group SG-app:app-arole:database to instance worker-1
2025-07-31 09:06:47,005 [INFO] matcher - PLS: Configuring new spol Policy(name=app-c-allow-database-backend, sel=LabelSet(labels={'app': 'app-c', 'role': 'database'}), allow=[
(LabelSet(labels={'app': 'app-c', 'role': 'backend'}), Traffic(direction=ingress, port=80, protocol=TCP)) 
])
2025-07-31 09:06:47,008 [INFO] matcher - PLS: Configuring new spol Policy(name=app-c-allow-frontend-backend, sel=LabelSet(labels={'app': 'app-c', 'role': 'frontend'}), allow=[
(LabelSet(labels={'app': 'app-c', 'role': 'backend'}), Traffic(direction=egress, port=80, protocol=TCP)) 
])
2025-07-31 09:06:47,008 [INFO] matcher - Adding Security Group for select labelset: LabelSet(labels={'app': 'app-c', 'role': 'frontend'})
2025-07-31 09:06:47,008 [INFO] matcher - Adding Security Group for allow labelset: LabelSet(labels={'app': 'app-c', 'role': 'backend'})
2025-07-31 09:06:47,008 [INFO] security_group_module - SGMod: Adding rule to SG-app:app-crole:frontend, remote SG-app:app-crole:backend, port 80, type egress
2025-07-31 09:06:47,114 [INFO] security_group_module - Cannot add rule to remotes: Security group rule already exists. Rule id is 1142471d-c6df-414c-a732-4e61ebc209aa.
Neutron server returns request_ids: ['req-36bbb434-e28f-4d4a-b0b5-f5e684987b90']
2025-07-31 09:06:47,114 [INFO] matcher - PLS: Configuring new spol Policy(name=app-c-allow-frontend-backend, sel=LabelSet(labels={'app': 'app-c', 'role': 'frontend'}), allow=[
(LabelSet(labels={'app': 'app-c', 'role': 'backend'}), Traffic(direction=ingress, port=80, protocol=TCP)) 
])
2025-07-31 09:06:47,114 [INFO] matcher - Adding Security Group for select labelset: LabelSet(labels={'app': 'app-c', 'role': 'frontend'})
2025-07-31 09:06:47,114 [INFO] matcher - Adding Security Group for allow labelset: LabelSet(labels={'app': 'app-c', 'role': 'backend'})
2025-07-31 09:06:47,114 [INFO] security_group_module - SGMod: Adding rule to SG-app:app-crole:frontend, remote SG-app:app-crole:backend, port 80, type ingress
2025-07-31 09:06:47,131 [INFO] matcher - PLS: Configuring new spol Policy(name=app-b-allow-database-backend, sel=LabelSet(labels={'app': 'app-b', 'role': 'database'}), allow=[
(LabelSet(labels={'app': 'app-b', 'role': 'backend'}), Traffic(direction=egress, port=80, protocol=TCP)) 
])
2025-07-31 09:06:47,131 [INFO] matcher - PLS: Configuring new spol Policy(name=app-b-allow-database-backend, sel=LabelSet(labels={'app': 'app-b', 'role': 'database'}), allow=[
(LabelSet(labels={'app': 'app-b', 'role': 'backend'}), Traffic(direction=ingress, port=80, protocol=TCP)) 
])
2025-07-31 09:06:47,131 [INFO] matcher - PLS: Configuring new spol Policy(name=app-b-allow-frontend-backend, sel=LabelSet(labels={'app': 'app-b', 'role': 'frontend'}), allow=[
(LabelSet(labels={'app': 'app-b', 'role': 'backend'}), Traffic(direction=egress, port=80, protocol=TCP)) 
])
2025-07-31 09:06:47,131 [INFO] matcher - Adding Security Group for select labelset: LabelSet(labels={'app': 'app-b', 'role': 'frontend'})
2025-07-31 09:06:47,132 [INFO] matcher - Adding Security Group for allow labelset: LabelSet(labels={'app': 'app-b', 'role': 'backend'})
2025-07-31 09:06:47,132 [INFO] security_group_module - SGMod: Adding rule to SG-app:app-brole:frontend, remote SG-app:app-brole:backend, port 80, type egress
2025-07-31 09:06:47,219 [INFO] security_group_module - Cannot add rule to remotes: Security group rule already exists. Rule id is f5f7042a-0754-44ad-ac87-8ea16d143f9f.
Neutron server returns request_ids: ['req-c16f511e-da69-4e24-9847-f16dd809facd']
2025-07-31 09:06:47,219 [INFO] matcher - PLS: Configuring new spol Policy(name=app-c-allow-backend-frontend, sel=LabelSet(labels={'app': 'app-c', 'role': 'backend'}), allow=[
(LabelSet(labels={'app': 'app-c', 'role': 'frontend'}), Traffic(direction=egress, port=80, protocol=TCP)) 
])
2025-07-31 09:06:47,219 [INFO] matcher - Adding Security Group for select labelset: LabelSet(labels={'app': 'app-c', 'role': 'backend'})
2025-07-31 09:06:47,219 [INFO] matcher - Adding Security Group for allow labelset: LabelSet(labels={'app': 'app-c', 'role': 'frontend'})
2025-07-31 09:06:47,220 [INFO] security_group_module - SGMod: Adding rule to SG-app:app-crole:backend, remote SG-app:app-crole:frontend, port 80, type egress
2025-07-31 09:06:47,239 [INFO] security_group_module - Cannot add rule to remotes: Security group rule already exists. Rule id is a2acd2e9-b945-4cb2-9839-5144b01214e2.
Neutron server returns request_ids: ['req-e70cbe73-33dd-49ca-a4c3-84e683a36069']
2025-07-31 09:06:47,239 [INFO] matcher - PLS: Configuring new spol Policy(name=app-b-allow-frontend-backend, sel=LabelSet(labels={'app': 'app-b', 'role': 'frontend'}), allow=[
(LabelSet(labels={'app': 'app-b', 'role': 'backend'}), Traffic(direction=ingress, port=80, protocol=TCP)) 
])
2025-07-31 09:06:47,239 [INFO] matcher - Adding Security Group for select labelset: LabelSet(labels={'app': 'app-b', 'role': 'frontend'})
2025-07-31 09:06:47,239 [INFO] matcher - Adding Security Group for allow labelset: LabelSet(labels={'app': 'app-b', 'role': 'backend'})
2025-07-31 09:06:47,239 [INFO] security_group_module - SGMod: Adding rule to SG-app:app-brole:frontend, remote SG-app:app-brole:backend, port 80, type ingress
2025-07-31 09:06:47,322 [INFO] security_group_module - Cannot add rule to remotes: Security group rule already exists. Rule id is 404ee124-aade-449f-be8e-0167a54074ff.
Neutron server returns request_ids: ['req-a87384bb-916e-470d-a7c5-713ebf815695']
2025-07-31 09:06:47,323 [INFO] matcher - PLS: Configuring new spol Policy(name=app-b-allow-backend-database, sel=LabelSet(labels={'app': 'app-b', 'role': 'backend'}), allow=[
(LabelSet(labels={'app': 'app-b', 'role': 'database'}), Traffic(direction=egress, port=80, protocol=TCP)) 
])
2025-07-31 09:06:47,323 [INFO] matcher - Adding Security Group for select labelset: LabelSet(labels={'app': 'app-b', 'role': 'backend'})
2025-07-31 09:06:47,323 [INFO] matcher - Adding Security Group for allow labelset: LabelSet(labels={'app': 'app-b', 'role': 'database'})
2025-07-31 09:06:47,324 [INFO] security_group_module - SGMod: Adding rule to SG-app:app-brole:backend, remote SG-app:app-brole:database, port 80, type egress
2025-07-31 09:06:47,356 [INFO] matcher - PLS: Configuring new spol Policy(name=app-c-allow-backend-database, sel=LabelSet(labels={'app': 'app-c', 'role': 'backend'}), allow=[
(LabelSet(labels={'app': 'app-c', 'role': 'database'}), Traffic(direction=ingress, port=80, protocol=TCP)) 
])
2025-07-31 09:06:47,356 [INFO] matcher - Adding Security Group for select labelset: LabelSet(labels={'app': 'app-c', 'role': 'backend'})
2025-07-31 09:06:47,356 [INFO] matcher - Adding Security Group for allow labelset: LabelSet(labels={'app': 'app-c', 'role': 'database'})
2025-07-31 09:06:47,357 [INFO] security_group_module - SGMod: Adding rule to SG-app:app-crole:backend, remote SG-app:app-crole:database, port 80, type ingress
2025-07-31 09:06:47,571 [INFO] matcher - Adding Security Group for allow labelset: LabelSet(labels={'app': 'app-a', 'role': 'backend'})
2025-07-31 09:06:47,572 [INFO] security_group_module - SGMod: Adding rule to SG-app:app-arole:database, remote SG-app:app-arole:backend, port 80, type egress
2025-07-31 09:06:47,699 [INFO] matcher - PLS: Configuring new spol Policy(name=app-a-allow-database-backend, sel=LabelSet(labels={'app': 'app-a', 'role': 'database'}), allow=[
(LabelSet(labels={'app': 'app-a', 'role': 'backend'}), Traffic(direction=ingress, port=80, protocol=TCP)) 
])
2025-07-31 09:06:47,700 [INFO] matcher - Adding Security Group for select labelset: LabelSet(labels={'app': 'app-a', 'role': 'database'})
2025-07-31 09:06:47,701 [INFO] matcher - Adding Security Group for allow labelset: LabelSet(labels={'app': 'app-a', 'role': 'backend'})
2025-07-31 09:06:47,710 [INFO] security_group_module - SGMod: Adding rule to SG-app:app-arole:database, remote SG-app:app-arole:backend, port 80, type ingress
2025-07-31 09:06:47,770 [INFO] security_group_module - Attaching security group SG-app:app-brole:backend to instance worker-1
2025-07-31 09:06:47,839 [INFO] matcher - PLS: Configuring new spol Policy(name=app-a-allow-backend-database, sel=LabelSet(labels={'app': 'app-a', 'role': 'backend'}), allow=[
(LabelSet(labels={'app': 'app-a', 'role': 'database'}), Traffic(direction=ingress, port=80, protocol=TCP)) 
])
2025-07-31 09:06:47,839 [INFO] matcher - PLS: Configuring new spol Policy(name=app-a-allow-backend-database, sel=LabelSet(labels={'app': 'app-a', 'role': 'backend'}), allow=[
(LabelSet(labels={'app': 'app-a', 'role': 'database'}), Traffic(direction=egress, port=80, protocol=TCP)) 
])
2025-07-31 09:06:47,904 [INFO] security_group_module - Attaching security group SG-app:app-crole:backend to instance worker-1
2025-07-31 09:06:48,187 [INFO] kopf.objects - Handler 'handle_new_pod/spec.nodeName' succeeded.
2025-07-31 09:06:48,190 [INFO] kopf.objects - Creation is processed: 1 succeeded; 0 failed.
2025-07-31 09:06:48,223 [INFO] matcher - PLS: Configuring new pod with labelset: {L}
2025-07-31 09:06:48,224 [INFO] matcher - PLS: Configuring new spol Policy(name=app-b-allow-backend-database, sel=LabelSet(labels={'app': 'app-b', 'role': 'backend'}), allow=[
(LabelSet(labels={'app': 'app-b', 'role': 'database'}), Traffic(direction=egress, port=80, protocol=TCP)) 
])
2025-07-31 09:06:48,224 [INFO] matcher - Adding Security Group for select labelset: LabelSet(labels={'app': 'app-b', 'role': 'backend'})
2025-07-31 09:06:48,224 [INFO] matcher - Adding Security Group for allow labelset: LabelSet(labels={'app': 'app-b', 'role': 'database'})
2025-07-31 09:06:48,224 [INFO] security_group_module - SGMod: Adding rule to SG-app:app-brole:backend, remote SG-app:app-brole:database, port 80, type egress
2025-07-31 09:06:48,346 [INFO] kopf.objects - Handler 'handle_new_pod/spec.nodeName' succeeded.
2025-07-31 09:06:48,347 [INFO] kopf.objects - Creation is processed: 1 succeeded; 0 failed.
2025-07-31 09:06:48,374 [INFO] security_group_module - Cannot add rule to remotes: Security group rule already exists. Rule id is 51a1f373-055b-4657-bb8f-05903920e30c.
Neutron server returns request_ids: ['req-22077afa-c288-46bd-9cb0-f437e2fdd7e7']
2025-07-31 09:06:48,374 [INFO] matcher - PLS: Configuring new spol Policy(name=app-b-allow-backend-database, sel=LabelSet(labels={'app': 'app-b', 'role': 'backend'}), allow=[
(LabelSet(labels={'app': 'app-b', 'role': 'database'}), Traffic(direction=ingress, port=80, protocol=TCP)) 
])
2025-07-31 09:06:48,374 [INFO] matcher - Adding Security Group for select labelset: LabelSet(labels={'app': 'app-b', 'role': 'backend'})
2025-07-31 09:06:48,374 [INFO] matcher - Adding Security Group for allow labelset: LabelSet(labels={'app': 'app-b', 'role': 'database'})
2025-07-31 09:06:48,374 [INFO] security_group_module - SGMod: Adding rule to SG-app:app-brole:backend, remote SG-app:app-brole:database, port 80, type ingress
2025-07-31 09:06:48,400 [INFO] matcher - PLS: Configuring new pod with labelset: {L}
2025-07-31 09:06:48,400 [INFO] matcher - PLS: Configuring new spol Policy(name=app-c-allow-database-backend, sel=LabelSet(labels={'app': 'app-c', 'role': 'database'}), allow=[
(LabelSet(labels={'app': 'app-c', 'role': 'backend'}), Traffic(direction=egress, port=80, protocol=TCP)) 
])
2025-07-31 09:06:48,401 [INFO] matcher - Adding Security Group for select labelset: LabelSet(labels={'app': 'app-c', 'role': 'database'})
2025-07-31 09:06:48,401 [INFO] matcher - Adding Security Group for allow labelset: LabelSet(labels={'app': 'app-c', 'role': 'backend'})
2025-07-31 09:06:48,401 [INFO] security_group_module - SGMod: Adding rule to SG-app:app-crole:database, remote SG-app:app-crole:backend, port 80, type egress
2025-07-31 09:06:48,447 [INFO] security_group_module - SG-app:app-arole:database already attached to worker-1
2025-07-31 09:06:48,452 [INFO] kopf.objects - Handler 'handle_new_pod/spec.nodeName' succeeded.
2025-07-31 09:06:48,453 [INFO] kopf.objects - Creation is processed: 1 succeeded; 0 failed.
2025-07-31 09:06:48,482 [INFO] matcher - PLS: Configuring new pod with labelset: {L}
2025-07-31 09:06:48,482 [INFO] matcher - PLS: Configuring new spol Policy(name=app-a-allow-backend-frontend, sel=LabelSet(labels={'app': 'app-a', 'role': 'backend'}), allow=[
(LabelSet(labels={'app': 'app-a', 'role': 'frontend'}), Traffic(direction=ingress, port=80, protocol=TCP)) 
])
2025-07-31 09:06:48,482 [INFO] matcher - Adding Security Group for select labelset: LabelSet(labels={'app': 'app-a', 'role': 'backend'})
2025-07-31 09:06:48,482 [INFO] matcher - Adding Security Group for allow labelset: LabelSet(labels={'app': 'app-a', 'role': 'frontend'})
2025-07-31 09:06:48,482 [INFO] security_group_module - SGMod: Adding rule to SG-app:app-arole:backend, remote SG-app:app-arole:frontend, port 80, type ingress
2025-07-31 09:06:48,496 [INFO] security_group_module - Cannot add rule to remotes: Security group rule already exists. Rule id is 1d553509-0c21-4af2-bab2-15024ea21e34.
Neutron server returns request_ids: ['req-dca45361-b6ce-4f30-a2a6-dbaea5f5091e']
2025-07-31 09:06:48,496 [INFO] matcher - PLS: Configuring new spol Policy(name=app-b-allow-database-backend, sel=LabelSet(labels={'app': 'app-b', 'role': 'database'}), allow=[
(LabelSet(labels={'app': 'app-b', 'role': 'backend'}), Traffic(direction=egress, port=80, protocol=TCP)) 
])
2025-07-31 09:06:48,496 [INFO] matcher - Adding Security Group for select labelset: LabelSet(labels={'app': 'app-b', 'role': 'database'})
2025-07-31 09:06:48,497 [INFO] matcher - Adding Security Group for allow labelset: LabelSet(labels={'app': 'app-b', 'role': 'backend'})
2025-07-31 09:06:48,497 [INFO] security_group_module - SGMod: Adding rule to SG-app:app-brole:database, remote SG-app:app-brole:backend, port 80, type egress
2025-07-31 09:06:48,582 [INFO] matcher - PLS: Configuring new spol Policy(name=app-c-allow-backend-database, sel=LabelSet(labels={'app': 'app-c', 'role': 'backend'}), allow=[
(LabelSet(labels={'app': 'app-c', 'role': 'database'}), Traffic(direction=egress, port=80, protocol=TCP)) 
])
2025-07-31 09:06:48,582 [INFO] matcher - Adding Security Group for select labelset: LabelSet(labels={'app': 'app-c', 'role': 'backend'})
2025-07-31 09:06:48,582 [INFO] matcher - Adding Security Group for allow labelset: LabelSet(labels={'app': 'app-c', 'role': 'database'})
2025-07-31 09:06:48,582 [INFO] security_group_module - SGMod: Adding rule to SG-app:app-crole:backend, remote SG-app:app-crole:database, port 80, type egress
2025-07-31 09:06:48,973 [INFO] matcher - PLS: Configuring new spol Policy(name=app-b-allow-database-backend, sel=LabelSet(labels={'app': 'app-b', 'role': 'database'}), allow=[
(LabelSet(labels={'app': 'app-b', 'role': 'backend'}), Traffic(direction=ingress, port=80, protocol=TCP)) 
])
2025-07-31 09:06:48,974 [INFO] matcher - Adding Security Group for select labelset: LabelSet(labels={'app': 'app-b', 'role': 'database'})
2025-07-31 09:06:48,974 [INFO] matcher - Adding Security Group for allow labelset: LabelSet(labels={'app': 'app-b', 'role': 'backend'})
2025-07-31 09:06:48,977 [INFO] security_group_module - SGMod: Adding rule to SG-app:app-brole:database, remote SG-app:app-brole:backend, port 80, type ingress
2025-07-31 09:06:48,991 [INFO] security_group_module - Cannot add rule to remotes: Security group rule already exists. Rule id is a24a919a-04ef-42cd-b058-9acf0ffebdc9.
Neutron server returns request_ids: ['req-cd41f9ee-a59f-48c5-864b-c3a31111c311']
2025-07-31 09:06:48,992 [INFO] matcher - PLS: Configuring new spol Policy(name=app-c-allow-database-backend, sel=LabelSet(labels={'app': 'app-c', 'role': 'database'}), allow=[
(LabelSet(labels={'app': 'app-c', 'role': 'backend'}), Traffic(direction=ingress, port=80, protocol=TCP)) 
])
2025-07-31 09:06:48,992 [INFO] matcher - Adding Security Group for select labelset: LabelSet(labels={'app': 'app-c', 'role': 'database'})
2025-07-31 09:06:48,992 [INFO] matcher - Adding Security Group for allow labelset: LabelSet(labels={'app': 'app-c', 'role': 'backend'})
2025-07-31 09:06:48,992 [INFO] security_group_module - SGMod: Adding rule to SG-app:app-crole:database, remote SG-app:app-crole:backend, port 80, type ingress
2025-07-31 09:06:49,012 [INFO] matcher - PLS: Configuring new spol Policy(name=app-a-allow-backend-database, sel=LabelSet(labels={'app': 'app-a', 'role': 'backend'}), allow=[
(LabelSet(labels={'app': 'app-a', 'role': 'database'}), Traffic(direction=egress, port=80, protocol=TCP)) 
])
2025-07-31 09:06:49,012 [INFO] matcher - Adding Security Group for select labelset: LabelSet(labels={'app': 'app-a', 'role': 'backend'})
2025-07-31 09:06:49,012 [INFO] matcher - Adding Security Group for allow labelset: LabelSet(labels={'app': 'app-a', 'role': 'database'})
2025-07-31 09:06:49,012 [INFO] security_group_module - SGMod: Adding rule to SG-app:app-arole:backend, remote SG-app:app-arole:database, port 80, type egress
2025-07-31 09:06:49,117 [INFO] matcher - PLS: Configuring new spol Policy(name=app-c-allow-backend-database, sel=LabelSet(labels={'app': 'app-c', 'role': 'backend'}), allow=[
(LabelSet(labels={'app': 'app-c', 'role': 'database'}), Traffic(direction=ingress, port=80, protocol=TCP)) 
])
2025-07-31 09:06:49,117 [INFO] matcher - Adding Security Group for select labelset: LabelSet(labels={'app': 'app-c', 'role': 'backend'})
2025-07-31 09:06:49,118 [INFO] matcher - Adding Security Group for allow labelset: LabelSet(labels={'app': 'app-c', 'role': 'database'})
2025-07-31 09:06:49,118 [INFO] security_group_module - SGMod: Adding rule to SG-app:app-crole:backend, remote SG-app:app-crole:database, port 80, type ingress
2025-07-31 09:06:49,161 [INFO] matcher - PLS: Configuring new spol Policy(name=app-a-allow-backend-frontend, sel=LabelSet(labels={'app': 'app-a', 'role': 'backend'}), allow=[
(LabelSet(labels={'app': 'app-a', 'role': 'frontend'}), Traffic(direction=egress, port=80, protocol=TCP)) 
])
2025-07-31 09:06:49,161 [INFO] matcher - Adding Security Group for select labelset: LabelSet(labels={'app': 'app-a', 'role': 'backend'})
2025-07-31 09:06:49,161 [INFO] matcher - Adding Security Group for allow labelset: LabelSet(labels={'app': 'app-a', 'role': 'frontend'})
2025-07-31 09:06:49,161 [INFO] security_group_module - SGMod: Adding rule to SG-app:app-arole:backend, remote SG-app:app-arole:frontend, port 80, type egress
2025-07-31 09:06:49,242 [INFO] security_group_module - Cannot add rule to remotes: Security group rule already exists. Rule id is 3a4f3b70-531e-4e2c-ae71-47490b3e232b.
Neutron server returns request_ids: ['req-1a133f83-b70e-4aad-ac55-c204d7bea3ec']
2025-07-31 09:06:49,373 [INFO] matcher - PLS: Configuring new spol Policy(name=app-a-allow-backend-database, sel=LabelSet(labels={'app': 'app-a', 'role': 'backend'}), allow=[
(LabelSet(labels={'app': 'app-a', 'role': 'database'}), Traffic(direction=ingress, port=80, protocol=TCP)) 
])
2025-07-31 09:06:49,373 [INFO] matcher - Adding Security Group for select labelset: LabelSet(labels={'app': 'app-a', 'role': 'backend'})
2025-07-31 09:06:49,374 [INFO] matcher - Adding Security Group for allow labelset: LabelSet(labels={'app': 'app-a', 'role': 'database'})
2025-07-31 09:06:49,374 [INFO] security_group_module - SGMod: Adding rule to SG-app:app-arole:backend, remote SG-app:app-arole:database, port 80, type ingress
2025-07-31 09:06:49,435 [INFO] security_group_module - Attaching security group SG-app:app-brole:database to instance worker-1
2025-07-31 09:06:49,451 [INFO] security_group_module - Attaching security group SG-app:app-crole:database to instance worker-1
2025-07-31 09:06:49,514 [INFO] matcher - PLS: Configuring new spol Policy(name=app-a-allow-frontend-backend, sel=LabelSet(labels={'app': 'app-a', 'role': 'frontend'}), allow=[
(LabelSet(labels={'app': 'app-a', 'role': 'backend'}), Traffic(direction=ingress, port=80, protocol=TCP)) 
])
2025-07-31 09:06:49,514 [INFO] matcher - Adding Security Group for select labelset: LabelSet(labels={'app': 'app-a', 'role': 'frontend'})
2025-07-31 09:06:49,514 [INFO] matcher - Adding Security Group for allow labelset: LabelSet(labels={'app': 'app-a', 'role': 'backend'})
2025-07-31 09:06:49,514 [INFO] security_group_module - SGMod: Adding rule to SG-app:app-arole:frontend, remote SG-app:app-arole:backend, port 80, type ingress
2025-07-31 09:06:49,620 [INFO] security_group_module - Cannot add rule to remotes: Security group rule already exists. Rule id is ed801cd4-fd60-4226-ac88-07f2d2853006.
Neutron server returns request_ids: ['req-5fb5d105-3a27-4299-adc9-28e2134b0093']
2025-07-31 09:06:49,621 [INFO] matcher - PLS: Configuring new spol Policy(name=app-a-allow-frontend-backend, sel=LabelSet(labels={'app': 'app-a', 'role': 'frontend'}), allow=[
(LabelSet(labels={'app': 'app-a', 'role': 'backend'}), Traffic(direction=egress, port=80, protocol=TCP)) 
])
2025-07-31 09:06:49,621 [INFO] matcher - Adding Security Group for select labelset: LabelSet(labels={'app': 'app-a', 'role': 'frontend'})
2025-07-31 09:06:49,622 [INFO] matcher - Adding Security Group for allow labelset: LabelSet(labels={'app': 'app-a', 'role': 'backend'})
2025-07-31 09:06:49,624 [INFO] security_group_module - SGMod: Adding rule to SG-app:app-arole:frontend, remote SG-app:app-arole:backend, port 80, type egress
2025-07-31 09:06:49,732 [INFO] security_group_module - Cannot add rule to remotes: Security group rule already exists. Rule id is fe0b6d26-9055-45f9-bcbc-a62096640605.
Neutron server returns request_ids: ['req-bfc22462-4749-47b4-9e9e-a4d7c61b1b99']
2025-07-31 09:06:49,733 [INFO] matcher - PLS: Configuring new spol Policy(name=app-a-allow-database-backend, sel=LabelSet(labels={'app': 'app-a', 'role': 'database'}), allow=[
(LabelSet(labels={'app': 'app-a', 'role': 'backend'}), Traffic(direction=ingress, port=80, protocol=TCP)) 
])
2025-07-31 09:06:49,733 [INFO] matcher - Adding Security Group for select labelset: LabelSet(labels={'app': 'app-a', 'role': 'database'})
2025-07-31 09:06:49,733 [INFO] matcher - Adding Security Group for allow labelset: LabelSet(labels={'app': 'app-a', 'role': 'backend'})
2025-07-31 09:06:49,734 [INFO] security_group_module - SGMod: Adding rule to SG-app:app-arole:database, remote SG-app:app-arole:backend, port 80, type ingress
2025-07-31 09:06:49,801 [INFO] kopf.objects - Handler 'handle_new_pod/spec.nodeName' succeeded.
2025-07-31 09:06:49,801 [INFO] kopf.objects - Creation is processed: 1 succeeded; 0 failed.
2025-07-31 09:06:49,821 [INFO] kopf.objects - Handler 'handle_new_pod/spec.nodeName' succeeded.
2025-07-31 09:06:49,822 [INFO] kopf.objects - Creation is processed: 1 succeeded; 0 failed.
2025-07-31 09:06:49,836 [INFO] kopf.objects - Handler 'handle_new_pod/spec.nodeName' succeeded.
2025-07-31 09:06:49,837 [INFO] kopf.objects - Creation is processed: 1 succeeded; 0 failed.
2025-07-31 09:06:49,846 [INFO] security_group_module - Cannot add rule to remotes: Security group rule already exists. Rule id is 42fe66b0-a34d-4b10-847d-f450efac209d.
Neutron server returns request_ids: ['req-c080e2b6-fed3-4bdb-8a99-0d5639bf3443']
2025-07-31 09:06:49,847 [INFO] matcher - PLS: Configuring new spol Policy(name=app-a-allow-database-backend, sel=LabelSet(labels={'app': 'app-a', 'role': 'database'}), allow=[
(LabelSet(labels={'app': 'app-a', 'role': 'backend'}), Traffic(direction=egress, port=80, protocol=TCP)) 
])
2025-07-31 09:06:49,847 [INFO] matcher - Adding Security Group for select labelset: LabelSet(labels={'app': 'app-a', 'role': 'database'})
2025-07-31 09:06:49,848 [INFO] matcher - Adding Security Group for allow labelset: LabelSet(labels={'app': 'app-a', 'role': 'backend'})
2025-07-31 09:06:49,851 [INFO] security_group_module - SGMod: Adding rule to SG-app:app-arole:database, remote SG-app:app-arole:backend, port 80, type egress
2025-07-31 09:06:49,853 [INFO] kopf.objects - Handler 'handle_new_pod/spec.nodeName' succeeded.
2025-07-31 09:06:49,853 [INFO] kopf.objects - Creation is processed: 1 succeeded; 0 failed.
2025-07-31 09:06:49,871 [INFO] kopf.objects - Handler 'handle_new_pod/spec.nodeName' succeeded.
2025-07-31 09:06:49,872 [INFO] kopf.objects - Creation is processed: 1 succeeded; 0 failed.
[131424120207040] Handling pod test-pod-10, locking app:app-arole:backend, app:app-arole:database, app:app-arole:frontend,  ...
New pod test-pod-13! old_node = None, new_node = worker-1.
Handling the new pod object: Pod(name=test-pod-13, label_set=LabelSet(labels={'app': 'app-b', 'role': 'backend'}), node=Node(name=worker-1)
[131424111814336] Handling pod test-pod-13, locking app:app-brole:backend, app:app-brole:frontend, app:app-brole:database,  ...
New pod test-pod-12! old_node = None, new_node = worker-1.
Handling the new pod object: Pod(name=test-pod-12, label_set=LabelSet(labels={'app': 'app-b', 'role': 'frontend'}), node=Node(name=worker-1)
[131424103421632] Handling pod test-pod-12, locking app:app-brole:backend, app:app-brole:frontend,  ...
New pod test-pod-15! old_node = None, new_node = worker-1.
Handling the new pod object: Pod(name=test-pod-15, label_set=LabelSet(labels={'app': 'app-c', 'role': 'frontend'}), node=Node(name=worker-1)
[131424095028928] Handling pod test-pod-15, locking app:app-crole:frontend, app:app-crole:backend,  ...
New pod test-pod-11! old_node = None, new_node = worker-1.
Handling the new pod object: Pod(name=test-pod-11, label_set=LabelSet(labels={'app': 'app-a', 'role': 'database'}), node=Node(name=worker-1)
[131424086636224] Handling pod test-pod-11, locking app:app-arole:backend, app:app-arole:database,  ...
New pod test-pod-16! old_node = None, new_node = worker-1.
Handling the new pod object: Pod(name=test-pod-16, label_set=LabelSet(labels={'app': 'app-c', 'role': 'backend'}), node=Node(name=worker-1)
[131424078243520] Handling pod test-pod-16, locking app:app-crole:frontend, app:app-crole:backend, app:app-crole:database,  ...
New pod test-pod-18! old_node = None, new_node = worker-1.
Handling the new pod object: Pod(name=test-pod-18, label_set=LabelSet(labels={'app': 'app-a', 'role': 'frontend'}), node=Node(name=worker-1)
[131424069850816] Handling pod test-pod-18, locking app:app-arole:backend, app:app-arole:frontend,  ...
New pod test-pod-14! old_node = None, new_node = worker-1.
Handling the new pod object: Pod(name=test-pod-14, label_set=LabelSet(labels={'app': 'app-b', 'role': 'database'}), node=Node(name=worker-1)
[131423583336128] Handling pod test-pod-14, locking app:app-brole:backend, app:app-brole:database,  ...
New pod test-pod-17! old_node = None, new_node = worker-1.
Handling the new pod object: Pod(name=test-pod-17, label_set=LabelSet(labels={'app': 'app-c', 'role': 'database'}), node=Node(name=worker-1)
[131423574943424] Handling pod test-pod-17, locking app:app-crole:backend, app:app-crole:database,  ...
New pod test-pod-19! old_node = None, new_node = worker-1.
Handling the new pod object: Pod(name=test-pod-19, label_set=LabelSet(labels={'app': 'app-a', 'role': 'backend'}), node=Node(name=worker-1)
[131423566550720] Handling pod test-pod-19, locking app:app-arole:backend, app:app-arole:database, app:app-arole:frontend,  ...
[131424631899840] Pod test-pod-6 handled. Released locks for: app:app-crole:frontend, app:app-crole:backend, 
New pod test-pod-21! old_node = None, new_node = worker-1.
Handling the new pod object: Pod(name=test-pod-21, label_set=LabelSet(labels={'app': 'app-b', 'role': 'frontend'}), node=Node(name=worker-1)
[131424631899840] Handling pod test-pod-21, locking app:app-brole:backend, app:app-brole:frontend,  ...
New pod: test-pod-7, on node: worker-1
[131424892069568] Pod test-pod-0 handled. Released locks for: app:app-arole:backend, app:app-arole:frontend, 
New pod test-pod-23! old_node = None, new_node = worker-1.
Handling the new pod object: Pod(name=test-pod-23, label_set=LabelSet(labels={'app': 'app-b', 'role': 'database'}), node=Node(name=worker-1)
[131424892069568] Handling pod test-pod-23, locking app:app-brole:backend, app:app-brole:database,  ...
New pod: test-pod-2, on node: worker-1
[131424657077952] Pod test-pod-3 handled. Released locks for: app:app-brole:backend, app:app-brole:frontend, 
New pod: test-pod-4, on node: worker-1
New pod test-pod-20! old_node = None, new_node = worker-1.
Handling the new pod object: Pod(name=test-pod-20, label_set=LabelSet(labels={'app': 'app-a', 'role': 'database'}), node=Node(name=worker-1)
[131424657077952] Handling pod test-pod-20, locking app:app-arole:backend, app:app-arole:database,  ...
[131424648685248] Pod test-pod-4 handled. Released locks for: app:app-brole:backend, app:app-brole:frontend, app:app-brole:database, 
New pod: test-pod-5, on node: worker-1
New pod test-pod-22! old_node = None, new_node = worker-1.
Handling the new pod object: Pod(name=test-pod-22, label_set=LabelSet(labels={'app': 'app-b', 'role': 'backend'}), node=Node(name=worker-1)
[131424648685248] Handling pod test-pod-22, locking app:app-brole:backend, app:app-brole:frontend, app:app-brole:database,  ...
[131424623507136] Pod test-pod-7 handled. Released locks for: app:app-crole:frontend, app:app-crole:backend, app:app-crole:database, 
New pod test-pod-24! old_node = None, new_node = worker-1.
Handling the new pod object: Pod(name=test-pod-24, label_set=LabelSet(labels={'app': 'app-c', 'role': 'frontend'}), node=Node(name=worker-1)
[131424623507136] Handling pod test-pod-24, locking app:app-crole:frontend, app:app-crole:backend,  ...
New pod: test-pod-8, on node: worker-1
[131424878433984] Pod test-pod-2 handled. Released locks for: app:app-arole:backend, app:app-arole:database, 
New pod test-pod-25! old_node = None, new_node = worker-1.
Handling the new pod object: Pod(name=test-pod-25, label_set=LabelSet(labels={'app': 'app-c', 'role': 'backend'}), node=Node(name=worker-1)
[131424878433984] Handling pod test-pod-25, locking app:app-crole:frontend, app:app-crole:backend, app:app-crole:database,  ...
New pod: test-pod-1, on node: worker-1
[131424640292544] Pod test-pod-5 handled. Released locks for: app:app-brole:backend, app:app-brole:database, 
New pod: test-pod-13, on node: worker-1
New pod test-pod-26! old_node = None, new_node = worker-1.
Handling the new pod object: Pod(name=test-pod-26, label_set=LabelSet(labels={'app': 'app-c', 'role': 'database'}), node=Node(name=worker-1)
[131424640292544] Handling pod test-pod-26, locking app:app-crole:backend, app:app-crole:database,  ...
[131424111814336] Pod test-pod-13 handled. Released locks for: app:app-brole:backend, app:app-brole:frontend, app:app-brole:database, 
New pod test-pod-27! old_node = None, new_node = worker-1.
Handling the new pod object: Pod(name=test-pod-27, label_set=LabelSet(labels={'app': 'app-a', 'role': 'frontend'}), node=Node(name=worker-1)
[131424111814336] Handling pod test-pod-27, locking app:app-arole:backend, app:app-arole:frontend,  ...
New pod: test-pod-12, on node: worker-1
[131424103421632] Pod test-pod-12 handled. Released locks for: app:app-brole:backend, app:app-brole:frontend, 
New pod test-pod-29! old_node = None, new_node = worker-1.
Handling the new pod object: Pod(name=test-pod-29, label_set=LabelSet(labels={'app': 'app-a', 'role': 'database'}), node=Node(name=worker-1)
[131424103421632] Handling pod test-pod-29, locking app:app-arole:backend, app:app-arole:database,  ...
New pod: test-pod-14, on node: worker-1
[131423583336128] Pod test-pod-14 handled. Released locks for: app:app-brole:backend, app:app-brole:database, 
New pod test-pod-30! old_node = None, new_node = worker-1.
Handling the new pod object: Pod(name=test-pod-30, label_set=LabelSet(labels={'app': 'app-b', 'role': 'frontend'}), node=Node(name=worker-1)
[131423583336128] Handling pod test-pod-30, locking app:app-brole:backend, app:app-brole:frontend,  ...
New pod: test-pod-21, on node: worker-1
[131424631899840] Pod test-pod-21 handled. Released locks for: app:app-brole:backend, app:app-brole:frontend, 
New pod test-pod-31! old_node = None, new_node = worker-1.
Handling the new pod object: Pod(name=test-pod-31, label_set=LabelSet(labels={'app': 'app-b', 'role': 'backend'}), node=Node(name=worker-1)
[131424631899840] Handling pod test-pod-31, locking app:app-brole:backend, app:app-brole:frontend, app:app-brole:database,  ...
New pod: test-pod-31, on node: worker-1
2025-07-31 09:06:49,887 [INFO] kopf.objects - Handler 'handle_new_pod/spec.nodeName' succeeded.
2025-07-31 09:06:49,888 [INFO] kopf.objects - Creation is processed: 1 succeeded; 0 failed.
2025-07-31 09:06:49,905 [INFO] kopf.objects - Handler 'handle_new_pod/spec.nodeName' succeeded.
2025-07-31 09:06:49,907 [INFO] kopf.objects - Creation is processed: 1 succeeded; 0 failed.
2025-07-31 09:06:49,920 [INFO] kopf.objects - Handler 'handle_new_pod/spec.nodeName' succeeded.
2025-07-31 09:06:49,921 [INFO] kopf.objects - Creation is processed: 1 succeeded; 0 failed.
2025-07-31 09:06:49,935 [INFO] kopf.objects - Handler 'handle_new_pod/spec.nodeName' succeeded.
2025-07-31 09:06:49,936 [INFO] kopf.objects - Creation is processed: 1 succeeded; 0 failed.
2025-07-31 09:06:49,969 [INFO] security_group_module - Cannot add rule to remotes: Security group rule already exists. Rule id is 17174fb8-42d5-4b8b-93e5-3cbd4d079624.
Neutron server returns request_ids: ['req-0ec7ac61-a76a-4b4b-b575-ae1ddf3a687f']
2025-07-31 09:06:49,973 [INFO] kopf.objects - Handler 'handle_new_pod/spec.nodeName' succeeded.
2025-07-31 09:06:49,975 [INFO] kopf.objects - Creation is processed: 1 succeeded; 0 failed.
2025-07-31 09:06:50,123 [INFO] kopf.objects - Handler 'handle_new_pod/spec.nodeName' succeeded.
2025-07-31 09:06:50,124 [INFO] kopf.objects - Creation is processed: 1 succeeded; 0 failed.
2025-07-31 09:06:50,148 [INFO] kopf.objects - Handler 'handle_new_pod/spec.nodeName' succeeded.
2025-07-31 09:06:50,148 [INFO] kopf.objects - Creation is processed: 1 succeeded; 0 failed.
2025-07-31 09:06:50,163 [INFO] kopf.objects - Handler 'handle_new_pod/spec.nodeName' succeeded.
2025-07-31 09:06:50,163 [INFO] kopf.objects - Creation is processed: 1 succeeded; 0 failed.
2025-07-31 09:06:50,179 [INFO] kopf.objects - Handler 'handle_new_pod/spec.nodeName' succeeded.
2025-07-31 09:06:50,179 [INFO] kopf.objects - Creation is processed: 1 succeeded; 0 failed.
2025-07-31 09:06:50,193 [INFO] kopf.objects - Handler 'handle_new_pod/spec.nodeName' succeeded.
2025-07-31 09:06:50,194 [INFO] kopf.objects - Creation is processed: 1 succeeded; 0 failed.
2025-07-31 09:06:50,197 [INFO] kopf.objects - Handler 'handle_new_pod/spec.nodeName' succeeded.
2025-07-31 09:06:50,199 [INFO] kopf.objects - Creation is processed: 1 succeeded; 0 failed.
2025-07-31 09:06:50,222 [INFO] kopf.objects - Handler 'handle_new_pod/spec.nodeName' succeeded.
2025-07-31 09:06:50,222 [INFO] kopf.objects - Creation is processed: 1 succeeded; 0 failed.
2025-07-31 09:06:50,224 [INFO] kopf.objects - Handler 'handle_new_pod/spec.nodeName' succeeded.
2025-07-31 09:06:50,224 [INFO] kopf.objects - Creation is processed: 1 succeeded; 0 failed.
2025-07-31 09:06:50,235 [INFO] kopf.objects - Handler 'handle_new_pod/spec.nodeName' succeeded.
2025-07-31 09:06:50,235 [INFO] kopf.objects - Creation is processed: 1 succeeded; 0 failed.
2025-07-31 09:06:50,239 [INFO] kopf.objects - Handler 'handle_new_pod/spec.nodeName' succeeded.
2025-07-31 09:06:50,239 [INFO] kopf.objects - Creation is processed: 1 succeeded; 0 failed.
2025-07-31 09:06:50,255 [INFO] kopf.objects - Handler 'handle_new_pod/spec.nodeName' succeeded.
2025-07-31 09:06:50,256 [INFO] kopf.objects - Creation is processed: 1 succeeded; 0 failed.
2025-07-31 09:06:50,272 [INFO] kopf.objects - Handler 'handle_new_pod/spec.nodeName' succeeded.
2025-07-31 09:06:50,273 [INFO] kopf.objects - Creation is processed: 1 succeeded; 0 failed.
[131424631899840] Pod test-pod-31 handled. Released locks for: app:app-brole:backend, app:app-brole:frontend, app:app-brole:database, 
New pod test-pod-28! old_node = None, new_node = worker-1.
Handling the new pod object: Pod(name=test-pod-28, label_set=LabelSet(labels={'app': 'app-a', 'role': 'backend'}), node=Node(name=worker-1)
[131424631899840] Handling pod test-pod-28, locking app:app-arole:backend, app:app-arole:database, app:app-arole:frontend,  ...
[131424648685248] Pod test-pod-22 handled. Released locks for: app:app-brole:backend, app:app-brole:frontend, app:app-brole:database, 
New pod test-pod-33! old_node = None, new_node = worker-1.
Handling the new pod object: Pod(name=test-pod-33, label_set=LabelSet(labels={'app': 'app-c', 'role': 'frontend'}), node=Node(name=worker-1)
[131424648685248] Handling pod test-pod-33, locking app:app-crole:frontend, app:app-crole:backend,  ...
New pod: test-pod-30, on node: worker-1
[131423583336128] Pod test-pod-30 handled. Released locks for: app:app-brole:backend, app:app-brole:frontend, 
New pod test-pod-34! old_node = None, new_node = worker-1.
Handling the new pod object: Pod(name=test-pod-34, label_set=LabelSet(labels={'app': 'app-c', 'role': 'backend'}), node=Node(name=worker-1)
[131423583336128] Handling pod test-pod-34, locking app:app-crole:frontend, app:app-crole:backend, app:app-crole:database,  ...
New pod: test-pod-23, on node: worker-1
[131424892069568] Pod test-pod-23 handled. Released locks for: app:app-brole:backend, app:app-brole:database, 
New pod test-pod-32! old_node = None, new_node = worker-1.
Handling the new pod object: Pod(name=test-pod-32, label_set=LabelSet(labels={'app': 'app-b', 'role': 'database'}), node=Node(name=worker-1)
[131424892069568] Handling pod test-pod-32, locking app:app-brole:backend, app:app-brole:database,  ...
New pod: test-pod-32, on node: worker-1
[131424892069568] Pod test-pod-32 handled. Released locks for: app:app-brole:backend, app:app-brole:database, 
New pod test-pod-35! old_node = None, new_node = worker-1.
Handling the new pod object: Pod(name=test-pod-35, label_set=LabelSet(labels={'app': 'app-c', 'role': 'database'}), node=Node(name=worker-1)
[131424892069568] Handling pod test-pod-35, locking app:app-crole:backend, app:app-crole:database,  ...
[131424615114432] Pod test-pod-8 handled. Released locks for: app:app-crole:backend, app:app-crole:database, 
New pod test-pod-36! old_node = None, new_node = worker-1.
Handling the new pod object: Pod(name=test-pod-36, label_set=LabelSet(labels={'app': 'app-a', 'role': 'frontend'}), node=Node(name=worker-1)
[131424615114432] Handling pod test-pod-36, locking app:app-arole:backend, app:app-arole:frontend,  ...
New pod: test-pod-15, on node: worker-1
[131424095028928] Pod test-pod-15 handled. Released locks for: app:app-crole:frontend, app:app-crole:backend, 
New pod test-pod-37! old_node = None, new_node = worker-1.
Handling the new pod object: Pod(name=test-pod-37, label_set=LabelSet(labels={'app': 'app-a', 'role': 'backend'}), node=Node(name=worker-1)
[131424095028928] Handling pod test-pod-37, locking app:app-arole:backend, app:app-arole:database, app:app-arole:frontend,  ...
New pod: test-pod-16, on node: worker-1
[131424078243520] Pod test-pod-16 handled. Released locks for: app:app-crole:frontend, app:app-crole:backend, app:app-crole:database, 
New pod test-pod-38! old_node = None, new_node = worker-1.
Handling the new pod object: Pod(name=test-pod-38, label_set=LabelSet(labels={'app': 'app-a', 'role': 'database'}), node=Node(name=worker-1)
[131424078243520] Handling pod test-pod-38, locking app:app-arole:backend, app:app-arole:database,  ...
New pod: test-pod-17, on node: worker-1
[131423574943424] Pod test-pod-17 handled. Released locks for: app:app-crole:backend, app:app-crole:database, 
New pod: test-pod-24, on node: worker-1
New pod test-pod-39! old_node = None, new_node = worker-1.
Handling the new pod object: Pod(name=test-pod-39, label_set=LabelSet(labels={'app': 'app-b', 'role': 'frontend'}), node=Node(name=worker-1)
[131423574943424] Handling pod test-pod-39, locking app:app-brole:backend, app:app-brole:frontend,  ...
New pod: test-pod-39, on node: worker-1
[131423574943424] Pod test-pod-39 handled. Released locks for: app:app-brole:backend, app:app-brole:frontend, 
New pod test-pod-40! old_node = None, new_node = worker-1.
Handling the new pod object: Pod(name=test-pod-40, label_set=LabelSet(labels={'app': 'app-b', 'role': 'backend'}), node=Node(name=worker-1)
[131423574943424] Handling pod test-pod-40, locking app:app-brole:backend, app:app-brole:frontend, app:app-brole:database,  ...
New pod: test-pod-40, on node: worker-1
[131424623507136] Pod test-pod-24 handled. Released locks for: app:app-crole:frontend, app:app-crole:backend, 
New pod test-pod-41! old_node = None, new_node = worker-1.
Handling the new pod object: Pod(name=test-pod-41, label_set=LabelSet(labels={'app': 'app-b', 'role': 'database'}), node=Node(name=worker-1)
[131424623507136] Handling pod test-pod-41, locking app:app-brole:backend, app:app-brole:database,  ...
New pod: test-pod-25, on node: worker-1
[131424878433984] Pod test-pod-25 handled. Released locks for: app:app-crole:frontend, app:app-crole:backend, app:app-crole:database, 
New pod: test-pod-26, on node: worker-1
New pod test-pod-42! old_node = None, new_node = worker-1.
Handling the new pod object: Pod(name=test-pod-42, label_set=LabelSet(labels={'app': 'app-c', 'role': 'frontend'}), node=Node(name=worker-1)
[131424878433984] Handling pod test-pod-42, locking app:app-crole:frontend, app:app-crole:backend,  ...
[131423574943424] Pod test-pod-40 handled. Released locks for: app:app-brole:backend, app:app-brole:frontend, app:app-brole:database, 
New pod test-pod-43! old_node = None, new_node = worker-1.
Handling the new pod object: Pod(name=test-pod-43, label_set=LabelSet(labels={'app': 'app-c', 'role': 'backend'}), node=Node(name=worker-1)
[131423574943424] Handling pod test-pod-43, locking app:app-crole:frontend, app:app-crole:backend, app:app-crole:database,  ...
New pod: test-pod-41, on node: worker-1
[131424640292544] Pod test-pod-26 handled. Released locks for: app:app-crole:backend, app:app-crole:database, 
New pod: test-pod-33, on node: worker-1
New pod test-pod-44! old_node = None, new_node = worker-1.
Handling the new pod object: Pod(name=test-pod-44, label_set=LabelSet(labels={'app': 'app-c', 'role': 'database'}), node=Node(name=worker-1)
[131424640292544] Handling pod test-pod-44, locking app:app-crole:backend, app:app-crole:database,  ...
[131424623507136] Pod test-pod-41 handled. Released locks for: app:app-brole:backend, app:app-brole:database, 
New pod test-pod-45! old_node = None, new_node = worker-1.
Handling the new pod object: Pod(name=test-pod-45, label_set=LabelSet(labels={'app': 'app-a', 'role': 'frontend'}), node=Node(name=worker-1)
[131424623507136] Handling pod test-pod-45, locking app:app-arole:backend, app:app-arole:frontend,  ...
[131424648685248] Pod test-pod-33 handled. Released locks for: app:app-crole:frontend, app:app-crole:backend, 
New pod: test-pod-34, on node: worker-1
New pod test-pod-46! old_node = None, new_node = worker-1.
Handling the new pod object: Pod(name=test-pod-46, label_set=LabelSet(labels={'app': 'app-a', 'role': 'backend'}), node=Node(name=worker-1)
[131424648685248] Handling pod test-pod-46, locking app:app-arole:backend, app:app-arole:database, app:app-arole:frontend,  ...
[131423583336128] Pod test-pod-34 handled. Released locks for: app:app-crole:frontend, app:app-crole:backend, app:app-crole:database, 
New pod: test-pod-35, on node: worker-1
New pod test-pod-47! old_node = None, new_node = worker-1.
Handling the new pod object: Pod(name=test-pod-47, label_set=LabelSet(labels={'app': 'app-a', 'role': 'database'}), node=Node(name=worker-1)
[131423583336128] Handling pod test-pod-47, locking app:app-arole:backend, app:app-arole:database,  ...
[131424892069568] Pod test-pod-35 handled. Released locks for: app:app-crole:backend, app:app-crole:database, 
New pod test-pod-48! old_node = None, new_node = worker-1.
2025-07-31 09:06:50,288 [INFO] kopf.objects - Handler 'handle_new_pod/spec.nodeName' succeeded.
2025-07-31 09:06:50,289 [INFO] kopf.objects - Creation is processed: 1 succeeded; 0 failed.
2025-07-31 09:06:50,306 [INFO] kopf.objects - Handler 'handle_new_pod/spec.nodeName' succeeded.
2025-07-31 09:06:50,306 [INFO] kopf.objects - Creation is processed: 1 succeeded; 0 failed.
2025-07-31 09:06:50,327 [INFO] kopf.objects - Handler 'handle_new_pod/spec.nodeName' succeeded.
2025-07-31 09:06:50,327 [INFO] kopf.objects - Creation is processed: 1 succeeded; 0 failed.
2025-07-31 09:06:50,335 [INFO] kopf.objects - Handler 'handle_new_pod/spec.nodeName' succeeded.
2025-07-31 09:06:50,336 [INFO] kopf.objects - Creation is processed: 1 succeeded; 0 failed.
2025-07-31 09:06:50,355 [INFO] kopf.objects - Handler 'handle_new_pod/spec.nodeName' succeeded.
2025-07-31 09:06:50,356 [INFO] kopf.objects - Creation is processed: 1 succeeded; 0 failed.
2025-07-31 09:06:50,369 [INFO] kopf.objects - Handler 'handle_new_pod/spec.nodeName' succeeded.
2025-07-31 09:06:50,369 [INFO] kopf.objects - Creation is processed: 1 succeeded; 0 failed.
2025-07-31 09:06:50,384 [INFO] kopf.objects - Handler 'handle_new_pod/spec.nodeName' succeeded.
2025-07-31 09:06:50,386 [INFO] kopf.objects - Creation is processed: 1 succeeded; 0 failed.
2025-07-31 09:06:50,405 [INFO] kopf.objects - Handler 'handle_new_pod/spec.nodeName' succeeded.
2025-07-31 09:06:50,405 [INFO] kopf.objects - Creation is processed: 1 succeeded; 0 failed.
2025-07-31 09:06:50,424 [INFO] kopf.objects - Handler 'handle_new_pod/spec.nodeName' succeeded.
2025-07-31 09:06:50,424 [INFO] kopf.objects - Creation is processed: 1 succeeded; 0 failed.
2025-07-31 09:06:50,447 [INFO] kopf.objects - Handler 'handle_new_pod/spec.nodeName' succeeded.
2025-07-31 09:06:50,448 [INFO] kopf.objects - Creation is processed: 1 succeeded; 0 failed.
2025-07-31 09:06:50,466 [INFO] kopf.objects - Handler 'handle_new_pod/spec.nodeName' succeeded.
2025-07-31 09:06:50,466 [INFO] kopf.objects - Creation is processed: 1 succeeded; 0 failed.
2025-07-31 09:06:50,475 [INFO] security_group_module - Attaching security group SG-app:app-arole:backend to instance worker-1
2025-07-31 09:06:50,486 [INFO] kopf.objects - Handler 'handle_new_pod/spec.nodeName' succeeded.
2025-07-31 09:06:50,487 [INFO] kopf.objects - Creation is processed: 1 succeeded; 0 failed.
2025-07-31 09:06:50,505 [INFO] kopf.objects - Handler 'handle_new_pod/spec.nodeName' succeeded.
2025-07-31 09:06:50,505 [INFO] kopf.objects - Creation is processed: 1 succeeded; 0 failed.
2025-07-31 09:06:50,520 [INFO] kopf.objects - Handler 'handle_new_pod/spec.nodeName' succeeded.
2025-07-31 09:06:50,520 [INFO] kopf.objects - Creation is processed: 1 succeeded; 0 failed.
2025-07-31 09:06:50,536 [INFO] kopf.objects - Handler 'handle_new_pod/spec.nodeName' succeeded.
2025-07-31 09:06:50,537 [INFO] kopf.objects - Creation is processed: 1 succeeded; 0 failed.
2025-07-31 09:06:50,553 [INFO] kopf.objects - Handler 'handle_new_pod/spec.nodeName' succeeded.
2025-07-31 09:06:50,553 [INFO] kopf.objects - Creation is processed: 1 succeeded; 0 failed.
2025-07-31 09:06:51,406 [INFO] kopf.objects - Handler 'handle_new_pod/spec.nodeName' succeeded.
2025-07-31 09:06:51,408 [INFO] kopf.objects - Creation is processed: 1 succeeded; 0 failed.
      °`¼‡w                        àWHandling the new pod object: Pod(name=test-pod-48, label_set=LabelSet(labels={'app': 'app-b', 'role': 'frontend'}), node=Node(name=worker-1)
[131424892069568] Handling pod test-pod-48, locking app:app-brole:backend, app:app-brole:frontend,  ...
New pod: test-pod-48, on node: worker-1
New pod: test-pod-42, on node: worker-1
[131424878433984] Pod test-pod-42 handled. Released locks for: app:app-crole:frontend, app:app-crole:backend, 
New pod: test-pod-43, on node: worker-1
New pod test-pod-49! old_node = None, new_node = worker-1.
Handling the new pod object: Pod(name=test-pod-49, label_set=LabelSet(labels={'app': 'app-b', 'role': 'backend'}), node=Node(name=worker-1)
[131424878433984] Handling pod test-pod-49, locking app:app-brole:backend, app:app-brole:frontend, app:app-brole:database,  ...
[131424892069568] Pod test-pod-48 handled. Released locks for: app:app-brole:backend, app:app-brole:frontend, 
New pod test-pod-50! old_node = None, new_node = worker-1.
Handling the new pod object: Pod(name=test-pod-50, label_set=LabelSet(labels={'app': 'app-b', 'role': 'database'}), node=Node(name=worker-1)
[131424892069568] Handling pod test-pod-50, locking app:app-brole:backend, app:app-brole:database,  ...
New pod: test-pod-49, on node: worker-1
[131423574943424] Pod test-pod-43 handled. Released locks for: app:app-crole:frontend, app:app-crole:backend, app:app-crole:database, 
New pod: test-pod-44, on node: worker-1
New pod test-pod-51! old_node = None, new_node = worker-1.
Handling the new pod object: Pod(name=test-pod-51, label_set=LabelSet(labels={'app': 'app-c', 'role': 'frontend'}), node=Node(name=worker-1)
[131423574943424] Handling pod test-pod-51, locking app:app-crole:frontend, app:app-crole:backend,  ...
[131424878433984] Pod test-pod-49 handled. Released locks for: app:app-brole:backend, app:app-brole:frontend, app:app-brole:database, 
New pod: test-pod-50, on node: worker-1
New pod test-pod-52! old_node = None, new_node = worker-1.
Handling the new pod object: Pod(name=test-pod-52, label_set=LabelSet(labels={'app': 'app-c', 'role': 'backend'}), node=Node(name=worker-1)
[131424878433984] Handling pod test-pod-52, locking app:app-crole:frontend, app:app-crole:backend, app:app-crole:database,  ...
[131424640292544] Pod test-pod-44 handled. Released locks for: app:app-crole:backend, app:app-crole:database, 
New pod: test-pod-51, on node: worker-1
New pod test-pod-54! old_node = None, new_node = worker-1.
Handling the new pod object: Pod(name=test-pod-54, label_set=LabelSet(labels={'app': 'app-a', 'role': 'frontend'}), node=Node(name=worker-1)
[131424640292544] Handling pod test-pod-54, locking app:app-arole:backend, app:app-arole:frontend,  ...
[131424892069568] Pod test-pod-50 handled. Released locks for: app:app-brole:backend, app:app-brole:database, 
New pod test-pod-53! old_node = None, new_node = worker-1.
Handling the new pod object: Pod(name=test-pod-53, label_set=LabelSet(labels={'app': 'app-c', 'role': 'database'}), node=Node(name=worker-1)
[131424892069568] Handling pod test-pod-53, locking app:app-crole:backend, app:app-crole:database,  ...
[131423574943424] Pod test-pod-51 handled. Released locks for: app:app-crole:frontend, app:app-crole:backend, 
New pod test-pod-55! old_node = None, new_node = worker-1.
Handling the new pod object: Pod(name=test-pod-55, label_set=LabelSet(labels={'app': 'app-a', 'role': 'backend'}), node=Node(name=worker-1)
[131423574943424] Handling pod test-pod-55, locking app:app-arole:backend, app:app-arole:database, app:app-arole:frontend,  ...
New pod: test-pod-52, on node: worker-1
[131424878433984] Pod test-pod-52 handled. Released locks for: app:app-crole:frontend, app:app-crole:backend, app:app-crole:database, 
New pod test-pod-56! old_node = None, new_node = worker-1.
Handling the new pod object: Pod(name=test-pod-56, label_set=LabelSet(labels={'app': 'app-a', 'role': 'database'}), node=Node(name=worker-1)
[131424878433984] Handling pod test-pod-56, locking app:app-arole:backend, app:app-arole:database,  ...
New pod: test-pod-53, on node: worker-1
[131424892069568] Pod test-pod-53 handled. Released locks for: app:app-crole:backend, app:app-crole:database, 
New pod test-pod-57! old_node = None, new_node = worker-1.
Handling the new pod object: Pod(name=test-pod-57, label_set=LabelSet(labels={'app': 'app-b', 'role': 'frontend'}), node=Node(name=worker-1)
[131424892069568] Handling pod test-pod-57, locking app:app-brole:backend, app:app-brole:frontend,  ...
New pod: test-pod-57, on node: worker-1
[131424892069568] Pod test-pod-57 handled. Released locks for: app:app-brole:backend, app:app-brole:frontend, 
New pod test-pod-58! old_node = None, new_node = worker-1.
Handling the new pod object: Pod(name=test-pod-58, label_set=LabelSet(labels={'app': 'app-b', 'role': 'backend'}), node=Node(name=worker-1)
[131424892069568] Handling pod test-pod-58, locking app:app-brole:backend, app:app-brole:frontend, app:app-brole:database,  ...
New pod: test-pod-58, on node: worker-1
[131424892069568] Pod test-pod-58 handled. Released locks for: app:app-brole:backend, app:app-brole:frontend, app:app-brole:database, 
New pod test-pod-59! old_node = None, new_node = worker-1.
Handling the new pod object: Pod(name=test-pod-59, label_set=LabelSet(labels={'app': 'app-b', 'role': 'database'}), node=Node(name=worker-1)
[131424892069568] Handling pod test-pod-59, locking app:app-brole:backend, app:app-brole:database,  ...
New pod: test-pod-59, on node: worker-1
[131424892069568] Pod test-pod-59 handled. Released locks for: app:app-brole:backend, app:app-brole:database, 
New pod test-pod-60! old_node = None, new_node = worker-1.
Handling the new pod object: Pod(name=test-pod-60, label_set=LabelSet(labels={'app': 'app-c', 'role': 'frontend'}), node=Node(name=worker-1)
[131424892069568] Handling pod test-pod-60, locking app:app-crole:frontend, app:app-crole:backend,  ...
New pod: test-pod-60, on node: worker-1
[131424892069568] Pod test-pod-60 handled. Released locks for: app:app-crole:frontend, app:app-crole:backend, 
New pod test-pod-61! old_node = None, new_node = worker-1.
Handling the new pod object: Pod(name=test-pod-61, label_set=LabelSet(labels={'app': 'app-c', 'role': 'backend'}), node=Node(name=worker-1)
[131424892069568] Handling pod test-pod-61, locking app:app-crole:frontend, app:app-crole:backend, app:app-crole:database,  ...
New pod: test-pod-61, on node: worker-1
[131424892069568] Pod test-pod-61 handled. Released locks for: app:app-crole:frontend, app:app-crole:backend, app:app-crole:database, 
New pod test-pod-62! old_node = None, new_node = worker-1.
Handling the new pod object: Pod(name=test-pod-62, label_set=LabelSet(labels={'app': 'app-c', 'role': 'database'}), node=Node(name=worker-1)
[131424892069568] Handling pod test-pod-62, locking app:app-crole:backend, app:app-crole:database,  ...
New pod: test-pod-62, on node: worker-1
[131424892069568] Pod test-pod-62 handled. Released locks for: app:app-crole:backend, app:app-crole:database, 
New pod test-pod-63! old_node = None, new_node = worker-1.
Handling the new pod object: Pod(name=test-pod-63, label_set=LabelSet(labels={'app': 'app-a', 'role': 'frontend'}), node=Node(name=worker-1)
[131424892069568] Handling pod test-pod-63, locking app:app-arole:backend, app:app-arole:frontend,  ...
[131424868992704] Pod test-pod-1 handled. Released locks for: app:app-arole:backend, app:app-arole:database, app:app-arole:frontend, 
New pod: test-pod-9, on node: worker-1
New pod test-pod-64! old_node = None, new_node = worker-1.
Handling the new pod object: Pod(name=test-pod-64, label_set=LabelSet(labels={'app': 'app-a', 'role': 'backend'}), node=Node(name=worker-1)
[131424868992704] Handling pod test-pod-64, locking app:app-arole:backend, app:app-arole:database, app:app-arole:frontend,  ...
[131424606721728] Pod test-pod-9 handled. Released locks for: app:app-arole:backend, app:app-arole:frontend, 
New pod test-pod-65! old_node = None, new_node = worker-1.
Handling the new pod object: Pod(name=test-pod-65, label_set=LabelSet(labels={'app': 'app-a', 'role': 'database'}), node=Node(name=worker-1)
2025-07-31 09:06:51,431 [INFO] kopf.objects - Handler 'handle_new_pod/spec.nodeName' succeeded.
2025-07-31 09:06:51,432 [INFO] kopf.objects - Creation is processed: 1 succeeded; 0 failed.
2025-07-31 09:06:51,449 [INFO] kopf.objects - Handler 'handle_new_pod/spec.nodeName' succeeded.
2025-07-31 09:06:51,450 [INFO] kopf.objects - Creation is processed: 1 succeeded; 0 failed.
2025-07-31 09:06:51,465 [INFO] kopf.objects - Handler 'handle_new_pod/spec.nodeName' succeeded.
2025-07-31 09:06:51,466 [INFO] kopf.objects - Creation is processed: 1 succeeded; 0 failed.
2025-07-31 09:06:51,468 [INFO] kopf.objects - Handler 'handle_new_pod/spec.nodeName' succeeded.
2025-07-31 09:06:51,470 [INFO] kopf.objects - Creation is processed: 1 succeeded; 0 failed.
2025-07-31 09:06:51,490 [INFO] kopf.objects - Handler 'handle_new_pod/spec.nodeName' succeeded.
2025-07-31 09:06:51,490 [INFO] kopf.objects - Creation is processed: 1 succeeded; 0 failed.
2025-07-31 09:06:51,501 [INFO] kopf.objects - Handler 'handle_new_pod/spec.nodeName' succeeded.
2025-07-31 09:06:51,502 [INFO] kopf.objects - Creation is processed: 1 succeeded; 0 failed.
2025-07-31 09:06:51,515 [INFO] kopf.objects - Handler 'handle_new_pod/spec.nodeName' succeeded.
2025-07-31 09:06:51,515 [INFO] kopf.objects - Creation is processed: 1 succeeded; 0 failed.
2025-07-31 09:06:51,530 [INFO] kopf.objects - Handler 'handle_new_pod/spec.nodeName' succeeded.
2025-07-31 09:06:51,530 [INFO] kopf.objects - Creation is processed: 1 succeeded; 0 failed.
2025-07-31 09:06:51,545 [INFO] kopf.objects - Handler 'handle_new_pod/spec.nodeName' succeeded.
2025-07-31 09:06:51,546 [INFO] kopf.objects - Creation is processed: 1 succeeded; 0 failed.
2025-07-31 09:06:51,547 [INFO] kopf.objects - Handler 'handle_new_pod/spec.nodeName' succeeded.
2025-07-31 09:06:51,547 [INFO] kopf.objects - Creation is processed: 1 succeeded; 0 failed.
2025-07-31 09:06:51,563 [INFO] kopf.objects - Handler 'handle_new_pod/spec.nodeName' succeeded.
2025-07-31 09:06:51,565 [INFO] kopf.objects - Creation is processed: 1 succeeded; 0 failed.
2025-07-31 09:06:51,577 [INFO] kopf.objects - Handler 'handle_new_pod/spec.nodeName' succeeded.
2025-07-31 09:06:51,578 [INFO] kopf.objects - Creation is processed: 1 succeeded; 0 failed.
2025-07-31 09:06:51,580 [INFO] kopf.objects - Handler 'handle_new_pod/spec.nodeName' succeeded.
2025-07-31 09:06:51,580 [INFO] kopf.objects - Creation is processed: 1 succeeded; 0 failed.
2025-07-31 09:06:51,602 [INFO] kopf.objects - Handler 'handle_new_pod/spec.nodeName' succeeded.
2025-07-31 09:06:51,602 [INFO] kopf.objects - Creation is processed: 1 succeeded; 0 failed.
2025-07-31 09:06:51,604 [INFO] kopf.objects - Handler 'handle_new_pod/spec.nodeName' succeeded.
2025-07-31 09:06:51,605 [INFO] kopf.objects - Creation is processed: 1 succeeded; 0 failed.
2025-07-31 09:06:51,614 [INFO] kopf.objects - Handler 'handle_new_pod/spec.nodeName' succeeded.
2025-07-31 09:06:51,615 [INFO] kopf.objects - Creation is processed: 1 succeeded; 0 failed.
2025-07-31 09:06:51,621 [INFO] kopf.objects - Handler 'handle_new_pod/spec.nodeName' succeeded.
2025-07-31 09:06:51,622 [INFO] kopf.objects - Creation is processed: 1 succeeded; 0 failed.
[131424606721728] Handling pod test-pod-65, locking app:app-arole:backend, app:app-arole:database,  ...
New pod: test-pod-10, on node: worker-1
[131424120207040] Pod test-pod-10 handled. Released locks for: app:app-arole:backend, app:app-arole:database, app:app-arole:frontend, 
New pod test-pod-66! old_node = None, new_node = worker-1.
Handling the new pod object: Pod(name=test-pod-66, label_set=LabelSet(labels={'app': 'app-b', 'role': 'frontend'}), node=Node(name=worker-1)
[131424120207040] Handling pod test-pod-66, locking app:app-brole:backend, app:app-brole:frontend,  ...
New pod: test-pod-66, on node: worker-1
New pod: test-pod-11, on node: worker-1
[131424120207040] Pod test-pod-66 handled. Released locks for: app:app-brole:backend, app:app-brole:frontend, 
New pod test-pod-67! old_node = None, new_node = worker-1.
Handling the new pod object: Pod(name=test-pod-67, label_set=LabelSet(labels={'app': 'app-b', 'role': 'backend'}), node=Node(name=worker-1)
[131424120207040] Handling pod test-pod-67, locking app:app-brole:backend, app:app-brole:frontend, app:app-brole:database,  ...
New pod: test-pod-67, on node: worker-1
[131424086636224] Pod test-pod-11 handled. Released locks for: app:app-arole:backend, app:app-arole:database, 
New pod test-pod-68! old_node = None, new_node = worker-1.
Handling the new pod object: Pod(name=test-pod-68, label_set=LabelSet(labels={'app': 'app-b', 'role': 'database'}), node=Node(name=worker-1)
[131424086636224] Handling pod test-pod-68, locking app:app-brole:backend, app:app-brole:database,  ...
New pod: test-pod-18, on node: worker-1
[131424120207040] Pod test-pod-67 handled. Released locks for: app:app-brole:backend, app:app-brole:frontend, app:app-brole:database, 
New pod test-pod-69! old_node = None, new_node = worker-1.
Handling the new pod object: Pod(name=test-pod-69, label_set=LabelSet(labels={'app': 'app-c', 'role': 'frontend'}), node=Node(name=worker-1)
[131424120207040] Handling pod test-pod-69, locking app:app-crole:frontend, app:app-crole:backend,  ...
New pod: test-pod-69, on node: worker-1
New pod: test-pod-68, on node: worker-1
[131424069850816] Pod test-pod-18 handled. Released locks for: app:app-arole:backend, app:app-arole:frontend, 
New pod: test-pod-19, on node: worker-1
New pod test-pod-70! old_node = None, new_node = worker-1.
Handling the new pod object: Pod(name=test-pod-70, label_set=LabelSet(labels={'app': 'app-c', 'role': 'backend'}), node=Node(name=worker-1)
[131424069850816] Handling pod test-pod-70, locking app:app-crole:frontend, app:app-crole:backend, app:app-crole:database,  ...
[131424120207040] Pod test-pod-69 handled. Released locks for: app:app-crole:frontend, app:app-crole:backend, 
New pod test-pod-71! old_node = None, new_node = worker-1.
Handling the new pod object: Pod(name=test-pod-71, label_set=LabelSet(labels={'app': 'app-c', 'role': 'database'}), node=Node(name=worker-1)
[131424120207040] Handling pod test-pod-71, locking app:app-crole:backend, app:app-crole:database,  ...
New pod: test-pod-70, on node: worker-1
[131424086636224] Pod test-pod-68 handled. Released locks for: app:app-brole:backend, app:app-brole:database, 
New pod test-pod-72! old_node = None, new_node = worker-1.
Handling the new pod object: Pod(name=test-pod-72, label_set=LabelSet(labels={'app': 'app-a', 'role': 'frontend'}), node=Node(name=worker-1)
[131424086636224] Handling pod test-pod-72, locking app:app-arole:backend, app:app-arole:frontend,  ...
[131423566550720] Pod test-pod-19 handled. Released locks for: app:app-arole:backend, app:app-arole:database, app:app-arole:frontend, 
[131424069850816] Pod test-pod-70 handled. Released locks for: app:app-crole:frontend, app:app-crole:backend, app:app-crole:database, 
New pod test-pod-73! old_node = None, new_node = worker-1.
Handling the new pod object: Pod(name=test-pod-73, label_set=LabelSet(labels={'app': 'app-a', 'role': 'backend'}), node=Node(name=worker-1)
[131424069850816] Handling pod test-pod-73, locking app:app-arole:backend, app:app-arole:database, app:app-arole:frontend,  ...
New pod: test-pod-71, on node: worker-1
New pod: test-pod-20, on node: worker-1
New pod test-pod-76! old_node = None, new_node = worker-1.
Handling the new pod object: Pod(name=test-pod-76, label_set=LabelSet(labels={'app': 'app-b', 'role': 'backend'}), node=Node(name=worker-1)
[131423566550720] Handling pod test-pod-76, locking app:app-brole:backend, app:app-brole:frontend, app:app-brole:database,  ...
New pod: test-pod-76, on node: worker-1
[131424657077952] Pod test-pod-20 handled. Released locks for: app:app-arole:backend, app:app-arole:database, 
New pod: test-pod-27, on node: worker-1
New pod test-pod-74! old_node = None, new_node = worker-1.
Handling the new pod object: Pod(name=test-pod-74, label_set=LabelSet(labels={'app': 'app-a', 'role': 'database'}), node=Node(name=worker-1)
[131424657077952] Handling pod test-pod-74, locking app:app-arole:backend, app:app-arole:database,  ...
[131424120207040] Pod test-pod-71 handled. Released locks for: app:app-crole:backend, app:app-crole:database, 
New pod test-pod-75! old_node = None, new_node = worker-1.
Handling the new pod object: Pod(name=test-pod-75, label_set=LabelSet(labels={'app': 'app-b', 'role': 'frontend'}), node=Node(name=worker-1)
[131424120207040] Handling pod test-pod-75, locking app:app-brole:backend, app:app-brole:frontend,  ...
[131423566550720] Pod test-pod-76 handled. Released locks for: app:app-brole:backend, app:app-brole:frontend, app:app-brole:database, 
New pod test-pod-80! old_node = None, new_node = worker-1.
Handling the new pod object: Pod(name=test-pod-80, label_set=LabelSet(labels={'app': 'app-c', 'role': 'database'}), node=Node(name=worker-1)
[131423566550720] Handling pod test-pod-80, locking app:app-crole:backend, app:app-crole:database,  ...
New pod: test-pod-80, on node: worker-1
New pod: test-pod-75, on node: worker-1
[131424120207040] Pod test-pod-75 handled. Released locks for: app:app-brole:backend, app:app-brole:frontend, 
New pod test-pod-77! old_node = None, new_node = worker-1.
Handling the new pod object: Pod(name=test-pod-77, label_set=LabelSet(labels={'app': 'app-b', 'role': 'database'}), node=Node(name=worker-1)
[131424120207040] Handling pod test-pod-77, locking app:app-brole:backend, app:app-brole:database,  ...
New pod: test-pod-77, on node: worker-1
[131424111814336] Pod test-pod-27 handled. Released locks for: app:app-arole:backend, app:app-arole:frontend, 
New pod test-pod-78! old_node = None, new_node = worker-1.
Handling the new pod object: Pod(name=test-pod-78, label_set=LabelSet(labels={'app': 'app-c', 'role': 'frontend'}), node=Node(name=worker-1)
[131424111814336] Handling pod test-pod-78, locking app:app-crole:frontend, app:app-crole:backend,  ...
New pod: test-pod-29, on node: worker-1
[131423566550720] Pod test-pod-80 handled. Released locks for: app:app-crole:backend, app:app-crole:database, 
New pod test-pod-81! old_node = None, new_node = worker-1.
Handling the new pod object: Pod(name=test-pod-81, label_set=LabelSet(labels={'app': 'app-a', 'role': 'frontend'}), node=Node(name=worker-1)
[131423566550720] Handling pod test-pod-81, locking app:app-arole:backend, app:app-arole:frontend,  ...
New pod: test-pod-78, on node: worker-1
[131424103421632] Pod test-pod-29 handled. Released locks for: app:app-arole:backend, app:app-arole:database, 
New pod test-pod-79! old_node = None, new_node = worker-1.
Handling the new pod object: Pod(name=test-pod-79, label_set=LabelSet(labels={'app': 'app-c', 'role': 'backend'}), node=Node(name=worker-1)
[131424103421632] Handling pod test-pod-79, locking app:app-crole:frontend, app:app-crole:backend, app:app-crole:database,  ...
New pod: test-pod-28, on node: worker-1
[131424111814336] Pod test-pod-78 handled. Released locks for: app:app-crole:frontend, app:app-crole:backend, 
New pod test-pod-82! old_node = None, new_node = worker-1.
Handling the new pod object: Pod(name=test-pod-82, label_set=LabelSet(labels={'app': 'app-a', 'role': 'backend'}), node=Node(name=worker-1)
[131424111814336] Handling pod test-pod-82, locking app:app-arole:backend, app:app-arole:database, app:app-arole:frontend,  ...
2025-07-31 09:06:51,642 [INFO] kopf.objects - Handler 'handle_new_pod/spec.nodeName' succeeded.
2025-07-31 09:06:51,642 [INFO] kopf.objects - Creation is processed: 1 succeeded; 0 failed.
2025-07-31 09:06:51,648 [INFO] kopf.objects - Handler 'handle_new_pod/spec.nodeName' succeeded.
2025-07-31 09:06:51,650 [INFO] kopf.objects - Creation is processed: 1 succeeded; 0 failed.
2025-07-31 09:06:51,659 [INFO] kopf.objects - Handler 'handle_new_pod/spec.nodeName' succeeded.
2025-07-31 09:06:51,659 [INFO] kopf.objects - Creation is processed: 1 succeeded; 0 failed.
2025-07-31 09:06:51,668 [INFO] kopf.objects - Handler 'handle_new_pod/spec.nodeName' succeeded.
2025-07-31 09:06:51,669 [INFO] kopf.objects - Creation is processed: 1 succeeded; 0 failed.
2025-07-31 09:06:51,678 [INFO] kopf.objects - Handler 'handle_new_pod/spec.nodeName' succeeded.
2025-07-31 09:06:51,679 [INFO] kopf.objects - Creation is processed: 1 succeeded; 0 failed.
2025-07-31 09:06:51,694 [INFO] kopf.objects - Handler 'handle_new_pod/spec.nodeName' succeeded.
2025-07-31 09:06:51,695 [INFO] kopf.objects - Creation is processed: 1 succeeded; 0 failed.
2025-07-31 09:06:51,711 [INFO] kopf.objects - Handler 'handle_new_pod/spec.nodeName' succeeded.
2025-07-31 09:06:51,713 [INFO] kopf.objects - Creation is processed: 1 succeeded; 0 failed.
2025-07-31 09:06:51,714 [INFO] kopf.objects - Handler 'handle_new_pod/spec.nodeName' succeeded.
2025-07-31 09:06:51,715 [INFO] kopf.objects - Creation is processed: 1 succeeded; 0 failed.
2025-07-31 09:06:51,724 [INFO] kopf.objects - Handler 'handle_new_pod/spec.nodeName' succeeded.
2025-07-31 09:06:51,724 [INFO] kopf.objects - Creation is processed: 1 succeeded; 0 failed.
2025-07-31 09:06:51,734 [INFO] kopf.objects - Handler 'handle_new_pod/spec.nodeName' succeeded.
2025-07-31 09:06:51,734 [INFO] kopf.objects - Creation is processed: 1 succeeded; 0 failed.
2025-07-31 09:06:51,759 [INFO] kopf.objects - Handler 'handle_new_pod/spec.nodeName' succeeded.
2025-07-31 09:06:51,761 [INFO] kopf.objects - Creation is processed: 1 succeeded; 0 failed.
2025-07-31 09:06:51,765 [INFO] kopf.objects - Handler 'handle_new_pod/spec.nodeName' succeeded.
2025-07-31 09:06:51,765 [INFO] kopf.objects - Creation is processed: 1 succeeded; 0 failed.
2025-07-31 09:06:51,780 [INFO] kopf.objects - Handler 'handle_new_pod/spec.nodeName' succeeded.
2025-07-31 09:06:51,781 [INFO] kopf.objects - Creation is processed: 1 succeeded; 0 failed.
2025-07-31 09:06:51,791 [INFO] kopf.objects - Handler 'handle_new_pod/spec.nodeName' succeeded.
2025-07-31 09:06:51,791 [INFO] kopf.objects - Creation is processed: 1 succeeded; 0 failed.
2025-07-31 09:06:51,805 [INFO] kopf.objects - Handler 'handle_new_pod/spec.nodeName' succeeded.
2025-07-31 09:06:51,805 [INFO] kopf.objects - Creation is processed: 1 succeeded; 0 failed.
2025-07-31 09:06:51,818 [INFO] kopf.objects - Handler 'handle_new_pod/spec.nodeName' succeeded.
2025-07-31 09:06:51,818 [INFO] kopf.objects - Creation is processed: 1 succeeded; 0 failed.
2025-07-31 09:06:51,830 [INFO] kopf.objects - Handler 'handle_new_pod/spec.nodeName' succeeded.
2025-07-31 09:06:51,831 [INFO] kopf.objects - Creation is processed: 1 succeeded; 0 failed.
2025-07-31 09:06:51,846 [INFO] kopf.objects - Handler 'handle_new_pod/spec.nodeName' succeeded.
2025-07-31 09:06:51,846 [INFO] kopf.objects - Creation is processed: 1 succeeded; 0 failed.
2025-07-31 09:06:51,858 [INFO] kopf.objects - Handler 'handle_new_pod/spec.nodeName' succeeded.
2025-07-31 09:06:51,858 [INFO] kopf.objects - Creation is processed: 1 succeeded; 0 failed.
2025-07-31 09:06:51,887 [INFO] kopf.objects - Handler 'handle_new_pod/spec.nodeName' succeeded.
2025-07-31 09:06:51,888 [INFO] kopf.objects - Creation is processed: 1 succeeded; 0 failed.
2025-07-31 09:06:51,895 [INFO] kopf.objects - Handler 'handle_new_pod/spec.nodeName' succeeded.
2025-07-31 09:06:51,896 [INFO] kopf.objects - Creation is processed: 1 succeeded; 0 failed.
[131424120207040] Pod test-pod-77 handled. Released locks for: app:app-brole:backend, app:app-brole:database, 
New pod test-pod-85! old_node = None, new_node = worker-1.
Handling the new pod object: Pod(name=test-pod-85, label_set=LabelSet(labels={'app': 'app-b', 'role': 'backend'}), node=Node(name=worker-1)
[131424120207040] Handling pod test-pod-85, locking app:app-brole:backend, app:app-brole:frontend, app:app-brole:database,  ...
New pod: test-pod-85, on node: worker-1
[131424631899840] Pod test-pod-28 handled. Released locks for: app:app-arole:backend, app:app-arole:database, app:app-arole:frontend, 
New pod test-pod-83! old_node = None, new_node = worker-1.
Handling the new pod object: Pod(name=test-pod-83, label_set=LabelSet(labels={'app': 'app-a', 'role': 'database'}), node=Node(name=worker-1)
[131424631899840] Handling pod test-pod-83, locking app:app-arole:backend, app:app-arole:database,  ...
New pod: test-pod-83, on node: worker-1
[131424120207040] Pod test-pod-85 handled. Released locks for: app:app-brole:backend, app:app-brole:frontend, app:app-brole:database, 
New pod test-pod-84! old_node = None, new_node = worker-1.
Handling the new pod object: Pod(name=test-pod-84, label_set=LabelSet(labels={'app': 'app-b', 'role': 'frontend'}), node=Node(name=worker-1)
[131424120207040] Handling pod test-pod-84, locking app:app-brole:backend, app:app-brole:frontend,  ...
New pod: test-pod-84, on node: worker-1
[131424103421632] Pod test-pod-79 handled. Released locks for: app:app-crole:frontend, app:app-crole:backend, app:app-crole:database, 
New pod test-pod-87! old_node = None, new_node = worker-1.
Handling the new pod object: Pod(name=test-pod-87, label_set=LabelSet(labels={'app': 'app-c', 'role': 'frontend'}), node=Node(name=worker-1)
[131424103421632] Handling pod test-pod-87, locking app:app-crole:frontend, app:app-crole:backend,  ...
New pod: test-pod-87, on node: worker-1
[131424631899840] Pod test-pod-83 handled. Released locks for: app:app-arole:backend, app:app-arole:database, 
New pod test-pod-86! old_node = None, new_node = worker-1.
Handling the new pod object: Pod(name=test-pod-86, label_set=LabelSet(labels={'app': 'app-b', 'role': 'database'}), node=Node(name=worker-1)
[131424631899840] Handling pod test-pod-86, locking app:app-brole:backend, app:app-brole:database,  ...
New pod: test-pod-37, on node: worker-1
[131424103421632] Pod test-pod-87 handled. Released locks for: app:app-crole:frontend, app:app-crole:backend, 
New pod test-pod-88! old_node = None, new_node = worker-1.
Handling the new pod object: Pod(name=test-pod-88, label_set=LabelSet(labels={'app': 'app-c', 'role': 'backend'}), node=Node(name=worker-1)
[131424103421632] Handling pod test-pod-88, locking app:app-crole:frontend, app:app-crole:backend, app:app-crole:database,  ...
New pod: test-pod-88, on node: worker-1
[131424120207040] Pod test-pod-84 handled. Released locks for: app:app-brole:backend, app:app-brole:frontend, 
New pod test-pod-89! old_node = None, new_node = worker-1.
Handling the new pod object: Pod(name=test-pod-89, label_set=LabelSet(labels={'app': 'app-c', 'role': 'database'}), node=Node(name=worker-1)
[131424120207040] Handling pod test-pod-89, locking app:app-crole:backend, app:app-crole:database,  ...
[131424095028928] Pod test-pod-37 handled. Released locks for: app:app-arole:backend, app:app-arole:database, app:app-arole:frontend, 
New pod test-pod-90! old_node = None, new_node = worker-1.
Handling the new pod object: Pod(name=test-pod-90, label_set=LabelSet(labels={'app': 'app-a', 'role': 'frontend'}), node=Node(name=worker-1)
[131424095028928] Handling pod test-pod-90, locking app:app-arole:backend, app:app-arole:frontend,  ...
New pod: test-pod-90, on node: worker-1
New pod: test-pod-86, on node: worker-1
[131424103421632] Pod test-pod-88 handled. Released locks for: app:app-crole:frontend, app:app-crole:backend, app:app-crole:database, 
New pod test-pod-91! old_node = None, new_node = worker-1.
Handling the new pod object: Pod(name=test-pod-91, label_set=LabelSet(labels={'app': 'app-a', 'role': 'backend'}), node=Node(name=worker-1)
[131424103421632] Handling pod test-pod-91, locking app:app-arole:backend, app:app-arole:database, app:app-arole:frontend,  ...
New pod: test-pod-89, on node: worker-1
[131424095028928] Pod test-pod-90 handled. Released locks for: app:app-arole:backend, app:app-arole:frontend, 
New pod test-pod-92! old_node = None, new_node = worker-1.
Handling the new pod object: Pod(name=test-pod-92, label_set=LabelSet(labels={'app': 'app-a', 'role': 'database'}), node=Node(name=worker-1)
[131424095028928] Handling pod test-pod-92, locking app:app-arole:backend, app:app-arole:database,  ...
New pod: test-pod-45, on node: worker-1
[131424631899840] Pod test-pod-86 handled. Released locks for: app:app-brole:backend, app:app-brole:database, 
New pod test-pod-93! old_node = None, new_node = worker-1.
Handling the new pod object: Pod(name=test-pod-93, label_set=LabelSet(labels={'app': 'app-b', 'role': 'frontend'}), node=Node(name=worker-1)
[131424631899840] Handling pod test-pod-93, locking app:app-brole:backend, app:app-brole:frontend,  ...
New pod: test-pod-93, on node: worker-1
[131424120207040] Pod test-pod-89 handled. Released locks for: app:app-crole:backend, app:app-crole:database, 
New pod test-pod-94! old_node = None, new_node = worker-1.
Handling the new pod object: Pod(name=test-pod-94, label_set=LabelSet(labels={'app': 'app-b', 'role': 'backend'}), node=Node(name=worker-1)
[131424120207040] Handling pod test-pod-94, locking app:app-brole:backend, app:app-brole:frontend, app:app-brole:database,  ...
[131424623507136] Pod test-pod-45 handled. Released locks for: app:app-arole:backend, app:app-arole:frontend, 
New pod test-pod-95! old_node = None, new_node = worker-1.
Handling the new pod object: Pod(name=test-pod-95, label_set=LabelSet(labels={'app': 'app-b', 'role': 'database'}), node=Node(name=worker-1)
[131424623507136] Handling pod test-pod-95, locking app:app-brole:backend, app:app-brole:database,  ...
New pod: test-pod-46, on node: worker-1
[131424631899840] Pod test-pod-93 handled. Released locks for: app:app-brole:backend, app:app-brole:frontend, 
New pod test-pod-96! old_node = None, new_node = worker-1.
Handling the new pod object: Pod(name=test-pod-96, label_set=LabelSet(labels={'app': 'app-c', 'role': 'frontend'}), node=Node(name=worker-1)
[131424631899840] Handling pod test-pod-96, locking app:app-crole:frontend, app:app-crole:backend,  ...
New pod: test-pod-96, on node: worker-1
New pod: test-pod-94, on node: worker-1
[131424648685248] Pod test-pod-46 handled. Released locks for: app:app-arole:backend, app:app-arole:database, app:app-arole:frontend, 
New pod test-pod-97! old_node = None, new_node = worker-1.
Handling the new pod object: Pod(name=test-pod-97, label_set=LabelSet(labels={'app': 'app-c', 'role': 'backend'}), node=Node(name=worker-1)
[131424648685248] Handling pod test-pod-97, locking app:app-crole:frontend, app:app-crole:backend, app:app-crole:database,  ...
New pod: test-pod-47, on node: worker-1
[131424631899840] Pod test-pod-96 handled. Released locks for: app:app-crole:frontend, app:app-crole:backend, 
New pod test-pod-98! old_node = None, new_node = worker-1.
Handling the new pod object: Pod(name=test-pod-98, label_set=LabelSet(labels={'app': 'app-c', 'role': 'database'}), node=Node(name=worker-1)
[131424631899840] Handling pod test-pod-98, locking app:app-crole:backend, app:app-crole:database,  ...
New pod: test-pod-98, on node: worker-1
[131424120207040] Pod test-pod-94 handled. Released locks for: app:app-brole:backend, app:app-brole:frontend, app:app-brole:database, 
New pod: test-pod-95, on node: worker-1
[131423583336128] Pod test-pod-47 handled. Released locks for: app:app-arole:backend, app:app-arole:database, 
New pod: test-pod-54, on node: worker-1
[131424631899840] Pod test-pod-98 handled. Released locks for: app:app-crole:backend, app:app-crole:database, 
New pod: test-pod-97, on node: worker-1
[131424623507136] Pod test-pod-95 handled. Released locks for: app:app-brole:backend, app:app-brole:database, 
2025-07-31 09:06:51,983 [INFO] kopf.objects - Handler 'handle_new_pod/spec.nodeName' succeeded.
2025-07-31 09:06:51,984 [INFO] kopf.objects - Creation is processed: 1 succeeded; 0 failed.
2025-07-31 09:06:51,989 [INFO] kopf.objects - Handler 'handle_new_pod/spec.nodeName' succeeded.
2025-07-31 09:06:51,990 [INFO] kopf.objects - Creation is processed: 1 succeeded; 0 failed.
2025-07-31 09:06:52,012 [INFO] kopf.objects - Handler 'handle_new_pod/spec.nodeName' succeeded.
2025-07-31 09:06:52,013 [INFO] kopf.objects - Creation is processed: 1 succeeded; 0 failed.
2025-07-31 09:06:52,023 [INFO] kopf.objects - Handler 'handle_new_pod/spec.nodeName' succeeded.
2025-07-31 09:06:52,023 [INFO] kopf.objects - Creation is processed: 1 succeeded; 0 failed.
2025-07-31 09:06:52,038 [INFO] kopf.objects - Handler 'handle_new_pod/spec.nodeName' succeeded.
2025-07-31 09:06:52,038 [INFO] kopf.objects - Creation is processed: 1 succeeded; 0 failed.
2025-07-31 09:06:52,051 [INFO] kopf.objects - Handler 'handle_new_pod/spec.nodeName' succeeded.
2025-07-31 09:06:52,051 [INFO] kopf.objects - Creation is processed: 1 succeeded; 0 failed.
2025-07-31 09:06:52,063 [INFO] kopf.objects - Handler 'handle_new_pod/spec.nodeName' succeeded.
2025-07-31 09:06:52,063 [INFO] kopf.objects - Creation is processed: 1 succeeded; 0 failed.
2025-07-31 09:06:52,076 [INFO] kopf.objects - Handler 'handle_new_pod/spec.nodeName' succeeded.
2025-07-31 09:06:52,078 [INFO] kopf.objects - Creation is processed: 1 succeeded; 0 failed.
2025-07-31 09:06:52,088 [INFO] kopf.objects - Handler 'handle_new_pod/spec.nodeName' succeeded.
2025-07-31 09:06:52,089 [INFO] kopf.objects - Creation is processed: 1 succeeded; 0 failed.
2025-07-31 09:06:52,107 [INFO] kopf.objects - Handler 'handle_new_pod/spec.nodeName' succeeded.
2025-07-31 09:06:52,108 [INFO] kopf.objects - Creation is processed: 1 succeeded; 0 failed.
2025-07-31 09:06:52,121 [INFO] kopf.objects - Handler 'handle_new_pod/spec.nodeName' succeeded.
2025-07-31 09:06:52,122 [INFO] kopf.objects - Creation is processed: 1 succeeded; 0 failed.
2025-07-31 09:06:52,137 [INFO] kopf.objects - Handler 'handle_new_pod/spec.nodeName' succeeded.
2025-07-31 09:06:52,138 [INFO] kopf.objects - Creation is processed: 1 succeeded; 0 failed.
2025-07-31 09:06:52,148 [INFO] kopf.objects - Handler 'handle_new_pod/spec.nodeName' succeeded.
2025-07-31 09:06:52,149 [INFO] kopf.objects - Creation is processed: 1 succeeded; 0 failed.
2025-07-31 09:06:52,200 [INFO] kopf.objects - Handler 'handle_new_pod/spec.nodeName' succeeded.
2025-07-31 09:06:52,201 [INFO] kopf.objects - Creation is processed: 1 succeeded; 0 failed.
2025-07-31 09:06:52,218 [INFO] kopf.objects - Handler 'handle_new_pod/spec.nodeName' succeeded.
2025-07-31 09:06:52,219 [INFO] kopf.objects - Creation is processed: 1 succeeded; 0 failed.
2025-07-31 09:06:52,236 [INFO] kopf.objects - Handler 'handle_new_pod/spec.nodeName' succeeded.
2025-07-31 09:06:52,237 [INFO] kopf.objects - Creation is processed: 1 succeeded; 0 failed.
