2025-07-30 18:56:08,857 [INFO] /app/main_operator.py - Starting Operator with 20 workers.
2025-07-30 18:56:08,945 [INFO] kopf.activities.startup - Activity 'startup_handler' succeeded.
2025-07-30 18:56:08,945 [INFO] kopf._core.engines.activities - Initial authentication has been initiated.
2025-07-30 18:56:08,947 [INFO] kopf.activities.authentication - Activity 'login_via_client' succeeded.
2025-07-30 18:56:08,947 [INFO] kopf._core.engines.activities - Initial authentication has finished.
2025-07-30 18:56:08,962 [WARNING] kopf._core.reactor.observation - Not enough permissions to list namespaces. Falling back to a list of namespaces which are assumed to exist: {'test-thesis'}
2025-07-30 18:56:08,970 [WARNING] kopf._core.reactor.observation - Not enough permissions to watch for namespaces: changes (deletion/creation) will not be noticed; the namespaces are only refreshed on operator restarts.
2025-07-30 18:56:09,216 [INFO] kopf.objects - Handler 'handle_new_policy' succeeded.
2025-07-30 18:56:09,218 [INFO] kopf.objects - Creation is processed: 1 succeeded; 0 failed.
2025-07-30 18:56:09,239 [INFO] kopf.objects - Handler 'handle_new_policy' succeeded.
2025-07-30 18:56:09,240 [INFO] kopf.objects - Creation is processed: 1 succeeded; 0 failed.
2025-07-30 18:56:09,241 [INFO] kopf.objects - Handler 'handle_new_policy' succeeded.
2025-07-30 18:56:09,241 [INFO] kopf.objects - Creation is processed: 1 succeeded; 0 failed.
2025-07-30 18:56:09,243 [INFO] kopf.objects - Handler 'handle_new_policy' succeeded.
2025-07-30 18:56:09,244 [INFO] kopf.objects - Creation is processed: 1 succeeded; 0 failed.
2025-07-30 18:56:09,245 [INFO] kopf.objects - Handler 'handle_new_policy' succeeded.
2025-07-30 18:56:09,245 [INFO] kopf.objects - Creation is processed: 1 succeeded; 0 failed.
2025-07-30 18:56:09,333 [INFO] kopf.objects - Handler 'handle_new_policy' succeeded.
2025-07-30 18:56:09,333 [INFO] kopf.objects - Creation is processed: 1 succeeded; 0 failed.
2025-07-30 18:56:09,415 [INFO] kopf.objects - Handler 'handle_new_policy' succeeded.
2025-07-30 18:56:09,417 [INFO] kopf.objects - Creation is processed: 1 succeeded; 0 failed.
2025-07-30 18:56:09,544 [INFO] kopf.objects - Handler 'handle_new_policy' succeeded.
2025-07-30 18:56:09,546 [INFO] kopf.objects - Creation is processed: 1 succeeded; 0 failed.
2025-07-30 18:56:09,672 [INFO] kopf.objects - Handler 'handle_new_policy' succeeded.
2025-07-30 18:56:09,672 [INFO] kopf.objects - Creation is processed: 1 succeeded; 0 failed.
2025-07-30 18:56:09,787 [INFO] kopf.objects - Handler 'handle_new_policy' succeeded.
2025-07-30 18:56:09,788 [INFO] kopf.objects - Creation is processed: 1 succeeded; 0 failed.
2025-07-30 18:56:09,898 [INFO] kopf.objects - Handler 'handle_new_policy' succeeded.
2025-07-30 18:56:09,899 [INFO] kopf.objects - Creation is processed: 1 succeeded; 0 failed.
🚀 Starting Kopf operator in mode: PLS, watching the test-thesis namespace.
Initializing Openstack Client!
================================= FRESH (Light) INITIALISATION DONE =====================================
Watcher class for Kopf Operator!
[126183418615488] Handling new policy app-c-allow-backend-database, locking app:app-crole:database, app:app-crole:backend,  ...
PLS: Configuring new spol Policy(name=app-c-allow-backend-database, sel=LabelSet(labels={'app': 'app-c', 'role': 'backend'}), allow=[
(LabelSet(labels={'app': 'app-c', 'role': 'database'}), Traffic(direction=ingress, port=80, protocol=TCP)) 
])
PLS: Configuring new spol Policy(name=app-c-allow-backend-database, sel=LabelSet(labels={'app': 'app-c', 'role': 'backend'}), allow=[
(LabelSet(labels={'app': 'app-c', 'role': 'database'}), Traffic(direction=egress, port=80, protocol=TCP)) 
])
Successfully added policy app-c-allow-backend-database to ClusterState
[126183418615488] Handled new policy app-c-allow-backend-database, Released app:app-crole:database, app:app-crole:backend,  ...
[126183418615488] Handling new policy app-c-deny-all, locking app:app-c,  ...
Successfully added policy app-c-deny-all to ClusterState
[126183418615488] Handled new policy app-c-deny-all, Released app:app-c,  ...
[126183418615488] Handling new policy app-c-allow-frontend-backend, locking app:app-crole:frontend, app:app-crole:backend,  ...
PLS: Configuring new spol Policy(name=app-c-allow-frontend-backend, sel=LabelSet(labels={'app': 'app-c', 'role': 'frontend'}), allow=[
(LabelSet(labels={'app': 'app-c', 'role': 'backend'}), Traffic(direction=ingress, port=80, protocol=TCP)) 
])
PLS: Configuring new spol Policy(name=app-c-allow-frontend-backend, sel=LabelSet(labels={'app': 'app-c', 'role': 'frontend'}), allow=[
(LabelSet(labels={'app': 'app-c', 'role': 'backend'}), Traffic(direction=egress, port=80, protocol=TCP)) 
])
Successfully added policy app-c-allow-frontend-backend to ClusterState
[126183418615488] Handled new policy app-c-allow-frontend-backend, Released app:app-crole:frontend, app:app-crole:backend,  ...
[126183418615488] Handling new policy app-c-allow-database-backend, locking app:app-crole:database, app:app-crole:backend,  ...
PLS: Configuring new spol Policy(name=app-c-allow-database-backend, sel=LabelSet(labels={'app': 'app-c', 'role': 'database'}), allow=[
(LabelSet(labels={'app': 'app-c', 'role': 'backend'}), Traffic(direction=ingress, port=80, protocol=TCP)) 
])
PLS: Configuring new spol Policy(name=app-c-allow-database-backend, sel=LabelSet(labels={'app': 'app-c', 'role': 'database'}), allow=[
(LabelSet(labels={'app': 'app-c', 'role': 'backend'}), Traffic(direction=egress, port=80, protocol=TCP)) 
])
Successfully added policy app-c-allow-database-backend to ClusterState
[126183418615488] Handled new policy app-c-allow-database-backend, Released app:app-crole:database, app:app-crole:backend,  ...
[126183418615488] Handling new policy app-c-allow-backend-frontend, locking app:app-crole:frontend, app:app-crole:backend,  ...
PLS: Configuring new spol Policy(name=app-c-allow-backend-frontend, sel=LabelSet(labels={'app': 'app-c', 'role': 'backend'}), allow=[
(LabelSet(labels={'app': 'app-c', 'role': 'frontend'}), Traffic(direction=ingress, port=80, protocol=TCP)) 
])
PLS: Configuring new spol Policy(name=app-c-allow-backend-frontend, sel=LabelSet(labels={'app': 'app-c', 'role': 'backend'}), allow=[
(LabelSet(labels={'app': 'app-c', 'role': 'frontend'}), Traffic(direction=egress, port=80, protocol=TCP)) 
])
Successfully added policy app-c-allow-backend-frontend to ClusterState
[126183418615488] Handled new policy app-c-allow-backend-frontend, Released app:app-crole:frontend, app:app-crole:backend,  ...
[126183418615488] Handling new policy app-b-allow-backend-database, locking app:app-brole:backend, app:app-brole:database,  ...
PLS: Configuring new spol Policy(name=app-b-allow-backend-database, sel=LabelSet(labels={'app': 'app-b', 'role': 'backend'}), allow=[
(LabelSet(labels={'app': 'app-b', 'role': 'database'}), Traffic(direction=ingress, port=80, protocol=TCP)) 
])
PLS: Configuring new spol Policy(name=app-b-allow-backend-database, sel=LabelSet(labels={'app': 'app-b', 'role': 'backend'}), allow=[
(LabelSet(labels={'app': 'app-b', 'role': 'database'}), Traffic(direction=egress, port=80, protocol=TCP)) 
])
Successfully added policy app-b-allow-backend-database to ClusterState
[126183418615488] Handled new policy app-b-allow-backend-database, Released app:app-brole:backend, app:app-brole:database,  ...
[126183418615488] Handling new policy app-b-allow-database-backend, locking app:app-brole:backend, app:app-brole:database,  ...
PLS: Configuring new spol Policy(name=app-b-allow-database-backend, sel=LabelSet(labels={'app': 'app-b', 'role': 'database'}), allow=[
(LabelSet(labels={'app': 'app-b', 'role': 'backend'}), Traffic(direction=ingress, port=80, protocol=TCP)) 
])
PLS: Configuring new spol Policy(name=app-b-allow-database-backend, sel=LabelSet(labels={'app': 'app-b', 'role': 'database'}), allow=[
(LabelSet(labels={'app': 'app-b', 'role': 'backend'}), Traffic(direction=egress, port=80, protocol=TCP)) 
])
Successfully added policy app-b-allow-database-backend to ClusterState
[126183418615488] Handled new policy app-b-allow-database-backend, Released app:app-brole:backend, app:app-brole:database,  ...
[126183418615488] Handling new policy app-b-allow-frontend-backend, locking app:app-brole:backend, app:app-brole:frontend,  ...
PLS: Configuring new spol Policy(name=app-b-allow-frontend-backend, sel=LabelSet(labels={'app': 'app-b', 'role': 'frontend'}), allow=[
(LabelSet(labels={'app': 'app-b', 'role': 'backend'}), Traffic(direction=ingress, port=80, protocol=TCP)) 
])
PLS: Configuring new spol Policy(name=app-b-allow-frontend-backend, sel=LabelSet(labels={'app': 'app-b', 'role': 'frontend'}), allow=[
(LabelSet(labels={'app': 'app-b', 'role': 'backend'}), Traffic(direction=egress, port=80, protocol=TCP)) 
])
Successfully added policy app-b-allow-frontend-backend to ClusterState
[126183418615488] Handled new policy app-b-allow-frontend-backend, Released app:app-brole:backend, app:app-brole:frontend,  ...
[126183404979904] Handling new policy app-b-deny-all, locking app:app-b,  ...
Successfully added policy app-b-deny-all to ClusterState
[126183404979904] Handled new policy app-b-deny-all, Released app:app-b,  ...
[126183404979904] Handling new policy app-b-allow-backend-frontend, locking app:app-brole:backend, app:app-brole:frontend,  ...
PLS: Configuring new spol Policy(name=app-b-allow-backend-frontend, sel=LabelSet(labels={'app': 'app-b', 'role': 'backend'}), allow=[
(LabelSet(labels={'app': 'app-b', 'role': 'frontend'}), Traffic(direction=ingress, port=80, protocol=TCP)) 
])
PLS: Configuring new spol Policy(name=app-b-allow-backend-frontend, sel=LabelSet(labels={'app': 'app-b', 'role': 'backend'}), allow=[
(LabelSet(labels={'app': 'app-b', 'role': 'frontend'}), Traffic(direction=egress, port=80, protocol=TCP)) 
])
Successfully added policy app-b-allow-backend-frontend to ClusterState
[126183404979904] Handled new policy app-b-allow-backend-frontend, Released app:app-brole:backend, app:app-brole:frontend,  ...
[126183404979904] Handling new policy app-a-allow-backend-database, locking app:app-arole:backend, app:app-arole:database,  ...
PLS: Configuring new spol Policy(name=app-a-allow-backend-database, sel=LabelSet(labels={'app': 'app-a', 'role': 'backend'}), allow=[
(LabelSet(labels={'app': 'app-a', 'role': 'database'}), Traffic(direction=ingress, port=80, protocol=TCP)) 
])
PLS: Configuring new spol Policy(name=app-a-allow-backend-database, sel=LabelSet(labels={'app': 'app-a', 'role': 'backend'}), allow=[
(LabelSet(labels={'app': 'app-a', 'role': 'database'}), Traffic(direction=egress, port=80, protocol=TCP)) 
])
Successfully added policy app-a-allow-backend-database to ClusterState
[126183404979904] Handled new policy app-a-allow-backend-database, Released app:app-arole:backend, app:app-arole:database,  ...
[126183418615488] Handling new policy app-a-allow-frontend-backend, locking app:app-arole:frontend, app:app-arole:backend,  ...
2025-07-30 18:56:10,033 [INFO] kopf.objects - Handler 'handle_new_policy' succeeded.
2025-07-30 18:56:10,035 [INFO] kopf.objects - Creation is processed: 1 succeeded; 0 failed.
2025-07-30 18:56:10,200 [INFO] kopf.objects - Handler 'handle_new_policy' succeeded.
2025-07-30 18:56:10,200 [INFO] kopf.objects - Creation is processed: 1 succeeded; 0 failed.
2025-07-30 18:56:10,278 [INFO] kopf.objects - Handler 'handle_new_policy' succeeded.
2025-07-30 18:56:10,278 [INFO] kopf.objects - Creation is processed: 1 succeeded; 0 failed.
2025-07-30 18:56:10,347 [INFO] kopf.objects - Handler 'handle_new_policy' succeeded.
2025-07-30 18:56:10,348 [INFO] kopf.objects - Creation is processed: 1 succeeded; 0 failed.
PLS: Configuring new spol Policy(name=app-a-allow-frontend-backend, sel=LabelSet(labels={'app': 'app-a', 'role': 'frontend'}), allow=[
(LabelSet(labels={'app': 'app-a', 'role': 'backend'}), Traffic(direction=ingress, port=80, protocol=TCP)) 
])
PLS: Configuring new spol Policy(name=app-a-allow-frontend-backend, sel=LabelSet(labels={'app': 'app-a', 'role': 'frontend'}), allow=[
(LabelSet(labels={'app': 'app-a', 'role': 'backend'}), Traffic(direction=egress, port=80, protocol=TCP)) 
])
Successfully added policy app-a-allow-frontend-backend to ClusterState
[126183418615488] Handled new policy app-a-allow-frontend-backend, Released app:app-arole:frontend, app:app-arole:backend,  ...
[126183404979904] Handling new policy app-a-allow-backend-frontend, locking app:app-arole:frontend, app:app-arole:backend,  ...
PLS: Configuring new spol Policy(name=app-a-allow-backend-frontend, sel=LabelSet(labels={'app': 'app-a', 'role': 'backend'}), allow=[
(LabelSet(labels={'app': 'app-a', 'role': 'frontend'}), Traffic(direction=ingress, port=80, protocol=TCP)) 
])
PLS: Configuring new spol Policy(name=app-a-allow-backend-frontend, sel=LabelSet(labels={'app': 'app-a', 'role': 'backend'}), allow=[
(LabelSet(labels={'app': 'app-a', 'role': 'frontend'}), Traffic(direction=egress, port=80, protocol=TCP)) 
])
Successfully added policy app-a-allow-backend-frontend to ClusterState
[126183404979904] Handled new policy app-a-allow-backend-frontend, Released app:app-arole:frontend, app:app-arole:backend,  ...
[126183404979904] Handling new policy app-a-deny-all, locking app:app-a,  ...
Successfully added policy app-a-deny-all to ClusterState
[126183404979904] Handled new policy app-a-deny-all, Released app:app-a,  ...
[126183418615488] Handling new policy app-a-allow-database-backend, locking app:app-arole:backend, app:app-arole:database,  ...
PLS: Configuring new spol Policy(name=app-a-allow-database-backend, sel=LabelSet(labels={'app': 'app-a', 'role': 'database'}), allow=[
(LabelSet(labels={'app': 'app-a', 'role': 'backend'}), Traffic(direction=ingress, port=80, protocol=TCP)) 
])
PLS: Configuring new spol Policy(name=app-a-allow-database-backend, sel=LabelSet(labels={'app': 'app-a', 'role': 'database'}), allow=[
(LabelSet(labels={'app': 'app-a', 'role': 'backend'}), Traffic(direction=egress, port=80, protocol=TCP)) 
])
Successfully added policy app-a-allow-database-backend to ClusterState
[126183418615488] Handled new policy app-a-allow-database-backend, Released app:app-arole:backend, app:app-arole:database,  ...
New pod test-pod-0! old_node = None, new_node = worker-1.
Handling the new pod object: Pod(name=test-pod-0, label_set=LabelSet(labels={'app': 'app-a', 'role': 'frontend'}), node=Node(name=worker-1)
[126183418615488] Handling pod test-pod-0, locking app:app-arole:frontend, app:app-arole:backend,  ...
New pod: test-pod-0, on node: worker-1
PLS: Configuring new pod with labelset: {L}
PLS: Configuring new spol Policy(name=app-a-allow-backend-frontend, sel=LabelSet(labels={'app': 'app-a', 'role': 'backend'}), allow=[
(LabelSet(labels={'app': 'app-a', 'role': 'frontend'}), Traffic(direction=egress, port=80, protocol=TCP)) 
])
PLS: Configuring new spol Policy(name=app-a-allow-frontend-backend, sel=LabelSet(labels={'app': 'app-a', 'role': 'frontend'}), allow=[
(LabelSet(labels={'app': 'app-a', 'role': 'backend'}), Traffic(direction=egress, port=80, protocol=TCP)) 
])
Adding Security Group for select labelset: LabelSet(labels={'app': 'app-a', 'role': 'frontend'})
New pod test-pod-1! old_node = None, new_node = worker-1.
Handling the new pod object: Pod(name=test-pod-1, label_set=LabelSet(labels={'app': 'app-a', 'role': 'backend'}), node=Node(name=worker-1)
[126183320581824] Handling pod test-pod-1, locking app:app-arole:frontend, app:app-arole:backend, app:app-arole:database,  ...
New pod test-pod-2! old_node = None, new_node = worker-1.
Handling the new pod object: Pod(name=test-pod-2, label_set=LabelSet(labels={'app': 'app-a', 'role': 'database'}), node=Node(name=worker-1)
[126183404979904] Handling pod test-pod-2, locking app:app-arole:backend, app:app-arole:database,  ...
New pod test-pod-3! old_node = None, new_node = worker-1.
Handling the new pod object: Pod(name=test-pod-3, label_set=LabelSet(labels={'app': 'app-b', 'role': 'frontend'}), node=Node(name=worker-1)
[126183312189120] Handling pod test-pod-3, locking app:app-brole:backend, app:app-brole:frontend,  ...
New pod: test-pod-3, on node: worker-1
PLS: Configuring new pod with labelset: {L}
PLS: Configuring new spol Policy(name=app-b-allow-backend-frontend, sel=LabelSet(labels={'app': 'app-b', 'role': 'backend'}), allow=[
(LabelSet(labels={'app': 'app-b', 'role': 'frontend'}), Traffic(direction=egress, port=80, protocol=TCP)) 
])
PLS: Configuring new spol Policy(name=app-b-allow-frontend-backend, sel=LabelSet(labels={'app': 'app-b', 'role': 'frontend'}), allow=[
(LabelSet(labels={'app': 'app-b', 'role': 'backend'}), Traffic(direction=ingress, port=80, protocol=TCP)) 
])
Adding Security Group for select labelset: LabelSet(labels={'app': 'app-b', 'role': 'frontend'})
New pod test-pod-5! old_node = None, new_node = worker-1.
Handling the new pod object: Pod(name=test-pod-5, label_set=LabelSet(labels={'app': 'app-b', 'role': 'database'}), node=Node(name=worker-1)
[126183303796416] Handling pod test-pod-5, locking app:app-brole:backend, app:app-brole:database,  ...
New pod test-pod-4! old_node = None, new_node = worker-1.
Handling the new pod object: Pod(name=test-pod-4, label_set=LabelSet(labels={'app': 'app-b', 'role': 'backend'}), node=Node(name=worker-1)
[126183295403712] Handling pod test-pod-4, locking app:app-brole:backend, app:app-brole:database, app:app-brole:frontend,  ...
New pod test-pod-6! old_node = None, new_node = worker-1.
Handling the new pod object: Pod(name=test-pod-6, label_set=LabelSet(labels={'app': 'app-c', 'role': 'frontend'}), node=Node(name=worker-1)
[126183287011008] Handling pod test-pod-6, locking app:app-crole:frontend, app:app-crole:backend,  ...
New pod: test-pod-6, on node: worker-1
PLS: Configuring new pod with labelset: {L}
PLS: Configuring new spol Policy(name=app-c-allow-backend-frontend, sel=LabelSet(labels={'app': 'app-c', 'role': 'backend'}), allow=[
(LabelSet(labels={'app': 'app-c', 'role': 'frontend'}), Traffic(direction=ingress, port=80, protocol=TCP)) 
])
PLS: Configuring new spol Policy(name=app-c-allow-frontend-backend, sel=LabelSet(labels={'app': 'app-c', 'role': 'frontend'}), allow=[
(LabelSet(labels={'app': 'app-c', 'role': 'backend'}), Traffic(direction=ingress, port=80, protocol=TCP)) 
])
Adding Security Group for select labelset: LabelSet(labels={'app': 'app-c', 'role': 'frontend'})
New pod test-pod-7! old_node = None, new_node = worker-1.
Handling the new pod object: Pod(name=test-pod-7, label_set=LabelSet(labels={'app': 'app-c', 'role': 'backend'}), node=Node(name=worker-1)
[126183278618304] Handling pod test-pod-7, locking app:app-crole:frontend, app:app-crole:database, app:app-crole:backend,  ...
New pod test-pod-9! old_node = None, new_node = worker-1.
Handling the new pod object: Pod(name=test-pod-9, label_set=LabelSet(labels={'app': 'app-a', 'role': 'frontend'}), node=Node(name=worker-1)
[126183270225600] Handling pod test-pod-9, locking app:app-arole:frontend, app:app-arole:backend,  ...
New pod test-pod-8! old_node = None, new_node = worker-1.
Handling the new pod object: Pod(name=test-pod-8, label_set=LabelSet(labels={'app': 'app-c', 'role': 'database'}), node=Node(name=worker-1)
[126182716602048] Handling pod test-pod-8, locking app:app-crole:database, app:app-crole:backend,  ...
New pod test-pod-12! old_node = None, new_node = worker-1.
Handling the new pod object: Pod(name=test-pod-12, label_set=LabelSet(labels={'app': 'app-b', 'role': 'frontend'}), node=Node(name=worker-1)
[126182708209344] Handling pod test-pod-12, locking app:app-brole:backend, app:app-brole:frontend,  ...
New pod test-pod-13! old_node = None, new_node = worker-1.
Handling the new pod object: Pod(name=test-pod-13, label_set=LabelSet(labels={'app': 'app-b', 'role': 'backend'}), node=Node(name=worker-1)
2025-07-30 18:56:13,394 [INFO] kopf.objects - Handler 'handle_new_pod/spec.nodeName' succeeded.
2025-07-30 18:56:13,397 [INFO] kopf.objects - Creation is processed: 1 succeeded; 0 failed.
2025-07-30 18:56:13,515 [INFO] kopf.objects - Handler 'handle_new_pod/spec.nodeName' succeeded.
2025-07-30 18:56:13,516 [INFO] kopf.objects - Creation is processed: 1 succeeded; 0 failed.
[126182699816640] Handling pod test-pod-13, locking app:app-brole:backend, app:app-brole:database, app:app-brole:frontend,  ...
New pod test-pod-10! old_node = None, new_node = worker-1.
Handling the new pod object: Pod(name=test-pod-10, label_set=LabelSet(labels={'app': 'app-a', 'role': 'backend'}), node=Node(name=worker-1)
[126182691423936] Handling pod test-pod-10, locking app:app-arole:frontend, app:app-arole:backend, app:app-arole:database,  ...
New pod test-pod-11! old_node = None, new_node = worker-1.
Handling the new pod object: Pod(name=test-pod-11, label_set=LabelSet(labels={'app': 'app-a', 'role': 'database'}), node=Node(name=worker-1)
[126182683031232] Handling pod test-pod-11, locking app:app-arole:backend, app:app-arole:database,  ...
New pod test-pod-14! old_node = None, new_node = worker-1.
Handling the new pod object: Pod(name=test-pod-14, label_set=LabelSet(labels={'app': 'app-b', 'role': 'database'}), node=Node(name=worker-1)
[126182674638528] Handling pod test-pod-14, locking app:app-brole:backend, app:app-brole:database,  ...
New pod test-pod-16! old_node = None, new_node = worker-1.
Handling the new pod object: Pod(name=test-pod-16, label_set=LabelSet(labels={'app': 'app-c', 'role': 'backend'}), node=Node(name=worker-1)
[126182666245824] Handling pod test-pod-16, locking app:app-crole:frontend, app:app-crole:database, app:app-crole:backend,  ...
New pod test-pod-15! old_node = None, new_node = worker-1.
Handling the new pod object: Pod(name=test-pod-15, label_set=LabelSet(labels={'app': 'app-c', 'role': 'frontend'}), node=Node(name=worker-1)
[126182179731136] Handling pod test-pod-15, locking app:app-crole:frontend, app:app-crole:backend,  ...
New pod test-pod-17! old_node = None, new_node = worker-1.
Handling the new pod object: Pod(name=test-pod-17, label_set=LabelSet(labels={'app': 'app-c', 'role': 'database'}), node=Node(name=worker-1)
[126182171338432] Handling pod test-pod-17, locking app:app-crole:database, app:app-crole:backend,  ...
New pod test-pod-18! old_node = None, new_node = worker-1.
Handling the new pod object: Pod(name=test-pod-18, label_set=LabelSet(labels={'app': 'app-a', 'role': 'frontend'}), node=Node(name=worker-1)
[126182162945728] Handling pod test-pod-18, locking app:app-arole:frontend, app:app-arole:backend,  ...
New pod test-pod-23! old_node = None, new_node = worker-1.
Handling the new pod object: Pod(name=test-pod-23, label_set=LabelSet(labels={'app': 'app-b', 'role': 'database'}), node=Node(name=worker-1)
[126182154553024] Handling pod test-pod-23, locking app:app-brole:backend, app:app-brole:database,  ...
Creating security group: SG-app:app-arole:frontend
Creating security group: SG-app:app-crole:frontend
Creating security group: SG-app:app-brole:frontend
Attaching security group SG-app:app-crole:frontend to instance worker-1
Attaching security group SG-app:app-arole:frontend to instance worker-1
Attaching security group SG-app:app-brole:frontend to instance worker-1
Adding Security Group for allow labelset: LabelSet(labels={'app': 'app-c', 'role': 'backend'})
Creating security group: SG-app:app-crole:backend
Adding Security Group for allow labelset: LabelSet(labels={'app': 'app-a', 'role': 'backend'})
SGMod: Adding rule to SG-app:app-crole:frontend, remote SG-app:app-crole:backend, port 80, type ingress
Adding Security Group for allow labelset: LabelSet(labels={'app': 'app-b', 'role': 'backend'})
Creating security group: SG-app:app-arole:backend
Creating security group: SG-app:app-brole:backend
PLS: Configuring new spol Policy(name=app-c-allow-backend-frontend, sel=LabelSet(labels={'app': 'app-c', 'role': 'backend'}), allow=[
(LabelSet(labels={'app': 'app-c', 'role': 'frontend'}), Traffic(direction=egress, port=80, protocol=TCP)) 
])
PLS: Configuring new spol Policy(name=app-c-allow-frontend-backend, sel=LabelSet(labels={'app': 'app-c', 'role': 'frontend'}), allow=[
(LabelSet(labels={'app': 'app-c', 'role': 'backend'}), Traffic(direction=egress, port=80, protocol=TCP)) 
])
Adding Security Group for select labelset: LabelSet(labels={'app': 'app-c', 'role': 'frontend'})
Adding Security Group for allow labelset: LabelSet(labels={'app': 'app-c', 'role': 'backend'})
SGMod: Adding rule to SG-app:app-crole:frontend, remote SG-app:app-crole:backend, port 80, type egress
SGMod: Adding rule to SG-app:app-brole:frontend, remote SG-app:app-brole:backend, port 80, type ingress
SGMod: Adding rule to SG-app:app-arole:frontend, remote SG-app:app-arole:backend, port 80, type egress
PLS: Configuring new spol Policy(name=app-b-allow-backend-frontend, sel=LabelSet(labels={'app': 'app-b', 'role': 'backend'}), allow=[
(LabelSet(labels={'app': 'app-b', 'role': 'frontend'}), Traffic(direction=ingress, port=80, protocol=TCP)) 
])
PLS: Configuring new spol Policy(name=app-b-allow-frontend-backend, sel=LabelSet(labels={'app': 'app-b', 'role': 'frontend'}), allow=[
(LabelSet(labels={'app': 'app-b', 'role': 'backend'}), Traffic(direction=egress, port=80, protocol=TCP)) 
])
Adding Security Group for select labelset: LabelSet(labels={'app': 'app-b', 'role': 'frontend'})
Adding Security Group for allow labelset: LabelSet(labels={'app': 'app-b', 'role': 'backend'})
SGMod: Adding rule to SG-app:app-brole:frontend, remote SG-app:app-brole:backend, port 80, type egress
PLS: Configuring new spol Policy(name=app-a-allow-frontend-backend, sel=LabelSet(labels={'app': 'app-a', 'role': 'frontend'}), allow=[
(LabelSet(labels={'app': 'app-a', 'role': 'backend'}), Traffic(direction=ingress, port=80, protocol=TCP)) 
])
Adding Security Group for select labelset: LabelSet(labels={'app': 'app-a', 'role': 'frontend'})
Adding Security Group for allow labelset: LabelSet(labels={'app': 'app-a', 'role': 'backend'})
SGMod: Adding rule to SG-app:app-arole:frontend, remote SG-app:app-arole:backend, port 80, type ingress
PLS: Configuring new spol Policy(name=app-a-allow-backend-frontend, sel=LabelSet(labels={'app': 'app-a', 'role': 'backend'}), allow=[
(LabelSet(labels={'app': 'app-a', 'role': 'frontend'}), Traffic(direction=ingress, port=80, protocol=TCP)) 
])
Attaching security group SG-app:app-crole:frontend to instance worker-1
SG-app:app-arole:frontend already attached to worker-1
[126183418615488] Pod test-pod-0 handled. Released locks for: app:app-arole:frontend, app:app-arole:backend, 
New pod: test-pod-2, on node: worker-1
PLS: Configuring new pod with labelset: {L}
PLS: Configuring new spol Policy(name=app-a-allow-backend-database, sel=LabelSet(labels={'app': 'app-a', 'role': 'backend'}), allow=[
(LabelSet(labels={'app': 'app-a', 'role': 'database'}), Traffic(direction=ingress, port=80, protocol=TCP)) 
])
PLS: Configuring new spol Policy(name=app-a-allow-database-backend, sel=LabelSet(labels={'app': 'app-a', 'role': 'database'}), allow=[
(LabelSet(labels={'app': 'app-a', 'role': 'backend'}), Traffic(direction=egress, port=80, protocol=TCP)) 
])
Adding Security Group for select labelset: LabelSet(labels={'app': 'app-a', 'role': 'database'})
New pod test-pod-25! old_node = None, new_node = worker-1.
Handling the new pod object: Pod(name=test-pod-25, label_set=LabelSet(labels={'app': 'app-c', 'role': 'backend'}), node=Node(name=worker-1)
[126183418615488] Handling pod test-pod-25, locking app:app-crole:frontend, app:app-crole:database, app:app-crole:backend,  ...
Creating security group: SG-app:app-arole:database
SG-app:app-brole:frontend already attached to worker-1
[126183312189120] Pod test-pod-3 handled. Released locks for: app:app-brole:backend, app:app-brole:frontend, 
New pod test-pod-24! old_node = None, new_node = worker-1.
Handling the new pod object: Pod(name=test-pod-24, label_set=LabelSet(labels={'app': 'app-c', 'role': 'frontend'}), node=Node(name=worker-1)
[126183312189120] Handling pod test-pod-24, locking app:app-crole:frontend, app:app-crole:backend,  ...
New pod: test-pod-5, on node: worker-1
PLS: Configuring new pod with labelset: {L}
PLS: Configuring new spol Policy(name=app-b-allow-backend-database, sel=LabelSet(labels={'app': 'app-b', 'role': 'backend'}), allow=[
(LabelSet(labels={'app': 'app-b', 'role': 'database'}), Traffic(direction=ingress, port=80, protocol=TCP)) 
])
2025-07-30 18:56:13,559 [INFO] kopf.objects - Handler 'handle_new_pod/spec.nodeName' succeeded.
2025-07-30 18:56:13,560 [INFO] kopf.objects - Creation is processed: 1 succeeded; 0 failed.
PLS: Configuring new spol Policy(name=app-b-allow-database-backend, sel=LabelSet(labels={'app': 'app-b', 'role': 'database'}), allow=[
(LabelSet(labels={'app': 'app-b', 'role': 'backend'}), Traffic(direction=ingress, port=80, protocol=TCP)) 
])
Adding Security Group for select labelset: LabelSet(labels={'app': 'app-b', 'role': 'database'})
[126183287011008] Pod test-pod-6 handled. Released locks for: app:app-crole:frontend, app:app-crole:backend, 
New pod: test-pod-7, on node: worker-1
PLS: Configuring new pod with labelset: {L}
PLS: Configuring new spol Policy(name=app-c-allow-backend-frontend, sel=LabelSet(labels={'app': 'app-c', 'role': 'backend'}), allow=[
(LabelSet(labels={'app': 'app-c', 'role': 'frontend'}), Traffic(direction=ingress, port=80, protocol=TCP)) 
])
Adding Security Group for select labelset: LabelSet(labels={'app': 'app-c', 'role': 'backend'})
Adding Security Group for allow labelset: LabelSet(labels={'app': 'app-c', 'role': 'frontend'})
SGMod: Adding rule to SG-app:app-crole:backend, remote SG-app:app-crole:frontend, port 80, type ingress
New pod test-pod-28! old_node = None, new_node = worker-1.
Handling the new pod object: Pod(name=test-pod-28, label_set=LabelSet(labels={'app': 'app-a', 'role': 'backend'}), node=Node(name=worker-1)
[126183287011008] Handling pod test-pod-28, locking app:app-arole:frontend, app:app-arole:backend, app:app-arole:database,  ...
Creating security group: SG-app:app-brole:database
PLS: Configuring new spol Policy(name=app-c-allow-frontend-backend, sel=LabelSet(labels={'app': 'app-c', 'role': 'frontend'}), allow=[
(LabelSet(labels={'app': 'app-c', 'role': 'backend'}), Traffic(direction=ingress, port=80, protocol=TCP)) 
])
Adding Security Group for select labelset: LabelSet(labels={'app': 'app-c', 'role': 'frontend'})
Adding Security Group for allow labelset: LabelSet(labels={'app': 'app-c', 'role': 'backend'})
SGMod: Adding rule to SG-app:app-crole:frontend, remote SG-app:app-crole:backend, port 80, type ingress
Cannot add rule to remotes: Security group rule already exists. Rule id is cd8d7e8f-276f-426e-9c77-11f9083e6d9a.
Neutron server returns request_ids: ['req-1f5a571a-af66-4408-9af7-83bbfd6dd0ac']
PLS: Configuring new spol Policy(name=app-c-allow-frontend-backend, sel=LabelSet(labels={'app': 'app-c', 'role': 'frontend'}), allow=[
(LabelSet(labels={'app': 'app-c', 'role': 'backend'}), Traffic(direction=egress, port=80, protocol=TCP)) 
])
Adding Security Group for select labelset: LabelSet(labels={'app': 'app-c', 'role': 'frontend'})
Adding Security Group for allow labelset: LabelSet(labels={'app': 'app-c', 'role': 'backend'})
SGMod: Adding rule to SG-app:app-crole:frontend, remote SG-app:app-crole:backend, port 80, type egress
Cannot add rule to remotes: Security group rule already exists. Rule id is 425ffedb-4a32-4c55-9032-851bb7cd0d00.
Neutron server returns request_ids: ['req-a7ae861e-3aaf-4892-bf41-d6858a19b11b']
PLS: Configuring new spol Policy(name=app-c-allow-database-backend, sel=LabelSet(labels={'app': 'app-c', 'role': 'database'}), allow=[
(LabelSet(labels={'app': 'app-c', 'role': 'backend'}), Traffic(direction=ingress, port=80, protocol=TCP)) 
])
PLS: Configuring new spol Policy(name=app-c-allow-backend-frontend, sel=LabelSet(labels={'app': 'app-c', 'role': 'backend'}), allow=[
(LabelSet(labels={'app': 'app-c', 'role': 'frontend'}), Traffic(direction=egress, port=80, protocol=TCP)) 
])
Adding Security Group for select labelset: LabelSet(labels={'app': 'app-c', 'role': 'backend'})
Adding Security Group for allow labelset: LabelSet(labels={'app': 'app-c', 'role': 'frontend'})
SGMod: Adding rule to SG-app:app-crole:backend, remote SG-app:app-crole:frontend, port 80, type egress
Attaching security group SG-app:app-arole:database to instance worker-1
Attaching security group SG-app:app-brole:database to instance worker-1
PLS: Configuring new spol Policy(name=app-c-allow-database-backend, sel=LabelSet(labels={'app': 'app-c', 'role': 'database'}), allow=[
(LabelSet(labels={'app': 'app-c', 'role': 'backend'}), Traffic(direction=egress, port=80, protocol=TCP)) 
])
PLS: Configuring new spol Policy(name=app-c-allow-backend-database, sel=LabelSet(labels={'app': 'app-c', 'role': 'backend'}), allow=[
(LabelSet(labels={'app': 'app-c', 'role': 'database'}), Traffic(direction=egress, port=80, protocol=TCP)) 
])
Adding Security Group for select labelset: LabelSet(labels={'app': 'app-c', 'role': 'backend'})
Adding Security Group for allow labelset: LabelSet(labels={'app': 'app-c', 'role': 'database'})
Creating security group: SG-app:app-crole:database
SGMod: Adding rule to SG-app:app-crole:backend, remote SG-app:app-crole:database, port 80, type egress
PLS: Configuring new spol Policy(name=app-c-allow-backend-database, sel=LabelSet(labels={'app': 'app-c', 'role': 'backend'}), allow=[
(LabelSet(labels={'app': 'app-c', 'role': 'database'}), Traffic(direction=ingress, port=80, protocol=TCP)) 
])
Adding Security Group for select labelset: LabelSet(labels={'app': 'app-c', 'role': 'backend'})
Adding Security Group for allow labelset: LabelSet(labels={'app': 'app-c', 'role': 'database'})
SGMod: Adding rule to SG-app:app-crole:backend, remote SG-app:app-crole:database, port 80, type ingress
Adding Security Group for allow labelset: LabelSet(labels={'app': 'app-b', 'role': 'backend'})
SGMod: Adding rule to SG-app:app-brole:database, remote SG-app:app-brole:backend, port 80, type ingress
PLS: Configuring new spol Policy(name=app-b-allow-backend-database, sel=LabelSet(labels={'app': 'app-b', 'role': 'backend'}), allow=[
(LabelSet(labels={'app': 'app-b', 'role': 'database'}), Traffic(direction=egress, port=80, protocol=TCP)) 
])
PLS: Configuring new spol Policy(name=app-b-allow-database-backend, sel=LabelSet(labels={'app': 'app-b', 'role': 'database'}), allow=[
(LabelSet(labels={'app': 'app-b', 'role': 'backend'}), Traffic(direction=egress, port=80, protocol=TCP)) 
])
Adding Security Group for select labelset: LabelSet(labels={'app': 'app-b', 'role': 'database'})
Adding Security Group for allow labelset: LabelSet(labels={'app': 'app-b', 'role': 'backend'})
SGMod: Adding rule to SG-app:app-brole:database, remote SG-app:app-brole:backend, port 80, type egress
Adding Security Group for allow labelset: LabelSet(labels={'app': 'app-a', 'role': 'backend'})
SGMod: Adding rule to SG-app:app-arole:database, remote SG-app:app-arole:backend, port 80, type egress
PLS: Configuring new spol Policy(name=app-a-allow-database-backend, sel=LabelSet(labels={'app': 'app-a', 'role': 'database'}), allow=[
(LabelSet(labels={'app': 'app-a', 'role': 'backend'}), Traffic(direction=ingress, port=80, protocol=TCP)) 
])
Adding Security Group for select labelset: LabelSet(labels={'app': 'app-a', 'role': 'database'})
Adding Security Group for allow labelset: LabelSet(labels={'app': 'app-a', 'role': 'backend'})
SGMod: Adding rule to SG-app:app-arole:database, remote SG-app:app-arole:backend, port 80, type ingress
Attaching security group SG-app:app-crole:backend to instance worker-1
PLS: Configuring new spol Policy(name=app-a-allow-backend-database, sel=LabelSet(labels={'app': 'app-a', 'role': 'backend'}), allow=[
(LabelSet(labels={'app': 'app-a', 'role': 'database'}), Traffic(direction=egress, port=80, protocol=TCP)) 
])
SG-app:app-brole:database already attached to worker-1
[126183303796416] Pod test-pod-5 handled. Released locks for: app:app-brole:backend, app:app-brole:database, 
New pod test-pod-20! old_node = None, new_node = worker-1.
Handling the new pod object: Pod(name=test-pod-20, label_set=LabelSet(labels={'app': 'app-a', 'role': 'database'}), node=Node(name=worker-1)
[126183303796416] Handling pod test-pod-20, locking app:app-arole:backend, app:app-arole:database,  ...
New pod: test-pod-4, on node: worker-1
PLS: Configuring new pod with labelset: {L}
PLS: Configuring new spol Policy(name=app-b-allow-frontend-backend, sel=LabelSet(labels={'app': 'app-b', 'role': 'frontend'}), allow=[
(LabelSet(labels={'app': 'app-b', 'role': 'backend'}), Traffic(direction=ingress, port=80, protocol=TCP)) 
])
Adding Security Group for select labelset: LabelSet(labels={'app': 'app-b', 'role': 'frontend'})
2025-07-30 18:56:15,334 [INFO] kopf.objects - Handler 'handle_new_pod/spec.nodeName' succeeded.
2025-07-30 18:56:15,338 [INFO] kopf.objects - Creation is processed: 1 succeeded; 0 failed.
2025-07-30 18:56:15,484 [INFO] kopf.objects - Handler 'handle_new_pod/spec.nodeName' succeeded.
2025-07-30 18:56:15,487 [INFO] kopf.objects - Creation is processed: 1 succeeded; 0 failed.
2025-07-30 18:56:15,583 [INFO] kopf.objects - Handler 'handle_new_pod/spec.nodeName' succeeded.
2025-07-30 18:56:15,584 [INFO] kopf.objects - Creation is processed: 1 succeeded; 0 failed.
Adding Security Group for allow labelset: LabelSet(labels={'app': 'app-b', 'role': 'backend'})
SGMod: Adding rule to SG-app:app-brole:frontend, remote SG-app:app-brole:backend, port 80, type ingress
Cannot add rule to remotes: Security group rule already exists. Rule id is e8fe8995-8dd0-4076-9d73-d3100114439c.
Neutron server returns request_ids: ['req-be665cf3-7d52-41b3-9145-53e882943162']
PLS: Configuring new spol Policy(name=app-b-allow-frontend-backend, sel=LabelSet(labels={'app': 'app-b', 'role': 'frontend'}), allow=[
(LabelSet(labels={'app': 'app-b', 'role': 'backend'}), Traffic(direction=egress, port=80, protocol=TCP)) 
])
Adding Security Group for select labelset: LabelSet(labels={'app': 'app-b', 'role': 'frontend'})
Adding Security Group for allow labelset: LabelSet(labels={'app': 'app-b', 'role': 'backend'})
SGMod: Adding rule to SG-app:app-brole:frontend, remote SG-app:app-brole:backend, port 80, type egress
SG-app:app-arole:database already attached to worker-1
[126183404979904] Pod test-pod-2 handled. Released locks for: app:app-arole:backend, app:app-arole:database, 
New pod test-pod-26! old_node = None, new_node = worker-1.
Handling the new pod object: Pod(name=test-pod-26, label_set=LabelSet(labels={'app': 'app-c', 'role': 'database'}), node=Node(name=worker-1)
[126183404979904] Handling pod test-pod-26, locking app:app-crole:database, app:app-crole:backend,  ...
New pod: test-pod-1, on node: worker-1
PLS: Configuring new pod with labelset: {L}
PLS: Configuring new spol Policy(name=app-a-allow-backend-frontend, sel=LabelSet(labels={'app': 'app-a', 'role': 'backend'}), allow=[
(LabelSet(labels={'app': 'app-a', 'role': 'frontend'}), Traffic(direction=egress, port=80, protocol=TCP)) 
])
Adding Security Group for select labelset: LabelSet(labels={'app': 'app-a', 'role': 'backend'})
Adding Security Group for allow labelset: LabelSet(labels={'app': 'app-a', 'role': 'frontend'})
SGMod: Adding rule to SG-app:app-arole:backend, remote SG-app:app-arole:frontend, port 80, type egress
Cannot add rule to remotes: Security group rule already exists. Rule id is 25b134f1-e731-4218-9888-4ef9f7bf8db7.
Neutron server returns request_ids: ['req-1df4eea3-fa46-4070-be55-3d38656aef5e']
PLS: Configuring new spol Policy(name=app-b-allow-backend-frontend, sel=LabelSet(labels={'app': 'app-b', 'role': 'backend'}), allow=[
(LabelSet(labels={'app': 'app-b', 'role': 'frontend'}), Traffic(direction=ingress, port=80, protocol=TCP)) 
])
Adding Security Group for select labelset: LabelSet(labels={'app': 'app-b', 'role': 'backend'})
Adding Security Group for allow labelset: LabelSet(labels={'app': 'app-b', 'role': 'frontend'})
SGMod: Adding rule to SG-app:app-brole:backend, remote SG-app:app-brole:frontend, port 80, type ingress
[126183278618304] Pod test-pod-7 handled. Released locks for: app:app-crole:frontend, app:app-crole:database, app:app-crole:backend, 
New pod test-pod-27! old_node = None, new_node = worker-1.
Handling the new pod object: Pod(name=test-pod-27, label_set=LabelSet(labels={'app': 'app-a', 'role': 'frontend'}), node=Node(name=worker-1)
[126183278618304] Handling pod test-pod-27, locking app:app-arole:frontend, app:app-arole:backend,  ...
New pod: test-pod-8, on node: worker-1
PLS: Configuring new pod with labelset: {L}
PLS: Configuring new spol Policy(name=app-c-allow-database-backend, sel=LabelSet(labels={'app': 'app-c', 'role': 'database'}), allow=[
(LabelSet(labels={'app': 'app-c', 'role': 'backend'}), Traffic(direction=ingress, port=80, protocol=TCP)) 
])
Adding Security Group for select labelset: LabelSet(labels={'app': 'app-c', 'role': 'database'})
Adding Security Group for allow labelset: LabelSet(labels={'app': 'app-c', 'role': 'backend'})
SGMod: Adding rule to SG-app:app-crole:database, remote SG-app:app-crole:backend, port 80, type ingress
PLS: Configuring new spol Policy(name=app-b-allow-backend-database, sel=LabelSet(labels={'app': 'app-b', 'role': 'backend'}), allow=[
(LabelSet(labels={'app': 'app-b', 'role': 'database'}), Traffic(direction=egress, port=80, protocol=TCP)) 
])
Adding Security Group for select labelset: LabelSet(labels={'app': 'app-b', 'role': 'backend'})
Adding Security Group for allow labelset: LabelSet(labels={'app': 'app-b', 'role': 'database'})
SGMod: Adding rule to SG-app:app-brole:backend, remote SG-app:app-brole:database, port 80, type egress
PLS: Configuring new spol Policy(name=app-a-allow-backend-database, sel=LabelSet(labels={'app': 'app-a', 'role': 'backend'}), allow=[
(LabelSet(labels={'app': 'app-a', 'role': 'database'}), Traffic(direction=ingress, port=80, protocol=TCP)) 
])
Adding Security Group for select labelset: LabelSet(labels={'app': 'app-a', 'role': 'backend'})
Adding Security Group for allow labelset: LabelSet(labels={'app': 'app-a', 'role': 'database'})
SGMod: Adding rule to SG-app:app-arole:backend, remote SG-app:app-arole:database, port 80, type ingress
PLS: Configuring new spol Policy(name=app-c-allow-backend-database, sel=LabelSet(labels={'app': 'app-c', 'role': 'backend'}), allow=[
(LabelSet(labels={'app': 'app-c', 'role': 'database'}), Traffic(direction=egress, port=80, protocol=TCP)) 
])
Adding Security Group for select labelset: LabelSet(labels={'app': 'app-c', 'role': 'backend'})
Adding Security Group for allow labelset: LabelSet(labels={'app': 'app-c', 'role': 'database'})
SGMod: Adding rule to SG-app:app-crole:backend, remote SG-app:app-crole:database, port 80, type egress
PLS: Configuring new spol Policy(name=app-a-allow-frontend-backend, sel=LabelSet(labels={'app': 'app-a', 'role': 'frontend'}), allow=[
(LabelSet(labels={'app': 'app-a', 'role': 'backend'}), Traffic(direction=egress, port=80, protocol=TCP)) 
])
Adding Security Group for select labelset: LabelSet(labels={'app': 'app-a', 'role': 'frontend'})
Adding Security Group for allow labelset: LabelSet(labels={'app': 'app-a', 'role': 'backend'})
SGMod: Adding rule to SG-app:app-arole:frontend, remote SG-app:app-arole:backend, port 80, type egress
PLS: Configuring new spol Policy(name=app-b-allow-database-backend, sel=LabelSet(labels={'app': 'app-b', 'role': 'database'}), allow=[
(LabelSet(labels={'app': 'app-b', 'role': 'backend'}), Traffic(direction=ingress, port=80, protocol=TCP)) 
])
Adding Security Group for select labelset: LabelSet(labels={'app': 'app-b', 'role': 'database'})
Adding Security Group for allow labelset: LabelSet(labels={'app': 'app-b', 'role': 'backend'})
SGMod: Adding rule to SG-app:app-brole:database, remote SG-app:app-brole:backend, port 80, type ingress
Cannot add rule to remotes: Security group rule already exists. Rule id is b9bd9235-9e31-4766-8da2-072353395a36.
Neutron server returns request_ids: ['req-b244af8c-1b10-4450-8e47-da23c6a09430']
PLS: Configuring new spol Policy(name=app-a-allow-database-backend, sel=LabelSet(labels={'app': 'app-a', 'role': 'database'}), allow=[
(LabelSet(labels={'app': 'app-a', 'role': 'backend'}), Traffic(direction=ingress, port=80, protocol=TCP)) 
])
Adding Security Group for select labelset: LabelSet(labels={'app': 'app-a', 'role': 'database'})
Adding Security Group for allow labelset: LabelSet(labels={'app': 'app-a', 'role': 'backend'})
SGMod: Adding rule to SG-app:app-arole:database, remote SG-app:app-arole:backend, port 80, type ingress
Cannot add rule to remotes: Security group rule already exists. Rule id is d84f5fcf-0dad-420c-8c37-cd5da0e02d70.
Neutron server returns request_ids: ['req-f7ad6fa2-3770-47c9-b09e-2a1c54a6a3d4']
PLS: Configuring new spol Policy(name=app-c-allow-backend-database, sel=LabelSet(labels={'app': 'app-c', 'role': 'backend'}), allow=[
(LabelSet(labels={'app': 'app-c', 'role': 'database'}), Traffic(direction=ingress, port=80, protocol=TCP)) 
])
Adding Security Group for select labelset: LabelSet(labels={'app': 'app-c', 'role': 'backend'})
Adding Security Group for allow labelset: LabelSet(labels={'app': 'app-c', 'role': 'database'})
SGMod: Adding rule to SG-app:app-crole:backend, remote SG-app:app-crole:database, port 80, type ingress
Cannot add rule to remotes: Security group rule already exists. Rule id is e7de6dfd-514b-469b-bebd-4244dcfac56d.
Neutron server returns request_ids: ['req-b763e92e-a1a8-4a5f-8d83-2730e34b479a']
2025-07-30 18:56:17,065 [INFO] kopf.objects - Handler 'handle_new_pod/spec.nodeName' succeeded.
2025-07-30 18:56:17,066 [INFO] kopf.objects - Creation is processed: 1 succeeded; 0 failed.
2025-07-30 18:56:17,069 [INFO] kopf.objects - Handler 'handle_new_pod/spec.nodeName' succeeded.
2025-07-30 18:56:17,070 [INFO] kopf.objects - Creation is processed: 1 succeeded; 0 failed.
2025-07-30 18:56:17,078 [INFO] kopf.objects - Handler 'handle_new_pod/spec.nodeName' succeeded.
2025-07-30 18:56:17,079 [INFO] kopf.objects - Creation is processed: 1 succeeded; 0 failed.
PLS: Configuring new spol Policy(name=app-b-allow-database-backend, sel=LabelSet(labels={'app': 'app-b', 'role': 'database'}), allow=[
(LabelSet(labels={'app': 'app-b', 'role': 'backend'}), Traffic(direction=egress, port=80, protocol=TCP)) 
])
Adding Security Group for select labelset: LabelSet(labels={'app': 'app-b', 'role': 'database'})
Adding Security Group for allow labelset: LabelSet(labels={'app': 'app-b', 'role': 'backend'})
SGMod: Adding rule to SG-app:app-brole:database, remote SG-app:app-brole:backend, port 80, type egress
Cannot add rule to remotes: Security group rule already exists. Rule id is 9f8d21b5-1cfc-420a-822f-0866734a5585.
Neutron server returns request_ids: ['req-2b85a5ca-6fe4-4650-8b0e-00b760b57a35']
PLS: Configuring new spol Policy(name=app-a-allow-backend-frontend, sel=LabelSet(labels={'app': 'app-a', 'role': 'backend'}), allow=[
(LabelSet(labels={'app': 'app-a', 'role': 'frontend'}), Traffic(direction=ingress, port=80, protocol=TCP)) 
])
Adding Security Group for select labelset: LabelSet(labels={'app': 'app-a', 'role': 'backend'})
Adding Security Group for allow labelset: LabelSet(labels={'app': 'app-a', 'role': 'frontend'})
SGMod: Adding rule to SG-app:app-arole:backend, remote SG-app:app-arole:frontend, port 80, type ingress
Cannot add rule to remotes: Security group rule already exists. Rule id is e17807a2-b594-46fc-92a9-481da5303625.
Neutron server returns request_ids: ['req-7b239f48-39de-4a6d-bb3c-e2d80d013f63']
2025-07-30 18:56:17,080 [INFO] kopf.objects - Handler 'handle_new_pod/spec.nodeName' succeeded.
PLS: Configuring new spol Policy(name=app-c-allow-database-backend, sel=LabelSet(labels={'app': 'app-c', 'role': 'database'}), allow=[
(LabelSet(labels={'app': 'app-c', 'role': 'backend'}), Traffic(direction=egress, port=80, protocol=TCP)) 
])
Adding Security Group for select labelset: LabelSet(labels={'app': 'app-c', 'role': 'database'})
Adding Security Group for allow labelset: LabelSet(labels={'app': 'app-c', 'role': 'backend'})
SGMod: Adding rule to SG-app:app-crole:database, remote SG-app:app-crole:backend, port 80, type egress
Cannot add rule to remotes: Security group rule already exists. Rule id is e0b7ecc5-20af-40b1-b5cd-21228fca1783.
Neutron server returns request_ids: ['req-848bca2c-5054-439a-947f-d170df44d6d6']
PLS: Configuring new spol Policy(name=app-b-allow-backend-frontend, sel=LabelSet(labels={'app': 'app-b', 'role': 'backend'}), allow=[
(LabelSet(labels={'app': 'app-b', 'role': 'frontend'}), Traffic(direction=egress, port=80, protocol=TCP)) 
])
Adding Security Group for select labelset: LabelSet(labels={'app': 'app-b', 'role': 'backend'})
Adding Security Group for allow labelset: LabelSet(labels={'app': 'app-b', 'role': 'frontend'})
SGMod: Adding rule to SG-app:app-brole:backend, remote SG-app:app-brole:frontend, port 80, type egress
PLS: Configuring new spol Policy(name=app-a-allow-backend-database, sel=LabelSet(labels={'app': 'app-a', 'role': 'backend'}), allow=[
(LabelSet(labels={'app': 'app-a', 'role': 'database'}), Traffic(direction=egress, port=80, protocol=TCP)) 
])
2025-07-30 18:56:17,080 [INFO] kopf.objects - Creation is processed: 1 succeeded; 0 failed.
Adding Security Group for select labelset: LabelSet(labels={'app': 'app-a', 'role': 'backend'})
Adding Security Group for allow labelset: LabelSet(labels={'app': 'app-a', 'role': 'database'})
SGMod: Adding rule to SG-app:app-arole:backend, remote SG-app:app-arole:database, port 80, type egress
PLS: Configuring new spol Policy(name=app-b-allow-backend-database, sel=LabelSet(labels={'app': 'app-b', 'role': 'backend'}), allow=[
(LabelSet(labels={'app': 'app-b', 'role': 'database'}), Traffic(direction=ingress, port=80, protocol=TCP)) 
])
Adding Security Group for select labelset: LabelSet(labels={'app': 'app-b', 'role': 'backend'})
Adding Security Group for allow labelset: LabelSet(labels={'app': 'app-b', 'role': 'database'})
SGMod: Adding rule to SG-app:app-brole:backend, remote SG-app:app-brole:database, port 80, type ingress
PLS: Configuring new spol Policy(name=app-a-allow-database-backend, sel=LabelSet(labels={'app': 'app-a', 'role': 'database'}), allow=[
(LabelSet(labels={'app': 'app-a', 'role': 'backend'}), Traffic(direction=egress, port=80, protocol=TCP)) 
])
Adding Security Group for select labelset: LabelSet(labels={'app': 'app-a', 'role': 'database'})
Adding Security Group for allow labelset: LabelSet(labels={'app': 'app-a', 'role': 'backend'})
SGMod: Adding rule to SG-app:app-arole:database, remote SG-app:app-arole:backend, port 80, type egress
Cannot add rule to remotes: Security group rule already exists. Rule id is 5f505ae6-be56-408f-8386-dad5bd905676.
Neutron server returns request_ids: ['req-64581e28-e97c-477d-a725-3a69a747fd93']
PLS: Configuring new spol Policy(name=app-a-allow-frontend-backend, sel=LabelSet(labels={'app': 'app-a', 'role': 'frontend'}), allow=[
(LabelSet(labels={'app': 'app-a', 'role': 'backend'}), Traffic(direction=ingress, port=80, protocol=TCP)) 
])
Adding Security Group for select labelset: LabelSet(labels={'app': 'app-a', 'role': 'frontend'})
Adding Security Group for allow labelset: LabelSet(labels={'app': 'app-a', 'role': 'backend'})
SGMod: Adding rule to SG-app:app-arole:frontend, remote SG-app:app-arole:backend, port 80, type ingress
Attaching security group SG-app:app-crole:database to instance worker-1
Cannot add rule to remotes: Security group rule already exists. Rule id is 6f19efe3-24b0-408d-a573-64fafab4ea10.
Neutron server returns request_ids: ['req-934a6642-1cc0-4407-8d5d-bf63a08981d7']
Attaching security group SG-app:app-arole:backend to instance worker-1
Attaching security group SG-app:app-brole:backend to instance worker-1
[126182716602048] Pod test-pod-8 handled. Released locks for: app:app-crole:database, app:app-crole:backend, 
New pod: test-pod-16, on node: worker-1
[126182666245824] Pod test-pod-16 handled. Released locks for: app:app-crole:frontend, app:app-crole:database, app:app-crole:backend, 
New pod test-pod-21! old_node = None, new_node = worker-1.
Handling the new pod object: Pod(name=test-pod-21, label_set=LabelSet(labels={'app': 'app-b', 'role': 'frontend'}), node=Node(name=worker-1)
[126182716602048] Handling pod test-pod-21, locking app:app-brole:backend, app:app-brole:frontend,  ...
New pod: test-pod-15, on node: worker-1
[126182179731136] Pod test-pod-15 handled. Released locks for: app:app-crole:frontend, app:app-crole:backend, 
New pod test-pod-22! old_node = None, new_node = worker-1.
Handling the new pod object: Pod(name=test-pod-22, label_set=LabelSet(labels={'app': 'app-b', 'role': 'backend'}), node=Node(name=worker-1)
[126182179731136] Handling pod test-pod-22, locking app:app-brole:backend, app:app-brole:database, app:app-brole:frontend,  ...
New pod: test-pod-17, on node: worker-1
[126182171338432] Pod test-pod-17 handled. Released locks for: app:app-crole:database, app:app-crole:backend, 
New pod test-pod-19! old_node = None, new_node = worker-1.
Handling the new pod object: Pod(name=test-pod-19, label_set=LabelSet(labels={'app': 'app-a', 'role': 'backend'}), node=Node(name=worker-1)
[126182171338432] Handling pod test-pod-19, locking app:app-arole:frontend, app:app-arole:backend, app:app-arole:database,  ...
New pod test-pod-29! old_node = None, new_node = worker-1.
Handling the new pod object: Pod(name=test-pod-29, label_set=LabelSet(labels={'app': 'app-a', 'role': 'database'}), node=Node(name=worker-1)
[126182666245824] Handling pod test-pod-29, locking app:app-arole:backend, app:app-arole:database,  ...
New pod: test-pod-25, on node: worker-1
[126183418615488] Pod test-pod-25 handled. Released locks for: app:app-crole:frontend, app:app-crole:database, app:app-crole:backend, 
New pod test-pod-30! old_node = None, new_node = worker-1.
Handling the new pod object: Pod(name=test-pod-30, label_set=LabelSet(labels={'app': 'app-b', 'role': 'frontend'}), node=Node(name=worker-1)
[126183418615488] Handling pod test-pod-30, locking app:app-brole:backend, app:app-brole:frontend,  ...
New pod: test-pod-24, on node: worker-1
[126183312189120] Pod test-pod-24 handled. Released locks for: app:app-crole:frontend, app:app-crole:backend, 
New pod test-pod-33! old_node = None, new_node = worker-1.
Handling the new pod object: Pod(name=test-pod-33, label_set=LabelSet(labels={'app': 'app-c', 'role': 'frontend'}), node=Node(name=worker-1)
2025-07-30 18:56:17,082 [INFO] kopf.objects - Handler 'handle_new_pod/spec.nodeName' succeeded.
2025-07-30 18:56:17,084 [INFO] kopf.objects - Creation is processed: 1 succeeded; 0 failed.
2025-07-30 18:56:17,088 [INFO] kopf.objects - Handler 'handle_new_pod/spec.nodeName' succeeded.
2025-07-30 18:56:17,088 [INFO] kopf.objects - Creation is processed: 1 succeeded; 0 failed.
2025-07-30 18:56:17,093 [INFO] kopf.objects - Handler 'handle_new_pod/spec.nodeName' succeeded.
2025-07-30 18:56:17,093 [INFO] kopf.objects - Creation is processed: 1 succeeded; 0 failed.
2025-07-30 18:56:17,095 [INFO] kopf.objects - Handler 'handle_new_pod/spec.nodeName' succeeded.
2025-07-30 18:56:17,095 [INFO] kopf.objects - Creation is processed: 1 succeeded; 0 failed.
2025-07-30 18:56:17,429 [INFO] kopf.objects - Handler 'handle_new_pod/spec.nodeName' succeeded.
2025-07-30 18:56:17,430 [INFO] kopf.objects - Creation is processed: 1 succeeded; 0 failed.
2025-07-30 18:56:17,433 [INFO] kopf.objects - Handler 'handle_new_pod/spec.nodeName' succeeded.
2025-07-30 18:56:17,434 [INFO] kopf.objects - Creation is processed: 1 succeeded; 0 failed.
2025-07-30 18:56:17,443 [INFO] kopf.objects - Handler 'handle_new_pod/spec.nodeName' succeeded.
[126183312189120] Handling pod test-pod-33, locking app:app-crole:frontend, app:app-crole:backend,  ...
New pod: test-pod-26, on node: worker-1
[126183404979904] Pod test-pod-26 handled. Released locks for: app:app-crole:database, app:app-crole:backend, 
New pod test-pod-31! old_node = None, new_node = worker-1.
Handling the new pod object: Pod(name=test-pod-31, label_set=LabelSet(labels={'app': 'app-b', 'role': 'backend'}), node=Node(name=worker-1)
[126183404979904] Handling pod test-pod-31, locking app:app-brole:backend, app:app-brole:database, app:app-brole:frontend,  ...
New pod: test-pod-33, on node: worker-1
[126183312189120] Pod test-pod-33 handled. Released locks for: app:app-crole:frontend, app:app-crole:backend, 
New pod test-pod-36! old_node = None, new_node = worker-1.
Handling the new pod object: Pod(name=test-pod-36, label_set=LabelSet(labels={'app': 'app-a', 'role': 'frontend'}), node=Node(name=worker-1)
[126183312189120] Handling pod test-pod-36, locking app:app-arole:frontend, app:app-arole:backend,  ...
[126183320581824] Pod test-pod-1 handled. Released locks for: app:app-arole:frontend, app:app-arole:backend, app:app-arole:database, 
New pod: test-pod-9, on node: worker-1
[126183270225600] Pod test-pod-9 handled. Released locks for: app:app-arole:frontend, app:app-arole:backend, 
New pod test-pod-37! old_node = None, new_node = worker-1.
Handling the new pod object: Pod(name=test-pod-37, label_set=LabelSet(labels={'app': 'app-a', 'role': 'backend'}), node=Node(name=worker-1)
[126183270225600] Handling pod test-pod-37, locking app:app-arole:frontend, app:app-arole:backend, app:app-arole:database,  ...
New pod test-pod-35! old_node = None, new_node = worker-1.
2025-07-30 18:56:17,444 [INFO] kopf.objects - Creation is processed: 1 succeeded; 0 failed.
Handling the new pod object: Pod(name=test-pod-35, label_set=LabelSet(labels={'app': 'app-c', 'role': 'database'}), node=Node(name=worker-1)
[126183320581824] Handling pod test-pod-35, locking app:app-crole:database, app:app-crole:backend,  ...
New pod: test-pod-35, on node: worker-1
[126183320581824] Pod test-pod-35 handled. Released locks for: app:app-crole:database, app:app-crole:backend, 
New pod test-pod-32! old_node = None, new_node = worker-1.
Handling the new pod object: Pod(name=test-pod-32, label_set=LabelSet(labels={'app': 'app-b', 'role': 'database'}), node=Node(name=worker-1)
[126183320581824] Handling pod test-pod-32, locking app:app-brole:backend, app:app-brole:database,  ...
New pod: test-pod-10, on node: worker-1
[126182691423936] Pod test-pod-10 handled. Released locks for: app:app-arole:frontend, app:app-arole:backend, app:app-arole:database, 
New pod test-pod-38! old_node = None, new_node = worker-1.
Handling the new pod object: Pod(name=test-pod-38, label_set=LabelSet(labels={'app': 'app-a', 'role': 'database'}), node=Node(name=worker-1)
[126182691423936] Handling pod test-pod-38, locking app:app-arole:backend, app:app-arole:database,  ...
New pod: test-pod-11, on node: worker-1
[126182683031232] Pod test-pod-11 handled. Released locks for: app:app-arole:backend, app:app-arole:database, 
New pod test-pod-34! old_node = None, new_node = worker-1.
Handling the new pod object: Pod(name=test-pod-34, label_set=LabelSet(labels={'app': 'app-c', 'role': 'backend'}), node=Node(name=worker-1)
[126182683031232] Handling pod test-pod-34, locking app:app-crole:frontend, app:app-crole:database, app:app-crole:backend,  ...
New pod: test-pod-34, on node: worker-1
[126182683031232] Pod test-pod-34 handled. Released locks for: app:app-crole:frontend, app:app-crole:database, app:app-crole:backend, 
New pod test-pod-39! old_node = None, new_node = worker-1.
Handling the new pod object: Pod(name=test-pod-39, label_set=LabelSet(labels={'app': 'app-b', 'role': 'frontend'}), node=Node(name=worker-1)
[126182683031232] Handling pod test-pod-39, locking app:app-brole:backend, app:app-brole:frontend,  ...
New pod: test-pod-18, on node: worker-1
[126182162945728] Pod test-pod-18 handled. Released locks for: app:app-arole:frontend, app:app-arole:backend, 
New pod test-pod-40! old_node = None, new_node = worker-1.
Handling the new pod object: Pod(name=test-pod-40, label_set=LabelSet(labels={'app': 'app-b', 'role': 'backend'}), node=Node(name=worker-1)
[126182162945728] Handling pod test-pod-40, locking app:app-brole:backend, app:app-brole:database, app:app-brole:frontend,  ...
New pod: test-pod-28, on node: worker-1
[126183287011008] Pod test-pod-28 handled. Released locks for: app:app-arole:frontend, app:app-arole:backend, app:app-arole:database, 
New pod test-pod-41! old_node = None, new_node = worker-1.
Handling the new pod object: Pod(name=test-pod-41, label_set=LabelSet(labels={'app': 'app-b', 'role': 'database'}), node=Node(name=worker-1)
[126183287011008] Handling pod test-pod-41, locking app:app-brole:backend, app:app-brole:database,  ...
New pod: test-pod-20, on node: worker-1
[126183303796416] Pod test-pod-20 handled. Released locks for: app:app-arole:backend, app:app-arole:database, 
New pod test-pod-42! old_node = None, new_node = worker-1.
Handling the new pod object: Pod(name=test-pod-42, label_set=LabelSet(labels={'app': 'app-c', 'role': 'frontend'}), node=Node(name=worker-1)
[126183303796416] Handling pod test-pod-42, locking app:app-crole:frontend, app:app-crole:backend,  ...
New pod: test-pod-42, on node: worker-1
[126183303796416] Pod test-pod-42 handled. Released locks for: app:app-crole:frontend, app:app-crole:backend, 
New pod test-pod-43! old_node = None, new_node = worker-1.
Handling the new pod object: Pod(name=test-pod-43, label_set=LabelSet(labels={'app': 'app-c', 'role': 'backend'}), node=Node(name=worker-1)
[126183303796416] Handling pod test-pod-43, locking app:app-crole:frontend, app:app-crole:database, app:app-crole:backend,  ...
New pod: test-pod-43, on node: worker-1
[126183303796416] Pod test-pod-43 handled. Released locks for: app:app-crole:frontend, app:app-crole:database, app:app-crole:backend, 
New pod test-pod-44! old_node = None, new_node = worker-1.
Handling the new pod object: Pod(name=test-pod-44, label_set=LabelSet(labels={'app': 'app-c', 'role': 'database'}), node=Node(name=worker-1)
[126183303796416] Handling pod test-pod-44, locking app:app-crole:database, app:app-crole:backend,  ...
New pod: test-pod-44, on node: worker-1
[126183303796416] Pod test-pod-44 handled. Released locks for: app:app-crole:database, app:app-crole:backend, 
New pod: test-pod-27, on node: worker-1
[126183278618304] Pod test-pod-27 handled. Released locks for: app:app-arole:frontend, app:app-arole:backend, 
New pod test-pod-45! old_node = None, new_node = worker-1.
Handling the new pod object: Pod(name=test-pod-45, label_set=LabelSet(labels={'app': 'app-a', 'role': 'frontend'}), node=Node(name=worker-1)
[126183278618304] Handling pod test-pod-45, locking app:app-arole:frontend, app:app-arole:backend,  ...
New pod test-pod-46! old_node = None, new_node = worker-1.
Handling the new pod object: Pod(name=test-pod-46, label_set=LabelSet(labels={'app': 'app-a', 'role': 'backend'}), node=Node(name=worker-1)
[126183303796416] Handling pod test-pod-46, locking app:app-arole:frontend, app:app-arole:backend, app:app-arole:database,  ...
New pod: test-pod-19, on node: worker-1
[126182171338432] Pod test-pod-19 handled. Released locks for: app:app-arole:frontend, app:app-arole:backend, app:app-arole:database, 
New pod test-pod-47! old_node = None, new_node = worker-1.
Handling the new pod object: Pod(name=test-pod-47, label_set=LabelSet(labels={'app': 'app-a', 'role': 'database'}), node=Node(name=worker-1)
[126182171338432] Handling pod test-pod-47, locking app:app-arole:backend, app:app-arole:database,  ...
New pod: test-pod-47, on node: worker-1
[126182171338432] Pod test-pod-47 handled. Released locks for: app:app-arole:backend, app:app-arole:database, 
New pod test-pod-48! old_node = None, new_node = worker-1.
Handling the new pod object: Pod(name=test-pod-48, label_set=LabelSet(labels={'app': 'app-b', 'role': 'frontend'}), node=Node(name=worker-1)
[126182171338432] Handling pod test-pod-48, locking app:app-brole:backend, app:app-brole:frontend,  ...
New pod: test-pod-36, on node: worker-1
2025-07-30 18:56:17,448 [INFO] kopf.objects - Handler 'handle_new_pod/spec.nodeName' succeeded.
2025-07-30 18:56:17,448 [INFO] kopf.objects - Creation is processed: 1 succeeded; 0 failed.
2025-07-30 18:56:17,450 [INFO] kopf.objects - Handler 'handle_new_pod/spec.nodeName' succeeded.
2025-07-30 18:56:17,451 [INFO] kopf.objects - Creation is processed: 1 succeeded; 0 failed.
2025-07-30 18:56:17,454 [INFO] kopf.objects - Handler 'handle_new_pod/spec.nodeName' succeeded.
2025-07-30 18:56:17,459 [INFO] kopf.objects - Creation is processed: 1 succeeded; 0 failed.
2025-07-30 18:56:17,461 [INFO] kopf.objects - Handler 'handle_new_pod/spec.nodeName' succeeded.
2025-07-30 18:56:17,464 [INFO] kopf.objects - Creation is processed: 1 succeeded; 0 failed.
2025-07-30 18:56:17,465 [INFO] kopf.objects - Handler 'handle_new_pod/spec.nodeName' succeeded.
2025-07-30 18:56:17,465 [INFO] kopf.objects - Creation is processed: 1 succeeded; 0 failed.
2025-07-30 18:56:17,469 [INFO] kopf.objects - Handler 'handle_new_pod/spec.nodeName' succeeded.
2025-07-30 18:56:17,470 [INFO] kopf.objects - Creation is processed: 1 succeeded; 0 failed.
2025-07-30 18:56:17,471 [INFO] kopf.objects - Handler 'handle_new_pod/spec.nodeName' succeeded.
2025-07-30 18:56:17,472 [INFO] kopf.objects - Creation is processed: 1 succeeded; 0 failed.
[126183312189120] Pod test-pod-36 handled. Released locks for: app:app-arole:frontend, app:app-arole:backend, 
New pod test-pod-49! old_node = None, new_node = worker-1.
Handling the new pod object: Pod(name=test-pod-49, label_set=LabelSet(labels={'app': 'app-b', 'role': 'backend'}), node=Node(name=worker-1)
[126183312189120] Handling pod test-pod-49, locking app:app-brole:backend, app:app-brole:database, app:app-brole:frontend,  ...
New pod: test-pod-29, on node: worker-1
[126182666245824] Pod test-pod-29 handled. Released locks for: app:app-arole:backend, app:app-arole:database, 
New pod test-pod-50! old_node = None, new_node = worker-1.
Handling the new pod object: Pod(name=test-pod-50, label_set=LabelSet(labels={'app': 'app-b', 'role': 'database'}), node=Node(name=worker-1)
[126182666245824] Handling pod test-pod-50, locking app:app-brole:backend, app:app-brole:database,  ...
New pod: test-pod-38, on node: worker-1
[126182691423936] Pod test-pod-38 handled. Released locks for: app:app-arole:backend, app:app-arole:database, 
New pod test-pod-51! old_node = None, new_node = worker-1.
Handling the new pod object: Pod(name=test-pod-51, label_set=LabelSet(labels={'app': 'app-c', 'role': 'frontend'}), node=Node(name=worker-1)
[126182691423936] Handling pod test-pod-51, locking app:app-crole:frontend, app:app-crole:backend,  ...
New pod: test-pod-51, on node: worker-1
[126182691423936] Pod test-pod-51 handled. Released locks for: app:app-crole:frontend, app:app-crole:backend, 
New pod: test-pod-45, on node: worker-1
[126183278618304] Pod test-pod-45 handled. Released locks for: app:app-arole:frontend, app:app-arole:backend, 
New pod test-pod-54! old_node = None, new_node = worker-1.
Handling the new pod object: Pod(name=test-pod-54, label_set=LabelSet(labels={'app': 'app-a', 'role': 'frontend'}), node=Node(name=worker-1)
[126183278618304] Handling pod test-pod-54, locking app:app-arole:frontend, app:app-arole:backend,  ...
New pod: test-pod-54, on node: worker-1
[126183278618304] Pod test-pod-54 handled. Released locks for: app:app-arole:frontend, app:app-arole:backend, 
New pod test-pod-52! old_node = None, new_node = worker-1.
Handling the new pod object: Pod(name=test-pod-52, label_set=LabelSet(labels={'app': 'app-c', 'role': 'backend'}), node=Node(name=worker-1)
[126183278618304] Handling pod test-pod-52, locking app:app-crole:frontend, app:app-crole:database, app:app-crole:backend,  ...
New pod: test-pod-52, on node: worker-1
[126183278618304] Pod test-pod-52 handled. Released locks for: app:app-crole:frontend, app:app-crole:database, app:app-crole:backend, 
New pod test-pod-53! old_node = None, new_node = worker-1.
Handling the new pod object: Pod(name=test-pod-53, label_set=LabelSet(labels={'app': 'app-c', 'role': 'database'}), node=Node(name=worker-1)
[126183278618304] Handling pod test-pod-53, locking app:app-crole:database, app:app-crole:backend,  ...
New pod: test-pod-53, on node: worker-1
[126183278618304] Pod test-pod-53 handled. Released locks for: app:app-crole:database, app:app-crole:backend, 
New pod test-pod-55! old_node = None, new_node = worker-1.
Handling the new pod object: Pod(name=test-pod-55, label_set=LabelSet(labels={'app': 'app-a', 'role': 'backend'}), node=Node(name=worker-1)
[126183278618304] Handling pod test-pod-55, locking app:app-arole:frontend, app:app-arole:backend, app:app-arole:database,  ...
New pod test-pod-56! old_node = None, new_node = worker-1.
Handling the new pod object: Pod(name=test-pod-56, label_set=LabelSet(labels={'app': 'app-a', 'role': 'database'}), node=Node(name=worker-1)
[126182691423936] Handling pod test-pod-56, locking app:app-arole:backend, app:app-arole:database,  ...
New pod: test-pod-37, on node: worker-1
[126183270225600] Pod test-pod-37 handled. Released locks for: app:app-arole:frontend, app:app-arole:backend, app:app-arole:database, 
New pod test-pod-57! old_node = None, new_node = worker-1.
Handling the new pod object: Pod(name=test-pod-57, label_set=LabelSet(labels={'app': 'app-b', 'role': 'frontend'}), node=Node(name=worker-1)
[126183270225600] Handling pod test-pod-57, locking app:app-brole:backend, app:app-brole:frontend,  ...
New pod: test-pod-46, on node: worker-1
[126183303796416] Pod test-pod-46 handled. Released locks for: app:app-arole:frontend, app:app-arole:backend, app:app-arole:database, 
New pod test-pod-58! old_node = None, new_node = worker-1.
Handling the new pod object: Pod(name=test-pod-58, label_set=LabelSet(labels={'app': 'app-b', 'role': 'backend'}), node=Node(name=worker-1)
[126183303796416] Handling pod test-pod-58, locking app:app-brole:backend, app:app-brole:database, app:app-brole:frontend,  ...
New pod: test-pod-55, on node: worker-1
[126183278618304] Pod test-pod-55 handled. Released locks for: app:app-arole:frontend, app:app-arole:backend, app:app-arole:database, 
New pod test-pod-59! old_node = None, new_node = worker-1.
Handling the new pod object: Pod(name=test-pod-59, label_set=LabelSet(labels={'app': 'app-b', 'role': 'database'}), node=Node(name=worker-1)
[126183278618304] Handling pod test-pod-59, locking app:app-brole:backend, app:app-brole:database,  ...
New pod: test-pod-56, on node: worker-1
[126182691423936] Pod test-pod-56 handled. Released locks for: app:app-arole:backend, app:app-arole:database, 
New pod test-pod-60! old_node = None, new_node = worker-1.
Handling the new pod object: Pod(name=test-pod-60, label_set=LabelSet(labels={'app': 'app-c', 'role': 'frontend'}), node=Node(name=worker-1)
[126182691423936] Handling pod test-pod-60, locking app:app-crole:frontend, app:app-crole:backend,  ...
New pod: test-pod-60, on node: worker-1
[126182691423936] Pod test-pod-60 handled. Released locks for: app:app-crole:frontend, app:app-crole:backend, 
New pod test-pod-61! old_node = None, new_node = worker-1.
Handling the new pod object: Pod(name=test-pod-61, label_set=LabelSet(labels={'app': 'app-c', 'role': 'backend'}), node=Node(name=worker-1)
[126182691423936] Handling pod test-pod-61, locking app:app-crole:frontend, app:app-crole:database, app:app-crole:backend,  ...
New pod: test-pod-61, on node: worker-1
[126182691423936] Pod test-pod-61 handled. Released locks for: app:app-crole:frontend, app:app-crole:database, app:app-crole:backend, 
New pod test-pod-62! old_node = None, new_node = worker-1.
Handling the new pod object: Pod(name=test-pod-62, label_set=LabelSet(labels={'app': 'app-c', 'role': 'database'}), node=Node(name=worker-1)
[126182691423936] Handling pod test-pod-62, locking app:app-crole:database, app:app-crole:backend,  ...
New pod: test-pod-62, on node: worker-1
[126182691423936] Pod test-pod-62 handled. Released locks for: app:app-crole:database, app:app-crole:backend, 
New pod test-pod-63! old_node = None, new_node = worker-1.
Handling the new pod object: Pod(name=test-pod-63, label_set=LabelSet(labels={'app': 'app-a', 'role': 'frontend'}), node=Node(name=worker-1)
[126182691423936] Handling pod test-pod-63, locking app:app-arole:frontend, app:app-arole:backend,  ...
New pod: test-pod-63, on node: worker-1
[126182691423936] Pod test-pod-63 handled. Released locks for: app:app-arole:frontend, app:app-arole:backend, 
New pod test-pod-64! old_node = None, new_node = worker-1.
Handling the new pod object: Pod(name=test-pod-64, label_set=LabelSet(labels={'app': 'app-a', 'role': 'backend'}), node=Node(name=worker-1)
[126182691423936] Handling pod test-pod-64, locking app:app-arole:frontend, app:app-arole:backend, app:app-arole:database,  ...
New pod: test-pod-64, on node: worker-1
[126182691423936] Pod test-pod-64 handled. Released locks for: app:app-arole:frontend, app:app-arole:backend, app:app-arole:database, 
New pod test-pod-65! old_node = None, new_node = worker-1.
Handling the new pod object: Pod(name=test-pod-65, label_set=LabelSet(labels={'app': 'app-a', 'role': 'database'}), node=Node(name=worker-1)
[126182691423936] Handling pod test-pod-65, locking app:app-arole:backend, app:app-arole:database,  ...
New pod: test-pod-65, on node: worker-1
[126182691423936] Pod test-pod-65 handled. Released locks for: app:app-arole:backend, app:app-arole:database, 
New pod test-pod-66! old_node = None, new_node = worker-1.
2025-07-30 18:56:17,480 [INFO] kopf.objects - Handler 'handle_new_pod/spec.nodeName' succeeded.
2025-07-30 18:56:17,480 [INFO] kopf.objects - Creation is processed: 1 succeeded; 0 failed.
2025-07-30 18:56:17,483 [INFO] kopf.objects - Handler 'handle_new_pod/spec.nodeName' succeeded.
2025-07-30 18:56:17,483 [INFO] kopf.objects - Creation is processed: 1 succeeded; 0 failed.
2025-07-30 18:56:17,485 [INFO] kopf.objects - Handler 'handle_new_pod/spec.nodeName' succeeded.
2025-07-30 18:56:17,485 [INFO] kopf.objects - Creation is processed: 1 succeeded; 0 failed.
2025-07-30 18:56:17,486 [INFO] kopf.objects - Handler 'handle_new_pod/spec.nodeName' succeeded.
2025-07-30 18:56:17,486 [INFO] kopf.objects - Creation is processed: 1 succeeded; 0 failed.
2025-07-30 18:56:17,487 [INFO] kopf.objects - Handler 'handle_new_pod/spec.nodeName' succeeded.
2025-07-30 18:56:17,487 [INFO] kopf.objects - Creation is processed: 1 succeeded; 0 failed.
2025-07-30 18:56:17,488 [INFO] kopf.objects - Handler 'handle_new_pod/spec.nodeName' succeeded.
2025-07-30 18:56:17,488 [INFO] kopf.objects - Creation is processed: 1 succeeded; 0 failed.
2025-07-30 18:56:17,498 [INFO] kopf.objects - Handler 'handle_new_pod/spec.nodeName' succeeded.
2025-07-30 18:56:17,498 [INFO] kopf.objects - Creation is processed: 1 succeeded; 0 failed.
2025-07-30 18:56:17,499 [INFO] kopf.objects - Handler 'handle_new_pod/spec.nodeName' succeeded.
2025-07-30 18:56:17,499 [INFO] kopf.objects - Creation is processed: 1 succeeded; 0 failed.
2025-07-30 18:56:17,499 [INFO] kopf.objects - Handler 'handle_new_pod/spec.nodeName' succeeded.
2025-07-30 18:56:17,500 [INFO] kopf.objects - Creation is processed: 1 succeeded; 0 failed.
2025-07-30 18:56:17,500 [INFO] kopf.objects - Handler 'handle_new_pod/spec.nodeName' succeeded.
2025-07-30 18:56:17,502 [INFO] kopf.objects - Creation is processed: 1 succeeded; 0 failed.
2025-07-30 18:56:17,503 [INFO] kopf.objects - Handler 'handle_new_pod/spec.nodeName' succeeded.
2025-07-30 18:56:17,503 [INFO] kopf.objects - Creation is processed: 1 succeeded; 0 failed.
2025-07-30 18:56:17,504 [INFO] kopf.objects - Handler 'handle_new_pod/spec.nodeName' succeeded.
2025-07-30 18:56:17,504 [INFO] kopf.objects - Creation is processed: 1 succeeded; 0 failed.
2025-07-30 18:56:17,505 [INFO] kopf.objects - Handler 'handle_new_pod/spec.nodeName' succeeded.
2025-07-30 18:56:17,505 [INFO] kopf.objects - Creation is processed: 1 succeeded; 0 failed.
2025-07-30 18:56:17,509 [INFO] kopf.objects - Handler 'handle_new_pod/spec.nodeName' succeeded.
2025-07-30 18:56:17,509 [INFO] kopf.objects - Creation is processed: 1 succeeded; 0 failed.
2025-07-30 18:56:17,510 [INFO] kopf.objects - Handler 'handle_new_pod/spec.nodeName' succeeded.
2025-07-30 18:56:17,511 [INFO] kopf.objects - Creation is processed: 1 succeeded; 0 failed.
2025-07-30 18:56:17,513 [INFO] kopf.objects - Handler 'handle_new_pod/spec.nodeName' succeeded.
2025-07-30 18:56:17,513 [INFO] kopf.objects - Creation is processed: 1 succeeded; 0 failed.
2025-07-30 18:56:17,514 [INFO] kopf.objects - Handler 'handle_new_pod/spec.nodeName' succeeded.
2025-07-30 18:56:17,514 [INFO] kopf.objects - Creation is processed: 1 succeeded; 0 failed.
2025-07-30 18:56:17,515 [INFO] kopf.objects - Handler 'handle_new_pod/spec.nodeName' succeeded.
2025-07-30 18:56:17,515 [INFO] kopf.objects - Creation is processed: 1 succeeded; 0 failed.
2025-07-30 18:56:17,516 [INFO] kopf.objects - Handler 'handle_new_pod/spec.nodeName' succeeded.
2025-07-30 18:56:17,516 [INFO] kopf.objects - Creation is processed: 1 succeeded; 0 failed.
2025-07-30 18:56:17,517 [INFO] kopf.objects - Handler 'handle_new_pod/spec.nodeName' succeeded.
2025-07-30 18:56:17,518 [INFO] kopf.objects - Creation is processed: 1 succeeded; 0 failed.
2025-07-30 18:56:17,518 [INFO] kopf.objects - Handler 'handle_new_pod/spec.nodeName' succeeded.
2025-07-30 18:56:17,519 [INFO] kopf.objects - Creation is processed: 1 succeeded; 0 failed.
2025-07-30 18:56:17,519 [INFO] kopf.objects - Handler 'handle_new_pod/spec.nodeName' succeeded.
2025-07-30 18:56:17,520 [INFO] kopf.objects - Creation is processed: 1 succeeded; 0 failed.
2025-07-30 18:56:17,520 [INFO] kopf.objects - Handler 'handle_new_pod/spec.nodeName' succeeded.
2025-07-30 18:56:17,521 [INFO] kopf.objects - Creation is processed: 1 succeeded; 0 failed.
Handling the new pod object: Pod(name=test-pod-66, label_set=LabelSet(labels={'app': 'app-b', 'role': 'frontend'}), node=Node(name=worker-1)
[126182691423936] Handling pod test-pod-66, locking app:app-brole:backend, app:app-brole:frontend,  ...
[126183295403712] Pod test-pod-4 handled. Released locks for: app:app-brole:backend, app:app-brole:database, app:app-brole:frontend, 
New pod test-pod-67! old_node = None, new_node = worker-1.
Handling the new pod object: Pod(name=test-pod-67, label_set=LabelSet(labels={'app': 'app-b', 'role': 'backend'}), node=Node(name=worker-1)
[126183295403712] Handling pod test-pod-67, locking app:app-brole:backend, app:app-brole:database, app:app-brole:frontend,  ...
New pod: test-pod-67, on node: worker-1
[126183295403712] Pod test-pod-67 handled. Released locks for: app:app-brole:backend, app:app-brole:database, app:app-brole:frontend, 
New pod test-pod-68! old_node = None, new_node = worker-1.
Handling the new pod object: Pod(name=test-pod-68, label_set=LabelSet(labels={'app': 'app-b', 'role': 'database'}), node=Node(name=worker-1)
[126183295403712] Handling pod test-pod-68, locking app:app-brole:backend, app:app-brole:database,  ...
New pod: test-pod-68, on node: worker-1
[126183295403712] Pod test-pod-68 handled. Released locks for: app:app-brole:backend, app:app-brole:database, 
New pod test-pod-69! old_node = None, new_node = worker-1.
Handling the new pod object: Pod(name=test-pod-69, label_set=LabelSet(labels={'app': 'app-c', 'role': 'frontend'}), node=Node(name=worker-1)
[126183295403712] Handling pod test-pod-69, locking app:app-crole:frontend, app:app-crole:backend,  ...
New pod: test-pod-69, on node: worker-1
[126183295403712] Pod test-pod-69 handled. Released locks for: app:app-crole:frontend, app:app-crole:backend, 
New pod test-pod-71! old_node = None, new_node = worker-1.
Handling the new pod object: Pod(name=test-pod-71, label_set=LabelSet(labels={'app': 'app-c', 'role': 'database'}), node=Node(name=worker-1)
[126183295403712] Handling pod test-pod-71, locking app:app-crole:database, app:app-crole:backend,  ...
New pod: test-pod-71, on node: worker-1
[126183295403712] Pod test-pod-71 handled. Released locks for: app:app-crole:database, app:app-crole:backend, 
New pod test-pod-70! old_node = None, new_node = worker-1.
Handling the new pod object: Pod(name=test-pod-70, label_set=LabelSet(labels={'app': 'app-c', 'role': 'backend'}), node=Node(name=worker-1)
[126183295403712] Handling pod test-pod-70, locking app:app-crole:frontend, app:app-crole:database, app:app-crole:backend,  ...
New pod: test-pod-70, on node: worker-1
[126183295403712] Pod test-pod-70 handled. Released locks for: app:app-crole:frontend, app:app-crole:database, app:app-crole:backend, 
New pod test-pod-72! old_node = None, new_node = worker-1.
Handling the new pod object: Pod(name=test-pod-72, label_set=LabelSet(labels={'app': 'app-a', 'role': 'frontend'}), node=Node(name=worker-1)
[126183295403712] Handling pod test-pod-72, locking app:app-arole:frontend, app:app-arole:backend,  ...
New pod: test-pod-72, on node: worker-1
[126183295403712] Pod test-pod-72 handled. Released locks for: app:app-arole:frontend, app:app-arole:backend, 
New pod test-pod-73! old_node = None, new_node = worker-1.
Handling the new pod object: Pod(name=test-pod-73, label_set=LabelSet(labels={'app': 'app-a', 'role': 'backend'}), node=Node(name=worker-1)
[126183295403712] Handling pod test-pod-73, locking app:app-arole:frontend, app:app-arole:backend, app:app-arole:database,  ...
New pod: test-pod-73, on node: worker-1
[126183295403712] Pod test-pod-73 handled. Released locks for: app:app-arole:frontend, app:app-arole:backend, app:app-arole:database, 
New pod test-pod-74! old_node = None, new_node = worker-1.
Handling the new pod object: Pod(name=test-pod-74, label_set=LabelSet(labels={'app': 'app-a', 'role': 'database'}), node=Node(name=worker-1)
[126183295403712] Handling pod test-pod-74, locking app:app-arole:backend, app:app-arole:database,  ...
New pod: test-pod-74, on node: worker-1
[126183295403712] Pod test-pod-74 handled. Released locks for: app:app-arole:backend, app:app-arole:database, 
New pod test-pod-75! old_node = None, new_node = worker-1.
Handling the new pod object: Pod(name=test-pod-75, label_set=LabelSet(labels={'app': 'app-b', 'role': 'frontend'}), node=Node(name=worker-1)
[126183295403712] Handling pod test-pod-75, locking app:app-brole:backend, app:app-brole:frontend,  ...
New pod: test-pod-12, on node: worker-1
[126182708209344] Pod test-pod-12 handled. Released locks for: app:app-brole:backend, app:app-brole:frontend, 
New pod test-pod-79! old_node = None, new_node = worker-1.
Handling the new pod object: Pod(name=test-pod-79, label_set=LabelSet(labels={'app': 'app-c', 'role': 'backend'}), node=Node(name=worker-1)
[126182708209344] Handling pod test-pod-79, locking app:app-crole:frontend, app:app-crole:database, app:app-crole:backend,  ...
New pod: test-pod-79, on node: worker-1
[126182708209344] Pod test-pod-79 handled. Released locks for: app:app-crole:frontend, app:app-crole:database, app:app-crole:backend, 
New pod test-pod-82! old_node = None, new_node = worker-1.
Handling the new pod object: Pod(name=test-pod-82, label_set=LabelSet(labels={'app': 'app-a', 'role': 'backend'}), node=Node(name=worker-1)
[126182708209344] Handling pod test-pod-82, locking app:app-arole:frontend, app:app-arole:backend, app:app-arole:database,  ...
New pod: test-pod-82, on node: worker-1
[126182708209344] Pod test-pod-82 handled. Released locks for: app:app-arole:frontend, app:app-arole:backend, app:app-arole:database, 
New pod test-pod-81! old_node = None, new_node = worker-1.
Handling the new pod object: Pod(name=test-pod-81, label_set=LabelSet(labels={'app': 'app-a', 'role': 'frontend'}), node=Node(name=worker-1)
[126182708209344] Handling pod test-pod-81, locking app:app-arole:frontend, app:app-arole:backend,  ...
New pod: test-pod-81, on node: worker-1
[126182708209344] Pod test-pod-81 handled. Released locks for: app:app-arole:frontend, app:app-arole:backend, 
New pod test-pod-77! old_node = None, new_node = worker-1.
Handling the new pod object: Pod(name=test-pod-77, label_set=LabelSet(labels={'app': 'app-b', 'role': 'database'}), node=Node(name=worker-1)
[126182708209344] Handling pod test-pod-77, locking app:app-brole:backend, app:app-brole:database,  ...
New pod: test-pod-77, on node: worker-1
[126182708209344] Pod test-pod-77 handled. Released locks for: app:app-brole:backend, app:app-brole:database, 
New pod test-pod-76! old_node = None, new_node = worker-1.
Handling the new pod object: Pod(name=test-pod-76, label_set=LabelSet(labels={'app': 'app-b', 'role': 'backend'}), node=Node(name=worker-1)
[126182708209344] Handling pod test-pod-76, locking app:app-brole:backend, app:app-brole:database, app:app-brole:frontend,  ...
New pod: test-pod-21, on node: worker-1
[126182716602048] Pod test-pod-21 handled. Released locks for: app:app-brole:backend, app:app-brole:frontend, 
New pod test-pod-83! old_node = None, new_node = worker-1.
Handling the new pod object: Pod(name=test-pod-83, label_set=LabelSet(labels={'app': 'app-a', 'role': 'database'}), node=Node(name=worker-1)
[126182716602048] Handling pod test-pod-83, locking app:app-arole:backend, app:app-arole:database,  ...
New pod: test-pod-83, on node: worker-1
[126182716602048] Pod test-pod-83 handled. Released locks for: app:app-arole:backend, app:app-arole:database, 
New pod test-pod-84! old_node = None, new_node = worker-1.
Handling the new pod object: Pod(name=test-pod-84, label_set=LabelSet(labels={'app': 'app-b', 'role': 'frontend'}), node=Node(name=worker-1)
[126182716602048] Handling pod test-pod-84, locking app:app-brole:backend, app:app-brole:frontend,  ...
New pod: test-pod-84, on node: worker-1
[126182716602048] Pod test-pod-84 handled. Released locks for: app:app-brole:backend, app:app-brole:frontend, 
New pod test-pod-78! old_node = None, new_node = worker-1.
Handling the new pod object: Pod(name=test-pod-78, label_set=LabelSet(labels={'app': 'app-c', 'role': 'frontend'}), node=Node(name=worker-1)
2025-07-30 18:56:17,752 [INFO] kopf.objects - Handler 'handle_new_pod/spec.nodeName' succeeded.
2025-07-30 18:56:17,752 [INFO] kopf.objects - Creation is processed: 1 succeeded; 0 failed.
2025-07-30 18:56:17,753 [INFO] kopf.objects - Handler 'handle_new_pod/spec.nodeName' succeeded.
[126182716602048] Handling pod test-pod-78, locking app:app-crole:frontend, app:app-crole:backend,  ...
New pod: test-pod-78, on node: worker-1
[126182716602048] Pod test-pod-78 handled. Released locks for: app:app-crole:frontend, app:app-crole:backend, 
New pod test-pod-85! old_node = None, new_node = worker-1.
Handling the new pod object: Pod(name=test-pod-85, label_set=LabelSet(labels={'app': 'app-b', 'role': 'backend'}), node=Node(name=worker-1)
[126182716602048] Handling pod test-pod-85, locking app:app-brole:backend, app:app-brole:database, app:app-brole:frontend,  ...
New pod: test-pod-30, on node: worker-1
[126183418615488] Pod test-pod-30 handled. Released locks for: app:app-brole:backend, app:app-brole:frontend, 
New pod test-pod-80! old_node = None, new_node = worker-1.
Handling the new pod object: Pod(name=test-pod-80, label_set=LabelSet(labels={'app': 'app-c', 'role': 'database'}), node=Node(name=worker-1)
[126183418615488] Handling pod test-pod-80, locking app:app-crole:database, app:app-crole:backend,  ...
New pod: test-pod-80, on node: worker-1
[126183418615488] Pod test-pod-80 handled. Released locks for: app:app-crole:database, app:app-crole:backend, 
New pod test-pod-86! old_node = None, new_node = worker-1.
Handling the new pod object: Pod(name=test-pod-86, label_set=LabelSet(labels={'app': 'app-b', 'role': 'database'}), node=Node(name=worker-1)
[126183418615488] Handling pod test-pod-86, locking app:app-brole:backend, app:app-brole:database,  ...
New pod: test-pod-31, on node: worker-1
[126183404979904] Pod test-pod-31 handled. Released locks for: app:app-brole:backend, app:app-brole:database, app:app-brole:frontend, 
New pod test-pod-87! old_node = None, new_node = worker-1.
Handling the new pod object: Pod(name=test-pod-87, label_set=LabelSet(labels={'app': 'app-c', 'role': 'frontend'}), node=Node(name=worker-1)
[126183404979904] Handling pod test-pod-87, locking app:app-crole:frontend, app:app-crole:backend,  ...
New pod: test-pod-87, on node: worker-1
[126183404979904] Pod test-pod-87 handled. Released locks for: app:app-crole:frontend, app:app-crole:backend, 
New pod test-pod-88! old_node = None, new_node = worker-1.
Handling the new pod object: Pod(name=test-pod-88, label_set=LabelSet(labels={'app': 'app-c', 'role': 'backend'}), node=Node(name=worker-1)
[126183404979904] Handling pod test-pod-88, locking app:app-crole:frontend, app:app-crole:database, app:app-crole:backend,  ...
New pod: test-pod-88, on node: worker-1
[126183404979904] Pod test-pod-88 handled. Released locks for: app:app-crole:frontend, app:app-crole:database, app:app-crole:backend, 
New pod test-pod-89! old_node = None, new_node = worker-1.
Handling the new pod object: Pod(name=test-pod-89, label_set=LabelSet(labels={'app': 'app-c', 'role': 'database'}), node=Node(name=worker-1)
[126183404979904] Handling pod test-pod-89, locking app:app-crole:database, app:app-crole:backend,  ...
New pod: test-pod-89, on node: worker-1
[126183404979904] Pod test-pod-89 handled. Released locks for: app:app-crole:database, app:app-crole:backend, 
New pod test-pod-90! old_node = None, new_node = worker-1.
Handling the new pod object: Pod(name=test-pod-90, label_set=LabelSet(labels={'app': 'app-a', 'role': 'frontend'}), node=Node(name=worker-1)
[126183404979904] Handling pod test-pod-90, locking app:app-arole:frontend, app:app-arole:backend,  ...
New pod: test-pod-90, on node: worker-1
[126183404979904] Pod test-pod-90 handled. Released locks for: app:app-arole:frontend, app:app-arole:backend, 
New pod test-pod-91! old_node = None, new_node = worker-1.
Handling the new pod object: Pod(name=test-pod-91, label_set=LabelSet(labels={'app': 'app-a', 'role': 'backend'}), node=Node(name=worker-1)
[126183404979904] Handling pod test-pod-91, locking app:app-arole:frontend, app:app-arole:backend, app:app-arole:database,  ...
New pod: test-pod-91, on node: worker-1
[126183404979904] Pod test-pod-91 handled. Released locks for: app:app-arole:frontend, app:app-arole:backend, app:app-arole:database, 
New pod test-pod-92! old_node = None, new_node = worker-1.
Handling the new pod object: Pod(name=test-pod-92, label_set=LabelSet(labels={'app': 'app-a', 'role': 'database'}), node=Node(name=worker-1)
[126183404979904] Handling pod test-pod-92, locking app:app-arole:backend, app:app-arole:database,  ...
New pod: test-pod-92, on node: worker-1
[126183404979904] Pod test-pod-92 handled. Released locks for: app:app-arole:backend, app:app-arole:database, 
New pod test-pod-93! old_node = None, new_node = worker-1.
Handling the new pod object: Pod(name=test-pod-93, label_set=LabelSet(labels={'app': 'app-b', 'role': 'frontend'}), node=Node(name=worker-1)
[126183404979904] Handling pod test-pod-93, locking app:app-brole:backend, app:app-brole:frontend,  ...
New pod: test-pod-32, on node: worker-1
[126183320581824] Pod test-pod-32 handled. Released locks for: app:app-brole:backend, app:app-brole:database, 
New pod test-pod-94! old_node = None, new_node = worker-1.
Handling the new pod object: Pod(name=test-pod-94, label_set=LabelSet(labels={'app': 'app-b', 'role': 'backend'}), node=Node(name=worker-1)
[126183320581824] Handling pod test-pod-94, locking app:app-brole:backend, app:app-brole:database, app:app-brole:frontend,  ...
New pod: test-pod-94, on node: worker-1
[126183320581824] Pod test-pod-94 handled. Released locks for: app:app-brole:backend, app:app-brole:database, app:app-brole:frontend, 
New pod test-pod-95! old_node = None, new_node = worker-1.
Handling the new pod object: Pod(name=test-pod-95, label_set=LabelSet(labels={'app': 'app-b', 'role': 'database'}), node=Node(name=worker-1)
[126183320581824] Handling pod test-pod-95, locking app:app-brole:backend, app:app-brole:database,  ...
New pod: test-pod-40, on node: worker-1
[126182162945728] Pod test-pod-40 handled. Released locks for: app:app-brole:backend, app:app-brole:database, app:app-brole:frontend, 
New pod test-pod-96! old_node = None, new_node = worker-1.
Handling the new pod object: Pod(name=test-pod-96, label_set=LabelSet(labels={'app': 'app-c', 'role': 'frontend'}), node=Node(name=worker-1)
[126182162945728] Handling pod test-pod-96, locking app:app-crole:frontend, app:app-crole:backend,  ...
New pod: test-pod-96, on node: worker-1
[126182162945728] Pod test-pod-96 handled. Released locks for: app:app-crole:frontend, app:app-crole:backend, 
New pod test-pod-97! old_node = None, new_node = worker-1.
Handling the new pod object: Pod(name=test-pod-97, label_set=LabelSet(labels={'app': 'app-c', 'role': 'backend'}), node=Node(name=worker-1)
[126182162945728] Handling pod test-pod-97, locking app:app-crole:frontend, app:app-crole:database, app:app-crole:backend,  ...
New pod: test-pod-97, on node: worker-1
[126182162945728] Pod test-pod-97 handled. Released locks for: app:app-crole:frontend, app:app-crole:database, app:app-crole:backend, 
New pod test-pod-98! old_node = None, new_node = worker-1.
Handling the new pod object: Pod(name=test-pod-98, label_set=LabelSet(labels={'app': 'app-c', 'role': 'database'}), node=Node(name=worker-1)
[126182162945728] Handling pod test-pod-98, locking app:app-crole:database, app:app-crole:backend,  ...
New pod: test-pod-98, on node: worker-1
[126182162945728] Pod test-pod-98 handled. Released locks for: app:app-crole:database, app:app-crole:backend, 
New pod: test-pod-41, on node: worker-1
[126183287011008] Pod test-pod-41 handled. Released locks for: app:app-brole:backend, app:app-brole:database, 
New pod: test-pod-48, on node: worker-1
[126182171338432] Pod test-pod-48 handled. Released locks for: app:app-brole:backend, app:app-brole:frontend, 
New pod: test-pod-49, on node: worker-1
[126183312189120] Pod test-pod-49 handled. Released locks for: app:app-brole:backend, app:app-brole:database, app:app-brole:frontend, 
New pod: test-pod-50, on node: worker-1
[126182666245824] Pod test-pod-50 handled. Released locks for: app:app-brole:backend, app:app-brole:database, 
New pod: test-pod-57, on node: worker-1
[126183270225600] Pod test-pod-57 handled. Released locks for: app:app-brole:backend, app:app-brole:frontend, 
New pod: test-pod-58, on node: worker-1
2025-07-30 18:56:17,756 [INFO] kopf.objects - Creation is processed: 1 succeeded; 0 failed.
2025-07-30 18:56:17,756 [INFO] kopf.objects - Handler 'handle_new_pod/spec.nodeName' succeeded.
2025-07-30 18:56:17,756 [INFO] kopf.objects - Creation is processed: 1 succeeded; 0 failed.
2025-07-30 18:56:17,757 [INFO] kopf.objects - Handler 'handle_new_pod/spec.nodeName' succeeded.
2025-07-30 18:56:17,757 [INFO] kopf.objects - Creation is processed: 1 succeeded; 0 failed.
2025-07-30 18:56:17,758 [INFO] kopf.objects - Handler 'handle_new_pod/spec.nodeName' succeeded.
2025-07-30 18:56:17,759 [INFO] kopf.objects - Creation is processed: 1 succeeded; 0 failed.
2025-07-30 18:56:17,759 [INFO] kopf.objects - Handler 'handle_new_pod/spec.nodeName' succeeded.
2025-07-30 18:56:17,759 [INFO] kopf.objects - Creation is processed: 1 succeeded; 0 failed.
2025-07-30 18:56:17,760 [INFO] kopf.objects - Handler 'handle_new_pod/spec.nodeName' succeeded.
2025-07-30 18:56:17,760 [INFO] kopf.objects - Creation is processed: 1 succeeded; 0 failed.
2025-07-30 18:56:17,761 [INFO] kopf.objects - Handler 'handle_new_pod/spec.nodeName' succeeded.
2025-07-30 18:56:17,761 [INFO] kopf.objects - Creation is processed: 1 succeeded; 0 failed.
2025-07-30 18:56:17,762 [INFO] kopf.objects - Handler 'handle_new_pod/spec.nodeName' succeeded.
2025-07-30 18:56:17,762 [INFO] kopf.objects - Creation is processed: 1 succeeded; 0 failed.
2025-07-30 18:56:17,763 [INFO] kopf.objects - Handler 'handle_new_pod/spec.nodeName' succeeded.
2025-07-30 18:56:17,763 [INFO] kopf.objects - Creation is processed: 1 succeeded; 0 failed.
2025-07-30 18:56:17,764 [INFO] kopf.objects - Handler 'handle_new_pod/spec.nodeName' succeeded.
2025-07-30 18:56:17,764 [INFO] kopf.objects - Creation is processed: 1 succeeded; 0 failed.
2025-07-30 18:56:17,765 [INFO] kopf.objects - Handler 'handle_new_pod/spec.nodeName' succeeded.
2025-07-30 18:56:17,765 [INFO] kopf.objects - Creation is processed: 1 succeeded; 0 failed.
2025-07-30 18:56:17,766 [INFO] kopf.objects - Handler 'handle_new_pod/spec.nodeName' succeeded.
2025-07-30 18:56:17,766 [INFO] kopf.objects - Creation is processed: 1 succeeded; 0 failed.
2025-07-30 18:56:17,767 [INFO] kopf.objects - Handler 'handle_new_pod/spec.nodeName' succeeded.
2025-07-30 18:56:17,767 [INFO] kopf.objects - Creation is processed: 1 succeeded; 0 failed.
2025-07-30 18:56:17,768 [INFO] kopf.objects - Handler 'handle_new_pod/spec.nodeName' succeeded.
2025-07-30 18:56:17,769 [INFO] kopf.objects - Creation is processed: 1 succeeded; 0 failed.
2025-07-30 18:56:17,770 [INFO] kopf.objects - Handler 'handle_new_pod/spec.nodeName' succeeded.
2025-07-30 18:56:17,770 [INFO] kopf.objects - Creation is processed: 1 succeeded; 0 failed.
2025-07-30 18:56:17,772 [INFO] kopf.objects - Handler 'handle_new_pod/spec.nodeName' succeeded.
2025-07-30 18:56:17,772 [INFO] kopf.objects - Creation is processed: 1 succeeded; 0 failed.
2025-07-30 18:56:17,774 [INFO] kopf.objects - Handler 'handle_new_pod/spec.nodeName' succeeded.
2025-07-30 18:56:17,774 [INFO] kopf.objects - Creation is processed: 1 succeeded; 0 failed.
2025-07-30 18:56:17,777 [INFO] kopf.objects - Handler 'handle_new_pod/spec.nodeName' succeeded.
2025-07-30 18:56:17,778 [INFO] kopf.objects - Creation is processed: 1 succeeded; 0 failed.
2025-07-30 18:56:17,779 [INFO] kopf.objects - Handler 'handle_new_pod/spec.nodeName' succeeded.
2025-07-30 18:56:17,779 [INFO] kopf.objects - Creation is processed: 1 succeeded; 0 failed.
2025-07-30 18:56:17,780 [INFO] kopf.objects - Handler 'handle_new_pod/spec.nodeName' succeeded.
2025-07-30 18:56:17,781 [INFO] kopf.objects - Creation is processed: 1 succeeded; 0 failed.
2025-07-30 18:56:17,782 [INFO] kopf.objects - Handler 'handle_new_pod/spec.nodeName' succeeded.
2025-07-30 18:56:17,782 [INFO] kopf.objects - Creation is processed: 1 succeeded; 0 failed.
2025-07-30 18:56:17,783 [INFO] kopf.objects - Handler 'handle_new_pod/spec.nodeName' succeeded.
2025-07-30 18:56:17,784 [INFO] kopf.objects - Creation is processed: 1 succeeded; 0 failed.
2025-07-30 18:56:17,785 [INFO] kopf.objects - Handler 'handle_new_pod/spec.nodeName' succeeded.
2025-07-30 18:56:17,785 [INFO] kopf.objects - Creation is processed: 1 succeeded; 0 failed.
2025-07-30 18:56:17,785 [INFO] kopf.objects - Handler 'handle_new_pod/spec.nodeName' succeeded.
2025-07-30 18:56:17,786 [INFO] kopf.objects - Creation is processed: 1 succeeded; 0 failed.
2025-07-30 18:56:17,786 [INFO] kopf.objects - Handler 'handle_new_pod/spec.nodeName' succeeded.
2025-07-30 18:56:17,786 [INFO] kopf.objects - Creation is processed: 1 succeeded; 0 failed.
2025-07-30 18:56:17,787 [INFO] kopf.objects - Handler 'handle_new_pod/spec.nodeName' succeeded.
2025-07-30 18:56:17,787 [INFO] kopf.objects - Creation is processed: 1 succeeded; 0 failed.
2025-07-30 18:56:17,788 [INFO] kopf.objects - Handler 'handle_new_pod/spec.nodeName' succeeded.
2025-07-30 18:56:17,788 [INFO] kopf.objects - Creation is processed: 1 succeeded; 0 failed.
2025-07-30 18:56:17,789 [INFO] kopf.objects - Handler 'handle_new_pod/spec.nodeName' succeeded.
2025-07-30 18:56:17,789 [INFO] kopf.objects - Creation is processed: 1 succeeded; 0 failed.
2025-07-30 18:56:17,790 [INFO] kopf.objects - Handler 'handle_new_pod/spec.nodeName' succeeded.
2025-07-30 18:56:17,790 [INFO] kopf.objects - Creation is processed: 1 succeeded; 0 failed.
2025-07-30 18:56:17,791 [INFO] kopf.objects - Handler 'handle_new_pod/spec.nodeName' succeeded.
2025-07-30 18:56:17,791 [INFO] kopf.objects - Creation is processed: 1 succeeded; 0 failed.
2025-07-30 18:56:17,792 [INFO] kopf.objects - Handler 'handle_new_pod/spec.nodeName' succeeded.
2025-07-30 18:56:17,792 [INFO] kopf.objects - Creation is processed: 1 succeeded; 0 failed.
2025-07-30 18:56:17,792 [INFO] kopf.objects - Handler 'handle_new_pod/spec.nodeName' succeeded.
2025-07-30 18:56:17,793 [INFO] kopf.objects - Creation is processed: 1 succeeded; 0 failed.
2025-07-30 18:56:17,793 [INFO] kopf.objects - Handler 'handle_new_pod/spec.nodeName' succeeded.
2025-07-30 18:56:17,794 [INFO] kopf.objects - Creation is processed: 1 succeeded; 0 failed.
2025-07-30 18:56:17,794 [INFO] kopf.objects - Handler 'handle_new_pod/spec.nodeName' succeeded.
2025-07-30 18:56:17,794 [INFO] kopf.objects - Creation is processed: 1 succeeded; 0 failed.
2025-07-30 18:56:17,797 [INFO] kopf.objects - Handler 'handle_new_pod/spec.nodeName' succeeded.
2025-07-30 18:56:17,797 [INFO] kopf.objects - Creation is processed: 1 succeeded; 0 failed.
2025-07-30 18:56:17,799 [INFO] kopf.objects - Handler 'handle_new_pod/spec.nodeName' succeeded.
2025-07-30 18:56:17,799 [INFO] kopf.objects - Creation is processed: 1 succeeded; 0 failed.
2025-07-30 18:56:17,806 [INFO] kopf.objects - Handler 'handle_new_pod/spec.nodeName' succeeded.
2025-07-30 18:56:17,806 [INFO] kopf.objects - Creation is processed: 1 succeeded; 0 failed.
2025-07-30 18:56:17,807 [INFO] kopf.objects - Handler 'handle_new_pod/spec.nodeName' succeeded.
2025-07-30 18:56:17,807 [INFO] kopf.objects - Creation is processed: 1 succeeded; 0 failed.
2025-07-30 18:56:17,808 [INFO] kopf.objects - Handler 'handle_new_pod/spec.nodeName' succeeded.
2025-07-30 18:56:17,808 [INFO] kopf.objects - Creation is processed: 1 succeeded; 0 failed.
2025-07-30 18:56:17,809 [INFO] kopf.objects - Handler 'handle_new_pod/spec.nodeName' succeeded.
2025-07-30 18:56:17,809 [INFO] kopf.objects - Creation is processed: 1 succeeded; 0 failed.
2025-07-30 18:56:17,810 [INFO] kopf.objects - Handler 'handle_new_pod/spec.nodeName' succeeded.
2025-07-30 18:56:17,810 [INFO] kopf.objects - Creation is processed: 1 succeeded; 0 failed.
2025-07-30 18:56:17,811 [INFO] kopf.objects - Handler 'handle_new_pod/spec.nodeName' succeeded.
2025-07-30 18:56:17,812 [INFO] kopf.objects - Creation is processed: 1 succeeded; 0 failed.
2025-07-30 18:56:17,812 [INFO] kopf.objects - Handler 'handle_new_pod/spec.nodeName' succeeded.
2025-07-30 18:56:17,812 [INFO] kopf.objects - Creation is processed: 1 succeeded; 0 failed.
2025-07-30 18:56:17,813 [INFO] kopf.objects - Handler 'handle_new_pod/spec.nodeName' succeeded.
2025-07-30 18:56:17,813 [INFO] kopf.objects - Creation is processed: 1 succeeded; 0 failed.
2025-07-30 18:56:17,814 [INFO] kopf.objects - Handler 'handle_new_pod/spec.nodeName' succeeded.
2025-07-30 18:56:17,814 [INFO] kopf.objects - Creation is processed: 1 succeeded; 0 failed.
2025-07-30 18:56:17,815 [INFO] kopf.objects - Handler 'handle_new_pod/spec.nodeName' succeeded.
2025-07-30 18:56:17,815 [INFO] kopf.objects - Creation is processed: 1 succeeded; 0 failed.
2025-07-30 18:56:17,819 [INFO] kopf.objects - Handler 'handle_new_pod/spec.nodeName' succeeded.
2025-07-30 18:56:17,819 [INFO] kopf.objects - Creation is processed: 1 succeeded; 0 failed.
2025-07-30 18:56:17,821 [INFO] kopf.objects - Handler 'handle_new_pod/spec.nodeName' succeeded.
2025-07-30 18:56:17,821 [INFO] kopf.objects - Creation is processed: 1 succeeded; 0 failed.
2025-07-30 18:56:17,822 [INFO] kopf.objects - Handler 'handle_new_pod/spec.nodeName' succeeded.
2025-07-30 18:56:17,822 [INFO] kopf.objects - Creation is processed: 1 succeeded; 0 failed.
2025-07-30 18:56:17,824 [INFO] kopf.objects - Handler 'handle_new_pod/spec.nodeName' succeeded.
2025-07-30 18:56:17,824 [INFO] kopf.objects - Creation is processed: 1 succeeded; 0 failed.
2025-07-30 18:56:17,825 [INFO] kopf.objects - Handler 'handle_new_pod/spec.nodeName' succeeded.
2025-07-30 18:56:17,825 [INFO] kopf.objects - Creation is processed: 1 succeeded; 0 failed.
