2025-07-30 18:53:11,817 [INFO] /app/main_operator.py - Starting Operator with 20 workers.
2025-07-30 18:53:11,928 [INFO] kopf.activities.startup - Activity 'startup_handler' succeeded.
2025-07-30 18:53:11,929 [INFO] kopf._core.engines.activities - Initial authentication has been initiated.
2025-07-30 18:53:11,932 [INFO] kopf.activities.authentication - Activity 'login_via_client' succeeded.
2025-07-30 18:53:11,935 [INFO] kopf._core.engines.activities - Initial authentication has finished.
2025-07-30 18:53:11,957 [WARNING] kopf._core.reactor.observation - Not enough permissions to list namespaces. Falling back to a list of namespaces which are assumed to exist: {'test-thesis'}
2025-07-30 18:53:11,962 [WARNING] kopf._core.reactor.observation - Not enough permissions to watch for namespaces: changes (deletion/creation) will not be noticed; the namespaces are only refreshed on operator restarts.
2025-07-30 18:53:12,180 [INFO] kopf.objects - Handler 'handle_new_policy' succeeded.
2025-07-30 18:53:12,182 [INFO] kopf.objects - Creation is processed: 1 succeeded; 0 failed.
2025-07-30 18:53:12,256 [INFO] kopf.objects - Handler 'handle_new_policy' succeeded.
2025-07-30 18:53:12,257 [INFO] kopf.objects - Creation is processed: 1 succeeded; 0 failed.
2025-07-30 18:53:12,357 [INFO] kopf.objects - Handler 'handle_new_policy' succeeded.
2025-07-30 18:53:12,358 [INFO] kopf.objects - Creation is processed: 1 succeeded; 0 failed.
2025-07-30 18:53:12,461 [INFO] kopf.objects - Handler 'handle_new_policy' succeeded.
2025-07-30 18:53:12,462 [INFO] kopf.objects - Creation is processed: 1 succeeded; 0 failed.
2025-07-30 18:53:12,571 [INFO] kopf.objects - Handler 'handle_new_policy' succeeded.
2025-07-30 18:53:12,571 [INFO] kopf.objects - Creation is processed: 1 succeeded; 0 failed.
2025-07-30 18:53:12,707 [INFO] kopf.objects - Handler 'handle_new_policy' succeeded.
2025-07-30 18:53:12,708 [INFO] kopf.objects - Creation is processed: 1 succeeded; 0 failed.
2025-07-30 18:53:12,829 [INFO] kopf.objects - Handler 'handle_new_policy' succeeded.
2025-07-30 18:53:12,830 [INFO] kopf.objects - Creation is processed: 1 succeeded; 0 failed.
2025-07-30 18:53:12,909 [INFO] kopf.objects - Handler 'handle_new_policy' succeeded.
2025-07-30 18:53:12,909 [INFO] kopf.objects - Creation is processed: 1 succeeded; 0 failed.
2025-07-30 18:53:12,993 [INFO] kopf.objects - Handler 'handle_new_policy' succeeded.
2025-07-30 18:53:12,994 [INFO] kopf.objects - Creation is processed: 1 succeeded; 0 failed.
2025-07-30 18:53:13,091 [INFO] kopf.objects - Handler 'handle_new_policy' succeeded.
2025-07-30 18:53:13,092 [INFO] kopf.objects - Creation is processed: 1 succeeded; 0 failed.
2025-07-30 18:53:13,198 [INFO] kopf.objects - Handler 'handle_new_policy' succeeded.
2025-07-30 18:53:13,199 [INFO] kopf.objects - Creation is processed: 1 succeeded; 0 failed.
🚀 Starting Kopf operator in mode: PLS, watching the test-thesis namespace.
Initializing Openstack Client!
================================= FRESH (Light) INITIALISATION DONE =====================================
Watcher class for Kopf Operator!
[128876988159680] Handling new policy app-c-deny-all, locking app:app-c,  ...
Successfully added policy app-c-deny-all to ClusterState
[128876988159680] Handled new policy app-c-deny-all, Released app:app-c,  ...
[128876988159680] Handling new policy app-c-allow-frontend-backend, locking app:app-crole:frontend, app:app-crole:backend,  ...
PLS: Configuring new spol Policy(name=app-c-allow-frontend-backend, sel=LabelSet(labels={'app': 'app-c', 'role': 'frontend'}), allow=[
(LabelSet(labels={'app': 'app-c', 'role': 'backend'}), Traffic(direction=ingress, port=80, protocol=TCP)) 
])
PLS: Configuring new spol Policy(name=app-c-allow-frontend-backend, sel=LabelSet(labels={'app': 'app-c', 'role': 'frontend'}), allow=[
(LabelSet(labels={'app': 'app-c', 'role': 'backend'}), Traffic(direction=egress, port=80, protocol=TCP)) 
])
Successfully added policy app-c-allow-frontend-backend to ClusterState
[128876988159680] Handled new policy app-c-allow-frontend-backend, Released app:app-crole:frontend, app:app-crole:backend,  ...
[128876988159680] Handling new policy app-c-allow-database-backend, locking app:app-crole:database, app:app-crole:backend,  ...
PLS: Configuring new spol Policy(name=app-c-allow-database-backend, sel=LabelSet(labels={'app': 'app-c', 'role': 'database'}), allow=[
(LabelSet(labels={'app': 'app-c', 'role': 'backend'}), Traffic(direction=ingress, port=80, protocol=TCP)) 
])
PLS: Configuring new spol Policy(name=app-c-allow-database-backend, sel=LabelSet(labels={'app': 'app-c', 'role': 'database'}), allow=[
(LabelSet(labels={'app': 'app-c', 'role': 'backend'}), Traffic(direction=egress, port=80, protocol=TCP)) 
])
Successfully added policy app-c-allow-database-backend to ClusterState
[128876988159680] Handled new policy app-c-allow-database-backend, Released app:app-crole:database, app:app-crole:backend,  ...
[128876988159680] Handling new policy app-c-allow-backend-frontend, locking app:app-crole:frontend, app:app-crole:backend,  ...
PLS: Configuring new spol Policy(name=app-c-allow-backend-frontend, sel=LabelSet(labels={'app': 'app-c', 'role': 'backend'}), allow=[
(LabelSet(labels={'app': 'app-c', 'role': 'frontend'}), Traffic(direction=ingress, port=80, protocol=TCP)) 
])
PLS: Configuring new spol Policy(name=app-c-allow-backend-frontend, sel=LabelSet(labels={'app': 'app-c', 'role': 'backend'}), allow=[
(LabelSet(labels={'app': 'app-c', 'role': 'frontend'}), Traffic(direction=egress, port=80, protocol=TCP)) 
])
Successfully added policy app-c-allow-backend-frontend to ClusterState
[128876988159680] Handled new policy app-c-allow-backend-frontend, Released app:app-crole:frontend, app:app-crole:backend,  ...
[128876988159680] Handling new policy app-c-allow-backend-database, locking app:app-crole:database, app:app-crole:backend,  ...
PLS: Configuring new spol Policy(name=app-c-allow-backend-database, sel=LabelSet(labels={'app': 'app-c', 'role': 'backend'}), allow=[
(LabelSet(labels={'app': 'app-c', 'role': 'database'}), Traffic(direction=ingress, port=80, protocol=TCP)) 
])
PLS: Configuring new spol Policy(name=app-c-allow-backend-database, sel=LabelSet(labels={'app': 'app-c', 'role': 'backend'}), allow=[
(LabelSet(labels={'app': 'app-c', 'role': 'database'}), Traffic(direction=egress, port=80, protocol=TCP)) 
])
Successfully added policy app-c-allow-backend-database to ClusterState
[128876988159680] Handled new policy app-c-allow-backend-database, Released app:app-crole:database, app:app-crole:backend,  ...
[128876988159680] Handling new policy app-b-allow-backend-database, locking app:app-brole:backend, app:app-brole:database,  ...
PLS: Configuring new spol Policy(name=app-b-allow-backend-database, sel=LabelSet(labels={'app': 'app-b', 'role': 'backend'}), allow=[
(LabelSet(labels={'app': 'app-b', 'role': 'database'}), Traffic(direction=ingress, port=80, protocol=TCP)) 
])
PLS: Configuring new spol Policy(name=app-b-allow-backend-database, sel=LabelSet(labels={'app': 'app-b', 'role': 'backend'}), allow=[
(LabelSet(labels={'app': 'app-b', 'role': 'database'}), Traffic(direction=egress, port=80, protocol=TCP)) 
])
Successfully added policy app-b-allow-backend-database to ClusterState
[128876988159680] Handled new policy app-b-allow-backend-database, Released app:app-brole:backend, app:app-brole:database,  ...
[128876988159680] Handling new policy app-b-allow-database-backend, locking app:app-brole:backend, app:app-brole:database,  ...
PLS: Configuring new spol Policy(name=app-b-allow-database-backend, sel=LabelSet(labels={'app': 'app-b', 'role': 'database'}), allow=[
(LabelSet(labels={'app': 'app-b', 'role': 'backend'}), Traffic(direction=ingress, port=80, protocol=TCP)) 
])
PLS: Configuring new spol Policy(name=app-b-allow-database-backend, sel=LabelSet(labels={'app': 'app-b', 'role': 'database'}), allow=[
(LabelSet(labels={'app': 'app-b', 'role': 'backend'}), Traffic(direction=egress, port=80, protocol=TCP)) 
])
Successfully added policy app-b-allow-database-backend to ClusterState
[128876988159680] Handled new policy app-b-allow-database-backend, Released app:app-brole:backend, app:app-brole:database,  ...
[128876988159680] Handling new policy app-b-allow-frontend-backend, locking app:app-brole:frontend, app:app-brole:backend,  ...
PLS: Configuring new spol Policy(name=app-b-allow-frontend-backend, sel=LabelSet(labels={'app': 'app-b', 'role': 'frontend'}), allow=[
(LabelSet(labels={'app': 'app-b', 'role': 'backend'}), Traffic(direction=ingress, port=80, protocol=TCP)) 
])
PLS: Configuring new spol Policy(name=app-b-allow-frontend-backend, sel=LabelSet(labels={'app': 'app-b', 'role': 'frontend'}), allow=[
(LabelSet(labels={'app': 'app-b', 'role': 'backend'}), Traffic(direction=egress, port=80, protocol=TCP)) 
])
Successfully added policy app-b-allow-frontend-backend to ClusterState
[128876988159680] Handled new policy app-b-allow-frontend-backend, Released app:app-brole:frontend, app:app-brole:backend,  ...
[128876988159680] Handling new policy app-b-deny-all, locking app:app-b,  ...
Successfully added policy app-b-deny-all to ClusterState
[128876988159680] Handled new policy app-b-deny-all, Released app:app-b,  ...
[128876988159680] Handling new policy app-b-allow-backend-frontend, locking app:app-brole:frontend, app:app-brole:backend,  ...
PLS: Configuring new spol Policy(name=app-b-allow-backend-frontend, sel=LabelSet(labels={'app': 'app-b', 'role': 'backend'}), allow=[
(LabelSet(labels={'app': 'app-b', 'role': 'frontend'}), Traffic(direction=ingress, port=80, protocol=TCP)) 
])
PLS: Configuring new spol Policy(name=app-b-allow-backend-frontend, sel=LabelSet(labels={'app': 'app-b', 'role': 'backend'}), allow=[
(LabelSet(labels={'app': 'app-b', 'role': 'frontend'}), Traffic(direction=egress, port=80, protocol=TCP)) 
])
Successfully added policy app-b-allow-backend-frontend to ClusterState
[128876988159680] Handled new policy app-b-allow-backend-frontend, Released app:app-brole:frontend, app:app-brole:backend,  ...
[128876988159680] Handling new policy app-a-allow-backend-database, locking app:app-arole:database, app:app-arole:backend,  ...
PLS: Configuring new spol Policy(name=app-a-allow-backend-database, sel=LabelSet(labels={'app': 'app-a', 'role': 'backend'}), allow=[
(LabelSet(labels={'app': 'app-a', 'role': 'database'}), Traffic(direction=ingress, port=80, protocol=TCP)) 
])
PLS: Configuring new spol Policy(name=app-a-allow-backend-database, sel=LabelSet(labels={'app': 'app-a', 'role': 'backend'}), allow=[
(LabelSet(labels={'app': 'app-a', 'role': 'database'}), Traffic(direction=egress, port=80, protocol=TCP)) 
])
Successfully added policy app-a-allow-backend-database to ClusterState
[128876988159680] Handled new policy app-a-allow-backend-database, Released app:app-arole:database, app:app-arole:backend,  ...
[128876988159680] Handling new policy app-a-allow-frontend-backend, locking app:app-arole:backend, app:app-arole:frontend,  ...
2025-07-30 18:53:13,286 [INFO] kopf.objects - Handler 'handle_new_policy' succeeded.
2025-07-30 18:53:13,287 [INFO] kopf.objects - Creation is processed: 1 succeeded; 0 failed.
2025-07-30 18:53:13,389 [INFO] kopf.objects - Handler 'handle_new_policy' succeeded.
2025-07-30 18:53:13,390 [INFO] kopf.objects - Creation is processed: 1 succeeded; 0 failed.
2025-07-30 18:53:13,477 [INFO] kopf.objects - Handler 'handle_new_policy' succeeded.
2025-07-30 18:53:13,490 [INFO] kopf.objects - Creation is processed: 1 succeeded; 0 failed.
2025-07-30 18:53:13,600 [INFO] kopf.objects - Handler 'handle_new_policy' succeeded.
2025-07-30 18:53:13,601 [INFO] kopf.objects - Creation is processed: 1 succeeded; 0 failed.
PLS: Configuring new spol Policy(name=app-a-allow-frontend-backend, sel=LabelSet(labels={'app': 'app-a', 'role': 'frontend'}), allow=[
(LabelSet(labels={'app': 'app-a', 'role': 'backend'}), Traffic(direction=ingress, port=80, protocol=TCP)) 
])
PLS: Configuring new spol Policy(name=app-a-allow-frontend-backend, sel=LabelSet(labels={'app': 'app-a', 'role': 'frontend'}), allow=[
(LabelSet(labels={'app': 'app-a', 'role': 'backend'}), Traffic(direction=egress, port=80, protocol=TCP)) 
])
Successfully added policy app-a-allow-frontend-backend to ClusterState
[128876988159680] Handled new policy app-a-allow-frontend-backend, Released app:app-arole:backend, app:app-arole:frontend,  ...
[128876988159680] Handling new policy app-a-allow-backend-frontend, locking app:app-arole:backend, app:app-arole:frontend,  ...
PLS: Configuring new spol Policy(name=app-a-allow-backend-frontend, sel=LabelSet(labels={'app': 'app-a', 'role': 'backend'}), allow=[
(LabelSet(labels={'app': 'app-a', 'role': 'frontend'}), Traffic(direction=ingress, port=80, protocol=TCP)) 
])
PLS: Configuring new spol Policy(name=app-a-allow-backend-frontend, sel=LabelSet(labels={'app': 'app-a', 'role': 'backend'}), allow=[
(LabelSet(labels={'app': 'app-a', 'role': 'frontend'}), Traffic(direction=egress, port=80, protocol=TCP)) 
])
Successfully added policy app-a-allow-backend-frontend to ClusterState
[128876988159680] Handled new policy app-a-allow-backend-frontend, Released app:app-arole:backend, app:app-arole:frontend,  ...
[128876988159680] Handling new policy app-a-deny-all, locking app:app-a,  ...
Successfully added policy app-a-deny-all to ClusterState
[128876988159680] Handled new policy app-a-deny-all, Released app:app-a,  ...
[128876988159680] Handling new policy app-a-allow-database-backend, locking app:app-arole:database, app:app-arole:backend,  ...
PLS: Configuring new spol Policy(name=app-a-allow-database-backend, sel=LabelSet(labels={'app': 'app-a', 'role': 'database'}), allow=[
(LabelSet(labels={'app': 'app-a', 'role': 'backend'}), Traffic(direction=ingress, port=80, protocol=TCP)) 
])
PLS: Configuring new spol Policy(name=app-a-allow-database-backend, sel=LabelSet(labels={'app': 'app-a', 'role': 'database'}), allow=[
(LabelSet(labels={'app': 'app-a', 'role': 'backend'}), Traffic(direction=egress, port=80, protocol=TCP)) 
])
Successfully added policy app-a-allow-database-backend to ClusterState
[128876988159680] Handled new policy app-a-allow-database-backend, Released app:app-arole:database, app:app-arole:backend,  ...
New pod test-pod-0! old_node = None, new_node = worker-1.
Handling the new pod object: Pod(name=test-pod-0, label_set=LabelSet(labels={'app': 'app-a', 'role': 'frontend'}), node=Node(name=worker-1)
[128876988159680] Handling pod test-pod-0, locking app:app-arole:backend, app:app-arole:frontend,  ...
New pod: test-pod-0, on node: worker-1
PLS: Configuring new pod with labelset: {L}
PLS: Configuring new spol Policy(name=app-a-allow-frontend-backend, sel=LabelSet(labels={'app': 'app-a', 'role': 'frontend'}), allow=[
(LabelSet(labels={'app': 'app-a', 'role': 'backend'}), Traffic(direction=ingress, port=80, protocol=TCP)) 
])
Adding Security Group for select labelset: LabelSet(labels={'app': 'app-a', 'role': 'frontend'})
New pod test-pod-2! old_node = None, new_node = worker-1.
Handling the new pod object: Pod(name=test-pod-2, label_set=LabelSet(labels={'app': 'app-a', 'role': 'database'}), node=Node(name=worker-1)
[128876973475520] Handling pod test-pod-2, locking app:app-arole:database, app:app-arole:backend,  ...
New pod test-pod-1! old_node = None, new_node = worker-1.
Handling the new pod object: Pod(name=test-pod-1, label_set=LabelSet(labels={'app': 'app-a', 'role': 'backend'}), node=Node(name=worker-1)
[128876965082816] Handling pod test-pod-1, locking app:app-arole:database, app:app-arole:backend, app:app-arole:frontend,  ...
New pod test-pod-3! old_node = None, new_node = worker-1.
Handling the new pod object: Pod(name=test-pod-3, label_set=LabelSet(labels={'app': 'app-b', 'role': 'frontend'}), node=Node(name=worker-1)
[128876956690112] Handling pod test-pod-3, locking app:app-brole:frontend, app:app-brole:backend,  ...
New pod: test-pod-3, on node: worker-1
PLS: Configuring new pod with labelset: {L}
PLS: Configuring new spol Policy(name=app-b-allow-backend-frontend, sel=LabelSet(labels={'app': 'app-b', 'role': 'backend'}), allow=[
(LabelSet(labels={'app': 'app-b', 'role': 'frontend'}), Traffic(direction=ingress, port=80, protocol=TCP)) 
])
PLS: Configuring new spol Policy(name=app-b-allow-frontend-backend, sel=LabelSet(labels={'app': 'app-b', 'role': 'frontend'}), allow=[
(LabelSet(labels={'app': 'app-b', 'role': 'backend'}), Traffic(direction=ingress, port=80, protocol=TCP)) 
])
Adding Security Group for select labelset: LabelSet(labels={'app': 'app-b', 'role': 'frontend'})
New pod test-pod-7! old_node = None, new_node = worker-1.
Handling the new pod object: Pod(name=test-pod-7, label_set=LabelSet(labels={'app': 'app-c', 'role': 'backend'}), node=Node(name=worker-1)
[128876948297408] Handling pod test-pod-7, locking app:app-crole:database, app:app-crole:frontend, app:app-crole:backend,  ...
New pod: test-pod-7, on node: worker-1
PLS: Configuring new pod with labelset: {L}
PLS: Configuring new spol Policy(name=app-c-allow-backend-frontend, sel=LabelSet(labels={'app': 'app-c', 'role': 'backend'}), allow=[
(LabelSet(labels={'app': 'app-c', 'role': 'frontend'}), Traffic(direction=ingress, port=80, protocol=TCP)) 
])
Adding Security Group for select labelset: LabelSet(labels={'app': 'app-c', 'role': 'backend'})
New pod test-pod-4! old_node = None, new_node = worker-1.
Handling the new pod object: Pod(name=test-pod-4, label_set=LabelSet(labels={'app': 'app-b', 'role': 'backend'}), node=Node(name=worker-1)
[128876600620736] Handling pod test-pod-4, locking app:app-brole:frontend, app:app-brole:backend, app:app-brole:database,  ...
New pod test-pod-5! old_node = None, new_node = worker-1.
Handling the new pod object: Pod(name=test-pod-5, label_set=LabelSet(labels={'app': 'app-b', 'role': 'database'}), node=Node(name=worker-1)
[128876592228032] Handling pod test-pod-5, locking app:app-brole:backend, app:app-brole:database,  ...
New pod test-pod-6! old_node = None, new_node = worker-1.
Handling the new pod object: Pod(name=test-pod-6, label_set=LabelSet(labels={'app': 'app-c', 'role': 'frontend'}), node=Node(name=worker-1)
[128876583835328] Handling pod test-pod-6, locking app:app-crole:frontend, app:app-crole:backend,  ...
New pod test-pod-10! old_node = None, new_node = worker-1.
Handling the new pod object: Pod(name=test-pod-10, label_set=LabelSet(labels={'app': 'app-a', 'role': 'backend'}), node=Node(name=worker-1)
[128876575442624] Handling pod test-pod-10, locking app:app-arole:database, app:app-arole:backend, app:app-arole:frontend,  ...
New pod test-pod-8! old_node = None, new_node = worker-1.
Handling the new pod object: Pod(name=test-pod-8, label_set=LabelSet(labels={'app': 'app-c', 'role': 'database'}), node=Node(name=worker-1)
[128876567049920] Handling pod test-pod-8, locking app:app-crole:database, app:app-crole:backend,  ...
New pod test-pod-12! old_node = None, new_node = worker-1.
Handling the new pod object: Pod(name=test-pod-12, label_set=LabelSet(labels={'app': 'app-b', 'role': 'frontend'}), node=Node(name=worker-1)
[128876558657216] Handling pod test-pod-12, locking app:app-brole:frontend, app:app-brole:backend,  ...
New pod test-pod-11! old_node = None, new_node = worker-1.
Handling the new pod object: Pod(name=test-pod-11, label_set=LabelSet(labels={'app': 'app-a', 'role': 'database'}), node=Node(name=worker-1)
[128876550264512] Handling pod test-pod-11, locking app:app-arole:database, app:app-arole:backend,  ...
New pod test-pod-9! old_node = None, new_node = worker-1.
Handling the new pod object: Pod(name=test-pod-9, label_set=LabelSet(labels={'app': 'app-a', 'role': 'frontend'}), node=Node(name=worker-1)
[128876063749824] Handling pod test-pod-9, locking app:app-arole:backend, app:app-arole:frontend,  ...
New pod test-pod-15! old_node = None, new_node = worker-1.
2025-07-30 18:53:16,746 [INFO] kopf.objects - Handler 'handle_new_pod/spec.nodeName' succeeded.
2025-07-30 18:53:16,747 [INFO] kopf.objects - Creation is processed: 1 succeeded; 0 failed.
Handling the new pod object: Pod(name=test-pod-15, label_set=LabelSet(labels={'app': 'app-c', 'role': 'frontend'}), node=Node(name=worker-1)
[128876055357120] Handling pod test-pod-15, locking app:app-crole:frontend, app:app-crole:backend,  ...
New pod test-pod-16! old_node = None, new_node = worker-1.
Handling the new pod object: Pod(name=test-pod-16, label_set=LabelSet(labels={'app': 'app-c', 'role': 'backend'}), node=Node(name=worker-1)
[128876046964416] Handling pod test-pod-16, locking app:app-crole:database, app:app-crole:frontend, app:app-crole:backend,  ...
New pod test-pod-20! old_node = None, new_node = worker-1.
Handling the new pod object: Pod(name=test-pod-20, label_set=LabelSet(labels={'app': 'app-a', 'role': 'database'}), node=Node(name=worker-1)
[128876038571712] Handling pod test-pod-20, locking app:app-arole:database, app:app-arole:backend,  ...
New pod test-pod-14! old_node = None, new_node = worker-1.
Handling the new pod object: Pod(name=test-pod-14, label_set=LabelSet(labels={'app': 'app-b', 'role': 'database'}), node=Node(name=worker-1)
[128876030179008] Handling pod test-pod-14, locking app:app-brole:backend, app:app-brole:database,  ...
New pod test-pod-13! old_node = None, new_node = worker-1.
Handling the new pod object: Pod(name=test-pod-13, label_set=LabelSet(labels={'app': 'app-b', 'role': 'backend'}), node=Node(name=worker-1)
[128876021786304] Handling pod test-pod-13, locking app:app-brole:frontend, app:app-brole:backend, app:app-brole:database,  ...
New pod test-pod-19! old_node = None, new_node = worker-1.
Handling the new pod object: Pod(name=test-pod-19, label_set=LabelSet(labels={'app': 'app-a', 'role': 'backend'}), node=Node(name=worker-1)
[128876013393600] Handling pod test-pod-19, locking app:app-arole:database, app:app-arole:backend, app:app-arole:frontend,  ...
New pod test-pod-17! old_node = None, new_node = worker-1.
Handling the new pod object: Pod(name=test-pod-17, label_set=LabelSet(labels={'app': 'app-c', 'role': 'database'}), node=Node(name=worker-1)
[128875526878912] Handling pod test-pod-17, locking app:app-crole:database, app:app-crole:backend,  ...
Creating security group: SG-app:app-crole:backend
Creating security group: SG-app:app-arole:frontend
Creating security group: SG-app:app-brole:frontend
Attaching security group SG-app:app-crole:backend to instance worker-1
Attaching security group SG-app:app-brole:frontend to instance worker-1
Attaching security group SG-app:app-arole:frontend to instance worker-1
Adding Security Group for allow labelset: LabelSet(labels={'app': 'app-a', 'role': 'backend'})
Creating security group: SG-app:app-arole:backend
Adding Security Group for allow labelset: LabelSet(labels={'app': 'app-b', 'role': 'backend'})
Creating security group: SG-app:app-brole:backend
Adding Security Group for allow labelset: LabelSet(labels={'app': 'app-c', 'role': 'frontend'})
SGMod: Adding rule to SG-app:app-arole:frontend, remote SG-app:app-arole:backend, port 80, type ingress
Creating security group: SG-app:app-crole:frontend
SGMod: Adding rule to SG-app:app-brole:frontend, remote SG-app:app-brole:backend, port 80, type ingress
SGMod: Adding rule to SG-app:app-crole:backend, remote SG-app:app-crole:frontend, port 80, type ingress
PLS: Configuring new spol Policy(name=app-a-allow-frontend-backend, sel=LabelSet(labels={'app': 'app-a', 'role': 'frontend'}), allow=[
(LabelSet(labels={'app': 'app-a', 'role': 'backend'}), Traffic(direction=egress, port=80, protocol=TCP)) 
])
Adding Security Group for select labelset: LabelSet(labels={'app': 'app-a', 'role': 'frontend'})
Adding Security Group for allow labelset: LabelSet(labels={'app': 'app-a', 'role': 'backend'})
SGMod: Adding rule to SG-app:app-arole:frontend, remote SG-app:app-arole:backend, port 80, type egress
PLS: Configuring new spol Policy(name=app-b-allow-backend-frontend, sel=LabelSet(labels={'app': 'app-b', 'role': 'backend'}), allow=[
(LabelSet(labels={'app': 'app-b', 'role': 'frontend'}), Traffic(direction=egress, port=80, protocol=TCP)) 
])
PLS: Configuring new spol Policy(name=app-b-allow-frontend-backend, sel=LabelSet(labels={'app': 'app-b', 'role': 'frontend'}), allow=[
(LabelSet(labels={'app': 'app-b', 'role': 'backend'}), Traffic(direction=egress, port=80, protocol=TCP)) 
])
Adding Security Group for select labelset: LabelSet(labels={'app': 'app-b', 'role': 'frontend'})
Adding Security Group for allow labelset: LabelSet(labels={'app': 'app-b', 'role': 'backend'})
SGMod: Adding rule to SG-app:app-brole:frontend, remote SG-app:app-brole:backend, port 80, type egress
PLS: Configuring new spol Policy(name=app-a-allow-backend-frontend, sel=LabelSet(labels={'app': 'app-a', 'role': 'backend'}), allow=[
(LabelSet(labels={'app': 'app-a', 'role': 'frontend'}), Traffic(direction=ingress, port=80, protocol=TCP)) 
])
PLS: Configuring new spol Policy(name=app-a-allow-backend-frontend, sel=LabelSet(labels={'app': 'app-a', 'role': 'backend'}), allow=[
(LabelSet(labels={'app': 'app-a', 'role': 'frontend'}), Traffic(direction=egress, port=80, protocol=TCP)) 
])
PLS: Configuring new spol Policy(name=app-c-allow-database-backend, sel=LabelSet(labels={'app': 'app-c', 'role': 'database'}), allow=[
(LabelSet(labels={'app': 'app-c', 'role': 'backend'}), Traffic(direction=ingress, port=80, protocol=TCP)) 
])
PLS: Configuring new spol Policy(name=app-c-allow-database-backend, sel=LabelSet(labels={'app': 'app-c', 'role': 'database'}), allow=[
(LabelSet(labels={'app': 'app-c', 'role': 'backend'}), Traffic(direction=egress, port=80, protocol=TCP)) 
])
PLS: Configuring new spol Policy(name=app-c-allow-backend-database, sel=LabelSet(labels={'app': 'app-c', 'role': 'backend'}), allow=[
(LabelSet(labels={'app': 'app-c', 'role': 'database'}), Traffic(direction=egress, port=80, protocol=TCP)) 
])
Adding Security Group for select labelset: LabelSet(labels={'app': 'app-c', 'role': 'backend'})
Adding Security Group for allow labelset: LabelSet(labels={'app': 'app-c', 'role': 'database'})
Creating security group: SG-app:app-crole:database
SGMod: Adding rule to SG-app:app-crole:backend, remote SG-app:app-crole:database, port 80, type egress
SG-app:app-arole:frontend already attached to worker-1
[128876988159680] Pod test-pod-0 handled. Released locks for: app:app-arole:backend, app:app-arole:frontend, 
New pod test-pod-21! old_node = None, new_node = worker-1.
Handling the new pod object: Pod(name=test-pod-21, label_set=LabelSet(labels={'app': 'app-b', 'role': 'frontend'}), node=Node(name=worker-1)
[128876988159680] Handling pod test-pod-21, locking app:app-brole:frontend, app:app-brole:backend,  ...
New pod: test-pod-2, on node: worker-1
PLS: Configuring new pod with labelset: {L}
PLS: Configuring new spol Policy(name=app-a-allow-backend-database, sel=LabelSet(labels={'app': 'app-a', 'role': 'backend'}), allow=[
(LabelSet(labels={'app': 'app-a', 'role': 'database'}), Traffic(direction=ingress, port=80, protocol=TCP)) 
])
PLS: Configuring new spol Policy(name=app-a-allow-database-backend, sel=LabelSet(labels={'app': 'app-a', 'role': 'database'}), allow=[
(LabelSet(labels={'app': 'app-a', 'role': 'backend'}), Traffic(direction=ingress, port=80, protocol=TCP)) 
])
Adding Security Group for select labelset: LabelSet(labels={'app': 'app-a', 'role': 'database'})
Creating security group: SG-app:app-arole:database
PLS: Configuring new spol Policy(name=app-c-allow-frontend-backend, sel=LabelSet(labels={'app': 'app-c', 'role': 'frontend'}), allow=[
(LabelSet(labels={'app': 'app-c', 'role': 'backend'}), Traffic(direction=ingress, port=80, protocol=TCP)) 
])
PLS: Configuring new spol Policy(name=app-c-allow-frontend-backend, sel=LabelSet(labels={'app': 'app-c', 'role': 'frontend'}), allow=[
(LabelSet(labels={'app': 'app-c', 'role': 'backend'}), Traffic(direction=egress, port=80, protocol=TCP)) 
])
PLS: Configuring new spol Policy(name=app-c-allow-backend-database, sel=LabelSet(labels={'app': 'app-c', 'role': 'backend'}), allow=[
(LabelSet(labels={'app': 'app-c', 'role': 'database'}), Traffic(direction=ingress, port=80, protocol=TCP)) 
])
Adding Security Group for select labelset: LabelSet(labels={'app': 'app-c', 'role': 'backend'})
2025-07-30 18:53:16,860 [INFO] kopf.objects - Handler 'handle_new_pod/spec.nodeName' succeeded.
2025-07-30 18:53:16,862 [INFO] kopf.objects - Creation is processed: 1 succeeded; 0 failed.
2025-07-30 18:53:17,527 [INFO] kopf.objects - Handler 'handle_new_pod/spec.nodeName' succeeded.
2025-07-30 18:53:17,529 [INFO] kopf.objects - Creation is processed: 1 succeeded; 0 failed.
Adding Security Group for allow labelset: LabelSet(labels={'app': 'app-c', 'role': 'database'})
SGMod: Adding rule to SG-app:app-crole:backend, remote SG-app:app-crole:database, port 80, type ingress
SG-app:app-brole:frontend already attached to worker-1
[128876956690112] Pod test-pod-3 handled. Released locks for: app:app-brole:frontend, app:app-brole:backend, 
New pod: test-pod-4, on node: worker-1
PLS: Configuring new pod with labelset: {L}
PLS: Configuring new spol Policy(name=app-b-allow-backend-frontend, sel=LabelSet(labels={'app': 'app-b', 'role': 'backend'}), allow=[
(LabelSet(labels={'app': 'app-b', 'role': 'frontend'}), Traffic(direction=ingress, port=80, protocol=TCP)) 
])
Adding Security Group for select labelset: LabelSet(labels={'app': 'app-b', 'role': 'backend'})
Adding Security Group for allow labelset: LabelSet(labels={'app': 'app-b', 'role': 'frontend'})
SGMod: Adding rule to SG-app:app-brole:backend, remote SG-app:app-brole:frontend, port 80, type ingress
New pod test-pod-18! old_node = None, new_node = worker-1.
Handling the new pod object: Pod(name=test-pod-18, label_set=LabelSet(labels={'app': 'app-a', 'role': 'frontend'}), node=Node(name=worker-1)
[128876956690112] Handling pod test-pod-18, locking app:app-arole:backend, app:app-arole:frontend,  ...
PLS: Configuring new spol Policy(name=app-b-allow-frontend-backend, sel=LabelSet(labels={'app': 'app-b', 'role': 'frontend'}), allow=[
(LabelSet(labels={'app': 'app-b', 'role': 'backend'}), Traffic(direction=ingress, port=80, protocol=TCP)) 
])
Adding Security Group for select labelset: LabelSet(labels={'app': 'app-b', 'role': 'frontend'})
Adding Security Group for allow labelset: LabelSet(labels={'app': 'app-b', 'role': 'backend'})
SGMod: Adding rule to SG-app:app-brole:frontend, remote SG-app:app-brole:backend, port 80, type ingress
PLS: Configuring new spol Policy(name=app-c-allow-backend-frontend, sel=LabelSet(labels={'app': 'app-c', 'role': 'backend'}), allow=[
(LabelSet(labels={'app': 'app-c', 'role': 'frontend'}), Traffic(direction=egress, port=80, protocol=TCP)) 
])
Adding Security Group for select labelset: LabelSet(labels={'app': 'app-c', 'role': 'backend'})
Adding Security Group for allow labelset: LabelSet(labels={'app': 'app-c', 'role': 'frontend'})
SGMod: Adding rule to SG-app:app-crole:backend, remote SG-app:app-crole:frontend, port 80, type egress
Cannot add rule to remotes: Security group rule already exists. Rule id is 439149fa-f344-4e63-a76a-9c556a1bba57.
Neutron server returns request_ids: ['req-00e47a4f-e61c-4cb8-9ec8-25aa8d002135']
PLS: Configuring new spol Policy(name=app-b-allow-database-backend, sel=LabelSet(labels={'app': 'app-b', 'role': 'database'}), allow=[
(LabelSet(labels={'app': 'app-b', 'role': 'backend'}), Traffic(direction=egress, port=80, protocol=TCP)) 
])
PLS: Configuring new spol Policy(name=app-b-allow-backend-database, sel=LabelSet(labels={'app': 'app-b', 'role': 'backend'}), allow=[
(LabelSet(labels={'app': 'app-b', 'role': 'database'}), Traffic(direction=egress, port=80, protocol=TCP)) 
])
Adding Security Group for select labelset: LabelSet(labels={'app': 'app-b', 'role': 'backend'})
Adding Security Group for allow labelset: LabelSet(labels={'app': 'app-b', 'role': 'database'})
Creating security group: SG-app:app-brole:database
Attaching security group SG-app:app-arole:database to instance worker-1
SGMod: Adding rule to SG-app:app-brole:backend, remote SG-app:app-brole:database, port 80, type egress
PLS: Configuring new spol Policy(name=app-b-allow-database-backend, sel=LabelSet(labels={'app': 'app-b', 'role': 'database'}), allow=[
(LabelSet(labels={'app': 'app-b', 'role': 'backend'}), Traffic(direction=ingress, port=80, protocol=TCP)) 
])
PLS: Configuring new spol Policy(name=app-b-allow-backend-database, sel=LabelSet(labels={'app': 'app-b', 'role': 'backend'}), allow=[
(LabelSet(labels={'app': 'app-b', 'role': 'database'}), Traffic(direction=ingress, port=80, protocol=TCP)) 
])
Adding Security Group for select labelset: LabelSet(labels={'app': 'app-b', 'role': 'backend'})
Adding Security Group for allow labelset: LabelSet(labels={'app': 'app-b', 'role': 'database'})
SGMod: Adding rule to SG-app:app-brole:backend, remote SG-app:app-brole:database, port 80, type ingress
SG-app:app-crole:backend already attached to worker-1
[128876948297408] Pod test-pod-7 handled. Released locks for: app:app-crole:database, app:app-crole:frontend, app:app-crole:backend, 
New pod: test-pod-6, on node: worker-1
PLS: Configuring new pod with labelset: {L}
PLS: Configuring new spol Policy(name=app-c-allow-backend-frontend, sel=LabelSet(labels={'app': 'app-c', 'role': 'backend'}), allow=[
(LabelSet(labels={'app': 'app-c', 'role': 'frontend'}), Traffic(direction=ingress, port=80, protocol=TCP)) 
])
Adding Security Group for select labelset: LabelSet(labels={'app': 'app-c', 'role': 'backend'})
Adding Security Group for allow labelset: LabelSet(labels={'app': 'app-c', 'role': 'frontend'})
SGMod: Adding rule to SG-app:app-crole:backend, remote SG-app:app-crole:frontend, port 80, type ingress
New pod test-pod-25! old_node = None, new_node = worker-1.
Handling the new pod object: Pod(name=test-pod-25, label_set=LabelSet(labels={'app': 'app-c', 'role': 'backend'}), node=Node(name=worker-1)
[128876948297408] Handling pod test-pod-25, locking app:app-crole:database, app:app-crole:frontend, app:app-crole:backend,  ...
Cannot add rule to remotes: Security group rule already exists. Rule id is 6d4fb441-06fa-4f0c-ba5d-19708295492a.
Neutron server returns request_ids: ['req-98076e68-cc3f-4237-bfd1-7a51626fa68e']
PLS: Configuring new spol Policy(name=app-c-allow-backend-frontend, sel=LabelSet(labels={'app': 'app-c', 'role': 'backend'}), allow=[
(LabelSet(labels={'app': 'app-c', 'role': 'frontend'}), Traffic(direction=egress, port=80, protocol=TCP)) 
])
Adding Security Group for select labelset: LabelSet(labels={'app': 'app-c', 'role': 'backend'})
Adding Security Group for allow labelset: LabelSet(labels={'app': 'app-c', 'role': 'frontend'})
SGMod: Adding rule to SG-app:app-crole:backend, remote SG-app:app-crole:frontend, port 80, type egress
Adding Security Group for allow labelset: LabelSet(labels={'app': 'app-a', 'role': 'backend'})
SGMod: Adding rule to SG-app:app-arole:database, remote SG-app:app-arole:backend, port 80, type ingress
Cannot add rule to remotes: Security group rule already exists. Rule id is 59d7a8f5-ddd4-4b75-9351-ea9f16f3bccb.
Neutron server returns request_ids: ['req-01e83ea0-5c9b-42c2-9227-60320d23cf57']
PLS: Configuring new spol Policy(name=app-c-allow-frontend-backend, sel=LabelSet(labels={'app': 'app-c', 'role': 'frontend'}), allow=[
(LabelSet(labels={'app': 'app-c', 'role': 'backend'}), Traffic(direction=ingress, port=80, protocol=TCP)) 
])
Adding Security Group for select labelset: LabelSet(labels={'app': 'app-c', 'role': 'frontend'})
Adding Security Group for allow labelset: LabelSet(labels={'app': 'app-c', 'role': 'backend'})
SGMod: Adding rule to SG-app:app-crole:frontend, remote SG-app:app-crole:backend, port 80, type ingress
PLS: Configuring new spol Policy(name=app-b-allow-backend-frontend, sel=LabelSet(labels={'app': 'app-b', 'role': 'backend'}), allow=[
(LabelSet(labels={'app': 'app-b', 'role': 'frontend'}), Traffic(direction=egress, port=80, protocol=TCP)) 
])
Adding Security Group for select labelset: LabelSet(labels={'app': 'app-b', 'role': 'backend'})
Adding Security Group for allow labelset: LabelSet(labels={'app': 'app-b', 'role': 'frontend'})
SGMod: Adding rule to SG-app:app-brole:backend, remote SG-app:app-brole:frontend, port 80, type egress
PLS: Configuring new spol Policy(name=app-c-allow-frontend-backend, sel=LabelSet(labels={'app': 'app-c', 'role': 'frontend'}), allow=[
(LabelSet(labels={'app': 'app-c', 'role': 'backend'}), Traffic(direction=egress, port=80, protocol=TCP)) 
])
Adding Security Group for select labelset: LabelSet(labels={'app': 'app-c', 'role': 'frontend'})
Adding Security Group for allow labelset: LabelSet(labels={'app': 'app-c', 'role': 'backend'})
SGMod: Adding rule to SG-app:app-crole:frontend, remote SG-app:app-crole:backend, port 80, type egress
2025-07-30 18:53:18,533 [INFO] kopf.objects - Handler 'handle_new_pod/spec.nodeName' succeeded.
2025-07-30 18:53:18,534 [INFO] kopf.objects - Creation is processed: 1 succeeded; 0 failed.
2025-07-30 18:53:19,139 [INFO] kopf.objects - Handler 'handle_new_pod/spec.nodeName' succeeded.
2025-07-30 18:53:19,140 [INFO] kopf.objects - Creation is processed: 1 succeeded; 0 failed.
PLS: Configuring new spol Policy(name=app-b-allow-frontend-backend, sel=LabelSet(labels={'app': 'app-b', 'role': 'frontend'}), allow=[
(LabelSet(labels={'app': 'app-b', 'role': 'backend'}), Traffic(direction=egress, port=80, protocol=TCP)) 
])
Adding Security Group for select labelset: LabelSet(labels={'app': 'app-b', 'role': 'frontend'})
Adding Security Group for allow labelset: LabelSet(labels={'app': 'app-b', 'role': 'backend'})
SGMod: Adding rule to SG-app:app-brole:frontend, remote SG-app:app-brole:backend, port 80, type egress
PLS: Configuring new spol Policy(name=app-a-allow-backend-database, sel=LabelSet(labels={'app': 'app-a', 'role': 'backend'}), allow=[
(LabelSet(labels={'app': 'app-a', 'role': 'database'}), Traffic(direction=egress, port=80, protocol=TCP)) 
])
PLS: Configuring new spol Policy(name=app-a-allow-database-backend, sel=LabelSet(labels={'app': 'app-a', 'role': 'database'}), allow=[
(LabelSet(labels={'app': 'app-a', 'role': 'backend'}), Traffic(direction=egress, port=80, protocol=TCP)) 
])
Adding Security Group for select labelset: LabelSet(labels={'app': 'app-a', 'role': 'database'})
Adding Security Group for allow labelset: LabelSet(labels={'app': 'app-a', 'role': 'backend'})
SGMod: Adding rule to SG-app:app-arole:database, remote SG-app:app-arole:backend, port 80, type egress
Cannot add rule to remotes: Security group rule already exists. Rule id is 94ff160d-4fc9-485e-bd65-50896f58cef4.
Neutron server returns request_ids: ['req-6efb7f30-54a3-4f19-846e-ae3f6711e233']
Attaching security group SG-app:app-crole:frontend to instance worker-1
SG-app:app-arole:database already attached to worker-1
[128876973475520] Pod test-pod-2 handled. Released locks for: app:app-arole:database, app:app-arole:backend, 
New pod: test-pod-1, on node: worker-1
PLS: Configuring new pod with labelset: {L}
PLS: Configuring new spol Policy(name=app-a-allow-frontend-backend, sel=LabelSet(labels={'app': 'app-a', 'role': 'frontend'}), allow=[
(LabelSet(labels={'app': 'app-a', 'role': 'backend'}), Traffic(direction=egress, port=80, protocol=TCP)) 
])
Adding Security Group for select labelset: LabelSet(labels={'app': 'app-a', 'role': 'frontend'})
Adding Security Group for allow labelset: LabelSet(labels={'app': 'app-a', 'role': 'backend'})
SGMod: Adding rule to SG-app:app-arole:frontend, remote SG-app:app-arole:backend, port 80, type egress
New pod test-pod-28! old_node = None, new_node = worker-1.
Handling the new pod object: Pod(name=test-pod-28, label_set=LabelSet(labels={'app': 'app-a', 'role': 'backend'}), node=Node(name=worker-1)
[128876973475520] Handling pod test-pod-28, locking app:app-arole:database, app:app-arole:backend, app:app-arole:frontend,  ...
Attaching security group SG-app:app-brole:backend to instance worker-1
Cannot add rule to remotes: Security group rule already exists. Rule id is 9413eab8-4f5a-4e60-9ebe-496f164a63d4.
Neutron server returns request_ids: ['req-0617710c-0872-43ab-a454-048e021ad449']
PLS: Configuring new spol Policy(name=app-a-allow-database-backend, sel=LabelSet(labels={'app': 'app-a', 'role': 'database'}), allow=[
(LabelSet(labels={'app': 'app-a', 'role': 'backend'}), Traffic(direction=ingress, port=80, protocol=TCP)) 
])
Adding Security Group for select labelset: LabelSet(labels={'app': 'app-a', 'role': 'database'})
Adding Security Group for allow labelset: LabelSet(labels={'app': 'app-a', 'role': 'backend'})
SGMod: Adding rule to SG-app:app-arole:database, remote SG-app:app-arole:backend, port 80, type ingress
Cannot add rule to remotes: Security group rule already exists. Rule id is 0caef426-174e-4287-b73f-aae022a89665.
Neutron server returns request_ids: ['req-dc05ff3a-cbfc-4573-b153-ba45fc4f323c']
PLS: Configuring new spol Policy(name=app-a-allow-backend-database, sel=LabelSet(labels={'app': 'app-a', 'role': 'backend'}), allow=[
(LabelSet(labels={'app': 'app-a', 'role': 'database'}), Traffic(direction=egress, port=80, protocol=TCP)) 
])
Adding Security Group for select labelset: LabelSet(labels={'app': 'app-a', 'role': 'backend'})
Adding Security Group for allow labelset: LabelSet(labels={'app': 'app-a', 'role': 'database'})
SGMod: Adding rule to SG-app:app-arole:backend, remote SG-app:app-arole:database, port 80, type egress
PLS: Configuring new spol Policy(name=app-a-allow-backend-frontend, sel=LabelSet(labels={'app': 'app-a', 'role': 'backend'}), allow=[
(LabelSet(labels={'app': 'app-a', 'role': 'frontend'}), Traffic(direction=egress, port=80, protocol=TCP)) 
])
Adding Security Group for select labelset: LabelSet(labels={'app': 'app-a', 'role': 'backend'})
Adding Security Group for allow labelset: LabelSet(labels={'app': 'app-a', 'role': 'frontend'})
SGMod: Adding rule to SG-app:app-arole:backend, remote SG-app:app-arole:frontend, port 80, type egress
PLS: Configuring new spol Policy(name=app-a-allow-database-backend, sel=LabelSet(labels={'app': 'app-a', 'role': 'database'}), allow=[
(LabelSet(labels={'app': 'app-a', 'role': 'backend'}), Traffic(direction=egress, port=80, protocol=TCP)) 
])
Adding Security Group for select labelset: LabelSet(labels={'app': 'app-a', 'role': 'database'})
Adding Security Group for allow labelset: LabelSet(labels={'app': 'app-a', 'role': 'backend'})
SGMod: Adding rule to SG-app:app-arole:database, remote SG-app:app-arole:backend, port 80, type egress
Cannot add rule to remotes: Security group rule already exists. Rule id is 1cb262cc-d9ad-474a-bcbd-9a17abb4050f.
Neutron server returns request_ids: ['req-2362c267-9c16-4bdb-9b02-1e70fb850b8b']
PLS: Configuring new spol Policy(name=app-a-allow-backend-database, sel=LabelSet(labels={'app': 'app-a', 'role': 'backend'}), allow=[
(LabelSet(labels={'app': 'app-a', 'role': 'database'}), Traffic(direction=ingress, port=80, protocol=TCP)) 
])
Adding Security Group for select labelset: LabelSet(labels={'app': 'app-a', 'role': 'backend'})
Adding Security Group for allow labelset: LabelSet(labels={'app': 'app-a', 'role': 'database'})
SGMod: Adding rule to SG-app:app-arole:backend, remote SG-app:app-arole:database, port 80, type ingress
[128876583835328] Pod test-pod-6 handled. Released locks for: app:app-crole:frontend, app:app-crole:backend, 
New pod test-pod-26! old_node = None, new_node = worker-1.
Handling the new pod object: Pod(name=test-pod-26, label_set=LabelSet(labels={'app': 'app-c', 'role': 'database'}), node=Node(name=worker-1)
[128876583835328] Handling pod test-pod-26, locking app:app-crole:database, app:app-crole:backend,  ...
New pod: test-pod-8, on node: worker-1
PLS: Configuring new pod with labelset: {L}
PLS: Configuring new spol Policy(name=app-c-allow-database-backend, sel=LabelSet(labels={'app': 'app-c', 'role': 'database'}), allow=[
(LabelSet(labels={'app': 'app-c', 'role': 'backend'}), Traffic(direction=ingress, port=80, protocol=TCP)) 
])
Adding Security Group for select labelset: LabelSet(labels={'app': 'app-c', 'role': 'database'})
Adding Security Group for allow labelset: LabelSet(labels={'app': 'app-c', 'role': 'backend'})
SGMod: Adding rule to SG-app:app-crole:database, remote SG-app:app-crole:backend, port 80, type ingress
PLS: Configuring new spol Policy(name=app-a-allow-backend-frontend, sel=LabelSet(labels={'app': 'app-a', 'role': 'backend'}), allow=[
(LabelSet(labels={'app': 'app-a', 'role': 'frontend'}), Traffic(direction=ingress, port=80, protocol=TCP)) 
])
Adding Security Group for select labelset: LabelSet(labels={'app': 'app-a', 'role': 'backend'})
Adding Security Group for allow labelset: LabelSet(labels={'app': 'app-a', 'role': 'frontend'})
SGMod: Adding rule to SG-app:app-arole:backend, remote SG-app:app-arole:frontend, port 80, type ingress
PLS: Configuring new spol Policy(name=app-c-allow-database-backend, sel=LabelSet(labels={'app': 'app-c', 'role': 'database'}), allow=[
(LabelSet(labels={'app': 'app-c', 'role': 'backend'}), Traffic(direction=egress, port=80, protocol=TCP)) 
])
Adding Security Group for select labelset: LabelSet(labels={'app': 'app-c', 'role': 'database'})
Adding Security Group for allow labelset: LabelSet(labels={'app': 'app-c', 'role': 'backend'})
SGMod: Adding rule to SG-app:app-crole:database, remote SG-app:app-crole:backend, port 80, type egress
2025-07-30 18:53:19,447 [INFO] kopf.objects - Handler 'handle_new_pod/spec.nodeName' succeeded.
2025-07-30 18:53:19,449 [INFO] kopf.objects - Creation is processed: 1 succeeded; 0 failed.
2025-07-30 18:53:20,344 [INFO] kopf.objects - Handler 'handle_new_pod/spec.nodeName' succeeded.
2025-07-30 18:53:20,346 [INFO] kopf.objects - Creation is processed: 1 succeeded; 0 failed.
2025-07-30 18:53:20,359 [INFO] kopf.objects - Handler 'handle_new_pod/spec.nodeName' succeeded.
2025-07-30 18:53:20,361 [INFO] kopf.objects - Creation is processed: 1 succeeded; 0 failed.
PLS: Configuring new spol Policy(name=app-a-allow-frontend-backend, sel=LabelSet(labels={'app': 'app-a', 'role': 'frontend'}), allow=[
(LabelSet(labels={'app': 'app-a', 'role': 'backend'}), Traffic(direction=ingress, port=80, protocol=TCP)) 
])
Adding Security Group for select labelset: LabelSet(labels={'app': 'app-a', 'role': 'frontend'})
Adding Security Group for allow labelset: LabelSet(labels={'app': 'app-a', 'role': 'backend'})
SGMod: Adding rule to SG-app:app-arole:frontend, remote SG-app:app-arole:backend, port 80, type ingress
PLS: Configuring new spol Policy(name=app-c-allow-backend-database, sel=LabelSet(labels={'app': 'app-c', 'role': 'backend'}), allow=[
(LabelSet(labels={'app': 'app-c', 'role': 'database'}), Traffic(direction=egress, port=80, protocol=TCP)) 
])
Adding Security Group for select labelset: LabelSet(labels={'app': 'app-c', 'role': 'backend'})
Adding Security Group for allow labelset: LabelSet(labels={'app': 'app-c', 'role': 'database'})
SGMod: Adding rule to SG-app:app-crole:backend, remote SG-app:app-crole:database, port 80, type egress
[128876600620736] Pod test-pod-4 handled. Released locks for: app:app-brole:frontend, app:app-brole:backend, app:app-brole:database, 
New pod test-pod-27! old_node = None, new_node = worker-1.
Handling the new pod object: Pod(name=test-pod-27, label_set=LabelSet(labels={'app': 'app-a', 'role': 'frontend'}), node=Node(name=worker-1)
[128876600620736] Handling pod test-pod-27, locking app:app-arole:backend, app:app-arole:frontend,  ...
New pod: test-pod-5, on node: worker-1
PLS: Configuring new pod with labelset: {L}
PLS: Configuring new spol Policy(name=app-b-allow-backend-database, sel=LabelSet(labels={'app': 'app-b', 'role': 'backend'}), allow=[
(LabelSet(labels={'app': 'app-b', 'role': 'database'}), Traffic(direction=ingress, port=80, protocol=TCP)) 
])
Adding Security Group for select labelset: LabelSet(labels={'app': 'app-b', 'role': 'backend'})
Adding Security Group for allow labelset: LabelSet(labels={'app': 'app-b', 'role': 'database'})
SGMod: Adding rule to SG-app:app-brole:backend, remote SG-app:app-brole:database, port 80, type ingress
Cannot add rule to remotes: Security group rule already exists. Rule id is 65ffcdfb-cbe7-4e79-b79a-aa67cde9d75b.
Neutron server returns request_ids: ['req-3f899171-2984-4514-8b26-166788f1450a']
Cannot add rule to remotes: Security group rule already exists. Rule id is 82f064eb-e7e0-407f-85b6-685e85a30030.
Neutron server returns request_ids: ['req-1c765cdd-91ea-468a-9869-993593570306']
PLS: Configuring new spol Policy(name=app-c-allow-backend-database, sel=LabelSet(labels={'app': 'app-c', 'role': 'backend'}), allow=[
(LabelSet(labels={'app': 'app-c', 'role': 'database'}), Traffic(direction=ingress, port=80, protocol=TCP)) 
])
Adding Security Group for select labelset: LabelSet(labels={'app': 'app-c', 'role': 'backend'})
Adding Security Group for allow labelset: LabelSet(labels={'app': 'app-c', 'role': 'database'})
SGMod: Adding rule to SG-app:app-crole:backend, remote SG-app:app-crole:database, port 80, type ingress
Cannot add rule to remotes: Security group rule already exists. Rule id is efc8a279-19d5-43a8-b598-0d967216476d.
Neutron server returns request_ids: ['req-b03ad092-a77d-42cc-9853-ed4a1f63616b']
Cannot add rule to remotes: Security group rule already exists. Rule id is 0f6709ee-b302-4cf4-90c2-dbec53f2622c.
Neutron server returns request_ids: ['req-09efe532-643b-4f3d-8ded-86903023c84c']
PLS: Configuring new spol Policy(name=app-b-allow-database-backend, sel=LabelSet(labels={'app': 'app-b', 'role': 'database'}), allow=[
(LabelSet(labels={'app': 'app-b', 'role': 'backend'}), Traffic(direction=ingress, port=80, protocol=TCP)) 
])
Adding Security Group for select labelset: LabelSet(labels={'app': 'app-b', 'role': 'database'})
Adding Security Group for allow labelset: LabelSet(labels={'app': 'app-b', 'role': 'backend'})
SGMod: Adding rule to SG-app:app-brole:database, remote SG-app:app-brole:backend, port 80, type ingress
Attaching security group SG-app:app-arole:backend to instance worker-1
PLS: Configuring new spol Policy(name=app-b-allow-database-backend, sel=LabelSet(labels={'app': 'app-b', 'role': 'database'}), allow=[
(LabelSet(labels={'app': 'app-b', 'role': 'backend'}), Traffic(direction=egress, port=80, protocol=TCP)) 
])
Adding Security Group for select labelset: LabelSet(labels={'app': 'app-b', 'role': 'database'})
Adding Security Group for allow labelset: LabelSet(labels={'app': 'app-b', 'role': 'backend'})
SGMod: Adding rule to SG-app:app-brole:database, remote SG-app:app-brole:backend, port 80, type egress
PLS: Configuring new spol Policy(name=app-b-allow-backend-database, sel=LabelSet(labels={'app': 'app-b', 'role': 'backend'}), allow=[
(LabelSet(labels={'app': 'app-b', 'role': 'database'}), Traffic(direction=egress, port=80, protocol=TCP)) 
])
Adding Security Group for select labelset: LabelSet(labels={'app': 'app-b', 'role': 'backend'})
Adding Security Group for allow labelset: LabelSet(labels={'app': 'app-b', 'role': 'database'})
SGMod: Adding rule to SG-app:app-brole:backend, remote SG-app:app-brole:database, port 80, type egress
Attaching security group SG-app:app-crole:database to instance worker-1
Cannot add rule to remotes: Security group rule already exists. Rule id is 14239251-4f61-4aeb-b298-8720371e2646.
Neutron server returns request_ids: ['req-8b531220-63c3-4a88-b146-260c78fa0b54']
[128876965082816] Pod test-pod-1 handled. Released locks for: app:app-arole:database, app:app-arole:backend, app:app-arole:frontend, 
New pod: test-pod-10, on node: worker-1
[128876575442624] Pod test-pod-10 handled. Released locks for: app:app-arole:database, app:app-arole:backend, app:app-arole:frontend, 
New pod test-pod-24! old_node = None, new_node = worker-1.
Handling the new pod object: Pod(name=test-pod-24, label_set=LabelSet(labels={'app': 'app-c', 'role': 'frontend'}), node=Node(name=worker-1)
[128876575442624] Handling pod test-pod-24, locking app:app-crole:frontend, app:app-crole:backend,  ...
New pod test-pod-23! old_node = None, new_node = worker-1.
Handling the new pod object: Pod(name=test-pod-23, label_set=LabelSet(labels={'app': 'app-b', 'role': 'database'}), node=Node(name=worker-1)
[128876965082816] Handling pod test-pod-23, locking app:app-brole:backend, app:app-brole:database,  ...
Attaching security group SG-app:app-brole:database to instance worker-1
New pod: test-pod-11, on node: worker-1
[128876550264512] Pod test-pod-11 handled. Released locks for: app:app-arole:database, app:app-arole:backend, 
New pod test-pod-31! old_node = None, new_node = worker-1.
Handling the new pod object: Pod(name=test-pod-31, label_set=LabelSet(labels={'app': 'app-b', 'role': 'backend'}), node=Node(name=worker-1)
[128876550264512] Handling pod test-pod-31, locking app:app-brole:frontend, app:app-brole:backend, app:app-brole:database,  ...
New pod: test-pod-9, on node: worker-1
[128876063749824] Pod test-pod-9 handled. Released locks for: app:app-arole:backend, app:app-arole:frontend, 
New pod test-pod-29! old_node = None, new_node = worker-1.
Handling the new pod object: Pod(name=test-pod-29, label_set=LabelSet(labels={'app': 'app-a', 'role': 'database'}), node=Node(name=worker-1)
[128876063749824] Handling pod test-pod-29, locking app:app-arole:database, app:app-arole:backend,  ...
New pod: test-pod-20, on node: worker-1
[128876038571712] Pod test-pod-20 handled. Released locks for: app:app-arole:database, app:app-arole:backend, 
New pod test-pod-38! old_node = None, new_node = worker-1.
Handling the new pod object: Pod(name=test-pod-38, label_set=LabelSet(labels={'app': 'app-a', 'role': 'database'}), node=Node(name=worker-1)
[128876038571712] Handling pod test-pod-38, locking app:app-arole:database, app:app-arole:backend,  ...
New pod: test-pod-19, on node: worker-1
[128876013393600] Pod test-pod-19 handled. Released locks for: app:app-arole:database, app:app-arole:backend, app:app-arole:frontend, 
New pod test-pod-32! old_node = None, new_node = worker-1.
Handling the new pod object: Pod(name=test-pod-32, label_set=LabelSet(labels={'app': 'app-b', 'role': 'database'}), node=Node(name=worker-1)
2025-07-30 18:53:20,365 [INFO] kopf.objects - Handler 'handle_new_pod/spec.nodeName' succeeded.
2025-07-30 18:53:20,366 [INFO] kopf.objects - Creation is processed: 1 succeeded; 0 failed.
2025-07-30 18:53:20,369 [INFO] kopf.objects - Handler 'handle_new_pod/spec.nodeName' succeeded.
2025-07-30 18:53:20,370 [INFO] kopf.objects - Creation is processed: 1 succeeded; 0 failed.
2025-07-30 18:53:20,371 [INFO] kopf.objects - Handler 'handle_new_pod/spec.nodeName' succeeded.
2025-07-30 18:53:20,371 [INFO] kopf.objects - Creation is processed: 1 succeeded; 0 failed.
2025-07-30 18:53:20,372 [INFO] kopf.objects - Handler 'handle_new_pod/spec.nodeName' succeeded.
2025-07-30 18:53:20,373 [INFO] kopf.objects - Creation is processed: 1 succeeded; 0 failed.
2025-07-30 18:53:20,374 [INFO] kopf.objects - Handler 'handle_new_pod/spec.nodeName' succeeded.
2025-07-30 18:53:20,374 [INFO] kopf.objects - Creation is processed: 1 succeeded; 0 failed.
2025-07-30 18:53:20,376 [INFO] kopf.objects - Handler 'handle_new_pod/spec.nodeName' succeeded.
2025-07-30 18:53:20,377 [INFO] kopf.objects - Creation is processed: 1 succeeded; 0 failed.
2025-07-30 18:53:20,381 [INFO] kopf.objects - Handler 'handle_new_pod/spec.nodeName' succeeded.
2025-07-30 18:53:20,382 [INFO] kopf.objects - Creation is processed: 1 succeeded; 0 failed.
2025-07-30 18:53:20,382 [INFO] kopf.objects - Handler 'handle_new_pod/spec.nodeName' succeeded.
2025-07-30 18:53:20,383 [INFO] kopf.objects - Creation is processed: 1 succeeded; 0 failed.
2025-07-30 18:53:20,391 [INFO] kopf.objects - Handler 'handle_new_pod/spec.nodeName' succeeded.
2025-07-30 18:53:20,391 [INFO] kopf.objects - Creation is processed: 1 succeeded; 0 failed.
2025-07-30 18:53:20,725 [INFO] kopf.objects - Handler 'handle_new_pod/spec.nodeName' succeeded.
2025-07-30 18:53:20,726 [INFO] kopf.objects - Creation is processed: 1 succeeded; 0 failed.
2025-07-30 18:53:20,729 [INFO] kopf.objects - Handler 'handle_new_pod/spec.nodeName' succeeded.
2025-07-30 18:53:20,730 [INFO] kopf.objects - Creation is processed: 1 succeeded; 0 failed.
2025-07-30 18:53:20,732 [INFO] kopf.objects - Handler 'handle_new_pod/spec.nodeName' succeeded.
2025-07-30 18:53:20,732 [INFO] kopf.objects - Creation is processed: 1 succeeded; 0 failed.
[128876013393600] Handling pod test-pod-32, locking app:app-brole:backend, app:app-brole:database,  ...
New pod: test-pod-18, on node: worker-1
[128876956690112] Pod test-pod-18 handled. Released locks for: app:app-arole:backend, app:app-arole:frontend, 
New pod test-pod-35! old_node = None, new_node = worker-1.
Handling the new pod object: Pod(name=test-pod-35, label_set=LabelSet(labels={'app': 'app-c', 'role': 'database'}), node=Node(name=worker-1)
[128876956690112] Handling pod test-pod-35, locking app:app-crole:database, app:app-crole:backend,  ...
New pod: test-pod-28, on node: worker-1
[128876973475520] Pod test-pod-28 handled. Released locks for: app:app-arole:database, app:app-arole:backend, app:app-arole:frontend, 
New pod test-pod-33! old_node = None, new_node = worker-1.
Handling the new pod object: Pod(name=test-pod-33, label_set=LabelSet(labels={'app': 'app-c', 'role': 'frontend'}), node=Node(name=worker-1)
[128876973475520] Handling pod test-pod-33, locking app:app-crole:frontend, app:app-crole:backend,  ...
New pod: test-pod-27, on node: worker-1
[128876600620736] Pod test-pod-27 handled. Released locks for: app:app-arole:backend, app:app-arole:frontend, 
New pod test-pod-34! old_node = None, new_node = worker-1.
Handling the new pod object: Pod(name=test-pod-34, label_set=LabelSet(labels={'app': 'app-c', 'role': 'backend'}), node=Node(name=worker-1)
[128876600620736] Handling pod test-pod-34, locking app:app-crole:database, app:app-crole:frontend, app:app-crole:backend,  ...
New pod: test-pod-29, on node: worker-1
[128876063749824] Pod test-pod-29 handled. Released locks for: app:app-arole:database, app:app-arole:backend, 
New pod test-pod-39! old_node = None, new_node = worker-1.
Handling the new pod object: Pod(name=test-pod-39, label_set=LabelSet(labels={'app': 'app-b', 'role': 'frontend'}), node=Node(name=worker-1)
[128876063749824] Handling pod test-pod-39, locking app:app-brole:frontend, app:app-brole:backend,  ...
New pod: test-pod-38, on node: worker-1
[128876038571712] Pod test-pod-38 handled. Released locks for: app:app-arole:database, app:app-arole:backend, 
New pod test-pod-40! old_node = None, new_node = worker-1.
Handling the new pod object: Pod(name=test-pod-40, label_set=LabelSet(labels={'app': 'app-b', 'role': 'backend'}), node=Node(name=worker-1)
[128876038571712] Handling pod test-pod-40, locking app:app-brole:frontend, app:app-brole:backend, app:app-brole:database,  ...
[128876567049920] Pod test-pod-8 handled. Released locks for: app:app-crole:database, app:app-crole:backend, 
New pod test-pod-22! old_node = None, new_node = worker-1.
Handling the new pod object: Pod(name=test-pod-22, label_set=LabelSet(labels={'app': 'app-b', 'role': 'backend'}), node=Node(name=worker-1)
[128876567049920] Handling pod test-pod-22, locking app:app-brole:frontend, app:app-brole:backend, app:app-brole:database,  ...
New pod: test-pod-15, on node: worker-1
[128876055357120] Pod test-pod-15 handled. Released locks for: app:app-crole:frontend, app:app-crole:backend, 
New pod test-pod-37! old_node = None, new_node = worker-1.
Handling the new pod object: Pod(name=test-pod-37, label_set=LabelSet(labels={'app': 'app-a', 'role': 'backend'}), node=Node(name=worker-1)
[128876055357120] Handling pod test-pod-37, locking app:app-arole:database, app:app-arole:backend, app:app-arole:frontend,  ...
New pod: test-pod-37, on node: worker-1
[128876055357120] Pod test-pod-37 handled. Released locks for: app:app-arole:database, app:app-arole:backend, app:app-arole:frontend, 
New pod: test-pod-16, on node: worker-1
[128876046964416] Pod test-pod-16 handled. Released locks for: app:app-crole:database, app:app-crole:frontend, app:app-crole:backend, 
New pod test-pod-41! old_node = None, new_node = worker-1.
Handling the new pod object: Pod(name=test-pod-41, label_set=LabelSet(labels={'app': 'app-b', 'role': 'database'}), node=Node(name=worker-1)
[128876046964416] Handling pod test-pod-41, locking app:app-brole:backend, app:app-brole:database,  ...
New pod test-pod-42! old_node = None, new_node = worker-1.
Handling the new pod object: Pod(name=test-pod-42, label_set=LabelSet(labels={'app': 'app-c', 'role': 'frontend'}), node=Node(name=worker-1)
[128876055357120] Handling pod test-pod-42, locking app:app-crole:frontend, app:app-crole:backend,  ...
New pod: test-pod-17, on node: worker-1
[128875526878912] Pod test-pod-17 handled. Released locks for: app:app-crole:database, app:app-crole:backend, 
New pod test-pod-36! old_node = None, new_node = worker-1.
Handling the new pod object: Pod(name=test-pod-36, label_set=LabelSet(labels={'app': 'app-a', 'role': 'frontend'}), node=Node(name=worker-1)
[128875526878912] Handling pod test-pod-36, locking app:app-arole:backend, app:app-arole:frontend,  ...
New pod: test-pod-36, on node: worker-1
[128875526878912] Pod test-pod-36 handled. Released locks for: app:app-arole:backend, app:app-arole:frontend, 
New pod test-pod-43! old_node = None, new_node = worker-1.
Handling the new pod object: Pod(name=test-pod-43, label_set=LabelSet(labels={'app': 'app-c', 'role': 'backend'}), node=Node(name=worker-1)
[128875526878912] Handling pod test-pod-43, locking app:app-crole:database, app:app-crole:frontend, app:app-crole:backend,  ...
New pod: test-pod-25, on node: worker-1
[128876948297408] Pod test-pod-25 handled. Released locks for: app:app-crole:database, app:app-crole:frontend, app:app-crole:backend, 
New pod: test-pod-26, on node: worker-1
[128876583835328] Pod test-pod-26 handled. Released locks for: app:app-crole:database, app:app-crole:backend, 
New pod test-pod-30! old_node = None, new_node = worker-1.
Handling the new pod object: Pod(name=test-pod-30, label_set=LabelSet(labels={'app': 'app-b', 'role': 'frontend'}), node=Node(name=worker-1)
[128876583835328] Handling pod test-pod-30, locking app:app-brole:frontend, app:app-brole:backend,  ...
New pod: test-pod-24, on node: worker-1
[128876575442624] Pod test-pod-24 handled. Released locks for: app:app-crole:frontend, app:app-crole:backend, 
New pod test-pod-44! old_node = None, new_node = worker-1.
Handling the new pod object: Pod(name=test-pod-44, label_set=LabelSet(labels={'app': 'app-c', 'role': 'database'}), node=Node(name=worker-1)
[128876575442624] Handling pod test-pod-44, locking app:app-crole:database, app:app-crole:backend,  ...
New pod: test-pod-35, on node: worker-1
[128876956690112] Pod test-pod-35 handled. Released locks for: app:app-crole:database, app:app-crole:backend, 
New pod test-pod-45! old_node = None, new_node = worker-1.
Handling the new pod object: Pod(name=test-pod-45, label_set=LabelSet(labels={'app': 'app-a', 'role': 'frontend'}), node=Node(name=worker-1)
[128876956690112] Handling pod test-pod-45, locking app:app-arole:backend, app:app-arole:frontend,  ...
New pod: test-pod-45, on node: worker-1
[128876956690112] Pod test-pod-45 handled. Released locks for: app:app-arole:backend, app:app-arole:frontend, 
New pod test-pod-46! old_node = None, new_node = worker-1.
Handling the new pod object: Pod(name=test-pod-46, label_set=LabelSet(labels={'app': 'app-a', 'role': 'backend'}), node=Node(name=worker-1)
[128876956690112] Handling pod test-pod-46, locking app:app-arole:database, app:app-arole:backend, app:app-arole:frontend,  ...
New pod: test-pod-46, on node: worker-1
[128876956690112] Pod test-pod-46 handled. Released locks for: app:app-arole:database, app:app-arole:backend, app:app-arole:frontend, 
New pod test-pod-47! old_node = None, new_node = worker-1.
Handling the new pod object: Pod(name=test-pod-47, label_set=LabelSet(labels={'app': 'app-a', 'role': 'database'}), node=Node(name=worker-1)
[128876956690112] Handling pod test-pod-47, locking app:app-arole:database, app:app-arole:backend,  ...
New pod: test-pod-47, on node: worker-1
[128876956690112] Pod test-pod-47 handled. Released locks for: app:app-arole:database, app:app-arole:backend, 
New pod test-pod-48! old_node = None, new_node = worker-1.
Handling the new pod object: Pod(name=test-pod-48, label_set=LabelSet(labels={'app': 'app-b', 'role': 'frontend'}), node=Node(name=worker-1)
2025-07-30 18:53:20,743 [INFO] kopf.objects - Handler 'handle_new_pod/spec.nodeName' succeeded.
2025-07-30 18:53:20,744 [INFO] kopf.objects - Creation is processed: 1 succeeded; 0 failed.
2025-07-30 18:53:20,750 [INFO] kopf.objects - Handler 'handle_new_pod/spec.nodeName' succeeded.
2025-07-30 18:53:20,751 [INFO] kopf.objects - Creation is processed: 1 succeeded; 0 failed.
2025-07-30 18:53:20,753 [INFO] kopf.objects - Handler 'handle_new_pod/spec.nodeName' succeeded.
2025-07-30 18:53:20,753 [INFO] kopf.objects - Creation is processed: 1 succeeded; 0 failed.
[128876956690112] Handling pod test-pod-48, locking app:app-brole:frontend, app:app-brole:backend,  ...
New pod test-pod-49! old_node = None, new_node = worker-1.
Handling the new pod object: Pod(name=test-pod-49, label_set=LabelSet(labels={'app': 'app-b', 'role': 'backend'}), node=Node(name=worker-1)
[128876948297408] Handling pod test-pod-49, locking app:app-brole:frontend, app:app-brole:backend, app:app-brole:database,  ...
New pod: test-pod-33, on node: worker-1
[128876973475520] Pod test-pod-33 handled. Released locks for: app:app-crole:frontend, app:app-crole:backend, 
New pod test-pod-50! old_node = None, new_node = worker-1.
Handling the new pod object: Pod(name=test-pod-50, label_set=LabelSet(labels={'app': 'app-b', 'role': 'database'}), node=Node(name=worker-1)
[128876973475520] Handling pod test-pod-50, locking app:app-brole:backend, app:app-brole:database,  ...
New pod: test-pod-34, on node: worker-1
[128876600620736] Pod test-pod-34 handled. Released locks for: app:app-crole:database, app:app-crole:frontend, app:app-crole:backend, 
New pod test-pod-51! old_node = None, new_node = worker-1.
Handling the new pod object: Pod(name=test-pod-51, label_set=LabelSet(labels={'app': 'app-c', 'role': 'frontend'}), node=Node(name=worker-1)
[128876600620736] Handling pod test-pod-51, locking app:app-crole:frontend, app:app-crole:backend,  ...
New pod: test-pod-42, on node: worker-1
[128876055357120] Pod test-pod-42 handled. Released locks for: app:app-crole:frontend, app:app-crole:backend, 
New pod test-pod-52! old_node = None, new_node = worker-1.
Handling the new pod object: Pod(name=test-pod-52, label_set=LabelSet(labels={'app': 'app-c', 'role': 'backend'}), node=Node(name=worker-1)
[128876055357120] Handling pod test-pod-52, locking app:app-crole:database, app:app-crole:frontend, app:app-crole:backend,  ...
New pod: test-pod-52, on node: worker-1
[128876055357120] Pod test-pod-52 handled. Released locks for: app:app-crole:database, app:app-crole:frontend, app:app-crole:backend, 
New pod test-pod-53! old_node = None, new_node = worker-1.
Handling the new pod object: Pod(name=test-pod-53, label_set=LabelSet(labels={'app': 'app-c', 'role': 'database'}), node=Node(name=worker-1)
[128876055357120] Handling pod test-pod-53, locking app:app-crole:database, app:app-crole:backend,  ...
New pod: test-pod-44, on node: worker-1
[128876575442624] Pod test-pod-44 handled. Released locks for: app:app-crole:database, app:app-crole:backend, 
New pod test-pod-54! old_node = None, new_node = worker-1.
Handling the new pod object: Pod(name=test-pod-54, label_set=LabelSet(labels={'app': 'app-a', 'role': 'frontend'}), node=Node(name=worker-1)
[128876575442624] Handling pod test-pod-54, locking app:app-arole:backend, app:app-arole:frontend,  ...
New pod: test-pod-54, on node: worker-1
[128876575442624] Pod test-pod-54 handled. Released locks for: app:app-arole:backend, app:app-arole:frontend, 
New pod test-pod-55! old_node = None, new_node = worker-1.
Handling the new pod object: Pod(name=test-pod-55, label_set=LabelSet(labels={'app': 'app-a', 'role': 'backend'}), node=Node(name=worker-1)
[128876575442624] Handling pod test-pod-55, locking app:app-arole:database, app:app-arole:backend, app:app-arole:frontend,  ...
New pod: test-pod-55, on node: worker-1
[128876575442624] Pod test-pod-55 handled. Released locks for: app:app-arole:database, app:app-arole:backend, app:app-arole:frontend, 
New pod: test-pod-43, on node: worker-1
[128875526878912] Pod test-pod-43 handled. Released locks for: app:app-crole:database, app:app-crole:frontend, app:app-crole:backend, 
New pod test-pod-56! old_node = None, new_node = worker-1.
Handling the new pod object: Pod(name=test-pod-56, label_set=LabelSet(labels={'app': 'app-a', 'role': 'database'}), node=Node(name=worker-1)
[128875526878912] Handling pod test-pod-56, locking app:app-arole:database, app:app-arole:backend,  ...
New pod: test-pod-56, on node: worker-1
[128875526878912] Pod test-pod-56 handled. Released locks for: app:app-arole:database, app:app-arole:backend, 
New pod test-pod-57! old_node = None, new_node = worker-1.
Handling the new pod object: Pod(name=test-pod-57, label_set=LabelSet(labels={'app': 'app-b', 'role': 'frontend'}), node=Node(name=worker-1)
[128875526878912] Handling pod test-pod-57, locking app:app-brole:frontend, app:app-brole:backend,  ...
New pod: test-pod-53, on node: worker-1
[128876055357120] Pod test-pod-53 handled. Released locks for: app:app-crole:database, app:app-crole:backend, 
New pod test-pod-58! old_node = None, new_node = worker-1.
Handling the new pod object: Pod(name=test-pod-58, label_set=LabelSet(labels={'app': 'app-b', 'role': 'backend'}), node=Node(name=worker-1)
[128876055357120] Handling pod test-pod-58, locking app:app-brole:frontend, app:app-brole:backend, app:app-brole:database,  ...
New pod: test-pod-51, on node: worker-1
[128876600620736] Pod test-pod-51 handled. Released locks for: app:app-crole:frontend, app:app-crole:backend, 
New pod test-pod-59! old_node = None, new_node = worker-1.
Handling the new pod object: Pod(name=test-pod-59, label_set=LabelSet(labels={'app': 'app-b', 'role': 'database'}), node=Node(name=worker-1)
[128876600620736] Handling pod test-pod-59, locking app:app-brole:backend, app:app-brole:database,  ...
New pod test-pod-60! old_node = None, new_node = worker-1.
Handling the new pod object: Pod(name=test-pod-60, label_set=LabelSet(labels={'app': 'app-c', 'role': 'frontend'}), node=Node(name=worker-1)
[128876575442624] Handling pod test-pod-60, locking app:app-crole:frontend, app:app-crole:backend,  ...
New pod: test-pod-60, on node: worker-1
[128876575442624] Pod test-pod-60 handled. Released locks for: app:app-crole:frontend, app:app-crole:backend, 
New pod test-pod-61! old_node = None, new_node = worker-1.
Handling the new pod object: Pod(name=test-pod-61, label_set=LabelSet(labels={'app': 'app-c', 'role': 'backend'}), node=Node(name=worker-1)
[128876575442624] Handling pod test-pod-61, locking app:app-crole:database, app:app-crole:frontend, app:app-crole:backend,  ...
New pod: test-pod-61, on node: worker-1
[128876575442624] Pod test-pod-61 handled. Released locks for: app:app-crole:database, app:app-crole:frontend, app:app-crole:backend, 
New pod test-pod-63! old_node = None, new_node = worker-1.
Handling the new pod object: Pod(name=test-pod-63, label_set=LabelSet(labels={'app': 'app-a', 'role': 'frontend'}), node=Node(name=worker-1)
[128876575442624] Handling pod test-pod-63, locking app:app-arole:backend, app:app-arole:frontend,  ...
New pod: test-pod-63, on node: worker-1
[128876575442624] Pod test-pod-63 handled. Released locks for: app:app-arole:backend, app:app-arole:frontend, 
New pod test-pod-62! old_node = None, new_node = worker-1.
Handling the new pod object: Pod(name=test-pod-62, label_set=LabelSet(labels={'app': 'app-c', 'role': 'database'}), node=Node(name=worker-1)
[128876575442624] Handling pod test-pod-62, locking app:app-crole:database, app:app-crole:backend,  ...
New pod: test-pod-62, on node: worker-1
[128876575442624] Pod test-pod-62 handled. Released locks for: app:app-crole:database, app:app-crole:backend, 
New pod test-pod-64! old_node = None, new_node = worker-1.
Handling the new pod object: Pod(name=test-pod-64, label_set=LabelSet(labels={'app': 'app-a', 'role': 'backend'}), node=Node(name=worker-1)
[128876575442624] Handling pod test-pod-64, locking app:app-arole:database, app:app-arole:backend, app:app-arole:frontend,  ...
New pod: test-pod-64, on node: worker-1
[128876575442624] Pod test-pod-64 handled. Released locks for: app:app-arole:database, app:app-arole:backend, app:app-arole:frontend, 
New pod test-pod-65! old_node = None, new_node = worker-1.
Handling the new pod object: Pod(name=test-pod-65, label_set=LabelSet(labels={'app': 'app-a', 'role': 'database'}), node=Node(name=worker-1)
[128876575442624] Handling pod test-pod-65, locking app:app-arole:database, app:app-arole:backend,  ...
New pod: test-pod-65, on node: worker-1
[128876575442624] Pod test-pod-65 handled. Released locks for: app:app-arole:database, app:app-arole:backend, 
New pod test-pod-66! old_node = None, new_node = worker-1.
2025-07-30 18:53:20,766 [INFO] kopf.objects - Handler 'handle_new_pod/spec.nodeName' succeeded.
2025-07-30 18:53:20,767 [INFO] kopf.objects - Creation is processed: 1 succeeded; 0 failed.
2025-07-30 18:53:20,770 [INFO] kopf.objects - Handler 'handle_new_pod/spec.nodeName' succeeded.
2025-07-30 18:53:20,771 [INFO] kopf.objects - Creation is processed: 1 succeeded; 0 failed.
2025-07-30 18:53:20,772 [INFO] kopf.objects - Handler 'handle_new_pod/spec.nodeName' succeeded.
2025-07-30 18:53:20,772 [INFO] kopf.objects - Creation is processed: 1 succeeded; 0 failed.
2025-07-30 18:53:20,773 [INFO] kopf.objects - Handler 'handle_new_pod/spec.nodeName' succeeded.
2025-07-30 18:53:20,773 [INFO] kopf.objects - Creation is processed: 1 succeeded; 0 failed.
2025-07-30 18:53:20,775 [INFO] kopf.objects - Handler 'handle_new_pod/spec.nodeName' succeeded.
2025-07-30 18:53:20,775 [INFO] kopf.objects - Creation is processed: 1 succeeded; 0 failed.
2025-07-30 18:53:20,776 [INFO] kopf.objects - Handler 'handle_new_pod/spec.nodeName' succeeded.
2025-07-30 18:53:20,776 [INFO] kopf.objects - Creation is processed: 1 succeeded; 0 failed.
2025-07-30 18:53:20,778 [INFO] kopf.objects - Handler 'handle_new_pod/spec.nodeName' succeeded.
2025-07-30 18:53:20,779 [INFO] kopf.objects - Creation is processed: 1 succeeded; 0 failed.
2025-07-30 18:53:20,780 [INFO] kopf.objects - Handler 'handle_new_pod/spec.nodeName' succeeded.
2025-07-30 18:53:20,780 [INFO] kopf.objects - Creation is processed: 1 succeeded; 0 failed.
2025-07-30 18:53:20,783 [INFO] kopf.objects - Handler 'handle_new_pod/spec.nodeName' succeeded.
2025-07-30 18:53:20,783 [INFO] kopf.objects - Creation is processed: 1 succeeded; 0 failed.
2025-07-30 18:53:20,783 [INFO] kopf.objects - Handler 'handle_new_pod/spec.nodeName' succeeded.
2025-07-30 18:53:20,784 [INFO] kopf.objects - Creation is processed: 1 succeeded; 0 failed.
2025-07-30 18:53:20,787 [INFO] kopf.objects - Handler 'handle_new_pod/spec.nodeName' succeeded.
2025-07-30 18:53:20,787 [INFO] kopf.objects - Creation is processed: 1 succeeded; 0 failed.
2025-07-30 18:53:20,788 [INFO] kopf.objects - Handler 'handle_new_pod/spec.nodeName' succeeded.
2025-07-30 18:53:20,789 [INFO] kopf.objects - Creation is processed: 1 succeeded; 0 failed.
2025-07-30 18:53:20,790 [INFO] kopf.objects - Handler 'handle_new_pod/spec.nodeName' succeeded.
2025-07-30 18:53:20,790 [INFO] kopf.objects - Creation is processed: 1 succeeded; 0 failed.
2025-07-30 18:53:20,791 [INFO] kopf.objects - Handler 'handle_new_pod/spec.nodeName' succeeded.
2025-07-30 18:53:20,791 [INFO] kopf.objects - Creation is processed: 1 succeeded; 0 failed.
2025-07-30 18:53:20,793 [INFO] kopf.objects - Handler 'handle_new_pod/spec.nodeName' succeeded.
2025-07-30 18:53:20,793 [INFO] kopf.objects - Creation is processed: 1 succeeded; 0 failed.
2025-07-30 18:53:20,794 [INFO] kopf.objects - Handler 'handle_new_pod/spec.nodeName' succeeded.
2025-07-30 18:53:20,795 [INFO] kopf.objects - Creation is processed: 1 succeeded; 0 failed.
2025-07-30 18:53:20,796 [INFO] kopf.objects - Handler 'handle_new_pod/spec.nodeName' succeeded.
2025-07-30 18:53:20,797 [INFO] kopf.objects - Creation is processed: 1 succeeded; 0 failed.
2025-07-30 18:53:20,797 [INFO] kopf.objects - Handler 'handle_new_pod/spec.nodeName' succeeded.
2025-07-30 18:53:20,798 [INFO] kopf.objects - Creation is processed: 1 succeeded; 0 failed.
2025-07-30 18:53:20,799 [INFO] kopf.objects - Handler 'handle_new_pod/spec.nodeName' succeeded.
2025-07-30 18:53:20,799 [INFO] kopf.objects - Creation is processed: 1 succeeded; 0 failed.
2025-07-30 18:53:20,800 [INFO] kopf.objects - Handler 'handle_new_pod/spec.nodeName' succeeded.
2025-07-30 18:53:20,800 [INFO] kopf.objects - Creation is processed: 1 succeeded; 0 failed.
2025-07-30 18:53:20,801 [INFO] kopf.objects - Handler 'handle_new_pod/spec.nodeName' succeeded.
2025-07-30 18:53:20,802 [INFO] kopf.objects - Creation is processed: 1 succeeded; 0 failed.
2025-07-30 18:53:20,802 [INFO] kopf.objects - Handler 'handle_new_pod/spec.nodeName' succeeded.
2025-07-30 18:53:20,803 [INFO] kopf.objects - Creation is processed: 1 succeeded; 0 failed.
2025-07-30 18:53:20,803 [INFO] kopf.objects - Handler 'handle_new_pod/spec.nodeName' succeeded.
2025-07-30 18:53:20,804 [INFO] kopf.objects - Creation is processed: 1 succeeded; 0 failed.
2025-07-30 18:53:20,804 [INFO] kopf.objects - Handler 'handle_new_pod/spec.nodeName' succeeded.
2025-07-30 18:53:20,805 [INFO] kopf.objects - Creation is processed: 1 succeeded; 0 failed.
2025-07-30 18:53:20,962 [INFO] kopf.objects - Handler 'handle_new_pod/spec.nodeName' succeeded.
2025-07-30 18:53:20,962 [INFO] kopf.objects - Creation is processed: 1 succeeded; 0 failed.
Handling the new pod object: Pod(name=test-pod-66, label_set=LabelSet(labels={'app': 'app-b', 'role': 'frontend'}), node=Node(name=worker-1)
[128876575442624] Handling pod test-pod-66, locking app:app-brole:frontend, app:app-brole:backend,  ...
[128876592228032] Pod test-pod-5 handled. Released locks for: app:app-brole:backend, app:app-brole:database, 
New pod test-pod-67! old_node = None, new_node = worker-1.
Handling the new pod object: Pod(name=test-pod-67, label_set=LabelSet(labels={'app': 'app-b', 'role': 'backend'}), node=Node(name=worker-1)
[128876592228032] Handling pod test-pod-67, locking app:app-brole:frontend, app:app-brole:backend, app:app-brole:database,  ...
New pod: test-pod-12, on node: worker-1
[128876558657216] Pod test-pod-12 handled. Released locks for: app:app-brole:frontend, app:app-brole:backend, 
New pod: test-pod-14, on node: worker-1
[128876030179008] Pod test-pod-14 handled. Released locks for: app:app-brole:backend, app:app-brole:database, 
New pod test-pod-68! old_node = None, new_node = worker-1.
Handling the new pod object: Pod(name=test-pod-68, label_set=LabelSet(labels={'app': 'app-b', 'role': 'database'}), node=Node(name=worker-1)
[128876030179008] Handling pod test-pod-68, locking app:app-brole:backend, app:app-brole:database,  ...
New pod: test-pod-13, on node: worker-1
[128876021786304] Pod test-pod-13 handled. Released locks for: app:app-brole:frontend, app:app-brole:backend, app:app-brole:database, 
New pod test-pod-69! old_node = None, new_node = worker-1.
Handling the new pod object: Pod(name=test-pod-69, label_set=LabelSet(labels={'app': 'app-c', 'role': 'frontend'}), node=Node(name=worker-1)
[128876021786304] Handling pod test-pod-69, locking app:app-crole:frontend, app:app-crole:backend,  ...
New pod: test-pod-69, on node: worker-1
[128876021786304] Pod test-pod-69 handled. Released locks for: app:app-crole:frontend, app:app-crole:backend, 
New pod test-pod-70! old_node = None, new_node = worker-1.
Handling the new pod object: Pod(name=test-pod-70, label_set=LabelSet(labels={'app': 'app-c', 'role': 'backend'}), node=Node(name=worker-1)
[128876021786304] Handling pod test-pod-70, locking app:app-crole:database, app:app-crole:frontend, app:app-crole:backend,  ...
New pod: test-pod-70, on node: worker-1
[128876021786304] Pod test-pod-70 handled. Released locks for: app:app-crole:database, app:app-crole:frontend, app:app-crole:backend, 
New pod test-pod-71! old_node = None, new_node = worker-1.
Handling the new pod object: Pod(name=test-pod-71, label_set=LabelSet(labels={'app': 'app-c', 'role': 'database'}), node=Node(name=worker-1)
[128876021786304] Handling pod test-pod-71, locking app:app-crole:database, app:app-crole:backend,  ...
New pod: test-pod-71, on node: worker-1
[128876021786304] Pod test-pod-71 handled. Released locks for: app:app-crole:database, app:app-crole:backend, 
New pod test-pod-72! old_node = None, new_node = worker-1.
Handling the new pod object: Pod(name=test-pod-72, label_set=LabelSet(labels={'app': 'app-a', 'role': 'frontend'}), node=Node(name=worker-1)
[128876021786304] Handling pod test-pod-72, locking app:app-arole:backend, app:app-arole:frontend,  ...
New pod: test-pod-72, on node: worker-1
[128876021786304] Pod test-pod-72 handled. Released locks for: app:app-arole:backend, app:app-arole:frontend, 
New pod test-pod-73! old_node = None, new_node = worker-1.
Handling the new pod object: Pod(name=test-pod-73, label_set=LabelSet(labels={'app': 'app-a', 'role': 'backend'}), node=Node(name=worker-1)
[128876558657216] Handling pod test-pod-73, locking app:app-arole:database, app:app-arole:backend, app:app-arole:frontend,  ...
New pod: test-pod-73, on node: worker-1
[128876558657216] Pod test-pod-73 handled. Released locks for: app:app-arole:database, app:app-arole:backend, app:app-arole:frontend, 
New pod test-pod-74! old_node = None, new_node = worker-1.
Handling the new pod object: Pod(name=test-pod-74, label_set=LabelSet(labels={'app': 'app-a', 'role': 'database'}), node=Node(name=worker-1)
[128876558657216] Handling pod test-pod-74, locking app:app-arole:database, app:app-arole:backend,  ...
New pod: test-pod-74, on node: worker-1
[128876558657216] Pod test-pod-74 handled. Released locks for: app:app-arole:database, app:app-arole:backend, 
New pod test-pod-75! old_node = None, new_node = worker-1.
Handling the new pod object: Pod(name=test-pod-75, label_set=LabelSet(labels={'app': 'app-b', 'role': 'frontend'}), node=Node(name=worker-1)
[128876558657216] Handling pod test-pod-75, locking app:app-brole:frontend, app:app-brole:backend,  ...
New pod test-pod-76! old_node = None, new_node = worker-1.
Handling the new pod object: Pod(name=test-pod-76, label_set=LabelSet(labels={'app': 'app-b', 'role': 'backend'}), node=Node(name=worker-1)
[128876021786304] Handling pod test-pod-76, locking app:app-brole:frontend, app:app-brole:backend, app:app-brole:database,  ...
New pod: test-pod-21, on node: worker-1
[128876988159680] Pod test-pod-21 handled. Released locks for: app:app-brole:frontend, app:app-brole:backend, 
New pod test-pod-77! old_node = None, new_node = worker-1.
Handling the new pod object: Pod(name=test-pod-77, label_set=LabelSet(labels={'app': 'app-b', 'role': 'database'}), node=Node(name=worker-1)
[128876988159680] Handling pod test-pod-77, locking app:app-brole:backend, app:app-brole:database,  ...
New pod: test-pod-77, on node: worker-1
[128876988159680] Pod test-pod-77 handled. Released locks for: app:app-brole:backend, app:app-brole:database, 
New pod test-pod-78! old_node = None, new_node = worker-1.
Handling the new pod object: Pod(name=test-pod-78, label_set=LabelSet(labels={'app': 'app-c', 'role': 'frontend'}), node=Node(name=worker-1)
[128876988159680] Handling pod test-pod-78, locking app:app-crole:frontend, app:app-crole:backend,  ...
New pod: test-pod-78, on node: worker-1
[128876988159680] Pod test-pod-78 handled. Released locks for: app:app-crole:frontend, app:app-crole:backend, 
New pod test-pod-79! old_node = None, new_node = worker-1.
Handling the new pod object: Pod(name=test-pod-79, label_set=LabelSet(labels={'app': 'app-c', 'role': 'backend'}), node=Node(name=worker-1)
[128876988159680] Handling pod test-pod-79, locking app:app-crole:database, app:app-crole:frontend, app:app-crole:backend,  ...
New pod: test-pod-79, on node: worker-1
[128876988159680] Pod test-pod-79 handled. Released locks for: app:app-crole:database, app:app-crole:frontend, app:app-crole:backend, 
New pod test-pod-80! old_node = None, new_node = worker-1.
Handling the new pod object: Pod(name=test-pod-80, label_set=LabelSet(labels={'app': 'app-c', 'role': 'database'}), node=Node(name=worker-1)
[128876988159680] Handling pod test-pod-80, locking app:app-crole:database, app:app-crole:backend,  ...
New pod: test-pod-80, on node: worker-1
[128876988159680] Pod test-pod-80 handled. Released locks for: app:app-crole:database, app:app-crole:backend, 
New pod test-pod-81! old_node = None, new_node = worker-1.
Handling the new pod object: Pod(name=test-pod-81, label_set=LabelSet(labels={'app': 'app-a', 'role': 'frontend'}), node=Node(name=worker-1)
[128876988159680] Handling pod test-pod-81, locking app:app-arole:backend, app:app-arole:frontend,  ...
New pod: test-pod-81, on node: worker-1
[128876988159680] Pod test-pod-81 handled. Released locks for: app:app-arole:backend, app:app-arole:frontend, 
New pod test-pod-82! old_node = None, new_node = worker-1.
Handling the new pod object: Pod(name=test-pod-82, label_set=LabelSet(labels={'app': 'app-a', 'role': 'backend'}), node=Node(name=worker-1)
[128876988159680] Handling pod test-pod-82, locking app:app-arole:database, app:app-arole:backend, app:app-arole:frontend,  ...
New pod: test-pod-82, on node: worker-1
[128876988159680] Pod test-pod-82 handled. Released locks for: app:app-arole:database, app:app-arole:backend, app:app-arole:frontend, 
New pod test-pod-87! old_node = None, new_node = worker-1.
Handling the new pod object: Pod(name=test-pod-87, label_set=LabelSet(labels={'app': 'app-c', 'role': 'frontend'}), node=Node(name=worker-1)
2025-07-30 18:53:20,967 [INFO] kopf.objects - Handler 'handle_new_pod/spec.nodeName' succeeded.
2025-07-30 18:53:20,967 [INFO] kopf.objects - Creation is processed: 1 succeeded; 0 failed.
2025-07-30 18:53:20,972 [INFO] kopf.objects - Handler 'handle_new_pod/spec.nodeName' succeeded.
2025-07-30 18:53:20,972 [INFO] kopf.objects - Creation is processed: 1 succeeded; 0 failed.
2025-07-30 18:53:20,973 [INFO] kopf.objects - Handler 'handle_new_pod/spec.nodeName' succeeded.
2025-07-30 18:53:20,973 [INFO] kopf.objects - Creation is processed: 1 succeeded; 0 failed.
2025-07-30 18:53:20,974 [INFO] kopf.objects - Handler 'handle_new_pod/spec.nodeName' succeeded.
2025-07-30 18:53:20,975 [INFO] kopf.objects - Creation is processed: 1 succeeded; 0 failed.
2025-07-30 18:53:20,976 [INFO] kopf.objects - Handler 'handle_new_pod/spec.nodeName' succeeded.
2025-07-30 18:53:20,976 [INFO] kopf.objects - Creation is processed: 1 succeeded; 0 failed.
2025-07-30 18:53:20,977 [INFO] kopf.objects - Handler 'handle_new_pod/spec.nodeName' succeeded.
2025-07-30 18:53:20,977 [INFO] kopf.objects - Creation is processed: 1 succeeded; 0 failed.
2025-07-30 18:53:20,978 [INFO] kopf.objects - Handler 'handle_new_pod/spec.nodeName' succeeded.
2025-07-30 18:53:20,979 [INFO] kopf.objects - Creation is processed: 1 succeeded; 0 failed.
2025-07-30 18:53:20,979 [INFO] kopf.objects - Handler 'handle_new_pod/spec.nodeName' succeeded.
2025-07-30 18:53:20,979 [INFO] kopf.objects - Creation is processed: 1 succeeded; 0 failed.
2025-07-30 18:53:20,987 [INFO] kopf.objects - Handler 'handle_new_pod/spec.nodeName' succeeded.
2025-07-30 18:53:20,988 [INFO] kopf.objects - Creation is processed: 1 succeeded; 0 failed.
2025-07-30 18:53:20,991 [INFO] kopf.objects - Handler 'handle_new_pod/spec.nodeName' succeeded.
2025-07-30 18:53:20,991 [INFO] kopf.objects - Creation is processed: 1 succeeded; 0 failed.
2025-07-30 18:53:20,992 [INFO] kopf.objects - Handler 'handle_new_pod/spec.nodeName' succeeded.
2025-07-30 18:53:20,992 [INFO] kopf.objects - Creation is processed: 1 succeeded; 0 failed.
2025-07-30 18:53:20,992 [INFO] kopf.objects - Handler 'handle_new_pod/spec.nodeName' succeeded.
2025-07-30 18:53:20,993 [INFO] kopf.objects - Creation is processed: 1 succeeded; 0 failed.
2025-07-30 18:53:20,993 [INFO] kopf.objects - Handler 'handle_new_pod/spec.nodeName' succeeded.
2025-07-30 18:53:20,994 [INFO] kopf.objects - Creation is processed: 1 succeeded; 0 failed.
2025-07-30 18:53:20,994 [INFO] kopf.objects - Handler 'handle_new_pod/spec.nodeName' succeeded.
2025-07-30 18:53:20,995 [INFO] kopf.objects - Creation is processed: 1 succeeded; 0 failed.
2025-07-30 18:53:20,995 [INFO] kopf.objects - Handler 'handle_new_pod/spec.nodeName' succeeded.
2025-07-30 18:53:20,995 [INFO] kopf.objects - Creation is processed: 1 succeeded; 0 failed.
2025-07-30 18:53:20,996 [INFO] kopf.objects - Handler 'handle_new_pod/spec.nodeName' succeeded.
2025-07-30 18:53:20,996 [INFO] kopf.objects - Creation is processed: 1 succeeded; 0 failed.
2025-07-30 18:53:20,997 [INFO] kopf.objects - Handler 'handle_new_pod/spec.nodeName' succeeded.
2025-07-30 18:53:20,997 [INFO] kopf.objects - Creation is processed: 1 succeeded; 0 failed.
2025-07-30 18:53:20,999 [INFO] kopf.objects - Handler 'handle_new_pod/spec.nodeName' succeeded.
2025-07-30 18:53:21,000 [INFO] kopf.objects - Creation is processed: 1 succeeded; 0 failed.
2025-07-30 18:53:21,000 [INFO] kopf.objects - Handler 'handle_new_pod/spec.nodeName' succeeded.
2025-07-30 18:53:21,001 [INFO] kopf.objects - Creation is processed: 1 succeeded; 0 failed.
2025-07-30 18:53:21,002 [INFO] kopf.objects - Handler 'handle_new_pod/spec.nodeName' succeeded.
2025-07-30 18:53:21,002 [INFO] kopf.objects - Creation is processed: 1 succeeded; 0 failed.
2025-07-30 18:53:21,003 [INFO] kopf.objects - Handler 'handle_new_pod/spec.nodeName' succeeded.
2025-07-30 18:53:21,003 [INFO] kopf.objects - Creation is processed: 1 succeeded; 0 failed.
2025-07-30 18:53:21,009 [INFO] kopf.objects - Handler 'handle_new_pod/spec.nodeName' succeeded.
2025-07-30 18:53:21,013 [INFO] kopf.objects - Creation is processed: 1 succeeded; 0 failed.
2025-07-30 18:53:21,017 [INFO] kopf.objects - Handler 'handle_new_pod/spec.nodeName' succeeded.
[128876988159680] Handling pod test-pod-87, locking app:app-crole:frontend, app:app-crole:backend,  ...
New pod: test-pod-87, on node: worker-1
[128876988159680] Pod test-pod-87 handled. Released locks for: app:app-crole:frontend, app:app-crole:backend, 
New pod test-pod-86! old_node = None, new_node = worker-1.
Handling the new pod object: Pod(name=test-pod-86, label_set=LabelSet(labels={'app': 'app-b', 'role': 'database'}), node=Node(name=worker-1)
[128876988159680] Handling pod test-pod-86, locking app:app-brole:backend, app:app-brole:database,  ...
New pod: test-pod-23, on node: worker-1
[128876965082816] Pod test-pod-23 handled. Released locks for: app:app-brole:backend, app:app-brole:database, 
New pod test-pod-84! old_node = None, new_node = worker-1.
Handling the new pod object: Pod(name=test-pod-84, label_set=LabelSet(labels={'app': 'app-b', 'role': 'frontend'}), node=Node(name=worker-1)
[128876965082816] Handling pod test-pod-84, locking app:app-brole:frontend, app:app-brole:backend,  ...
New pod: test-pod-32, on node: worker-1
[128876013393600] Pod test-pod-32 handled. Released locks for: app:app-brole:backend, app:app-brole:database, 
New pod test-pod-90! old_node = None, new_node = worker-1.
Handling the new pod object: Pod(name=test-pod-90, label_set=LabelSet(labels={'app': 'app-a', 'role': 'frontend'}), node=Node(name=worker-1)
[128876013393600] Handling pod test-pod-90, locking app:app-arole:backend, app:app-arole:frontend,  ...
New pod: test-pod-90, on node: worker-1
[128876013393600] Pod test-pod-90 handled. Released locks for: app:app-arole:backend, app:app-arole:frontend, 
New pod test-pod-83! old_node = None, new_node = worker-1.
Handling the new pod object: Pod(name=test-pod-83, label_set=LabelSet(labels={'app': 'app-a', 'role': 'database'}), node=Node(name=worker-1)
[128876013393600] Handling pod test-pod-83, locking app:app-arole:database, app:app-arole:backend,  ...
New pod: test-pod-83, on node: worker-1
[128876013393600] Pod test-pod-83 handled. Released locks for: app:app-arole:database, app:app-arole:backend, 
New pod test-pod-85! old_node = None, new_node = worker-1.
Handling the new pod object: Pod(name=test-pod-85, label_set=LabelSet(labels={'app': 'app-b', 'role': 'backend'}), node=Node(name=worker-1)
[128876013393600] Handling pod test-pod-85, locking app:app-brole:frontend, app:app-brole:backend, app:app-brole:database,  ...
New pod: test-pod-85, on node: worker-1
[128876013393600] Pod test-pod-85 handled. Released locks for: app:app-brole:frontend, app:app-brole:backend, app:app-brole:database, 
New pod test-pod-91! old_node = None, new_node = worker-1.
Handling the new pod object: Pod(name=test-pod-91, label_set=LabelSet(labels={'app': 'app-a', 'role': 'backend'}), node=Node(name=worker-1)
[128876013393600] Handling pod test-pod-91, locking app:app-arole:database, app:app-arole:backend, app:app-arole:frontend,  ...
New pod: test-pod-91, on node: worker-1
[128876013393600] Pod test-pod-91 handled. Released locks for: app:app-arole:database, app:app-arole:backend, app:app-arole:frontend, 
New pod test-pod-88! old_node = None, new_node = worker-1.
Handling the new pod object: Pod(name=test-pod-88, label_set=LabelSet(labels={'app': 'app-c', 'role': 'backend'}), node=Node(name=worker-1)
[128876013393600] Handling pod test-pod-88, locking app:app-crole:database, app:app-crole:frontend, app:app-crole:backend,  ...
New pod: test-pod-88, on node: worker-1
[128876013393600] Pod test-pod-88 handled. Released locks for: app:app-crole:database, app:app-crole:frontend, app:app-crole:backend, 
New pod test-pod-89! old_node = None, new_node = worker-1.
Handling the new pod object: Pod(name=test-pod-89, label_set=LabelSet(labels={'app': 'app-c', 'role': 'database'}), node=Node(name=worker-1)
[128876013393600] Handling pod test-pod-89, locking app:app-crole:database, app:app-crole:backend,  ...
New pod: test-pod-89, on node: worker-1
[128876013393600] Pod test-pod-89 handled. Released locks for: app:app-crole:database, app:app-crole:backend, 
New pod test-pod-92! old_node = None, new_node = worker-1.
2025-07-30 18:53:21,019 [INFO] kopf.objects - Creation is processed: 1 succeeded; 0 failed.
Handling the new pod object: Pod(name=test-pod-92, label_set=LabelSet(labels={'app': 'app-a', 'role': 'database'}), node=Node(name=worker-1)
[128876013393600] Handling pod test-pod-92, locking app:app-arole:database, app:app-arole:backend,  ...
New pod: test-pod-92, on node: worker-1
[128876013393600] Pod test-pod-92 handled. Released locks for: app:app-arole:database, app:app-arole:backend, 
New pod test-pod-93! old_node = None, new_node = worker-1.
Handling the new pod object: Pod(name=test-pod-93, label_set=LabelSet(labels={'app': 'app-b', 'role': 'frontend'}), node=Node(name=worker-1)
[128876013393600] Handling pod test-pod-93, locking app:app-brole:frontend, app:app-brole:backend,  ...
New pod: test-pod-93, on node: worker-1
[128876013393600] Pod test-pod-93 handled. Released locks for: app:app-brole:frontend, app:app-brole:backend, 
New pod test-pod-94! old_node = None, new_node = worker-1.
Handling the new pod object: Pod(name=test-pod-94, label_set=LabelSet(labels={'app': 'app-b', 'role': 'backend'}), node=Node(name=worker-1)
[128876013393600] Handling pod test-pod-94, locking app:app-brole:frontend, app:app-brole:backend, app:app-brole:database,  ...
New pod: test-pod-94, on node: worker-1
[128876013393600] Pod test-pod-94 handled. Released locks for: app:app-brole:frontend, app:app-brole:backend, app:app-brole:database, 
New pod test-pod-95! old_node = None, new_node = worker-1.
Handling the new pod object: Pod(name=test-pod-95, label_set=LabelSet(labels={'app': 'app-b', 'role': 'database'}), node=Node(name=worker-1)
[128876013393600] Handling pod test-pod-95, locking app:app-brole:backend, app:app-brole:database,  ...
New pod: test-pod-95, on node: worker-1
[128876013393600] Pod test-pod-95 handled. Released locks for: app:app-brole:backend, app:app-brole:database, 
New pod test-pod-96! old_node = None, new_node = worker-1.
Handling the new pod object: Pod(name=test-pod-96, label_set=LabelSet(labels={'app': 'app-c', 'role': 'frontend'}), node=Node(name=worker-1)
[128876013393600] Handling pod test-pod-96, locking app:app-crole:frontend, app:app-crole:backend,  ...
New pod: test-pod-96, on node: worker-1
[128876013393600] Pod test-pod-96 handled. Released locks for: app:app-crole:frontend, app:app-crole:backend, 
New pod test-pod-97! old_node = None, new_node = worker-1.
Handling the new pod object: Pod(name=test-pod-97, label_set=LabelSet(labels={'app': 'app-c', 'role': 'backend'}), node=Node(name=worker-1)
[128876013393600] Handling pod test-pod-97, locking app:app-crole:database, app:app-crole:frontend, app:app-crole:backend,  ...
New pod: test-pod-97, on node: worker-1
[128876013393600] Pod test-pod-97 handled. Released locks for: app:app-crole:database, app:app-crole:frontend, app:app-crole:backend, 
New pod: test-pod-30, on node: worker-1
[128876583835328] Pod test-pod-30 handled. Released locks for: app:app-brole:frontend, app:app-brole:backend, 
New pod test-pod-98! old_node = None, new_node = worker-1.
Handling the new pod object: Pod(name=test-pod-98, label_set=LabelSet(labels={'app': 'app-c', 'role': 'database'}), node=Node(name=worker-1)
[128876583835328] Handling pod test-pod-98, locking app:app-crole:database, app:app-crole:backend,  ...
New pod: test-pod-98, on node: worker-1
[128876583835328] Pod test-pod-98 handled. Released locks for: app:app-crole:database, app:app-crole:backend, 
New pod: test-pod-48, on node: worker-1
[128876956690112] Pod test-pod-48 handled. Released locks for: app:app-brole:frontend, app:app-brole:backend, 
New pod: test-pod-49, on node: worker-1
[128876948297408] Pod test-pod-49 handled. Released locks for: app:app-brole:frontend, app:app-brole:backend, app:app-brole:database, 
New pod: test-pod-50, on node: worker-1
[128876973475520] Pod test-pod-50 handled. Released locks for: app:app-brole:backend, app:app-brole:database, 
New pod: test-pod-57, on node: worker-1
[128875526878912] Pod test-pod-57 handled. Released locks for: app:app-brole:frontend, app:app-brole:backend, 
New pod: test-pod-58, on node: worker-1
2025-07-30 18:53:21,023 [INFO] kopf.objects - Handler 'handle_new_pod/spec.nodeName' succeeded.
2025-07-30 18:53:21,024 [INFO] kopf.objects - Creation is processed: 1 succeeded; 0 failed.
2025-07-30 18:53:21,026 [INFO] kopf.objects - Handler 'handle_new_pod/spec.nodeName' succeeded.
2025-07-30 18:53:21,026 [INFO] kopf.objects - Creation is processed: 1 succeeded; 0 failed.
2025-07-30 18:53:21,028 [INFO] kopf.objects - Handler 'handle_new_pod/spec.nodeName' succeeded.
2025-07-30 18:53:21,029 [INFO] kopf.objects - Creation is processed: 1 succeeded; 0 failed.
2025-07-30 18:53:21,030 [INFO] kopf.objects - Handler 'handle_new_pod/spec.nodeName' succeeded.
2025-07-30 18:53:21,030 [INFO] kopf.objects - Creation is processed: 1 succeeded; 0 failed.
2025-07-30 18:53:21,031 [INFO] kopf.objects - Handler 'handle_new_pod/spec.nodeName' succeeded.
2025-07-30 18:53:21,033 [INFO] kopf.objects - Creation is processed: 1 succeeded; 0 failed.
2025-07-30 18:53:21,033 [INFO] kopf.objects - Handler 'handle_new_pod/spec.nodeName' succeeded.
2025-07-30 18:53:21,034 [INFO] kopf.objects - Creation is processed: 1 succeeded; 0 failed.
2025-07-30 18:53:21,035 [INFO] kopf.objects - Handler 'handle_new_pod/spec.nodeName' succeeded.
2025-07-30 18:53:21,036 [INFO] kopf.objects - Creation is processed: 1 succeeded; 0 failed.
2025-07-30 18:53:21,037 [INFO] kopf.objects - Handler 'handle_new_pod/spec.nodeName' succeeded.
2025-07-30 18:53:21,038 [INFO] kopf.objects - Creation is processed: 1 succeeded; 0 failed.
2025-07-30 18:53:21,044 [INFO] kopf.objects - Handler 'handle_new_pod/spec.nodeName' succeeded.
2025-07-30 18:53:21,044 [INFO] kopf.objects - Creation is processed: 1 succeeded; 0 failed.
2025-07-30 18:53:21,045 [INFO] kopf.objects - Handler 'handle_new_pod/spec.nodeName' succeeded.
2025-07-30 18:53:21,046 [INFO] kopf.objects - Creation is processed: 1 succeeded; 0 failed.
2025-07-30 18:53:21,046 [INFO] kopf.objects - Handler 'handle_new_pod/spec.nodeName' succeeded.
2025-07-30 18:53:21,047 [INFO] kopf.objects - Creation is processed: 1 succeeded; 0 failed.
2025-07-30 18:53:21,048 [INFO] kopf.objects - Handler 'handle_new_pod/spec.nodeName' succeeded.
2025-07-30 18:53:21,049 [INFO] kopf.objects - Creation is processed: 1 succeeded; 0 failed.
2025-07-30 18:53:21,050 [INFO] kopf.objects - Handler 'handle_new_pod/spec.nodeName' succeeded.
2025-07-30 18:53:21,050 [INFO] kopf.objects - Creation is processed: 1 succeeded; 0 failed.
2025-07-30 18:53:21,084 [INFO] kopf.objects - Handler 'handle_new_pod/spec.nodeName' succeeded.
2025-07-30 18:53:21,085 [INFO] kopf.objects - Creation is processed: 1 succeeded; 0 failed.
2025-07-30 18:53:21,087 [INFO] kopf.objects - Handler 'handle_new_pod/spec.nodeName' succeeded.
2025-07-30 18:53:21,087 [INFO] kopf.objects - Creation is processed: 1 succeeded; 0 failed.
2025-07-30 18:53:21,090 [INFO] kopf.objects - Handler 'handle_new_pod/spec.nodeName' succeeded.
2025-07-30 18:53:21,091 [INFO] kopf.objects - Creation is processed: 1 succeeded; 0 failed.
2025-07-30 18:53:21,092 [INFO] kopf.objects - Handler 'handle_new_pod/spec.nodeName' succeeded.
2025-07-30 18:53:21,093 [INFO] kopf.objects - Creation is processed: 1 succeeded; 0 failed.
2025-07-30 18:53:21,094 [INFO] kopf.objects - Handler 'handle_new_pod/spec.nodeName' succeeded.
2025-07-30 18:53:21,094 [INFO] kopf.objects - Creation is processed: 1 succeeded; 0 failed.
2025-07-30 18:53:21,095 [INFO] kopf.objects - Handler 'handle_new_pod/spec.nodeName' succeeded.
2025-07-30 18:53:21,095 [INFO] kopf.objects - Creation is processed: 1 succeeded; 0 failed.
2025-07-30 18:53:21,096 [INFO] kopf.objects - Handler 'handle_new_pod/spec.nodeName' succeeded.
2025-07-30 18:53:21,097 [INFO] kopf.objects - Creation is processed: 1 succeeded; 0 failed.
2025-07-30 18:53:21,098 [INFO] kopf.objects - Handler 'handle_new_pod/spec.nodeName' succeeded.
2025-07-30 18:53:21,098 [INFO] kopf.objects - Creation is processed: 1 succeeded; 0 failed.
2025-07-30 18:53:21,099 [INFO] kopf.objects - Handler 'handle_new_pod/spec.nodeName' succeeded.
2025-07-30 18:53:21,101 [INFO] kopf.objects - Creation is processed: 1 succeeded; 0 failed.
2025-07-30 18:53:21,118 [INFO] kopf.objects - Handler 'handle_new_pod/spec.nodeName' succeeded.
2025-07-30 18:53:21,119 [INFO] kopf.objects - Creation is processed: 1 succeeded; 0 failed.
2025-07-30 18:53:21,121 [INFO] kopf.objects - Handler 'handle_new_pod/spec.nodeName' succeeded.
2025-07-30 18:53:21,121 [INFO] kopf.objects - Creation is processed: 1 succeeded; 0 failed.
2025-07-30 18:53:21,122 [INFO] kopf.objects - Handler 'handle_new_pod/spec.nodeName' succeeded.
2025-07-30 18:53:21,123 [INFO] kopf.objects - Creation is processed: 1 succeeded; 0 failed.
2025-07-30 18:53:21,124 [INFO] kopf.objects - Handler 'handle_new_pod/spec.nodeName' succeeded.
2025-07-30 18:53:21,124 [INFO] kopf.objects - Creation is processed: 1 succeeded; 0 failed.
2025-07-30 18:53:21,126 [INFO] kopf.objects - Handler 'handle_new_pod/spec.nodeName' succeeded.
2025-07-30 18:53:21,127 [INFO] kopf.objects - Creation is processed: 1 succeeded; 0 failed.
2025-07-30 18:53:21,129 [INFO] kopf.objects - Handler 'handle_new_pod/spec.nodeName' succeeded.
2025-07-30 18:53:21,129 [INFO] kopf.objects - Creation is processed: 1 succeeded; 0 failed.
