2025-07-30 13:37:53,454 [INFO] /app/code/main_operator_latency.py - Starting Operator with 20 workers.
2025-07-30 13:37:53,492 [INFO] root - Initializing Openstack Client!
2025-07-30 13:37:53,699 [INFO] root - ================================= FRESH INITIALISATION DONE =====================================
2025-07-30 13:37:53,700 [INFO] operator_code.watcher_operator - Watcher class for Kopf Operator!
2025-07-30 13:37:53,701 [INFO] kopf.activities.startup - Activity 'startup_handler' succeeded.
2025-07-30 13:37:53,702 [INFO] kopf._core.engines.activities - Initial authentication has been initiated.
2025-07-30 13:37:53,705 [INFO] kopf.activities.authentication - Activity 'login_via_client' succeeded.
2025-07-30 13:37:53,706 [INFO] kopf._core.engines.activities - Initial authentication has finished.
2025-07-30 13:37:53,754 [WARNING] kopf._core.reactor.observation - Not enough permissions to list namespaces. Falling back to a list of namespaces which are assumed to exist: {'test-thesis'}
2025-07-30 13:37:53,758 [WARNING] kopf._core.reactor.observation - Not enough permissions to watch for namespaces: changes (deletion/creation) will not be noticed; the namespaces are only refreshed on operator restarts.
2025-07-30 13:37:58,444 [INFO] kopf.objects - Handler 'handle_new_policy' succeeded.
2025-07-30 13:37:58,445 [INFO] kopf.objects - Creation is processed: 1 succeeded; 0 failed.
2025-07-30 13:37:58,599 [INFO] matcher - PLS: Configuring new spol Policy(name=app-c-allow-frontend-backend, sel=LabelSet(labels={'app': 'app-c', 'role': 'frontend'}), allow=[
(LabelSet(labels={'app': 'app-c', 'role': 'backend'}), Traffic(direction=ingress, port=80, protocol=TCP)) 
])
2025-07-30 13:37:58,613 [INFO] matcher - PLS: Configuring new spol Policy(name=app-c-allow-frontend-backend, sel=LabelSet(labels={'app': 'app-c', 'role': 'frontend'}), allow=[
(LabelSet(labels={'app': 'app-c', 'role': 'backend'}), Traffic(direction=egress, port=80, protocol=TCP)) 
])
2025-07-30 13:37:58,626 [INFO] kopf.objects - Handler 'handle_new_policy' succeeded.
2025-07-30 13:37:58,627 [INFO] kopf.objects - Creation is processed: 1 succeeded; 0 failed.
2025-07-30 13:37:58,685 [INFO] matcher - PLS: Configuring new spol Policy(name=app-c-allow-database-backend, sel=LabelSet(labels={'app': 'app-c', 'role': 'database'}), allow=[
(LabelSet(labels={'app': 'app-c', 'role': 'backend'}), Traffic(direction=ingress, port=80, protocol=TCP)) 
])
2025-07-30 13:37:58,699 [INFO] matcher - PLS: Configuring new spol Policy(name=app-c-allow-database-backend, sel=LabelSet(labels={'app': 'app-c', 'role': 'database'}), allow=[
(LabelSet(labels={'app': 'app-c', 'role': 'backend'}), Traffic(direction=egress, port=80, protocol=TCP)) 
])
2025-07-30 13:37:58,710 [INFO] kopf.objects - Handler 'handle_new_policy' succeeded.
2025-07-30 13:37:58,712 [INFO] kopf.objects - Creation is processed: 1 succeeded; 0 failed.
2025-07-30 13:37:58,782 [INFO] matcher - PLS: Configuring new spol Policy(name=app-c-allow-backend-frontend, sel=LabelSet(labels={'app': 'app-c', 'role': 'backend'}), allow=[
(LabelSet(labels={'app': 'app-c', 'role': 'frontend'}), Traffic(direction=ingress, port=80, protocol=TCP)) 
])
2025-07-30 13:37:58,797 [INFO] matcher - PLS: Configuring new spol Policy(name=app-c-allow-backend-frontend, sel=LabelSet(labels={'app': 'app-c', 'role': 'backend'}), allow=[
(LabelSet(labels={'app': 'app-c', 'role': 'frontend'}), Traffic(direction=egress, port=80, protocol=TCP)) 
])
2025-07-30 13:37:58,813 [INFO] kopf.objects - Handler 'handle_new_policy' succeeded.
2025-07-30 13:37:58,815 [INFO] kopf.objects - Creation is processed: 1 succeeded; 0 failed.
2025-07-30 13:37:58,891 [INFO] matcher - PLS: Configuring new spol Policy(name=app-c-allow-backend-database, sel=LabelSet(labels={'app': 'app-c', 'role': 'backend'}), allow=[
(LabelSet(labels={'app': 'app-c', 'role': 'database'}), Traffic(direction=ingress, port=80, protocol=TCP)) 
])
2025-07-30 13:37:58,903 [INFO] matcher - PLS: Configuring new spol Policy(name=app-c-allow-backend-database, sel=LabelSet(labels={'app': 'app-c', 'role': 'backend'}), allow=[
(LabelSet(labels={'app': 'app-c', 'role': 'database'}), Traffic(direction=egress, port=80, protocol=TCP)) 
])
2025-07-30 13:37:58,915 [INFO] kopf.objects - Handler 'handle_new_policy' succeeded.
2025-07-30 13:37:58,916 [INFO] kopf.objects - Creation is processed: 1 succeeded; 0 failed.
2025-07-30 13:37:59,025 [INFO] matcher - PLS: Configuring new spol Policy(name=app-b-allow-backend-database, sel=LabelSet(labels={'app': 'app-b', 'role': 'backend'}), allow=[
(LabelSet(labels={'app': 'app-b', 'role': 'database'}), Traffic(direction=ingress, port=80, protocol=TCP)) 
])
2025-07-30 13:37:59,037 [INFO] matcher - PLS: Configuring new spol Policy(name=app-b-allow-backend-database, sel=LabelSet(labels={'app': 'app-b', 'role': 'backend'}), allow=[
(LabelSet(labels={'app': 'app-b', 'role': 'database'}), Traffic(direction=egress, port=80, protocol=TCP)) 
])
2025-07-30 13:37:59,049 [INFO] kopf.objects - Handler 'handle_new_policy' succeeded.
2025-07-30 13:37:59,050 [INFO] kopf.objects - Creation is processed: 1 succeeded; 0 failed.
2025-07-30 13:37:59,121 [INFO] matcher - PLS: Configuring new spol Policy(name=app-b-allow-database-backend, sel=LabelSet(labels={'app': 'app-b', 'role': 'database'}), allow=[
(LabelSet(labels={'app': 'app-b', 'role': 'backend'}), Traffic(direction=ingress, port=80, protocol=TCP)) 
])
2025-07-30 13:37:59,139 [INFO] matcher - PLS: Configuring new spol Policy(name=app-b-allow-database-backend, sel=LabelSet(labels={'app': 'app-b', 'role': 'database'}), allow=[
(LabelSet(labels={'app': 'app-b', 'role': 'backend'}), Traffic(direction=egress, port=80, protocol=TCP)) 
])
2025-07-30 13:37:59,158 [INFO] kopf.objects - Handler 'handle_new_policy' succeeded.
2025-07-30 13:37:59,160 [INFO] kopf.objects - Creation is processed: 1 succeeded; 0 failed.
2025-07-30 13:37:59,244 [INFO] matcher - PLS: Configuring new spol Policy(name=app-b-allow-frontend-backend, sel=LabelSet(labels={'app': 'app-b', 'role': 'frontend'}), allow=[
(LabelSet(labels={'app': 'app-b', 'role': 'backend'}), Traffic(direction=ingress, port=80, protocol=TCP)) 
])
2025-07-30 13:37:59,256 [INFO] matcher - PLS: Configuring new spol Policy(name=app-b-allow-frontend-backend, sel=LabelSet(labels={'app': 'app-b', 'role': 'frontend'}), allow=[
(LabelSet(labels={'app': 'app-b', 'role': 'backend'}), Traffic(direction=egress, port=80, protocol=TCP)) 
])
2025-07-30 13:37:59,267 [INFO] kopf.objects - Handler 'handle_new_policy' succeeded.
2025-07-30 13:37:59,268 [INFO] kopf.objects - Creation is processed: 1 succeeded; 0 failed.
2025-07-30 13:37:59,336 [INFO] kopf.objects - Handler 'handle_new_policy' succeeded.
2025-07-30 13:37:59,337 [INFO] kopf.objects - Creation is processed: 1 succeeded; 0 failed.
2025-07-30 13:37:59,468 [INFO] matcher - PLS: Configuring new spol Policy(name=app-b-allow-backend-frontend, sel=LabelSet(labels={'app': 'app-b', 'role': 'backend'}), allow=[
(LabelSet(labels={'app': 'app-b', 'role': 'frontend'}), Traffic(direction=ingress, port=80, protocol=TCP)) 
])
2025-07-30 13:37:59,481 [INFO] matcher - PLS: Configuring new spol Policy(name=app-b-allow-backend-frontend, sel=LabelSet(labels={'app': 'app-b', 'role': 'backend'}), allow=[
(LabelSet(labels={'app': 'app-b', 'role': 'frontend'}), Traffic(direction=egress, port=80, protocol=TCP)) 
])
2025-07-30 13:37:59,499 [INFO] kopf.objects - Handler 'handle_new_policy' succeeded.
2025-07-30 13:37:59,501 [INFO] kopf.objects - Creation is processed: 1 succeeded; 0 failed.
2025-07-30 13:37:59,625 [INFO] matcher - PLS: Configuring new spol Policy(name=app-a-allow-backend-database, sel=LabelSet(labels={'app': 'app-a', 'role': 'backend'}), allow=[
(LabelSet(labels={'app': 'app-a', 'role': 'database'}), Traffic(direction=ingress, port=80, protocol=TCP)) 
])
2025-07-30 13:37:59,643 [INFO] matcher - PLS: Configuring new spol Policy(name=app-a-allow-backend-database, sel=LabelSet(labels={'app': 'app-a', 'role': 'backend'}), allow=[
(LabelSet(labels={'app': 'app-a', 'role': 'database'}), Traffic(direction=egress, port=80, protocol=TCP)) 
])
2025-07-30 13:37:59,657 [INFO] kopf.objects - Handler 'handle_new_policy' succeeded.
2025-07-30 13:37:59,658 [INFO] kopf.objects - Creation is processed: 1 succeeded; 0 failed.
2025-07-30 13:37:59,757 [INFO] matcher - PLS: Configuring new spol Policy(name=app-a-allow-frontend-backend, sel=LabelSet(labels={'app': 'app-a', 'role': 'frontend'}), allow=[
(LabelSet(labels={'app': 'app-a', 'role': 'backend'}), Traffic(direction=ingress, port=80, protocol=TCP)) 
])
2025-07-30 13:37:59,771 [INFO] matcher - PLS: Configuring new spol Policy(name=app-a-allow-frontend-backend, sel=LabelSet(labels={'app': 'app-a', 'role': 'frontend'}), allow=[
(LabelSet(labels={'app': 'app-a', 'role': 'backend'}), Traffic(direction=egress, port=80, protocol=TCP)) 
])
2025-07-30 13:37:59,787 [INFO] kopf.objects - Handler 'handle_new_policy' succeeded.
2025-07-30 13:37:59,788 [INFO] kopf.objects - Creation is processed: 1 succeeded; 0 failed.
2025-07-30 13:37:59,825 [INFO] matcher - PLS: Configuring new spol Policy(name=app-a-allow-backend-frontend, sel=LabelSet(labels={'app': 'app-a', 'role': 'backend'}), allow=[
(LabelSet(labels={'app': 'app-a', 'role': 'frontend'}), Traffic(direction=ingress, port=80, protocol=TCP)) 
])
2025-07-30 13:37:59,842 [INFO] matcher - PLS: Configuring new spol Policy(name=app-a-allow-backend-frontend, sel=LabelSet(labels={'app': 'app-a', 'role': 'backend'}), allow=[
(LabelSet(labels={'app': 'app-a', 'role': 'frontend'}), Traffic(direction=egress, port=80, protocol=TCP)) 
])
2025-07-30 13:37:59,859 [INFO] kopf.objects - Handler 'handle_new_policy' succeeded.
2025-07-30 13:37:59,860 [INFO] kopf.objects - Creation is processed: 1 succeeded; 0 failed.
2025-07-30 13:37:59,972 [INFO] kopf.objects - Handler 'handle_new_policy' succeeded.
2025-07-30 13:37:59,972 [INFO] kopf.objects - Creation is processed: 1 succeeded; 0 failed.
2025-07-30 13:38:00,109 [INFO] matcher - PLS: Configuring new spol Policy(name=app-a-allow-database-backend, sel=LabelSet(labels={'app': 'app-a', 'role': 'database'}), allow=[
(LabelSet(labels={'app': 'app-a', 'role': 'backend'}), Traffic(direction=ingress, port=80, protocol=TCP)) 
])
2025-07-30 13:38:00,128 [INFO] matcher - PLS: Configuring new spol Policy(name=app-a-allow-database-backend, sel=LabelSet(labels={'app': 'app-a', 'role': 'database'}), allow=[
(LabelSet(labels={'app': 'app-a', 'role': 'backend'}), Traffic(direction=egress, port=80, protocol=TCP)) 
])
2025-07-30 13:38:00,145 [INFO] kopf.objects - Handler 'handle_new_policy' succeeded.
2025-07-30 13:38:00,146 [INFO] kopf.objects - Creation is processed: 1 succeeded; 0 failed.
2025-07-30 13:38:00,825 [INFO] matcher - PLS: Configuring new pod with labelset: {L}
2025-07-30 13:38:00,825 [INFO] matcher - PLS: Configuring new spol Policy(name=app-a-allow-backend-frontend, sel=LabelSet(labels={'app': 'app-a', 'role': 'backend'}), allow=[
(LabelSet(labels={'app': 'app-a', 'role': 'frontend'}), Traffic(direction=egress, port=80, protocol=TCP)) 
])
2025-07-30 13:38:00,827 [INFO] matcher - PLS: Configuring new spol Policy(name=app-a-allow-frontend-backend, sel=LabelSet(labels={'app': 'app-a', 'role': 'frontend'}), allow=[
(LabelSet(labels={'app': 'app-a', 'role': 'backend'}), Traffic(direction=egress, port=80, protocol=TCP)) 
])
2025-07-30 13:38:00,828 [INFO] matcher - Adding Security Group for select labelset: LabelSet(labels={'app': 'app-a', 'role': 'frontend'})
2025-07-30 13:38:00,944 [INFO] matcher - PLS: Configuring new pod with labelset: {L}
2025-07-30 13:38:00,945 [INFO] matcher - PLS: Configuring new spol Policy(name=app-b-allow-frontend-backend, sel=LabelSet(labels={'app': 'app-b', 'role': 'frontend'}), allow=[
(LabelSet(labels={'app': 'app-b', 'role': 'backend'}), Traffic(direction=ingress, port=80, protocol=TCP)) 
])
2025-07-30 13:38:00,945 [INFO] matcher - Adding Security Group for select labelset: LabelSet(labels={'app': 'app-b', 'role': 'frontend'})
2025-07-30 13:38:00,989 [INFO] matcher - PLS: Configuring new pod with labelset: {L}
2025-07-30 13:38:00,989 [INFO] matcher - PLS: Configuring new spol Policy(name=app-c-allow-backend-frontend, sel=LabelSet(labels={'app': 'app-c', 'role': 'backend'}), allow=[
(LabelSet(labels={'app': 'app-c', 'role': 'frontend'}), Traffic(direction=egress, port=80, protocol=TCP)) 
])
2025-07-30 13:38:00,989 [INFO] matcher - PLS: Configuring new spol Policy(name=app-c-allow-frontend-backend, sel=LabelSet(labels={'app': 'app-c', 'role': 'frontend'}), allow=[
(LabelSet(labels={'app': 'app-c', 'role': 'backend'}), Traffic(direction=ingress, port=80, protocol=TCP)) 
])
2025-07-30 13:38:00,989 [INFO] matcher - Adding Security Group for select labelset: LabelSet(labels={'app': 'app-c', 'role': 'frontend'})
üöÄ Starting Kopf operator in mode: PLS, watching the test-thesis namespace.
Initialising latency-results.csv file
[137860769027776] Handling new policy app-c-deny-all, locking app:app-c,  ...
Successfully added policy app-c-deny-all to ClusterState
[137860769027776] Handled new policy app-c-deny-all, Released app:app-c,  ...
[137860769027776] Handling new policy app-c-allow-frontend-backend, locking app:app-crole:backend, app:app-crole:frontend,  ...
Successfully added policy app-c-allow-frontend-backend to ClusterState
[137860769027776] Handled new policy app-c-allow-frontend-backend, Released app:app-crole:backend, app:app-crole:frontend,  ...
[137860769027776] Handling new policy app-c-allow-database-backend, locking app:app-crole:database, app:app-crole:backend,  ...
Successfully added policy app-c-allow-database-backend to ClusterState
[137860769027776] Handled new policy app-c-allow-database-backend, Released app:app-crole:database, app:app-crole:backend,  ...
[137860769027776] Handling new policy app-c-allow-backend-frontend, locking app:app-crole:backend, app:app-crole:frontend,  ...
Successfully added policy app-c-allow-backend-frontend to ClusterState
[137860769027776] Handled new policy app-c-allow-backend-frontend, Released app:app-crole:backend, app:app-crole:frontend,  ...
[137860769027776] Handling new policy app-c-allow-backend-database, locking app:app-crole:database, app:app-crole:backend,  ...
Successfully added policy app-c-allow-backend-database to ClusterState
[137860769027776] Handled new policy app-c-allow-backend-database, Released app:app-crole:database, app:app-crole:backend,  ...
[137860769027776] Handling new policy app-b-allow-backend-database, locking app:app-brole:backend, app:app-brole:database,  ...
Successfully added policy app-b-allow-backend-database to ClusterState
[137860769027776] Handled new policy app-b-allow-backend-database, Released app:app-brole:backend, app:app-brole:database,  ...
[137860769027776] Handling new policy app-b-allow-database-backend, locking app:app-brole:database, app:app-brole:backend,  ...
Successfully added policy app-b-allow-database-backend to ClusterState
[137860769027776] Handled new policy app-b-allow-database-backend, Released app:app-brole:database, app:app-brole:backend,  ...
[137860769027776] Handling new policy app-b-allow-frontend-backend, locking app:app-brole:backend, app:app-brole:frontend,  ...
Successfully added policy app-b-allow-frontend-backend to ClusterState
[137860769027776] Handled new policy app-b-allow-frontend-backend, Released app:app-brole:backend, app:app-brole:frontend,  ...
[137860769027776] Handling new policy app-b-deny-all, locking app:app-b,  ...
Successfully added policy app-b-deny-all to ClusterState
[137860769027776] Handled new policy app-b-deny-all, Released app:app-b,  ...
[137860769027776] Handling new policy app-b-allow-backend-frontend, locking app:app-brole:backend, app:app-brole:frontend,  ...
Successfully added policy app-b-allow-backend-frontend to ClusterState
[137860769027776] Handled new policy app-b-allow-backend-frontend, Released app:app-brole:backend, app:app-brole:frontend,  ...
[137860769027776] Handling new policy app-a-allow-backend-database, locking app:app-arole:database, app:app-arole:backend,  ...
Successfully added policy app-a-allow-backend-database to ClusterState
[137860769027776] Handled new policy app-a-allow-backend-database, Released app:app-arole:database, app:app-arole:backend,  ...
[137860769027776] Handling new policy app-a-allow-frontend-backend, locking app:app-arole:backend, app:app-arole:frontend,  ...
Successfully added policy app-a-allow-frontend-backend to ClusterState
[137860769027776] Handled new policy app-a-allow-frontend-backend, Released app:app-arole:backend, app:app-arole:frontend,  ...
[137860769027776] Handling new policy app-a-allow-backend-frontend, locking app:app-arole:frontend, app:app-arole:backend,  ...
Successfully added policy app-a-allow-backend-frontend to ClusterState
[137860769027776] Handled new policy app-a-allow-backend-frontend, Released app:app-arole:frontend, app:app-arole:backend,  ...
[137860769027776] Handling new policy app-a-deny-all, locking app:app-a,  ...
Successfully added policy app-a-deny-all to ClusterState
[137860769027776] Handled new policy app-a-deny-all, Released app:app-a,  ...
[137860769027776] Handling new policy app-a-allow-database-backend, locking app:app-arole:database, app:app-arole:backend,  ...
Successfully added policy app-a-allow-database-backend to ClusterState
[137860769027776] Handled new policy app-a-allow-database-backend, Released app:app-arole:database, app:app-arole:backend,  ...
Registering time when event comes in for test-pod-0: 1753882680.794049
New pod test-pod-0! old_node = None, new_node = worker-1.
Handling the new pod object: Pod(name=test-pod-0, label_set=LabelSet(labels={'app': 'app-a', 'role': 'frontend'}), node=Node(name=worker-1)
[137860769027776] Handling pod test-pod-0, locking app:app-arole:backend, app:app-arole:frontend,  ...
New pod: test-pod-0, on node: worker-1
Registering time when event comes in for test-pod-1: 1753882680.8291526
New pod test-pod-1! old_node = None, new_node = worker-1.
Handling the new pod object: Pod(name=test-pod-1, label_set=LabelSet(labels={'app': 'app-a', 'role': 'backend'}), node=Node(name=worker-1)
[137860755392192] Handling pod test-pod-1, locking app:app-arole:database, app:app-arole:frontend, app:app-arole:backend,  ...
Registering time when event comes in for test-pod-3: 1753882680.8406234
New pod test-pod-3! old_node = None, new_node = worker-1.
Handling the new pod object: Pod(name=test-pod-3, label_set=LabelSet(labels={'app': 'app-b', 'role': 'frontend'}), node=Node(name=worker-1)
[137860745950912] Handling pod test-pod-3, locking app:app-brole:backend, app:app-brole:frontend,  ...
New pod: test-pod-3, on node: worker-1
Registering time when event comes in for test-pod-2: 1753882680.9368482
New pod test-pod-2! old_node = None, new_node = worker-1.
Handling the new pod object: Pod(name=test-pod-2, label_set=LabelSet(labels={'app': 'app-a', 'role': 'database'}), node=Node(name=worker-1)
[137860531353280] Handling pod test-pod-2, locking app:app-arole:database, app:app-arole:backend,  ...
Registering time when event comes in for test-pod-4: 1753882680.9395115
New pod test-pod-4! old_node = None, new_node = worker-1.
Handling the new pod object: Pod(name=test-pod-4, label_set=LabelSet(labels={'app': 'app-b', 'role': 'backend'}), node=Node(name=worker-1)
[137860522960576] Handling pod test-pod-4, locking app:app-brole:backend, app:app-brole:frontend, app:app-brole:database,  ...
Registering time when event comes in for test-pod-6: 1753882680.9407756
New pod test-pod-6! old_node = None, new_node = worker-1.
Handling the new pod object: Pod(name=test-pod-6, label_set=LabelSet(labels={'app': 'app-c', 'role': 'frontend'}), node=Node(name=worker-1)
[137860514567872] Handling pod test-pod-6, locking app:app-crole:backend, app:app-crole:frontend,  ...
New pod: test-pod-6, on node: worker-1
Registering time when event comes in for test-pod-8: 1753882680.9448407
New pod test-pod-8! old_node = None, new_node = worker-1.
Handling the new pod object: Pod(name=test-pod-8, label_set=LabelSet(labels={'app': 'app-c', 'role': 'database'}), node=Node(name=worker-1)
[137860506175168] Handling pod test-pod-8, locking app:app-crole:database, app:app-crole:backend,  ...
Registering time when event comes in for test-pod-5: 1753882680.9526696
New pod test-pod-5! old_node = None, new_node = worker-1.
Handling the new pod object: Pod(name=test-pod-5, label_set=LabelSet(labels={'app': 'app-b', 'role': 'database'}), node=Node(name=worker-1)
[137860497782464] Handling pod test-pod-5, locking app:app-brole:database, app:app-brole:backend,  ...
Registering time when event comes in for test-pod-7: 1753882681.0551348
New pod test-pod-7! old_node = None, new_node = worker-1.
Handling the new pod object: Pod(name=test-pod-7, label_set=LabelSet(labels={'app': 'app-c', 'role': 'backend'}), node=Node(name=worker-1)
2025-07-30 13:38:01,426 [INFO] root - Creating security group: SG-app:app-crole:frontend
2025-07-30 13:38:01,463 [INFO] root - Creating security group: SG-app:app-arole:frontend
2025-07-30 13:38:01,709 [INFO] root - Creating security group: SG-app:app-brole:frontend
2025-07-30 13:38:01,944 [INFO] security_group_module - Attaching security group SG-app:app-crole:frontend to instance worker-1
2025-07-30 13:38:01,994 [INFO] security_group_module - Attaching security group SG-app:app-arole:frontend to instance worker-1
2025-07-30 13:38:02,194 [INFO] security_group_module - Attaching security group SG-app:app-brole:frontend to instance worker-1
2025-07-30 13:38:02,394 [INFO] matcher - Adding Security Group for allow labelset: LabelSet(labels={'app': 'app-c', 'role': 'backend'})
2025-07-30 13:38:02,470 [INFO] root - Creating security group: SG-app:app-crole:backend
2025-07-30 13:38:02,668 [INFO] security_group_module - SGMod: Adding rule to SG-app:app-crole:frontend, remote SG-app:app-crole:backend, port 80, type ingress
2025-07-30 13:38:02,699 [INFO] matcher - Adding Security Group for allow labelset: LabelSet(labels={'app': 'app-b', 'role': 'backend'})
2025-07-30 13:38:02,760 [INFO] root - Creating security group: SG-app:app-brole:backend
2025-07-30 13:38:02,783 [INFO] matcher - Adding Security Group for allow labelset: LabelSet(labels={'app': 'app-a', 'role': 'backend'})
2025-07-30 13:38:02,822 [INFO] matcher - PLS: Configuring new spol Policy(name=app-c-allow-frontend-backend, sel=LabelSet(labels={'app': 'app-c', 'role': 'frontend'}), allow=[
(LabelSet(labels={'app': 'app-c', 'role': 'backend'}), Traffic(direction=egress, port=80, protocol=TCP)) 
])
2025-07-30 13:38:02,822 [INFO] matcher - Adding Security Group for select labelset: LabelSet(labels={'app': 'app-c', 'role': 'frontend'})
2025-07-30 13:38:02,823 [INFO] matcher - Adding Security Group for allow labelset: LabelSet(labels={'app': 'app-c', 'role': 'backend'})
2025-07-30 13:38:02,823 [INFO] security_group_module - SGMod: Adding rule to SG-app:app-crole:frontend, remote SG-app:app-crole:backend, port 80, type egress
2025-07-30 13:38:02,848 [INFO] root - Creating security group: SG-app:app-arole:backend
2025-07-30 13:38:02,971 [INFO] matcher - PLS: Configuring new spol Policy(name=app-c-allow-backend-frontend, sel=LabelSet(labels={'app': 'app-c', 'role': 'backend'}), allow=[
(LabelSet(labels={'app': 'app-c', 'role': 'frontend'}), Traffic(direction=ingress, port=80, protocol=TCP)) 
])
2025-07-30 13:38:03,016 [INFO] security_group_module - SGMod: Adding rule to SG-app:app-arole:frontend, remote SG-app:app-arole:backend, port 80, type egress
2025-07-30 13:38:03,104 [INFO] security_group_module - SGMod: Adding rule to SG-app:app-brole:frontend, remote SG-app:app-brole:backend, port 80, type ingress
2025-07-30 13:38:03,131 [INFO] matcher - PLS: Configuring new spol Policy(name=app-a-allow-frontend-backend, sel=LabelSet(labels={'app': 'app-a', 'role': 'frontend'}), allow=[
(LabelSet(labels={'app': 'app-a', 'role': 'backend'}), Traffic(direction=ingress, port=80, protocol=TCP)) 
])
2025-07-30 13:38:03,131 [INFO] matcher - Adding Security Group for select labelset: LabelSet(labels={'app': 'app-a', 'role': 'frontend'})
2025-07-30 13:38:03,132 [INFO] matcher - Adding Security Group for allow labelset: LabelSet(labels={'app': 'app-a', 'role': 'backend'})
2025-07-30 13:38:03,137 [INFO] security_group_module - SGMod: Adding rule to SG-app:app-arole:frontend, remote SG-app:app-arole:backend, port 80, type ingress
2025-07-30 13:38:03,465 [INFO] security_group_module - Attaching security group SG-app:app-crole:frontend to instance worker-1
2025-07-30 13:38:03,479 [INFO] matcher - PLS: Configuring new spol Policy(name=app-b-allow-backend-frontend, sel=LabelSet(labels={'app': 'app-b', 'role': 'backend'}), allow=[
(LabelSet(labels={'app': 'app-b', 'role': 'frontend'}), Traffic(direction=egress, port=80, protocol=TCP)) 
])
2025-07-30 13:38:03,479 [INFO] matcher - PLS: Configuring new spol Policy(name=app-b-allow-frontend-backend, sel=LabelSet(labels={'app': 'app-b', 'role': 'frontend'}), allow=[
(LabelSet(labels={'app': 'app-b', 'role': 'backend'}), Traffic(direction=egress, port=80, protocol=TCP)) 
])
2025-07-30 13:38:03,480 [INFO] matcher - Adding Security Group for select labelset: LabelSet(labels={'app': 'app-b', 'role': 'frontend'})
2025-07-30 13:38:03,480 [INFO] matcher - Adding Security Group for allow labelset: LabelSet(labels={'app': 'app-b', 'role': 'backend'})
2025-07-30 13:38:03,480 [INFO] security_group_module - SGMod: Adding rule to SG-app:app-brole:frontend, remote SG-app:app-brole:backend, port 80, type egress
2025-07-30 13:38:03,515 [INFO] matcher - PLS: Configuring new spol Policy(name=app-a-allow-backend-frontend, sel=LabelSet(labels={'app': 'app-a', 'role': 'backend'}), allow=[
(LabelSet(labels={'app': 'app-a', 'role': 'frontend'}), Traffic(direction=ingress, port=80, protocol=TCP)) 
])
2025-07-30 13:38:03,618 [INFO] matcher - PLS: Configuring new spol Policy(name=app-b-allow-backend-frontend, sel=LabelSet(labels={'app': 'app-b', 'role': 'backend'}), allow=[
(LabelSet(labels={'app': 'app-b', 'role': 'frontend'}), Traffic(direction=ingress, port=80, protocol=TCP)) 
])
2025-07-30 13:38:03,718 [INFO] security_group_module - SG-app:app-arole:frontend already attached to worker-1
2025-07-30 13:38:03,733 [INFO] kopf.objects - Handler 'handle_new_pod/spec.nodeName' succeeded.
2025-07-30 13:38:03,734 [INFO] kopf.objects - Creation is processed: 1 succeeded; 0 failed.
2025-07-30 13:38:03,761 [INFO] matcher - PLS: Configuring new pod with labelset: {L}
2025-07-30 13:38:03,762 [INFO] matcher - PLS: Configuring new spol Policy(name=app-a-allow-backend-database, sel=LabelSet(labels={'app': 'app-a', 'role': 'backend'}), allow=[
(LabelSet(labels={'app': 'app-a', 'role': 'database'}), Traffic(direction=egress, port=80, protocol=TCP)) 
])
2025-07-30 13:38:03,762 [INFO] matcher - Adding Security Group for select labelset: LabelSet(labels={'app': 'app-a', 'role': 'backend'})
2025-07-30 13:38:03,762 [INFO] matcher - Adding Security Group for allow labelset: LabelSet(labels={'app': 'app-a', 'role': 'database'})
2025-07-30 13:38:03,809 [INFO] root - Creating security group: SG-app:app-arole:database
2025-07-30 13:38:03,934 [INFO] security_group_module - SG-app:app-brole:frontend already attached to worker-1
2025-07-30 13:38:03,952 [INFO] kopf.objects - Handler 'handle_new_pod/spec.nodeName' succeeded.
2025-07-30 13:38:03,953 [INFO] kopf.objects - Creation is processed: 1 succeeded; 0 failed.
2025-07-30 13:38:03,956 [INFO] security_group_module - SGMod: Adding rule to SG-app:app-arole:backend, remote SG-app:app-arole:database, port 80, type egress
2025-07-30 13:38:03,973 [INFO] matcher - PLS: Configuring new pod with labelset: {L}
2025-07-30 13:38:03,974 [INFO] matcher - PLS: Configuring new spol Policy(name=app-b-allow-frontend-backend, sel=LabelSet(labels={'app': 'app-b', 'role': 'frontend'}), allow=[
(LabelSet(labels={'app': 'app-b', 'role': 'backend'}), Traffic(direction=ingress, port=80, protocol=TCP)) 
])
2025-07-30 13:38:03,974 [INFO] matcher - Adding Security Group for select labelset: LabelSet(labels={'app': 'app-b', 'role': 'frontend'})
2025-07-30 13:38:03,974 [INFO] matcher - Adding Security Group for allow labelset: LabelSet(labels={'app': 'app-b', 'role': 'backend'})
2025-07-30 13:38:03,974 [INFO] security_group_module - SGMod: Adding rule to SG-app:app-brole:frontend, remote SG-app:app-brole:backend, port 80, type ingress
2025-07-30 13:38:04,005 [INFO] kopf.objects - Handler 'handle_new_pod/spec.nodeName' succeeded.
2025-07-30 13:38:04,005 [INFO] kopf.objects - Creation is processed: 1 succeeded; 0 failed.
2025-07-30 13:38:04,068 [INFO] matcher - PLS: Configuring new pod with labelset: {L}
2025-07-30 13:38:04,068 [INFO] matcher - PLS: Configuring new spol Policy(name=app-c-allow-backend-database, sel=LabelSet(labels={'app': 'app-c', 'role': 'backend'}), allow=[
(LabelSet(labels={'app': 'app-c', 'role': 'database'}), Traffic(direction=egress, port=80, protocol=TCP)) 
])
2025-07-30 13:38:04,068 [INFO] matcher - PLS: Configuring new spol Policy(name=app-c-allow-database-backend, sel=LabelSet(labels={'app': 'app-c', 'role': 'database'}), allow=[
(LabelSet(labels={'app': 'app-c', 'role': 'backend'}), Traffic(direction=ingress, port=80, protocol=TCP)) 
])
2025-07-30 13:38:04,068 [INFO] matcher - Adding Security Group for select labelset: LabelSet(labels={'app': 'app-c', 'role': 'database'})
2025-07-30 13:38:04,077 [INFO] security_group_module - Cannot add rule to remotes: Security group rule already exists. Rule id is d51bb3b7-a0dd-463c-9d5b-196559628dd5.
Neutron server returns request_ids: ['req-f3a36f40-3df9-4c89-bd17-648cf99b3045']
2025-07-30 13:38:04,077 [INFO] matcher - PLS: Configuring new spol Policy(name=app-b-allow-backend-database, sel=LabelSet(labels={'app': 'app-b', 'role': 'backend'}), allow=[
(LabelSet(labels={'app': 'app-b', 'role': 'database'}), Traffic(direction=egress, port=80, protocol=TCP)) 
])
2025-07-30 13:38:04,077 [INFO] matcher - Adding Security Group for select labelset: LabelSet(labels={'app': 'app-b', 'role': 'backend'})
2025-07-30 13:38:04,078 [INFO] matcher - Adding Security Group for allow labelset: LabelSet(labels={'app': 'app-b', 'role': 'database'})
2025-07-30 13:38:04,122 [INFO] root - Creating security group: SG-app:app-brole:database
2025-07-30 13:38:04,132 [INFO] root - Creating security group: SG-app:app-crole:database
2025-07-30 13:38:04,134 [INFO] matcher - PLS: Configuring new spol Policy(name=app-a-allow-backend-frontend, sel=LabelSet(labels={'app': 'app-a', 'role': 'backend'}), allow=[
(LabelSet(labels={'app': 'app-a', 'role': 'frontend'}), Traffic(direction=ingress, port=80, protocol=TCP)) 
])
2025-07-30 13:38:04,135 [INFO] matcher - Adding Security Group for select labelset: LabelSet(labels={'app': 'app-a', 'role': 'backend'})
2025-07-30 13:38:04,135 [INFO] matcher - Adding Security Group for allow labelset: LabelSet(labels={'app': 'app-a', 'role': 'frontend'})
2025-07-30 13:38:04,135 [INFO] security_group_module - SGMod: Adding rule to SG-app:app-arole:backend, remote SG-app:app-arole:frontend, port 80, type ingress
2025-07-30 13:38:04,284 [INFO] matcher - PLS: Configuring new spol Policy(name=app-a-allow-backend-frontend, sel=LabelSet(labels={'app': 'app-a', 'role': 'backend'}), allow=[
(LabelSet(labels={'app': 'app-a', 'role': 'frontend'}), Traffic(direction=egress, port=80, protocol=TCP)) 
])
2025-07-30 13:38:04,285 [INFO] matcher - Adding Security Group for select labelset: LabelSet(labels={'app': 'app-a', 'role': 'backend'})
2025-07-30 13:38:04,286 [INFO] matcher - Adding Security Group for allow labelset: LabelSet(labels={'app': 'app-a', 'role': 'frontend'})
2025-07-30 13:38:04,287 [INFO] security_group_module - SGMod: Adding rule to SG-app:app-arole:backend, remote SG-app:app-arole:frontend, port 80, type egress
2025-07-30 13:38:04,304 [INFO] security_group_module - SGMod: Adding rule to SG-app:app-brole:backend, remote SG-app:app-brole:database, port 80, type egress
2025-07-30 13:38:04,425 [INFO] matcher - PLS: Configuring new spol Policy(name=app-b-allow-database-backend, sel=LabelSet(labels={'app': 'app-b', 'role': 'database'}), allow=[
(LabelSet(labels={'app': 'app-b', 'role': 'backend'}), Traffic(direction=egress, port=80, protocol=TCP)) 
])
2025-07-30 13:38:04,425 [INFO] matcher - PLS: Configuring new spol Policy(name=app-b-allow-backend-frontend, sel=LabelSet(labels={'app': 'app-b', 'role': 'backend'}), allow=[
(LabelSet(labels={'app': 'app-b', 'role': 'frontend'}), Traffic(direction=ingress, port=80, protocol=TCP)) 
])
2025-07-30 13:38:04,425 [INFO] matcher - Adding Security Group for select labelset: LabelSet(labels={'app': 'app-b', 'role': 'backend'})
2025-07-30 13:38:04,425 [INFO] matcher - Adding Security Group for allow labelset: LabelSet(labels={'app': 'app-b', 'role': 'frontend'})
2025-07-30 13:38:04,426 [INFO] security_group_module - SGMod: Adding rule to SG-app:app-brole:backend, remote SG-app:app-brole:frontend, port 80, type ingress
2025-07-30 13:38:04,465 [INFO] matcher - PLS: Configuring new spol Policy(name=app-a-allow-frontend-backend, sel=LabelSet(labels={'app': 'app-a', 'role': 'frontend'}), allow=[
(LabelSet(labels={'app': 'app-a', 'role': 'backend'}), Traffic(direction=egress, port=80, protocol=TCP)) 
])
2025-07-30 13:38:04,465 [INFO] matcher - Adding Security Group for select labelset: LabelSet(labels={'app': 'app-a', 'role': 'frontend'})
2025-07-30 13:38:04,465 [INFO] matcher - Adding Security Group for allow labelset: LabelSet(labels={'app': 'app-a', 'role': 'backend'})
2025-07-30 13:38:04,465 [INFO] security_group_module - SGMod: Adding rule to SG-app:app-arole:frontend, remote SG-app:app-arole:backend, port 80, type egress
2025-07-30 13:38:04,568 [INFO] security_group_module - Cannot add rule to remotes: Security group rule already exists. Rule id is b1b37303-4a72-4a1f-848f-dfd5448ecbbf.
Neutron server returns request_ids: ['req-e021cc75-2608-4ed5-8d49-de2bddbbc8dd']
2025-07-30 13:38:04,569 [INFO] matcher - PLS: Configuring new spol Policy(name=app-a-allow-frontend-backend, sel=LabelSet(labels={'app': 'app-a', 'role': 'frontend'}), allow=[
(LabelSet(labels={'app': 'app-a', 'role': 'backend'}), Traffic(direction=ingress, port=80, protocol=TCP)) 
])
2025-07-30 13:38:04,571 [INFO] matcher - Adding Security Group for select labelset: LabelSet(labels={'app': 'app-a', 'role': 'frontend'})
2025-07-30 13:38:04,571 [INFO] matcher - Adding Security Group for allow labelset: LabelSet(labels={'app': 'app-a', 'role': 'backend'})
2025-07-30 13:38:04,571 [INFO] security_group_module - SGMod: Adding rule to SG-app:app-arole:frontend, remote SG-app:app-arole:backend, port 80, type ingress
2025-07-30 13:38:04,608 [INFO] security_group_module - Attaching security group SG-app:app-crole:database to instance worker-1
2025-07-30 13:38:04,614 [INFO] matcher - PLS: Configuring new spol Policy(name=app-b-allow-frontend-backend, sel=LabelSet(labels={'app': 'app-b', 'role': 'frontend'}), allow=[
(LabelSet(labels={'app': 'app-b', 'role': 'backend'}), Traffic(direction=egress, port=80, protocol=TCP)) 
])
2025-07-30 13:38:04,614 [INFO] matcher - Adding Security Group for select labelset: LabelSet(labels={'app': 'app-b', 'role': 'frontend'})
2025-07-30 13:38:04,615 [INFO] matcher - Adding Security Group for allow labelset: LabelSet(labels={'app': 'app-b', 'role': 'backend'})
2025-07-30 13:38:04,615 [INFO] security_group_module - SGMod: Adding rule to SG-app:app-brole:frontend, remote SG-app:app-brole:backend, port 80, type egress
2025-07-30 13:38:04,669 [INFO] security_group_module - Cannot add rule to remotes: Security group rule already exists. Rule id is c4f93c40-8ff1-4b48-bb2b-922d54dc623a.
Neutron server returns request_ids: ['req-797c76cf-668b-4e85-b812-2c710b78b40e']
2025-07-30 13:38:04,669 [INFO] matcher - PLS: Configuring new spol Policy(name=app-a-allow-backend-database, sel=LabelSet(labels={'app': 'app-a', 'role': 'backend'}), allow=[
(LabelSet(labels={'app': 'app-a', 'role': 'database'}), Traffic(direction=ingress, port=80, protocol=TCP)) 
])
2025-07-30 13:38:04,669 [INFO] matcher - Adding Security Group for select labelset: LabelSet(labels={'app': 'app-a', 'role': 'backend'})
2025-07-30 13:38:04,669 [INFO] matcher - Adding Security Group for allow labelset: LabelSet(labels={'app': 'app-a', 'role': 'database'})
2025-07-30 13:38:04,669 [INFO] security_group_module - SGMod: Adding rule to SG-app:app-arole:backend, remote SG-app:app-arole:database, port 80, type ingress
2025-07-30 13:38:04,697 [INFO] security_group_module - Cannot add rule to remotes: Security group rule already exists. Rule id is 63e04496-02d8-4394-a61f-2fd2fd049501.
Neutron server returns request_ids: ['req-e6ac7767-206f-49c1-859f-bd3ea9faf8cc']
2025-07-30 13:38:04,699 [INFO] matcher - PLS: Configuring new spol Policy(name=app-b-allow-backend-database, sel=LabelSet(labels={'app': 'app-b', 'role': 'backend'}), allow=[
(LabelSet(labels={'app': 'app-b', 'role': 'database'}), Traffic(direction=ingress, port=80, protocol=TCP)) 
])
2025-07-30 13:38:04,699 [INFO] matcher - Adding Security Group for select labelset: LabelSet(labels={'app': 'app-b', 'role': 'backend'})
2025-07-30 13:38:04,699 [INFO] matcher - Adding Security Group for allow labelset: LabelSet(labels={'app': 'app-b', 'role': 'database'})
2025-07-30 13:38:04,700 [INFO] security_group_module - SGMod: Adding rule to SG-app:app-brole:backend, remote SG-app:app-brole:database, port 80, type ingress
2025-07-30 13:38:04,867 [INFO] matcher - PLS: Configuring new spol Policy(name=app-b-allow-database-backend, sel=LabelSet(labels={'app': 'app-b', 'role': 'database'}), allow=[
(LabelSet(labels={'app': 'app-b', 'role': 'backend'}), Traffic(direction=ingress, port=80, protocol=TCP)) 
])
2025-07-30 13:38:04,867 [INFO] matcher - PLS: Configuring new spol Policy(name=app-b-allow-backend-frontend, sel=LabelSet(labels={'app': 'app-b', 'role': 'backend'}), allow=[
(LabelSet(labels={'app': 'app-b', 'role': 'frontend'}), Traffic(direction=egress, port=80, protocol=TCP)) 
])
2025-07-30 13:38:04,867 [INFO] matcher - Adding Security Group for select labelset: LabelSet(labels={'app': 'app-b', 'role': 'backend'})
2025-07-30 13:38:04,867 [INFO] matcher - Adding Security Group for allow labelset: LabelSet(labels={'app': 'app-b', 'role': 'frontend'})
2025-07-30 13:38:04,867 [INFO] security_group_module - SGMod: Adding rule to SG-app:app-brole:backend, remote SG-app:app-brole:frontend, port 80, type egress
2025-07-30 13:38:04,875 [INFO] matcher - PLS: Configuring new spol Policy(name=app-a-allow-database-backend, sel=LabelSet(labels={'app': 'app-a', 'role': 'database'}), allow=[
(LabelSet(labels={'app': 'app-a', 'role': 'backend'}), Traffic(direction=egress, port=80, protocol=TCP)) 
])
2025-07-30 13:38:04,875 [INFO] matcher - PLS: Configuring new spol Policy(name=app-a-allow-database-backend, sel=LabelSet(labels={'app': 'app-a', 'role': 'database'}), allow=[
(LabelSet(labels={'app': 'app-a', 'role': 'backend'}), Traffic(direction=ingress, port=80, protocol=TCP)) 
])
2025-07-30 13:38:05,136 [INFO] security_group_module - Attaching security group SG-app:app-arole:backend to instance worker-1
2025-07-30 13:38:05,242 [INFO] security_group_module - Attaching security group SG-app:app-brole:backend to instance worker-1
2025-07-30 13:38:05,354 [INFO] matcher - Adding Security Group for allow labelset: LabelSet(labels={'app': 'app-c', 'role': 'backend'})
2025-07-30 13:38:05,355 [INFO] security_group_module - SGMod: Adding rule to SG-app:app-crole:database, remote SG-app:app-crole:backend, port 80, type ingress
2025-07-30 13:38:05,480 [INFO] matcher - PLS: Configuring new spol Policy(name=app-c-allow-database-backend, sel=LabelSet(labels={'app': 'app-c', 'role': 'database'}), allow=[
(LabelSet(labels={'app': 'app-c', 'role': 'backend'}), Traffic(direction=egress, port=80, protocol=TCP)) 
])
2025-07-30 13:38:05,480 [INFO] matcher - Adding Security Group for select labelset: LabelSet(labels={'app': 'app-c', 'role': 'database'})
2025-07-30 13:38:05,481 [INFO] matcher - Adding Security Group for allow labelset: LabelSet(labels={'app': 'app-c', 'role': 'backend'})
2025-07-30 13:38:05,481 [INFO] security_group_module - SGMod: Adding rule to SG-app:app-crole:database, remote SG-app:app-crole:backend, port 80, type egress
2025-07-30 13:38:05,591 [INFO] matcher - PLS: Configuring new spol Policy(name=app-c-allow-backend-database, sel=LabelSet(labels={'app': 'app-c', 'role': 'backend'}), allow=[
(LabelSet(labels={'app': 'app-c', 'role': 'database'}), Traffic(direction=ingress, port=80, protocol=TCP)) 
])
2025-07-30 13:38:05,598 [INFO] kopf.objects - Handler 'handle_new_pod/spec.nodeName' succeeded.
2025-07-30 13:38:05,599 [INFO] kopf.objects - Creation is processed: 1 succeeded; 0 failed.
2025-07-30 13:38:05,619 [INFO] matcher - PLS: Configuring new pod with labelset: {L}
2025-07-30 13:38:05,619 [INFO] matcher - PLS: Configuring new spol Policy(name=app-a-allow-backend-database, sel=LabelSet(labels={'app': 'app-a', 'role': 'backend'}), allow=[
(LabelSet(labels={'app': 'app-a', 'role': 'database'}), Traffic(direction=ingress, port=80, protocol=TCP)) 
])
2025-07-30 13:38:05,620 [INFO] matcher - Adding Security Group for select labelset: LabelSet(labels={'app': 'app-a', 'role': 'backend'})
2025-07-30 13:38:05,620 [INFO] matcher - Adding Security Group for allow labelset: LabelSet(labels={'app': 'app-a', 'role': 'database'})
2025-07-30 13:38:05,620 [INFO] security_group_module - SGMod: Adding rule to SG-app:app-arole:backend, remote SG-app:app-arole:database, port 80, type ingress
2025-07-30 13:38:05,758 [INFO] security_group_module - Cannot add rule to remotes: Security group rule already exists. Rule id is b468dc8f-df74-489d-b257-3c74e5137383.
Neutron server returns request_ids: ['req-db3cdeb2-7f0c-4008-ba64-c2e2f401b36d']
2025-07-30 13:38:05,758 [INFO] matcher - PLS: Configuring new spol Policy(name=app-a-allow-database-backend, sel=LabelSet(labels={'app': 'app-a', 'role': 'database'}), allow=[
(LabelSet(labels={'app': 'app-a', 'role': 'backend'}), Traffic(direction=egress, port=80, protocol=TCP)) 
])
2025-07-30 13:38:05,758 [INFO] matcher - Adding Security Group for select labelset: LabelSet(labels={'app': 'app-a', 'role': 'database'})
2025-07-30 13:38:05,759 [INFO] matcher - Adding Security Group for allow labelset: LabelSet(labels={'app': 'app-a', 'role': 'backend'})
2025-07-30 13:38:05,759 [INFO] security_group_module - SGMod: Adding rule to SG-app:app-arole:database, remote SG-app:app-arole:backend, port 80, type egress
2025-07-30 13:38:05,881 [INFO] matcher - PLS: Configuring new spol Policy(name=app-a-allow-database-backend, sel=LabelSet(labels={'app': 'app-a', 'role': 'database'}), allow=[
(LabelSet(labels={'app': 'app-a', 'role': 'backend'}), Traffic(direction=ingress, port=80, protocol=TCP)) 
])
2025-07-30 13:38:05,881 [INFO] matcher - Adding Security Group for select labelset: LabelSet(labels={'app': 'app-a', 'role': 'database'})
2025-07-30 13:38:05,881 [INFO] matcher - Adding Security Group for allow labelset: LabelSet(labels={'app': 'app-a', 'role': 'backend'})
2025-07-30 13:38:05,882 [INFO] security_group_module - SGMod: Adding rule to SG-app:app-arole:database, remote SG-app:app-arole:backend, port 80, type ingress
2025-07-30 13:38:06,001 [INFO] security_group_module - Attaching security group SG-app:app-crole:database to instance worker-1
2025-07-30 13:38:06,019 [INFO] kopf.objects - Handler 'handle_new_pod/spec.nodeName' succeeded.
2025-07-30 13:38:06,020 [INFO] kopf.objects - Creation is processed: 1 succeeded; 0 failed.
2025-07-30 13:38:06,051 [INFO] matcher - PLS: Configuring new pod with labelset: {L}
2025-07-30 13:38:06,051 [INFO] matcher - PLS: Configuring new spol Policy(name=app-b-allow-backend-database, sel=LabelSet(labels={'app': 'app-b', 'role': 'backend'}), allow=[
(LabelSet(labels={'app': 'app-b', 'role': 'database'}), Traffic(direction=ingress, port=80, protocol=TCP)) 
])
2025-07-30 13:38:06,052 [INFO] matcher - Adding Security Group for select labelset: LabelSet(labels={'app': 'app-b', 'role': 'backend'})
2025-07-30 13:38:06,052 [INFO] matcher - Adding Security Group for allow labelset: LabelSet(labels={'app': 'app-b', 'role': 'database'})
2025-07-30 13:38:06,052 [INFO] security_group_module - SGMod: Adding rule to SG-app:app-brole:backend, remote SG-app:app-brole:database, port 80, type ingress
2025-07-30 13:38:06,064 [INFO] matcher - PLS: Configuring new spol Policy(name=app-a-allow-backend-database, sel=LabelSet(labels={'app': 'app-a', 'role': 'backend'}), allow=[
(LabelSet(labels={'app': 'app-a', 'role': 'database'}), Traffic(direction=egress, port=80, protocol=TCP)) 
])
2025-07-30 13:38:06,064 [INFO] matcher - Adding Security Group for select labelset: LabelSet(labels={'app': 'app-a', 'role': 'backend'})
2025-07-30 13:38:06,065 [INFO] matcher - Adding Security Group for allow labelset: LabelSet(labels={'app': 'app-a', 'role': 'database'})
2025-07-30 13:38:06,066 [INFO] security_group_module - SGMod: Adding rule to SG-app:app-arole:backend, remote SG-app:app-arole:database, port 80, type egress
2025-07-30 13:38:06,162 [INFO] security_group_module - Cannot add rule to remotes: Security group rule already exists. Rule id is 4eecb2df-1157-4ce2-9dd3-16fe30a0084b.
Neutron server returns request_ids: ['req-8acb706f-6d05-4a15-8ec6-b69d6af357d6']
2025-07-30 13:38:06,197 [INFO] security_group_module - Cannot add rule to remotes: Security group rule already exists. Rule id is da51b1ee-66ff-414d-b2e5-37c2ef71e761.
Neutron server returns request_ids: ['req-e156981a-ee44-4f00-9c86-f26ea35332e5']
2025-07-30 13:38:06,197 [INFO] matcher - PLS: Configuring new spol Policy(name=app-b-allow-backend-database, sel=LabelSet(labels={'app': 'app-b', 'role': 'backend'}), allow=[
(LabelSet(labels={'app': 'app-b', 'role': 'database'}), Traffic(direction=egress, port=80, protocol=TCP)) 
])
2025-07-30 13:38:06,198 [INFO] matcher - Adding Security Group for select labelset: LabelSet(labels={'app': 'app-b', 'role': 'backend'})
2025-07-30 13:38:06,198 [INFO] matcher - Adding Security Group for allow labelset: LabelSet(labels={'app': 'app-b', 'role': 'database'})
2025-07-30 13:38:06,198 [INFO] security_group_module - SGMod: Adding rule to SG-app:app-brole:backend, remote SG-app:app-brole:database, port 80, type egress
2025-07-30 13:38:06,313 [INFO] security_group_module - Cannot add rule to remotes: Security group rule already exists. Rule id is b4253ee1-d388-47fc-8979-65b907e7a570.
Neutron server returns request_ids: ['req-68ecc68e-3525-4396-b0c9-ed6ff8cb5e10']
2025-07-30 13:38:06,313 [INFO] matcher - PLS: Configuring new spol Policy(name=app-b-allow-database-backend, sel=LabelSet(labels={'app': 'app-b', 'role': 'database'}), allow=[
(LabelSet(labels={'app': 'app-b', 'role': 'backend'}), Traffic(direction=egress, port=80, protocol=TCP)) 
])
2025-07-30 13:38:06,314 [INFO] matcher - Adding Security Group for select labelset: LabelSet(labels={'app': 'app-b', 'role': 'database'})
2025-07-30 13:38:06,314 [INFO] matcher - Adding Security Group for allow labelset: LabelSet(labels={'app': 'app-b', 'role': 'backend'})
2025-07-30 13:38:06,314 [INFO] security_group_module - SGMod: Adding rule to SG-app:app-brole:database, remote SG-app:app-brole:backend, port 80, type egress
2025-07-30 13:38:06,470 [INFO] matcher - PLS: Configuring new spol Policy(name=app-b-allow-database-backend, sel=LabelSet(labels={'app': 'app-b', 'role': 'database'}), allow=[
(LabelSet(labels={'app': 'app-b', 'role': 'backend'}), Traffic(direction=ingress, port=80, protocol=TCP)) 
])
2025-07-30 13:38:06,470 [INFO] matcher - Adding Security Group for select labelset: LabelSet(labels={'app': 'app-b', 'role': 'database'})
2025-07-30 13:38:06,470 [INFO] matcher - Adding Security Group for allow labelset: LabelSet(labels={'app': 'app-b', 'role': 'backend'})
2025-07-30 13:38:06,471 [INFO] security_group_module - SGMod: Adding rule to SG-app:app-brole:database, remote SG-app:app-brole:backend, port 80, type ingress
2025-07-30 13:38:06,487 [INFO] security_group_module - Attaching security group SG-app:app-arole:database to instance worker-1
2025-07-30 13:38:06,593 [INFO] kopf.objects - Handler 'handle_new_pod/spec.nodeName' succeeded.
2025-07-30 13:38:06,594 [INFO] kopf.objects - Creation is processed: 1 succeeded; 0 failed.
2025-07-30 13:38:06,611 [INFO] matcher - PLS: Configuring new pod with labelset: {L}
2025-07-30 13:38:06,611 [INFO] matcher - PLS: Configuring new spol Policy(name=app-c-allow-backend-frontend, sel=LabelSet(labels={'app': 'app-c', 'role': 'backend'}), allow=[
(LabelSet(labels={'app': 'app-c', 'role': 'frontend'}), Traffic(direction=egress, port=80, protocol=TCP)) 
])
2025-07-30 13:38:06,612 [INFO] matcher - Adding Security Group for select labelset: LabelSet(labels={'app': 'app-c', 'role': 'backend'})
2025-07-30 13:38:06,612 [INFO] matcher - Adding Security Group for allow labelset: LabelSet(labels={'app': 'app-c', 'role': 'frontend'})
2025-07-30 13:38:06,612 [INFO] security_group_module - SGMod: Adding rule to SG-app:app-crole:backend, remote SG-app:app-crole:frontend, port 80, type egress
2025-07-30 13:38:06,705 [INFO] matcher - PLS: Configuring new spol Policy(name=app-c-allow-frontend-backend, sel=LabelSet(labels={'app': 'app-c', 'role': 'frontend'}), allow=[
(LabelSet(labels={'app': 'app-c', 'role': 'backend'}), Traffic(direction=egress, port=80, protocol=TCP)) 
])
2025-07-30 13:38:06,705 [INFO] matcher - Adding Security Group for select labelset: LabelSet(labels={'app': 'app-c', 'role': 'frontend'})
2025-07-30 13:38:06,705 [INFO] matcher - Adding Security Group for allow labelset: LabelSet(labels={'app': 'app-c', 'role': 'backend'})
2025-07-30 13:38:06,706 [INFO] security_group_module - SGMod: Adding rule to SG-app:app-crole:frontend, remote SG-app:app-crole:backend, port 80, type egress
2025-07-30 13:38:06,847 [INFO] security_group_module - Cannot add rule to remotes: Security group rule already exists. Rule id is b53309ae-14d0-48f5-9223-ac090130b769.
Neutron server returns request_ids: ['req-ce03effe-efc8-4565-a1a2-68ab35b6376e']
2025-07-30 13:38:06,848 [INFO] matcher - PLS: Configuring new spol Policy(name=app-c-allow-database-backend, sel=LabelSet(labels={'app': 'app-c', 'role': 'database'}), allow=[
(LabelSet(labels={'app': 'app-c', 'role': 'backend'}), Traffic(direction=ingress, port=80, protocol=TCP)) 
])
2025-07-30 13:38:06,848 [INFO] matcher - Adding Security Group for select labelset: LabelSet(labels={'app': 'app-c', 'role': 'database'})
2025-07-30 13:38:06,848 [INFO] matcher - Adding Security Group for allow labelset: LabelSet(labels={'app': 'app-c', 'role': 'backend'})
2025-07-30 13:38:06,848 [INFO] security_group_module - SGMod: Adding rule to SG-app:app-crole:database, remote SG-app:app-crole:backend, port 80, type ingress
2025-07-30 13:38:06,939 [INFO] security_group_module - Attaching security group SG-app:app-brole:database to instance worker-1
2025-07-30 13:38:06,943 [INFO] security_group_module - Cannot add rule to remotes: Security group rule already exists. Rule id is c5508aaf-9ee6-4b87-b89d-f4b8df380326.
Neutron server returns request_ids: ['req-c3b81d24-c467-4027-90d1-023adcbaa0ff']
2025-07-30 13:38:06,943 [INFO] matcher - PLS: Configuring new spol Policy(name=app-c-allow-backend-frontend, sel=LabelSet(labels={'app': 'app-c', 'role': 'backend'}), allow=[
(LabelSet(labels={'app': 'app-c', 'role': 'frontend'}), Traffic(direction=ingress, port=80, protocol=TCP)) 
])
2025-07-30 13:38:06,943 [INFO] matcher - Adding Security Group for select labelset: LabelSet(labels={'app': 'app-c', 'role': 'backend'})
2025-07-30 13:38:06,943 [INFO] matcher - Adding Security Group for allow labelset: LabelSet(labels={'app': 'app-c', 'role': 'frontend'})
2025-07-30 13:38:06,943 [INFO] security_group_module - SGMod: Adding rule to SG-app:app-crole:backend, remote SG-app:app-crole:frontend, port 80, type ingress
[137860489389760] Handling pod test-pod-7, locking app:app-crole:database, app:app-crole:backend, app:app-crole:frontend,  ...
Registering time when event comes in for test-pod-11: 1753882681.0668507
New pod test-pod-11! old_node = None, new_node = worker-1.
Handling the new pod object: Pod(name=test-pod-11, label_set=LabelSet(labels={'app': 'app-a', 'role': 'database'}), node=Node(name=worker-1)
[137860480997056] Handling pod test-pod-11, locking app:app-arole:database, app:app-arole:backend,  ...
Registering time when event comes in for test-pod-12: 1753882681.0726285
New pod test-pod-12! old_node = None, new_node = worker-1.
Handling the new pod object: Pod(name=test-pod-12, label_set=LabelSet(labels={'app': 'app-b', 'role': 'frontend'}), node=Node(name=worker-1)
[137859994482368] Handling pod test-pod-12, locking app:app-brole:backend, app:app-brole:frontend,  ...
Registering time when event comes in for test-pod-9: 1753882681.0762105
New pod test-pod-9! old_node = None, new_node = worker-1.
Handling the new pod object: Pod(name=test-pod-9, label_set=LabelSet(labels={'app': 'app-a', 'role': 'frontend'}), node=Node(name=worker-1)
[137859986089664] Handling pod test-pod-9, locking app:app-arole:backend, app:app-arole:frontend,  ...
Registering time when event comes in for test-pod-17: 1753882681.0857766
New pod test-pod-17! old_node = None, new_node = worker-1.
Handling the new pod object: Pod(name=test-pod-17, label_set=LabelSet(labels={'app': 'app-c', 'role': 'database'}), node=Node(name=worker-1)
[137859977696960] Handling pod test-pod-17, locking app:app-crole:database, app:app-crole:backend,  ...
Registering time when event comes in for test-pod-13: 1753882681.0888627
New pod test-pod-13! old_node = None, new_node = worker-1.
Handling the new pod object: Pod(name=test-pod-13, label_set=LabelSet(labels={'app': 'app-b', 'role': 'backend'}), node=Node(name=worker-1)
[137859969304256] Handling pod test-pod-13, locking app:app-brole:backend, app:app-brole:frontend, app:app-brole:database,  ...
Registering time when event comes in for test-pod-14: 1753882681.0908473
New pod test-pod-14! old_node = None, new_node = worker-1.
Handling the new pod object: Pod(name=test-pod-14, label_set=LabelSet(labels={'app': 'app-b', 'role': 'database'}), node=Node(name=worker-1)
[137859960911552] Handling pod test-pod-14, locking app:app-brole:database, app:app-brole:backend,  ...
Registering time when event comes in for test-pod-15: 1753882681.099894
New pod test-pod-15! old_node = None, new_node = worker-1.
Handling the new pod object: Pod(name=test-pod-15, label_set=LabelSet(labels={'app': 'app-c', 'role': 'frontend'}), node=Node(name=worker-1)
[137859952518848] Handling pod test-pod-15, locking app:app-crole:backend, app:app-crole:frontend,  ...
Registering time when event comes in for test-pod-10: 1753882681.1025605
New pod test-pod-10! old_node = None, new_node = worker-1.
Handling the new pod object: Pod(name=test-pod-10, label_set=LabelSet(labels={'app': 'app-a', 'role': 'backend'}), node=Node(name=worker-1)
[137859944126144] Handling pod test-pod-10, locking app:app-arole:database, app:app-arole:frontend, app:app-arole:backend,  ...
Registering time when event comes in for test-pod-18: 1753882681.1041646
New pod test-pod-18! old_node = None, new_node = worker-1.
Handling the new pod object: Pod(name=test-pod-18, label_set=LabelSet(labels={'app': 'app-a', 'role': 'frontend'}), node=Node(name=worker-1)
[137859457611456] Handling pod test-pod-18, locking app:app-arole:backend, app:app-arole:frontend,  ...
Registering time when event comes in for test-pod-16: 1753882681.110148
New pod test-pod-16! old_node = None, new_node = worker-1.
Handling the new pod object: Pod(name=test-pod-16, label_set=LabelSet(labels={'app': 'app-c', 'role': 'backend'}), node=Node(name=worker-1)
[137859449218752] Handling pod test-pod-16, locking app:app-crole:database, app:app-crole:backend, app:app-crole:frontend,  ...
Registering time when event comes in for test-pod-20: 1753882681.1116333
New pod test-pod-20! old_node = None, new_node = worker-1.
Handling the new pod object: Pod(name=test-pod-20, label_set=LabelSet(labels={'app': 'app-a', 'role': 'database'}), node=Node(name=worker-1)
[137859440826048] Handling pod test-pod-20, locking app:app-arole:database, app:app-arole:backend,  ...
[137860769027776] Pod test-pod-0 handled. Released locks for: app:app-arole:backend, app:app-arole:frontend, 
Registering time when event is handled for test-pod-0: 1753882683.7189333
New pod: test-pod-1, on node: worker-1
Registering time when event comes in for test-pod-19: 1753882683.7325573
New pod test-pod-19! old_node = None, new_node = worker-1.
Handling the new pod object: Pod(name=test-pod-19, label_set=LabelSet(labels={'app': 'app-a', 'role': 'backend'}), node=Node(name=worker-1)
[137860769027776] Handling pod test-pod-19, locking app:app-arole:database, app:app-arole:frontend, app:app-arole:backend,  ...
[137860745950912] Pod test-pod-3 handled. Released locks for: app:app-brole:backend, app:app-brole:frontend, 
Registering time when event is handled for test-pod-3: 1753882683.9366765
New pod: test-pod-4, on node: worker-1
Registering time when event comes in for test-pod-21: 1753882683.9512844
New pod test-pod-21! old_node = None, new_node = worker-1.
Handling the new pod object: Pod(name=test-pod-21, label_set=LabelSet(labels={'app': 'app-b', 'role': 'frontend'}), node=Node(name=worker-1)
[137860745950912] Handling pod test-pod-21, locking app:app-brole:backend, app:app-brole:frontend,  ...
[137860514567872] Pod test-pod-6 handled. Released locks for: app:app-crole:backend, app:app-crole:frontend, 
Registering time when event is handled for test-pod-6: 1753882683.9919457
New pod: test-pod-8, on node: worker-1
Registering time when event comes in for test-pod-28: 1753882684.0043602
New pod test-pod-28! old_node = None, new_node = worker-1.
Handling the new pod object: Pod(name=test-pod-28, label_set=LabelSet(labels={'app': 'app-a', 'role': 'backend'}), node=Node(name=worker-1)
[137860514567872] Handling pod test-pod-28, locking app:app-arole:database, app:app-arole:frontend, app:app-arole:backend,  ...
[137860755392192] Pod test-pod-1 handled. Released locks for: app:app-arole:database, app:app-arole:frontend, app:app-arole:backend, 
Registering time when event is handled for test-pod-1: 1753882685.5804782
New pod: test-pod-2, on node: worker-1
Registering time when event comes in for test-pod-25: 1753882685.5967722
New pod test-pod-25! old_node = None, new_node = worker-1.
Handling the new pod object: Pod(name=test-pod-25, label_set=LabelSet(labels={'app': 'app-c', 'role': 'backend'}), node=Node(name=worker-1)
[137860755392192] Handling pod test-pod-25, locking app:app-crole:database, app:app-crole:backend, app:app-crole:frontend,  ...
[137860522960576] Pod test-pod-4 handled. Released locks for: app:app-brole:backend, app:app-brole:frontend, app:app-brole:database, 
Registering time when event is handled for test-pod-4: 1753882686.0032468
New pod: test-pod-5, on node: worker-1
Registering time when event comes in for test-pod-27: 1753882686.0179653
New pod test-pod-27! old_node = None, new_node = worker-1.
Handling the new pod object: Pod(name=test-pod-27, label_set=LabelSet(labels={'app': 'app-a', 'role': 'frontend'}), node=Node(name=worker-1)
[137860522960576] Handling pod test-pod-27, locking app:app-arole:backend, app:app-arole:frontend,  ...
[137860506175168] Pod test-pod-8 handled. Released locks for: app:app-crole:database, app:app-crole:backend, 
Registering time when event is handled for test-pod-8: 1753882686.5831196
New pod: test-pod-7, on node: worker-1
Registering time when event comes in for test-pod-24: 1753882686.5928354
New pod test-pod-24! old_node = None, new_node = worker-1.
Handling the new pod object: Pod(name=test-pod-24, label_set=LabelSet(labels={'app': 'app-c', 'role': 'frontend'}), node=Node(name=worker-1)
[137860506175168] Handling pod test-pod-24, locking app:app-crole:backend, app:app-crole:frontend,  ...
[137860531353280] Pod test-pod-2 handled. Released locks for: app:app-arole:database, app:app-arole:backend, 
2025-07-30 13:38:06,974 [INFO] kopf.objects - Handler 'handle_new_pod/spec.nodeName' succeeded.
2025-07-30 13:38:06,975 [INFO] kopf.objects - Creation is processed: 1 succeeded; 0 failed.
2025-07-30 13:38:06,986 [INFO] kopf.objects - Handler 'handle_new_pod/spec.nodeName' succeeded.
2025-07-30 13:38:06,986 [INFO] kopf.objects - Creation is processed: 1 succeeded; 0 failed.
2025-07-30 13:38:07,008 [INFO] kopf.objects - Handler 'handle_new_pod/spec.nodeName' succeeded.
2025-07-30 13:38:07,009 [INFO] kopf.objects - Creation is processed: 1 succeeded; 0 failed.
2025-07-30 13:38:07,022 [INFO] kopf.objects - Handler 'handle_new_pod/spec.nodeName' succeeded.
2025-07-30 13:38:07,024 [INFO] kopf.objects - Creation is processed: 1 succeeded; 0 failed.
2025-07-30 13:38:07,033 [INFO] kopf.objects - Handler 'handle_new_pod/spec.nodeName' succeeded.
2025-07-30 13:38:07,035 [INFO] kopf.objects - Creation is processed: 1 succeeded; 0 failed.
2025-07-30 13:38:07,097 [INFO] kopf.objects - Handler 'handle_new_pod/spec.nodeName' succeeded.
2025-07-30 13:38:07,098 [INFO] kopf.objects - Creation is processed: 1 succeeded; 0 failed.
2025-07-30 13:38:07,116 [INFO] kopf.objects - Handler 'handle_new_pod/spec.nodeName' succeeded.
2025-07-30 13:38:07,116 [INFO] kopf.objects - Creation is processed: 1 succeeded; 0 failed.
2025-07-30 13:38:07,129 [INFO] kopf.objects - Handler 'handle_new_pod/spec.nodeName' succeeded.
2025-07-30 13:38:07,129 [INFO] kopf.objects - Creation is processed: 1 succeeded; 0 failed.
2025-07-30 13:38:07,148 [INFO] kopf.objects - Handler 'handle_new_pod/spec.nodeName' succeeded.
2025-07-30 13:38:07,149 [INFO] kopf.objects - Creation is processed: 1 succeeded; 0 failed.
2025-07-30 13:38:07,166 [INFO] kopf.objects - Handler 'handle_new_pod/spec.nodeName' succeeded.
2025-07-30 13:38:07,167 [INFO] kopf.objects - Creation is processed: 1 succeeded; 0 failed.
2025-07-30 13:38:07,188 [INFO] matcher - PLS: Configuring new spol Policy(name=app-c-allow-backend-database, sel=LabelSet(labels={'app': 'app-c', 'role': 'backend'}), allow=[
(LabelSet(labels={'app': 'app-c', 'role': 'database'}), Traffic(direction=egress, port=80, protocol=TCP)) 
])
2025-07-30 13:38:07,188 [INFO] matcher - Adding Security Group for select labelset: LabelSet(labels={'app': 'app-c', 'role': 'backend'})
2025-07-30 13:38:07,188 [INFO] matcher - Adding Security Group for allow labelset: LabelSet(labels={'app': 'app-c', 'role': 'database'})
2025-07-30 13:38:07,188 [INFO] security_group_module - SGMod: Adding rule to SG-app:app-crole:backend, remote SG-app:app-crole:database, port 80, type egress
2025-07-30 13:38:07,645 [INFO] matcher - PLS: Configuring new spol Policy(name=app-c-allow-frontend-backend, sel=LabelSet(labels={'app': 'app-c', 'role': 'frontend'}), allow=[
(LabelSet(labels={'app': 'app-c', 'role': 'backend'}), Traffic(direction=ingress, port=80, protocol=TCP)) 
])
2025-07-30 13:38:07,645 [INFO] matcher - Adding Security Group for select labelset: LabelSet(labels={'app': 'app-c', 'role': 'frontend'})
2025-07-30 13:38:07,646 [INFO] matcher - Adding Security Group for allow labelset: LabelSet(labels={'app': 'app-c', 'role': 'backend'})
2025-07-30 13:38:07,646 [INFO] security_group_module - SGMod: Adding rule to SG-app:app-crole:frontend, remote SG-app:app-crole:backend, port 80, type ingress
2025-07-30 13:38:07,701 [INFO] kopf.objects - Handler 'handle_new_pod/spec.nodeName' succeeded.
2025-07-30 13:38:07,703 [INFO] kopf.objects - Creation is processed: 1 succeeded; 0 failed.
2025-07-30 13:38:07,720 [INFO] kopf.objects - Handler 'handle_new_pod/spec.nodeName' succeeded.
2025-07-30 13:38:07,720 [INFO] kopf.objects - Creation is processed: 1 succeeded; 0 failed.
2025-07-30 13:38:07,736 [INFO] security_group_module - Cannot add rule to remotes: Security group rule already exists. Rule id is 705475c0-c84a-4fc8-a661-c42536f9e919.
Neutron server returns request_ids: ['req-02da0c9b-4136-43aa-b43f-e11e43e93bc0']
2025-07-30 13:38:07,736 [INFO] matcher - PLS: Configuring new spol Policy(name=app-c-allow-backend-database, sel=LabelSet(labels={'app': 'app-c', 'role': 'backend'}), allow=[
(LabelSet(labels={'app': 'app-c', 'role': 'database'}), Traffic(direction=ingress, port=80, protocol=TCP)) 
])
2025-07-30 13:38:07,736 [INFO] matcher - Adding Security Group for select labelset: LabelSet(labels={'app': 'app-c', 'role': 'backend'})
2025-07-30 13:38:07,736 [INFO] matcher - Adding Security Group for allow labelset: LabelSet(labels={'app': 'app-c', 'role': 'database'})
2025-07-30 13:38:07,736 [INFO] security_group_module - SGMod: Adding rule to SG-app:app-crole:backend, remote SG-app:app-crole:database, port 80, type ingress
2025-07-30 13:38:07,739 [INFO] kopf.objects - Handler 'handle_new_pod/spec.nodeName' succeeded.
2025-07-30 13:38:07,740 [INFO] kopf.objects - Creation is processed: 1 succeeded; 0 failed.
Registering time when event is handled for test-pod-2: 1753882686.9604163
New pod: test-pod-11, on node: worker-1
Registering time when event comes in for test-pod-26: 1753882686.974001
New pod test-pod-26! old_node = None, new_node = worker-1.
Handling the new pod object: Pod(name=test-pod-26, label_set=LabelSet(labels={'app': 'app-c', 'role': 'database'}), node=Node(name=worker-1)
[137860531353280] Handling pod test-pod-26, locking app:app-crole:database, app:app-crole:backend,  ...
[137860480997056] Pod test-pod-11 handled. Released locks for: app:app-arole:database, app:app-arole:backend, 
Registering time when event is handled for test-pod-11: 1753882686.9778655
New pod: test-pod-9, on node: worker-1
Registering time when event comes in for test-pod-29: 1753882686.9855268
New pod test-pod-29! old_node = None, new_node = worker-1.
Handling the new pod object: Pod(name=test-pod-29, label_set=LabelSet(labels={'app': 'app-a', 'role': 'database'}), node=Node(name=worker-1)
[137860480997056] Handling pod test-pod-29, locking app:app-arole:database, app:app-arole:backend,  ...
[137859986089664] Pod test-pod-9 handled. Released locks for: app:app-arole:backend, app:app-arole:frontend, 
Registering time when event is handled for test-pod-9: 1753882686.9909718
New pod: test-pod-10, on node: worker-1
Registering time when event comes in for test-pod-30: 1753882687.003993
New pod test-pod-30! old_node = None, new_node = worker-1.
Handling the new pod object: Pod(name=test-pod-30, label_set=LabelSet(labels={'app': 'app-b', 'role': 'frontend'}), node=Node(name=worker-1)
[137859986089664] Handling pod test-pod-30, locking app:app-brole:backend, app:app-brole:frontend,  ...
[137859944126144] Pod test-pod-10 handled. Released locks for: app:app-arole:database, app:app-arole:frontend, app:app-arole:backend, 
Registering time when event is handled for test-pod-10: 1753882687.0065763
New pod: test-pod-18, on node: worker-1
Registering time when event comes in for test-pod-22: 1753882687.0212746
New pod test-pod-22! old_node = None, new_node = worker-1.
Handling the new pod object: Pod(name=test-pod-22, label_set=LabelSet(labels={'app': 'app-b', 'role': 'backend'}), node=Node(name=worker-1)
[137859944126144] Handling pod test-pod-22, locking app:app-brole:backend, app:app-brole:frontend, app:app-brole:database,  ...
[137859457611456] Pod test-pod-18 handled. Released locks for: app:app-arole:backend, app:app-arole:frontend, 
Registering time when event is handled for test-pod-18: 1753882687.0214868
New pod: test-pod-20, on node: worker-1
Registering time when event comes in for test-pod-31: 1753882687.0317593
New pod test-pod-31! old_node = None, new_node = worker-1.
Handling the new pod object: Pod(name=test-pod-31, label_set=LabelSet(labels={'app': 'app-b', 'role': 'backend'}), node=Node(name=worker-1)
[137859457611456] Handling pod test-pod-31, locking app:app-brole:backend, app:app-brole:frontend, app:app-brole:database,  ...
[137859440826048] Pod test-pod-20 handled. Released locks for: app:app-arole:database, app:app-arole:backend, 
Registering time when event is handled for test-pod-20: 1753882687.0877337
New pod: test-pod-19, on node: worker-1
Registering time when event comes in for test-pod-23: 1753882687.097237
New pod test-pod-23! old_node = None, new_node = worker-1.
Handling the new pod object: Pod(name=test-pod-23, label_set=LabelSet(labels={'app': 'app-b', 'role': 'database'}), node=Node(name=worker-1)
[137859440826048] Handling pod test-pod-23, locking app:app-brole:database, app:app-brole:backend,  ...
[137860769027776] Pod test-pod-19 handled. Released locks for: app:app-arole:database, app:app-arole:frontend, app:app-arole:backend, 
Registering time when event is handled for test-pod-19: 1753882687.1030242
New pod: test-pod-28, on node: worker-1
Registering time when event comes in for test-pod-32: 1753882687.114669
New pod test-pod-32! old_node = None, new_node = worker-1.
Handling the new pod object: Pod(name=test-pod-32, label_set=LabelSet(labels={'app': 'app-b', 'role': 'database'}), node=Node(name=worker-1)
[137860769027776] Handling pod test-pod-32, locking app:app-brole:database, app:app-brole:backend,  ...
[137860514567872] Pod test-pod-28 handled. Released locks for: app:app-arole:database, app:app-arole:frontend, app:app-arole:backend, 
Registering time when event is handled for test-pod-28: 1753882687.1190543
New pod: test-pod-27, on node: worker-1
Registering time when event comes in for test-pod-33: 1753882687.1289544
New pod test-pod-33! old_node = None, new_node = worker-1.
Handling the new pod object: Pod(name=test-pod-33, label_set=LabelSet(labels={'app': 'app-c', 'role': 'frontend'}), node=Node(name=worker-1)
[137860514567872] Handling pod test-pod-33, locking app:app-crole:backend, app:app-crole:frontend,  ...
[137860522960576] Pod test-pod-27 handled. Released locks for: app:app-arole:backend, app:app-arole:frontend, 
Registering time when event is handled for test-pod-27: 1753882687.135717
New pod: test-pod-29, on node: worker-1
Registering time when event comes in for test-pod-34: 1753882687.1483924
New pod test-pod-34! old_node = None, new_node = worker-1.
Handling the new pod object: Pod(name=test-pod-34, label_set=LabelSet(labels={'app': 'app-c', 'role': 'backend'}), node=Node(name=worker-1)
[137860522960576] Handling pod test-pod-34, locking app:app-crole:database, app:app-crole:backend, app:app-crole:frontend,  ...
[137860480997056] Pod test-pod-29 handled. Released locks for: app:app-arole:database, app:app-arole:backend, 
Registering time when event is handled for test-pod-29: 1753882687.1548371
Registering time when event comes in for test-pod-35: 1753882687.1661334
New pod test-pod-35! old_node = None, new_node = worker-1.
Handling the new pod object: Pod(name=test-pod-35, label_set=LabelSet(labels={'app': 'app-c', 'role': 'database'}), node=Node(name=worker-1)
[137860480997056] Handling pod test-pod-35, locking app:app-crole:database, app:app-crole:backend,  ...
[137860497782464] Pod test-pod-5 handled. Released locks for: app:app-brole:database, app:app-brole:backend, 
Registering time when event is handled for test-pod-5: 1753882687.685615
New pod: test-pod-12, on node: worker-1
Registering time when event comes in for test-pod-36: 1753882687.6999633
New pod test-pod-36! old_node = None, new_node = worker-1.
Handling the new pod object: Pod(name=test-pod-36, label_set=LabelSet(labels={'app': 'app-a', 'role': 'frontend'}), node=Node(name=worker-1)
[137860497782464] Handling pod test-pod-36, locking app:app-arole:backend, app:app-arole:frontend,  ...
New pod: test-pod-36, on node: worker-1
[137859994482368] Pod test-pod-12 handled. Released locks for: app:app-brole:backend, app:app-brole:frontend, 
Registering time when event is handled for test-pod-12: 1753882687.7060745
New pod: test-pod-13, on node: worker-1
Registering time when event comes in for test-pod-37: 1753882687.7197862
New pod test-pod-37! old_node = None, new_node = worker-1.
Handling the new pod object: Pod(name=test-pod-37, label_set=LabelSet(labels={'app': 'app-a', 'role': 'backend'}), node=Node(name=worker-1)
[137859994482368] Handling pod test-pod-37, locking app:app-arole:database, app:app-arole:frontend, app:app-arole:backend,  ...
[137859969304256] Pod test-pod-13 handled. Released locks for: app:app-brole:backend, app:app-brole:frontend, app:app-brole:database, 
Registering time when event is handled for test-pod-13: 1753882687.724555
[137860497782464] Pod test-pod-36 handled. Released locks for: app:app-arole:backend, app:app-arole:frontend, 
Registering time when event is handled for test-pod-36: 1753882687.7254295
New pod: test-pod-37, on node: worker-1
New pod: test-pod-14, on node: worker-1
Registering time when event comes in for test-pod-38: 1753882687.738846
New pod test-pod-38! old_node = None, new_node = worker-1.
Handling the new pod object: Pod(name=test-pod-38, label_set=LabelSet(labels={'app': 'app-a', 'role': 'database'}), node=Node(name=worker-1)
[137859969304256] Handling pod test-pod-38, locking app:app-arole:database, app:app-arole:backend,  ...
2025-07-30 13:38:07,764 [INFO] kopf.objects - Handler 'handle_new_pod/spec.nodeName' succeeded.
2025-07-30 13:38:07,764 [INFO] kopf.objects - Creation is processed: 1 succeeded; 0 failed.
2025-07-30 13:38:07,775 [INFO] kopf.objects - Handler 'handle_new_pod/spec.nodeName' succeeded.
2025-07-30 13:38:07,775 [INFO] kopf.objects - Creation is processed: 1 succeeded; 0 failed.
2025-07-30 13:38:07,785 [INFO] kopf.objects - Handler 'handle_new_pod/spec.nodeName' succeeded.
2025-07-30 13:38:07,786 [INFO] kopf.objects - Creation is processed: 1 succeeded; 0 failed.
2025-07-30 13:38:07,800 [INFO] kopf.objects - Handler 'handle_new_pod/spec.nodeName' succeeded.
2025-07-30 13:38:07,801 [INFO] kopf.objects - Creation is processed: 1 succeeded; 0 failed.
2025-07-30 13:38:07,811 [INFO] kopf.objects - Handler 'handle_new_pod/spec.nodeName' succeeded.
2025-07-30 13:38:07,812 [INFO] kopf.objects - Creation is processed: 1 succeeded; 0 failed.
2025-07-30 13:38:07,822 [INFO] kopf.objects - Handler 'handle_new_pod/spec.nodeName' succeeded.
2025-07-30 13:38:07,823 [INFO] kopf.objects - Creation is processed: 1 succeeded; 0 failed.
2025-07-30 13:38:07,835 [INFO] kopf.objects - Handler 'handle_new_pod/spec.nodeName' succeeded.
2025-07-30 13:38:07,837 [INFO] kopf.objects - Creation is processed: 1 succeeded; 0 failed.
2025-07-30 13:38:07,857 [INFO] kopf.objects - Handler 'handle_new_pod/spec.nodeName' succeeded.
2025-07-30 13:38:07,859 [INFO] kopf.objects - Creation is processed: 1 succeeded; 0 failed.
2025-07-30 13:38:07,871 [INFO] kopf.objects - Handler 'handle_new_pod/spec.nodeName' succeeded.
2025-07-30 13:38:07,872 [INFO] kopf.objects - Creation is processed: 1 succeeded; 0 failed.
2025-07-30 13:38:07,885 [INFO] kopf.objects - Handler 'handle_new_pod/spec.nodeName' succeeded.
2025-07-30 13:38:07,886 [INFO] kopf.objects - Creation is processed: 1 succeeded; 0 failed.
2025-07-30 13:38:07,894 [INFO] kopf.objects - Handler 'handle_new_pod/spec.nodeName' succeeded.
2025-07-30 13:38:07,894 [INFO] kopf.objects - Creation is processed: 1 succeeded; 0 failed.
2025-07-30 13:38:07,905 [INFO] kopf.objects - Handler 'handle_new_pod/spec.nodeName' succeeded.
2025-07-30 13:38:07,905 [INFO] kopf.objects - Creation is processed: 1 succeeded; 0 failed.
[137859994482368] Pod test-pod-37 handled. Released locks for: app:app-arole:database, app:app-arole:frontend, app:app-arole:backend, 
Registering time when event is handled for test-pod-37: 1753882687.7508857
Registering time when event comes in for test-pod-39: 1753882687.7636583
New pod test-pod-39! old_node = None, new_node = worker-1.
Handling the new pod object: Pod(name=test-pod-39, label_set=LabelSet(labels={'app': 'app-b', 'role': 'frontend'}), node=Node(name=worker-1)
2025-07-30 13:38:07,920 [INFO] kopf.objects - Handler 'handle_new_pod/spec.nodeName' succeeded.
[137860497782464] Handling pod test-pod-39, locking app:app-brole:backend, app:app-brole:frontend,  ...
[137859969304256] Pod test-pod-38 handled. Released locks for: app:app-arole:database, app:app-arole:backend, 
Registering time when event is handled for test-pod-38: 1753882687.7678971
[137859960911552] Pod test-pod-14 handled. Released locks for: app:app-brole:database, app:app-brole:backend, 
Registering time when event is handled for test-pod-14: 1753882687.7746615
New pod: test-pod-21, on node: worker-1
Registering time when event comes in for test-pod-40: 1753882687.7748313
New pod test-pod-40! old_node = None, new_node = worker-1.
Handling the new pod object: Pod(name=test-pod-40, label_set=LabelSet(labels={'app': 'app-b', 'role': 'backend'}), node=Node(name=worker-1)
[137859994482368] Handling pod test-pod-40, locking app:app-brole:backend, app:app-brole:frontend, app:app-brole:database,  ...
Registering time when event comes in for test-pod-41: 1753882687.7850952
New pod test-pod-41! old_node = None, new_node = worker-1.
Handling the new pod object: Pod(name=test-pod-41, label_set=LabelSet(labels={'app': 'app-b', 'role': 'database'}), node=Node(name=worker-1)
[137859969304256] Handling pod test-pod-41, locking app:app-brole:database, app:app-brole:backend,  ...
[137860745950912] Pod test-pod-21 handled. Released locks for: app:app-brole:backend, app:app-brole:frontend, 
Registering time when event is handled for test-pod-21: 1753882687.7906473
New pod: test-pod-30, on node: worker-1
Registering time when event comes in for test-pod-42: 1753882687.8004763
New pod test-pod-42! old_node = None, new_node = worker-1.
Handling the new pod object: Pod(name=test-pod-42, label_set=LabelSet(labels={'app': 'app-c', 'role': 'frontend'}), node=Node(name=worker-1)
[137859960911552] Handling pod test-pod-42, locking app:app-crole:backend, app:app-crole:frontend,  ...
[137859986089664] Pod test-pod-30 handled. Released locks for: app:app-brole:backend, app:app-brole:frontend, 
Registering time when event is handled for test-pod-30: 1753882687.8049614
New pod: test-pod-22, on node: worker-1
Registering time when event comes in for test-pod-43: 1753882687.8105776
New pod test-pod-43! old_node = None, new_node = worker-1.
Handling the new pod object: Pod(name=test-pod-43, label_set=LabelSet(labels={'app': 'app-c', 'role': 'backend'}), node=Node(name=worker-1)
[137860745950912] Handling pod test-pod-43, locking app:app-crole:database, app:app-crole:backend, app:app-crole:frontend,  ...
[137859944126144] Pod test-pod-22 handled. Released locks for: app:app-brole:backend, app:app-brole:frontend, app:app-brole:database, 
Registering time when event is handled for test-pod-22: 1753882687.8195338
New pod: test-pod-31, on node: worker-1
Registering time when event comes in for test-pod-45: 1753882687.8220384
New pod test-pod-45! old_node = None, new_node = worker-1.
Handling the new pod object: Pod(name=test-pod-45, label_set=LabelSet(labels={'app': 'app-a', 'role': 'frontend'}), node=Node(name=worker-1)
[137859986089664] Handling pod test-pod-45, locking app:app-arole:backend, app:app-arole:frontend,  ...
New pod: test-pod-45, on node: worker-1
Registering time when event comes in for test-pod-47: 1753882687.8344471
New pod test-pod-47! old_node = None, new_node = worker-1.
Handling the new pod object: Pod(name=test-pod-47, label_set=LabelSet(labels={'app': 'app-a', 'role': 'database'}), node=Node(name=worker-1)
[137859944126144] Handling pod test-pod-47, locking app:app-arole:database, app:app-arole:backend,  ...
[137859457611456] Pod test-pod-31 handled. Released locks for: app:app-brole:backend, app:app-brole:frontend, app:app-brole:database, 
Registering time when event is handled for test-pod-31: 1753882687.8427184
New pod: test-pod-23, on node: worker-1
Registering time when event comes in for test-pod-46: 1753882687.8530037
New pod test-pod-46! old_node = None, new_node = worker-1.
Handling the new pod object: Pod(name=test-pod-46, label_set=LabelSet(labels={'app': 'app-a', 'role': 'backend'}), node=Node(name=worker-1)
[137859457611456] Handling pod test-pod-46, locking app:app-arole:database, app:app-arole:frontend, app:app-arole:backend,  ...
[137859440826048] Pod test-pod-23 handled. Released locks for: app:app-brole:database, app:app-brole:backend, 
Registering time when event is handled for test-pod-23: 1753882687.8611174
[137859986089664] Pod test-pod-45 handled. Released locks for: app:app-arole:backend, app:app-arole:frontend, 
Registering time when event is handled for test-pod-45: 1753882687.8612893
New pod: test-pod-32, on node: worker-1
New pod: test-pod-47, on node: worker-1
Registering time when event comes in for test-pod-48: 1753882687.870752
New pod test-pod-48! old_node = None, new_node = worker-1.
Handling the new pod object: Pod(name=test-pod-48, label_set=LabelSet(labels={'app': 'app-b', 'role': 'frontend'}), node=Node(name=worker-1)
[137859440826048] Handling pod test-pod-48, locking app:app-brole:backend, app:app-brole:frontend,  ...
[137859944126144] Pod test-pod-47 handled. Released locks for: app:app-arole:database, app:app-arole:backend, 
Registering time when event is handled for test-pod-47: 1753882687.8737466
New pod: test-pod-46, on node: worker-1
[137860769027776] Pod test-pod-32 handled. Released locks for: app:app-brole:database, app:app-brole:backend, 
Registering time when event is handled for test-pod-32: 1753882687.8843858
Registering time when event comes in for test-pod-49: 1753882687.8845525
New pod test-pod-49! old_node = None, new_node = worker-1.
Handling the new pod object: Pod(name=test-pod-49, label_set=LabelSet(labels={'app': 'app-b', 'role': 'backend'}), node=Node(name=worker-1)
[137859986089664] Handling pod test-pod-49, locking app:app-brole:backend, app:app-brole:frontend, app:app-brole:database,  ...
New pod: test-pod-39, on node: worker-1
Registering time when event comes in for test-pod-44: 1753882687.893865
New pod test-pod-44! old_node = None, new_node = worker-1.
Handling the new pod object: Pod(name=test-pod-44, label_set=LabelSet(labels={'app': 'app-c', 'role': 'database'}), node=Node(name=worker-1)
[137859944126144] Handling pod test-pod-44, locking app:app-crole:database, app:app-crole:backend,  ...
[137860497782464] Pod test-pod-39 handled. Released locks for: app:app-brole:backend, app:app-brole:frontend, 
Registering time when event is handled for test-pod-39: 1753882687.8999906
New pod: test-pod-40, on node: worker-1
Registering time when event comes in for test-pod-50: 1753882687.9052136
New pod test-pod-50! old_node = None, new_node = worker-1.
Handling the new pod object: Pod(name=test-pod-50, label_set=LabelSet(labels={'app': 'app-b', 'role': 'database'}), node=Node(name=worker-1)
[137860769027776] Handling pod test-pod-50, locking app:app-brole:database, app:app-brole:backend,  ...
[137859457611456] Pod test-pod-46 handled. Released locks for: app:app-arole:database, app:app-arole:frontend, app:app-arole:backend, 
Registering time when event is handled for test-pod-46: 1753882687.905397
[137859994482368] Pod test-pod-40 handled. Released locks for: app:app-brole:backend, app:app-brole:frontend, app:app-brole:database, 
Registering time when event is handled for test-pod-40: 1753882687.9160354
New pod: test-pod-41, on node: worker-1
Registering time when event comes in for test-pod-51: 1753882687.9202793
New pod test-pod-51! old_node = None, new_node = worker-1.
Handling the new pod object: Pod(name=test-pod-51, label_set=LabelSet(labels={'app': 'app-c', 'role': 'frontend'}), node=Node(name=worker-1)
2025-07-30 13:38:07,921 [INFO] kopf.objects - Creation is processed: 1 succeeded; 0 failed.
2025-07-30 13:38:07,930 [INFO] kopf.objects - Handler 'handle_new_pod/spec.nodeName' succeeded.
2025-07-30 13:38:07,930 [INFO] kopf.objects - Creation is processed: 1 succeeded; 0 failed.
2025-07-30 13:38:07,940 [INFO] kopf.objects - Handler 'handle_new_pod/spec.nodeName' succeeded.
2025-07-30 13:38:07,942 [INFO] kopf.objects - Creation is processed: 1 succeeded; 0 failed.
2025-07-30 13:38:07,954 [INFO] kopf.objects - Handler 'handle_new_pod/spec.nodeName' succeeded.
2025-07-30 13:38:07,955 [INFO] kopf.objects - Creation is processed: 1 succeeded; 0 failed.
2025-07-30 13:38:07,968 [INFO] matcher - PLS: Configuring new spol Policy(name=app-c-allow-database-backend, sel=LabelSet(labels={'app': 'app-c', 'role': 'database'}), allow=[
(LabelSet(labels={'app': 'app-c', 'role': 'backend'}), Traffic(direction=egress, port=80, protocol=TCP)) 
])
2025-07-30 13:38:07,969 [INFO] matcher - Adding Security Group for select labelset: LabelSet(labels={'app': 'app-c', 'role': 'database'})
2025-07-30 13:38:07,969 [INFO] matcher - Adding Security Group for allow labelset: LabelSet(labels={'app': 'app-c', 'role': 'backend'})
2025-07-30 13:38:07,969 [INFO] security_group_module - SGMod: Adding rule to SG-app:app-crole:database, remote SG-app:app-crole:backend, port 80, type egress
2025-07-30 13:38:07,971 [INFO] kopf.objects - Handler 'handle_new_pod/spec.nodeName' succeeded.
2025-07-30 13:38:07,972 [INFO] kopf.objects - Creation is processed: 1 succeeded; 0 failed.
2025-07-30 13:38:07,996 [INFO] kopf.objects - Handler 'handle_new_pod/spec.nodeName' succeeded.
2025-07-30 13:38:07,997 [INFO] kopf.objects - Creation is processed: 1 succeeded; 0 failed.
2025-07-30 13:38:08,008 [INFO] kopf.objects - Handler 'handle_new_pod/spec.nodeName' succeeded.
2025-07-30 13:38:08,009 [INFO] kopf.objects - Creation is processed: 1 succeeded; 0 failed.
2025-07-30 13:38:08,031 [INFO] kopf.objects - Handler 'handle_new_pod/spec.nodeName' succeeded.
2025-07-30 13:38:08,031 [INFO] kopf.objects - Creation is processed: 1 succeeded; 0 failed.
2025-07-30 13:38:08,040 [INFO] kopf.objects - Handler 'handle_new_pod/spec.nodeName' succeeded.
2025-07-30 13:38:08,041 [INFO] kopf.objects - Creation is processed: 1 succeeded; 0 failed.
2025-07-30 13:38:08,050 [INFO] kopf.objects - Handler 'handle_new_pod/spec.nodeName' succeeded.
2025-07-30 13:38:08,051 [INFO] kopf.objects - Creation is processed: 1 succeeded; 0 failed.
2025-07-30 13:38:08,070 [INFO] kopf.objects - Handler 'handle_new_pod/spec.nodeName' succeeded.
2025-07-30 13:38:08,070 [INFO] kopf.objects - Creation is processed: 1 succeeded; 0 failed.
2025-07-30 13:38:08,079 [INFO] security_group_module - Cannot add rule to remotes: Security group rule already exists. Rule id is 03035338-8ec3-499c-8fc7-68c1d28a3c5b.
Neutron server returns request_ids: ['req-22731d4b-86d2-424d-add8-dc50b50163d0']
2025-07-30 13:38:08,090 [INFO] kopf.objects - Handler 'handle_new_pod/spec.nodeName' succeeded.
2025-07-30 13:38:08,091 [INFO] kopf.objects - Creation is processed: 1 succeeded; 0 failed.
2025-07-30 13:38:08,105 [INFO] kopf.objects - Handler 'handle_new_pod/spec.nodeName' succeeded.
2025-07-30 13:38:08,105 [INFO] kopf.objects - Creation is processed: 1 succeeded; 0 failed.
2025-07-30 13:38:08,124 [INFO] kopf.objects - Handler 'handle_new_pod/spec.nodeName' succeeded.
2025-07-30 13:38:08,124 [INFO] kopf.objects - Creation is processed: 1 succeeded; 0 failed.
                                      œ[137860497782464] Handling pod test-pod-51, locking app:app-crole:backend, app:app-crole:frontend,  ...
Registering time when event comes in for test-pod-52: 1753882687.9302728
New pod test-pod-52! old_node = None, new_node = worker-1.
Handling the new pod object: Pod(name=test-pod-52, label_set=LabelSet(labels={'app': 'app-c', 'role': 'backend'}), node=Node(name=worker-1)
[137859457611456] Handling pod test-pod-52, locking app:app-crole:database, app:app-crole:backend, app:app-crole:frontend,  ...
[137859969304256] Pod test-pod-41 handled. Released locks for: app:app-brole:database, app:app-brole:backend, 
Registering time when event is handled for test-pod-41: 1753882687.9342723
New pod: test-pod-48, on node: worker-1
Registering time when event comes in for test-pod-53: 1753882687.94007
New pod test-pod-53! old_node = None, new_node = worker-1.
Handling the new pod object: Pod(name=test-pod-53, label_set=LabelSet(labels={'app': 'app-c', 'role': 'database'}), node=Node(name=worker-1)
[137859994482368] Handling pod test-pod-53, locking app:app-crole:database, app:app-crole:backend,  ...
[137859440826048] Pod test-pod-48 handled. Released locks for: app:app-brole:backend, app:app-brole:frontend, 
Registering time when event is handled for test-pod-48: 1753882687.947405
New pod: test-pod-49, on node: worker-1
Registering time when event comes in for test-pod-54: 1753882687.9543428
New pod test-pod-54! old_node = None, new_node = worker-1.
Handling the new pod object: Pod(name=test-pod-54, label_set=LabelSet(labels={'app': 'app-a', 'role': 'frontend'}), node=Node(name=worker-1)
[137859969304256] Handling pod test-pod-54, locking app:app-arole:backend, app:app-arole:frontend,  ...
New pod: test-pod-54, on node: worker-1
Registering time when event comes in for test-pod-55: 1753882687.9676595
New pod test-pod-55! old_node = None, new_node = worker-1.
Handling the new pod object: Pod(name=test-pod-55, label_set=LabelSet(labels={'app': 'app-a', 'role': 'backend'}), node=Node(name=worker-1)
[137859440826048] Handling pod test-pod-55, locking app:app-arole:database, app:app-arole:frontend, app:app-arole:backend,  ...
[137859969304256] Pod test-pod-54 handled. Released locks for: app:app-arole:backend, app:app-arole:frontend, 
Registering time when event is handled for test-pod-54: 1753882687.9774456
New pod: test-pod-55, on node: worker-1
[137859986089664] Pod test-pod-49 handled. Released locks for: app:app-brole:backend, app:app-brole:frontend, app:app-brole:database, 
Registering time when event is handled for test-pod-49: 1753882687.988193
New pod: test-pod-50, on node: worker-1
Registering time when event comes in for test-pod-56: 1753882687.9954998
New pod test-pod-56! old_node = None, new_node = worker-1.
Handling the new pod object: Pod(name=test-pod-56, label_set=LabelSet(labels={'app': 'app-a', 'role': 'database'}), node=Node(name=worker-1)
[137859969304256] Handling pod test-pod-56, locking app:app-arole:database, app:app-arole:backend,  ...
Registering time when event comes in for test-pod-57: 1753882688.0085151
New pod test-pod-57! old_node = None, new_node = worker-1.
Handling the new pod object: Pod(name=test-pod-57, label_set=LabelSet(labels={'app': 'app-b', 'role': 'frontend'}), node=Node(name=worker-1)
[137859986089664] Handling pod test-pod-57, locking app:app-brole:backend, app:app-brole:frontend,  ...
[137860769027776] Pod test-pod-50 handled. Released locks for: app:app-brole:database, app:app-brole:backend, 
Registering time when event is handled for test-pod-50: 1753882688.012864
New pod: test-pod-57, on node: worker-1
[137859440826048] Pod test-pod-55 handled. Released locks for: app:app-arole:database, app:app-arole:frontend, app:app-arole:backend, 
Registering time when event is handled for test-pod-55: 1753882688.017392
New pod: test-pod-56, on node: worker-1
Registering time when event comes in for test-pod-58: 1753882688.029805
New pod test-pod-58! old_node = None, new_node = worker-1.
Handling the new pod object: Pod(name=test-pod-58, label_set=LabelSet(labels={'app': 'app-b', 'role': 'backend'}), node=Node(name=worker-1)
[137860769027776] Handling pod test-pod-58, locking app:app-brole:backend, app:app-brole:frontend, app:app-brole:database,  ...
[137859986089664] Pod test-pod-57 handled. Released locks for: app:app-brole:backend, app:app-brole:frontend, 
Registering time when event is handled for test-pod-57: 1753882688.031926
New pod: test-pod-58, on node: worker-1
Registering time when event comes in for test-pod-59: 1753882688.0397055
New pod test-pod-59! old_node = None, new_node = worker-1.
Handling the new pod object: Pod(name=test-pod-59, label_set=LabelSet(labels={'app': 'app-b', 'role': 'database'}), node=Node(name=worker-1)
[137859440826048] Handling pod test-pod-59, locking app:app-brole:database, app:app-brole:backend,  ...
[137859969304256] Pod test-pod-56 handled. Released locks for: app:app-arole:database, app:app-arole:backend, 
Registering time when event is handled for test-pod-56: 1753882688.0478308
[137860769027776] Pod test-pod-58 handled. Released locks for: app:app-brole:backend, app:app-brole:frontend, app:app-brole:database, 
Registering time when event is handled for test-pod-58: 1753882688.0499902
Registering time when event comes in for test-pod-60: 1753882688.0500848
New pod test-pod-60! old_node = None, new_node = worker-1.
Handling the new pod object: Pod(name=test-pod-60, label_set=LabelSet(labels={'app': 'app-c', 'role': 'frontend'}), node=Node(name=worker-1)
[137859986089664] Handling pod test-pod-60, locking app:app-crole:backend, app:app-crole:frontend,  ...
New pod: test-pod-59, on node: worker-1
[137859440826048] Pod test-pod-59 handled. Released locks for: app:app-brole:database, app:app-brole:backend, 
Registering time when event is handled for test-pod-59: 1753882688.0632596
Registering time when event comes in for test-pod-61: 1753882688.0698488
New pod test-pod-61! old_node = None, new_node = worker-1.
Handling the new pod object: Pod(name=test-pod-61, label_set=LabelSet(labels={'app': 'app-c', 'role': 'backend'}), node=Node(name=worker-1)
[137859969304256] Handling pod test-pod-61, locking app:app-crole:database, app:app-crole:backend, app:app-crole:frontend,  ...
Registering time when event comes in for test-pod-62: 1753882688.0857613
New pod test-pod-62! old_node = None, new_node = worker-1.
Handling the new pod object: Pod(name=test-pod-62, label_set=LabelSet(labels={'app': 'app-c', 'role': 'database'}), node=Node(name=worker-1)
[137860769027776] Handling pod test-pod-62, locking app:app-crole:database, app:app-crole:backend,  ...
Registering time when event comes in for test-pod-63: 1753882688.1049595
New pod test-pod-63! old_node = None, new_node = worker-1.
Handling the new pod object: Pod(name=test-pod-63, label_set=LabelSet(labels={'app': 'app-a', 'role': 'frontend'}), node=Node(name=worker-1)
[137859440826048] Handling pod test-pod-63, locking app:app-arole:backend, app:app-arole:frontend,  ...
New pod: test-pod-63, on node: worker-1
[137859440826048] Pod test-pod-63 handled. Released locks for: app:app-arole:backend, app:app-arole:frontend, 
Registering time when event is handled for test-pod-63: 1753882688.1172593
Registering time when event comes in for test-pod-64: 1753882688.1242826
New pod test-pod-64! old_node = None, new_node = worker-1.
Handling the new pod object: Pod(name=test-pod-64, label_set=LabelSet(labels={'app': 'app-a', 'role': 'backend'}), node=Node(name=worker-1)
[137859440826048] Handling pod test-pod-64, locking app:app-arole:database, app:app-arole:frontend, app:app-arole:backend,  ...
New pod: test-pod-64, on node: worker-1
[137859440826048] Pod test-pod-64 handled. Released locks for: app:app-arole:database, app:app-arole:frontend, app:app-arole:backend, 
Registering time when event is handled for test-pod-64: 1753882688.1392217
Registering time when event comes in for test-pod-65: 1753882688.1520193
New pod test-pod-65! old_node = None, new_node = worker-1.
Handling the new pod object: Pod(name=test-pod-65, label_set=LabelSet(labels={'app': 'app-a', 'role': 'database'}), node=Node(name=worker-1)
2025-07-30 13:38:08,154 [INFO] kopf.objects - Handler 'handle_new_pod/spec.nodeName' succeeded.
2025-07-30 13:38:08,154 [INFO] kopf.objects - Creation is processed: 1 succeeded; 0 failed.
2025-07-30 13:38:08,184 [INFO] kopf.objects - Handler 'handle_new_pod/spec.nodeName' succeeded.
2025-07-30 13:38:08,185 [INFO] kopf.objects - Creation is processed: 1 succeeded; 0 failed.
2025-07-30 13:38:08,215 [INFO] kopf.objects - Handler 'handle_new_pod/spec.nodeName' succeeded.
2025-07-30 13:38:08,215 [INFO] kopf.objects - Creation is processed: 1 succeeded; 0 failed.
2025-07-30 13:38:08,246 [INFO] kopf.objects - Handler 'handle_new_pod/spec.nodeName' succeeded.
2025-07-30 13:38:08,246 [INFO] kopf.objects - Creation is processed: 1 succeeded; 0 failed.
2025-07-30 13:38:08,279 [INFO] kopf.objects - Handler 'handle_new_pod/spec.nodeName' succeeded.
2025-07-30 13:38:08,280 [INFO] kopf.objects - Creation is processed: 1 succeeded; 0 failed.
2025-07-30 13:38:08,393 [INFO] security_group_module - Attaching security group SG-app:app-crole:backend to instance worker-1
2025-07-30 13:38:08,868 [INFO] kopf.objects - Handler 'handle_new_pod/spec.nodeName' succeeded.
2025-07-30 13:38:08,869 [INFO] kopf.objects - Creation is processed: 1 succeeded; 0 failed.
2025-07-30 13:38:08,886 [INFO] kopf.objects - Handler 'handle_new_pod/spec.nodeName' succeeded.
2025-07-30 13:38:08,887 [INFO] kopf.objects - Creation is processed: 1 succeeded; 0 failed.
2025-07-30 13:38:08,900 [INFO] kopf.objects - Handler 'handle_new_pod/spec.nodeName' succeeded.
2025-07-30 13:38:08,901 [INFO] kopf.objects - Creation is processed: 1 succeeded; 0 failed.
2025-07-30 13:38:08,916 [INFO] kopf.objects - Handler 'handle_new_pod/spec.nodeName' succeeded.
2025-07-30 13:38:08,916 [INFO] kopf.objects - Creation is processed: 1 succeeded; 0 failed.
2025-07-30 13:38:08,933 [INFO] kopf.objects - Handler 'handle_new_pod/spec.nodeName' succeeded.
2025-07-30 13:38:08,934 [INFO] kopf.objects - Creation is processed: 1 succeeded; 0 failed.
2025-07-30 13:38:08,945 [INFO] kopf.objects - Handler 'handle_new_pod/spec.nodeName' succeeded.
2025-07-30 13:38:08,945 [INFO] kopf.objects - Creation is processed: 1 succeeded; 0 failed.
2025-07-30 13:38:08,955 [INFO] kopf.objects - Handler 'handle_new_pod/spec.nodeName' succeeded.
2025-07-30 13:38:08,955 [INFO] kopf.objects - Creation is processed: 1 succeeded; 0 failed.
2025-07-30 13:38:08,965 [INFO] kopf.objects - Handler 'handle_new_pod/spec.nodeName' succeeded.
2025-07-30 13:38:08,966 [INFO] kopf.objects - Creation is processed: 1 succeeded; 0 failed.
[137859440826048] Handling pod test-pod-65, locking app:app-arole:database, app:app-arole:backend,  ...
New pod: test-pod-65, on node: worker-1
[137859440826048] Pod test-pod-65 handled. Released locks for: app:app-arole:database, app:app-arole:backend, 
Registering time when event is handled for test-pod-65: 1753882688.1691475
Registering time when event comes in for test-pod-66: 1753882688.1844583
New pod test-pod-66! old_node = None, new_node = worker-1.
Handling the new pod object: Pod(name=test-pod-66, label_set=LabelSet(labels={'app': 'app-b', 'role': 'frontend'}), node=Node(name=worker-1)
[137859440826048] Handling pod test-pod-66, locking app:app-brole:backend, app:app-brole:frontend,  ...
New pod: test-pod-66, on node: worker-1
[137859440826048] Pod test-pod-66 handled. Released locks for: app:app-brole:backend, app:app-brole:frontend, 
Registering time when event is handled for test-pod-66: 1753882688.202187
Registering time when event comes in for test-pod-67: 1753882688.2148466
New pod test-pod-67! old_node = None, new_node = worker-1.
Handling the new pod object: Pod(name=test-pod-67, label_set=LabelSet(labels={'app': 'app-b', 'role': 'backend'}), node=Node(name=worker-1)
[137859440826048] Handling pod test-pod-67, locking app:app-brole:backend, app:app-brole:frontend, app:app-brole:database,  ...
New pod: test-pod-67, on node: worker-1
[137859440826048] Pod test-pod-67 handled. Released locks for: app:app-brole:backend, app:app-brole:frontend, app:app-brole:database, 
Registering time when event is handled for test-pod-67: 1753882688.2331126
Registering time when event comes in for test-pod-68: 1753882688.2458262
New pod test-pod-68! old_node = None, new_node = worker-1.
Handling the new pod object: Pod(name=test-pod-68, label_set=LabelSet(labels={'app': 'app-b', 'role': 'database'}), node=Node(name=worker-1)
[137859440826048] Handling pod test-pod-68, locking app:app-brole:database, app:app-brole:backend,  ...
New pod: test-pod-68, on node: worker-1
[137859440826048] Pod test-pod-68 handled. Released locks for: app:app-brole:database, app:app-brole:backend, 
Registering time when event is handled for test-pod-68: 1753882688.2630143
Registering time when event comes in for test-pod-69: 1753882688.2776012
New pod test-pod-69! old_node = None, new_node = worker-1.
Handling the new pod object: Pod(name=test-pod-69, label_set=LabelSet(labels={'app': 'app-c', 'role': 'frontend'}), node=Node(name=worker-1)
[137859440826048] Handling pod test-pod-69, locking app:app-crole:backend, app:app-crole:frontend,  ...
[137860489389760] Pod test-pod-7 handled. Released locks for: app:app-crole:database, app:app-crole:backend, app:app-crole:frontend, 
Registering time when event is handled for test-pod-7: 1753882688.8561351
New pod: test-pod-17, on node: worker-1
Registering time when event comes in for test-pod-70: 1753882688.8676715
New pod test-pod-70! old_node = None, new_node = worker-1.
Handling the new pod object: Pod(name=test-pod-70, label_set=LabelSet(labels={'app': 'app-c', 'role': 'backend'}), node=Node(name=worker-1)
[137860489389760] Handling pod test-pod-70, locking app:app-crole:database, app:app-crole:backend, app:app-crole:frontend,  ...
[137859977696960] Pod test-pod-17 handled. Released locks for: app:app-crole:database, app:app-crole:backend, 
Registering time when event is handled for test-pod-17: 1753882688.8749392
New pod: test-pod-15, on node: worker-1
Registering time when event comes in for test-pod-71: 1753882688.8850887
New pod test-pod-71! old_node = None, new_node = worker-1.
Handling the new pod object: Pod(name=test-pod-71, label_set=LabelSet(labels={'app': 'app-c', 'role': 'database'}), node=Node(name=worker-1)
[137859977696960] Handling pod test-pod-71, locking app:app-crole:database, app:app-crole:backend,  ...
[137859952518848] Pod test-pod-15 handled. Released locks for: app:app-crole:backend, app:app-crole:frontend, 
Registering time when event is handled for test-pod-15: 1753882688.8909724
New pod: test-pod-16, on node: worker-1
Registering time when event comes in for test-pod-72: 1753882688.900025
New pod test-pod-72! old_node = None, new_node = worker-1.
Handling the new pod object: Pod(name=test-pod-72, label_set=LabelSet(labels={'app': 'app-a', 'role': 'frontend'}), node=Node(name=worker-1)
[137859952518848] Handling pod test-pod-72, locking app:app-arole:backend, app:app-arole:frontend,  ...
New pod: test-pod-72, on node: worker-1
[137859449218752] Pod test-pod-16 handled. Released locks for: app:app-crole:database, app:app-crole:backend, app:app-crole:frontend, 
Registering time when event is handled for test-pod-16: 1753882688.9065278
New pod: test-pod-25, on node: worker-1
Registering time when event comes in for test-pod-73: 1753882688.9153674
New pod test-pod-73! old_node = None, new_node = worker-1.
Handling the new pod object: Pod(name=test-pod-73, label_set=LabelSet(labels={'app': 'app-a', 'role': 'backend'}), node=Node(name=worker-1)
[137859449218752] Handling pod test-pod-73, locking app:app-arole:database, app:app-arole:frontend, app:app-arole:backend,  ...
[137859952518848] Pod test-pod-72 handled. Released locks for: app:app-arole:backend, app:app-arole:frontend, 
Registering time when event is handled for test-pod-72: 1753882688.9188855
New pod: test-pod-73, on node: worker-1
[137860755392192] Pod test-pod-25 handled. Released locks for: app:app-crole:database, app:app-crole:backend, app:app-crole:frontend, 
Registering time when event is handled for test-pod-25: 1753882688.9263282
New pod: test-pod-24, on node: worker-1
Registering time when event comes in for test-pod-74: 1753882688.9315124
New pod test-pod-74! old_node = None, new_node = worker-1.
Handling the new pod object: Pod(name=test-pod-74, label_set=LabelSet(labels={'app': 'app-a', 'role': 'database'}), node=Node(name=worker-1)
[137859952518848] Handling pod test-pod-74, locking app:app-arole:database, app:app-arole:backend,  ...
[137859449218752] Pod test-pod-73 handled. Released locks for: app:app-arole:database, app:app-arole:frontend, app:app-arole:backend, 
Registering time when event is handled for test-pod-73: 1753882688.9443624
New pod: test-pod-74, on node: worker-1
[137860506175168] Pod test-pod-24 handled. Released locks for: app:app-crole:backend, app:app-crole:frontend, 
Registering time when event is handled for test-pod-24: 1753882688.9445927
New pod: test-pod-26, on node: worker-1
Registering time when event comes in for test-pod-75: 1753882688.945166
New pod test-pod-75! old_node = None, new_node = worker-1.
Handling the new pod object: Pod(name=test-pod-75, label_set=LabelSet(labels={'app': 'app-b', 'role': 'frontend'}), node=Node(name=worker-1)
[137860755392192] Handling pod test-pod-75, locking app:app-brole:backend, app:app-brole:frontend,  ...
New pod: test-pod-75, on node: worker-1
Registering time when event comes in for test-pod-76: 1753882688.9553208
New pod test-pod-76! old_node = None, new_node = worker-1.
Handling the new pod object: Pod(name=test-pod-76, label_set=LabelSet(labels={'app': 'app-b', 'role': 'backend'}), node=Node(name=worker-1)
[137859449218752] Handling pod test-pod-76, locking app:app-brole:backend, app:app-brole:frontend, app:app-brole:database,  ...
[137859952518848] Pod test-pod-74 handled. Released locks for: app:app-arole:database, app:app-arole:backend, 
Registering time when event is handled for test-pod-74: 1753882688.9573255
Registering time when event comes in for test-pod-77: 1753882688.9672606
New pod test-pod-77! old_node = None, new_node = worker-1.
Handling the new pod object: Pod(name=test-pod-77, label_set=LabelSet(labels={'app': 'app-b', 'role': 'database'}), node=Node(name=worker-1)
[137860506175168] Handling pod test-pod-77, locking app:app-brole:database, app:app-brole:backend,  ...
[137860755392192] Pod test-pod-75 handled. Released locks for: app:app-brole:backend, app:app-brole:frontend, 
Registering time when event is handled for test-pod-75: 1753882688.969005
New pod: test-pod-76, on node: worker-1
[137860531353280] Pod test-pod-26 handled. Released locks for: app:app-crole:database, app:app-crole:backend, 
2025-07-30 13:38:08,993 [INFO] kopf.objects - Handler 'handle_new_pod/spec.nodeName' succeeded.
2025-07-30 13:38:08,993 [INFO] kopf.objects - Creation is processed: 1 succeeded; 0 failed.
2025-07-30 13:38:09,056 [INFO] kopf.objects - Handler 'handle_new_pod/spec.nodeName' succeeded.
2025-07-30 13:38:09,061 [INFO] kopf.objects - Creation is processed: 1 succeeded; 0 failed.
2025-07-30 13:38:09,070 [INFO] kopf.objects - Handler 'handle_new_pod/spec.nodeName' succeeded.
2025-07-30 13:38:09,071 [INFO] kopf.objects - Creation is processed: 1 succeeded; 0 failed.
2025-07-30 13:38:09,079 [INFO] kopf.objects - Handler 'handle_new_pod/spec.nodeName' succeeded.
2025-07-30 13:38:09,079 [INFO] kopf.objects - Creation is processed: 1 succeeded; 0 failed.
2025-07-30 13:38:09,101 [INFO] kopf.objects - Handler 'handle_new_pod/spec.nodeName' succeeded.
2025-07-30 13:38:09,101 [INFO] kopf.objects - Creation is processed: 1 succeeded; 0 failed.
2025-07-30 13:38:09,103 [INFO] kopf.objects - Handler 'handle_new_pod/spec.nodeName' succeeded.
2025-07-30 13:38:09,103 [INFO] kopf.objects - Creation is processed: 1 succeeded; 0 failed.
2025-07-30 13:38:09,114 [INFO] kopf.objects - Handler 'handle_new_pod/spec.nodeName' succeeded.
2025-07-30 13:38:09,115 [INFO] kopf.objects - Creation is processed: 1 succeeded; 0 failed.
2025-07-30 13:38:09,122 [INFO] kopf.objects - Handler 'handle_new_pod/spec.nodeName' succeeded.
2025-07-30 13:38:09,123 [INFO] kopf.objects - Creation is processed: 1 succeeded; 0 failed.
2025-07-30 13:38:09,136 [INFO] kopf.objects - Handler 'handle_new_pod/spec.nodeName' succeeded.
2025-07-30 13:38:09,137 [INFO] kopf.objects - Creation is processed: 1 succeeded; 0 failed.
2025-07-30 13:38:09,148 [INFO] kopf.objects - Handler 'handle_new_pod/spec.nodeName' succeeded.
2025-07-30 13:38:09,148 [INFO] kopf.objects - Creation is processed: 1 succeeded; 0 failed.
2025-07-30 13:38:09,160 [INFO] kopf.objects - Handler 'handle_new_pod/spec.nodeName' succeeded.
2025-07-30 13:38:09,160 [INFO] kopf.objects - Creation is processed: 1 succeeded; 0 failed.
2025-07-30 13:38:09,173 [INFO] kopf.objects - Handler 'handle_new_pod/spec.nodeName' succeeded.
2025-07-30 13:38:09,173 [INFO] kopf.objects - Creation is processed: 1 succeeded; 0 failed.
2025-07-30 13:38:09,186 [INFO] kopf.objects - Handler 'handle_new_pod/spec.nodeName' succeeded.
2025-07-30 13:38:09,186 [INFO] kopf.objects - Creation is processed: 1 succeeded; 0 failed.
Registering time when event is handled for test-pod-26: 1753882688.9708772
Registering time when event comes in for test-pod-78: 1753882688.9903274
New pod test-pod-78! old_node = None, new_node = worker-1.
Handling the new pod object: Pod(name=test-pod-78, label_set=LabelSet(labels={'app': 'app-c', 'role': 'frontend'}), node=Node(name=worker-1)
[137859952518848] Handling pod test-pod-78, locking app:app-crole:backend, app:app-crole:frontend,  ...
[137860514567872] Pod test-pod-33 handled. Released locks for: app:app-crole:backend, app:app-crole:frontend, 
Registering time when event is handled for test-pod-33: 1753882689.0344994
New pod: test-pod-34, on node: worker-1
[137859449218752] Pod test-pod-76 handled. Released locks for: app:app-brole:backend, app:app-brole:frontend, app:app-brole:database, 
Registering time when event is handled for test-pod-76: 1753882689.0444047
New pod: test-pod-77, on node: worker-1
Registering time when event comes in for test-pod-79: 1753882689.0465355
New pod test-pod-79! old_node = None, new_node = worker-1.
Handling the new pod object: Pod(name=test-pod-79, label_set=LabelSet(labels={'app': 'app-c', 'role': 'backend'}), node=Node(name=worker-1)
[137860755392192] Handling pod test-pod-79, locking app:app-crole:database, app:app-crole:backend, app:app-crole:frontend,  ...
[137860522960576] Pod test-pod-34 handled. Released locks for: app:app-crole:database, app:app-crole:backend, app:app-crole:frontend, 
Registering time when event is handled for test-pod-34: 1753882689.066475
New pod: test-pod-35, on node: worker-1
Registering time when event comes in for test-pod-80: 1753882689.0686393
New pod test-pod-80! old_node = None, new_node = worker-1.
Handling the new pod object: Pod(name=test-pod-80, label_set=LabelSet(labels={'app': 'app-c', 'role': 'database'}), node=Node(name=worker-1)
[137860531353280] Handling pod test-pod-80, locking app:app-crole:database, app:app-crole:backend,  ...
Registering time when event comes in for test-pod-81: 1753882689.0762796
New pod test-pod-81! old_node = None, new_node = worker-1.
Handling the new pod object: Pod(name=test-pod-81, label_set=LabelSet(labels={'app': 'app-a', 'role': 'frontend'}), node=Node(name=worker-1)
[137860514567872] Handling pod test-pod-81, locking app:app-arole:backend, app:app-arole:frontend,  ...
New pod: test-pod-81, on node: worker-1
[137860506175168] Pod test-pod-77 handled. Released locks for: app:app-brole:database, app:app-brole:backend, 
Registering time when event is handled for test-pod-77: 1753882689.078142
[137860480997056] Pod test-pod-35 handled. Released locks for: app:app-crole:database, app:app-crole:backend, 
Registering time when event is handled for test-pod-35: 1753882689.0916545
Registering time when event comes in for test-pod-82: 1753882689.091766
New pod test-pod-82! old_node = None, new_node = worker-1.
Handling the new pod object: Pod(name=test-pod-82, label_set=LabelSet(labels={'app': 'app-a', 'role': 'backend'}), node=Node(name=worker-1)
[137859449218752] Handling pod test-pod-82, locking app:app-arole:database, app:app-arole:frontend, app:app-arole:backend,  ...
New pod: test-pod-42, on node: worker-1
[137860514567872] Pod test-pod-81 handled. Released locks for: app:app-arole:backend, app:app-arole:frontend, 
Registering time when event is handled for test-pod-81: 1753882689.100014
New pod: test-pod-82, on node: worker-1
Registering time when event comes in for test-pod-83: 1753882689.1028428
New pod test-pod-83! old_node = None, new_node = worker-1.
Handling the new pod object: Pod(name=test-pod-83, label_set=LabelSet(labels={'app': 'app-a', 'role': 'database'}), node=Node(name=worker-1)
[137860522960576] Handling pod test-pod-83, locking app:app-arole:database, app:app-arole:backend,  ...
Registering time when event comes in for test-pod-84: 1753882689.1132221
New pod test-pod-84! old_node = None, new_node = worker-1.
Handling the new pod object: Pod(name=test-pod-84, label_set=LabelSet(labels={'app': 'app-b', 'role': 'frontend'}), node=Node(name=worker-1)
[137860506175168] Handling pod test-pod-84, locking app:app-brole:backend, app:app-brole:frontend,  ...
New pod: test-pod-84, on node: worker-1
[137859449218752] Pod test-pod-82 handled. Released locks for: app:app-arole:database, app:app-arole:frontend, app:app-arole:backend, 
Registering time when event is handled for test-pod-82: 1753882689.1166081
New pod: test-pod-83, on node: worker-1
Registering time when event comes in for test-pod-85: 1753882689.120766
New pod test-pod-85! old_node = None, new_node = worker-1.
Handling the new pod object: Pod(name=test-pod-85, label_set=LabelSet(labels={'app': 'app-b', 'role': 'backend'}), node=Node(name=worker-1)
[137860480997056] Handling pod test-pod-85, locking app:app-brole:backend, app:app-brole:frontend, app:app-brole:database,  ...
[137859960911552] Pod test-pod-42 handled. Released locks for: app:app-crole:backend, app:app-crole:frontend, 
Registering time when event is handled for test-pod-42: 1753882689.1293154
New pod: test-pod-43, on node: worker-1
Registering time when event comes in for test-pod-86: 1753882689.1355226
New pod test-pod-86! old_node = None, new_node = worker-1.
Handling the new pod object: Pod(name=test-pod-86, label_set=LabelSet(labels={'app': 'app-b', 'role': 'database'}), node=Node(name=worker-1)
[137860514567872] Handling pod test-pod-86, locking app:app-brole:database, app:app-brole:backend,  ...
[137860506175168] Pod test-pod-84 handled. Released locks for: app:app-brole:backend, app:app-brole:frontend, 
Registering time when event is handled for test-pod-84: 1753882689.1473167
New pod: test-pod-85, on node: worker-1
Registering time when event comes in for test-pod-87: 1753882689.1479576
New pod test-pod-87! old_node = None, new_node = worker-1.
Handling the new pod object: Pod(name=test-pod-87, label_set=LabelSet(labels={'app': 'app-c', 'role': 'frontend'}), node=Node(name=worker-1)
[137859449218752] Handling pod test-pod-87, locking app:app-crole:backend, app:app-crole:frontend,  ...
Registering time when event comes in for test-pod-88: 1753882689.1599085
New pod test-pod-88! old_node = None, new_node = worker-1.
Handling the new pod object: Pod(name=test-pod-88, label_set=LabelSet(labels={'app': 'app-c', 'role': 'backend'}), node=Node(name=worker-1)
[137859960911552] Handling pod test-pod-88, locking app:app-crole:database, app:app-crole:backend, app:app-crole:frontend,  ...
[137860522960576] Pod test-pod-83 handled. Released locks for: app:app-arole:database, app:app-arole:backend, 
Registering time when event is handled for test-pod-83: 1753882689.1664898
Registering time when event comes in for test-pod-89: 1753882689.1734354
New pod test-pod-89! old_node = None, new_node = worker-1.
Handling the new pod object: Pod(name=test-pod-89, label_set=LabelSet(labels={'app': 'app-c', 'role': 'database'}), node=Node(name=worker-1)
[137860506175168] Handling pod test-pod-89, locking app:app-crole:database, app:app-crole:backend,  ...
[137860745950912] Pod test-pod-43 handled. Released locks for: app:app-crole:database, app:app-crole:backend, app:app-crole:frontend, 
Registering time when event is handled for test-pod-43: 1753882689.1803598
New pod: test-pod-44, on node: worker-1
Registering time when event comes in for test-pod-90: 1753882689.1858568
New pod test-pod-90! old_node = None, new_node = worker-1.
Handling the new pod object: Pod(name=test-pod-90, label_set=LabelSet(labels={'app': 'app-a', 'role': 'frontend'}), node=Node(name=worker-1)
[137860522960576] Handling pod test-pod-90, locking app:app-arole:backend, app:app-arole:frontend,  ...
New pod: test-pod-90, on node: worker-1
[137860480997056] Pod test-pod-85 handled. Released locks for: app:app-brole:backend, app:app-brole:frontend, app:app-brole:database, 
Registering time when event is handled for test-pod-85: 1753882689.192729
New pod: test-pod-86, on node: worker-1
Registering time when event comes in for test-pod-91: 1753882689.201642
New pod test-pod-91! old_node = None, new_node = worker-1.
h
2025-07-30 13:38:09,203 [INFO] kopf.objects - Handler 'handle_new_pod/spec.nodeName' succeeded.
2025-07-30 13:38:09,204 [INFO] kopf.objects - Creation is processed: 1 succeeded; 0 failed.
2025-07-30 13:38:09,227 [INFO] kopf.objects - Handler 'handle_new_pod/spec.nodeName' succeeded.
2025-07-30 13:38:09,228 [INFO] kopf.objects - Creation is processed: 1 succeeded; 0 failed.
2025-07-30 13:38:09,242 [INFO] kopf.objects - Handler 'handle_new_pod/spec.nodeName' succeeded.
2025-07-30 13:38:09,242 [INFO] kopf.objects - Creation is processed: 1 succeeded; 0 failed.
2025-07-30 13:38:09,254 [INFO] kopf.objects - Handler 'handle_new_pod/spec.nodeName' succeeded.
2025-07-30 13:38:09,254 [INFO] kopf.objects - Creation is processed: 1 succeeded; 0 failed.
2025-07-30 13:38:09,262 [INFO] kopf.objects - Handler 'handle_new_pod/spec.nodeName' succeeded.
2025-07-30 13:38:09,264 [INFO] kopf.objects - Creation is processed: 1 succeeded; 0 failed.
2025-07-30 13:38:09,276 [INFO] kopf.objects - Handler 'handle_new_pod/spec.nodeName' succeeded.
2025-07-30 13:38:09,276 [INFO] kopf.objects - Creation is processed: 1 succeeded; 0 failed.
2025-07-30 13:38:09,286 [INFO] kopf.objects - Handler 'handle_new_pod/spec.nodeName' succeeded.
2025-07-30 13:38:09,286 [INFO] kopf.objects - Creation is processed: 1 succeeded; 0 failed.
2025-07-30 13:38:09,297 [INFO] kopf.objects - Handler 'handle_new_pod/spec.nodeName' succeeded.
2025-07-30 13:38:09,297 [INFO] kopf.objects - Creation is processed: 1 succeeded; 0 failed.
2025-07-30 13:38:09,318 [INFO] kopf.objects - Handler 'handle_new_pod/spec.nodeName' succeeded.
2025-07-30 13:38:09,320 [INFO] kopf.objects - Creation is processed: 1 succeeded; 0 failed.
2025-07-30 13:38:09,331 [INFO] kopf.objects - Handler 'handle_new_pod/spec.nodeName' succeeded.
2025-07-30 13:38:09,331 [INFO] kopf.objects - Creation is processed: 1 succeeded; 0 failed.
2025-07-30 13:38:09,352 [INFO] kopf.objects - Handler 'handle_new_pod/spec.nodeName' succeeded.
2025-07-30 13:38:09,352 [INFO] kopf.objects - Creation is processed: 1 succeeded; 0 failed.
2025-07-30 13:38:09,357 [INFO] kopf.objects - Handler 'handle_new_pod/spec.nodeName' succeeded.
2025-07-30 13:38:09,357 [INFO] kopf.objects - Creation is processed: 1 succeeded; 0 failed.
2025-07-30 13:38:09,377 [INFO] kopf.objects - Handler 'handle_new_pod/spec.nodeName' succeeded.
2025-07-30 13:38:09,378 [INFO] kopf.objects - Creation is processed: 1 succeeded; 0 failed.
)Åî}î(h}î(åappîåapp-cîåroleîåbacHandling the new pod object: Pod(name=test-pod-91, label_set=LabelSet(labels={'app': 'app-a', 'role': 'backend'}), node=Node(name=worker-1)
[137860745950912] Handling pod test-pod-91, locking app:app-arole:database, app:app-arole:frontend, app:app-arole:backend,  ...
Registering time when event comes in for test-pod-92: 1753882689.2224174
New pod test-pod-92! old_node = None, new_node = worker-1.
Handling the new pod object: Pod(name=test-pod-92, label_set=LabelSet(labels={'app': 'app-a', 'role': 'database'}), node=Node(name=worker-1)
[137860480997056] Handling pod test-pod-92, locking app:app-arole:database, app:app-arole:backend,  ...
[137859944126144] Pod test-pod-44 handled. Released locks for: app:app-crole:database, app:app-crole:backend, 
Registering time when event is handled for test-pod-44: 1753882689.2244647
New pod: test-pod-51, on node: worker-1
[137860514567872] Pod test-pod-86 handled. Released locks for: app:app-brole:database, app:app-brole:backend, 
Registering time when event is handled for test-pod-86: 1753882689.2347448
Registering time when event comes in for test-pod-93: 1753882689.2379313
New pod test-pod-93! old_node = None, new_node = worker-1.
Handling the new pod object: Pod(name=test-pod-93, label_set=LabelSet(labels={'app': 'app-b', 'role': 'frontend'}), node=Node(name=worker-1)
[137859944126144] Handling pod test-pod-93, locking app:app-brole:backend, app:app-brole:frontend,  ...
New pod: test-pod-93, on node: worker-1
[137860522960576] Pod test-pod-90 handled. Released locks for: app:app-arole:backend, app:app-arole:frontend, 
Registering time when event is handled for test-pod-90: 1753882689.2419498
New pod: test-pod-91, on node: worker-1
Registering time when event comes in for test-pod-94: 1753882689.2486753
New pod test-pod-94! old_node = None, new_node = worker-1.
Handling the new pod object: Pod(name=test-pod-94, label_set=LabelSet(labels={'app': 'app-b', 'role': 'backend'}), node=Node(name=worker-1)
[137860514567872] Handling pod test-pod-94, locking app:app-brole:backend, app:app-brole:frontend, app:app-brole:database,  ...
[137860745950912] Pod test-pod-91 handled. Released locks for: app:app-arole:database, app:app-arole:frontend, app:app-arole:backend, 
Registering time when event is handled for test-pod-91: 1753882689.2562895
New pod: test-pod-92, on node: worker-1
Registering time when event comes in for test-pod-95: 1753882689.2580993
New pod test-pod-95! old_node = None, new_node = worker-1.
Handling the new pod object: Pod(name=test-pod-95, label_set=LabelSet(labels={'app': 'app-b', 'role': 'database'}), node=Node(name=worker-1)
[137860522960576] Handling pod test-pod-95, locking app:app-brole:database, app:app-brole:backend,  ...
[137859944126144] Pod test-pod-93 handled. Released locks for: app:app-brole:backend, app:app-brole:frontend, 
Registering time when event is handled for test-pod-93: 1753882689.2654984
New pod: test-pod-94, on node: worker-1
[137860497782464] Pod test-pod-51 handled. Released locks for: app:app-crole:backend, app:app-crole:frontend, 
Registering time when event is handled for test-pod-51: 1753882689.273695
New pod: test-pod-52, on node: worker-1
Registering time when event comes in for test-pod-96: 1753882689.2759626
New pod test-pod-96! old_node = None, new_node = worker-1.
Handling the new pod object: Pod(name=test-pod-96, label_set=LabelSet(labels={'app': 'app-c', 'role': 'frontend'}), node=Node(name=worker-1)
[137860745950912] Handling pod test-pod-96, locking app:app-crole:backend, app:app-crole:frontend,  ...
Registering time when event comes in for test-pod-97: 1753882689.286178
New pod test-pod-97! old_node = None, new_node = worker-1.
Handling the new pod object: Pod(name=test-pod-97, label_set=LabelSet(labels={'app': 'app-c', 'role': 'backend'}), node=Node(name=worker-1)
[137859944126144] Handling pod test-pod-97, locking app:app-crole:database, app:app-crole:backend, app:app-crole:frontend,  ...
[137860480997056] Pod test-pod-92 handled. Released locks for: app:app-arole:database, app:app-arole:backend, 
Registering time when event is handled for test-pod-92: 1753882689.2896369
[137859457611456] Pod test-pod-52 handled. Released locks for: app:app-crole:database, app:app-crole:backend, app:app-crole:frontend, 
Registering time when event is handled for test-pod-52: 1753882689.2959871
New pod: test-pod-53, on node: worker-1
Registering time when event comes in for test-pod-98: 1753882689.2965968
New pod test-pod-98! old_node = None, new_node = worker-1.
Handling the new pod object: Pod(name=test-pod-98, label_set=LabelSet(labels={'app': 'app-c', 'role': 'database'}), node=Node(name=worker-1)
[137860497782464] Handling pod test-pod-98, locking app:app-crole:database, app:app-crole:backend,  ...
[137860514567872] Pod test-pod-94 handled. Released locks for: app:app-brole:backend, app:app-brole:frontend, app:app-brole:database, 
Registering time when event is handled for test-pod-94: 1753882689.3072133
New pod: test-pod-95, on node: worker-1
Registering time when event comes in for test-pod-99: 1753882689.3168018
New pod test-pod-99! old_node = None, new_node = worker-1.
Handling the new pod object: Pod(name=test-pod-99, label_set=LabelSet(labels={'app': 'app-a', 'role': 'frontend'}), node=Node(name=worker-1)
[137860480997056] Handling pod test-pod-99, locking app:app-arole:backend, app:app-arole:frontend,  ...
New pod: test-pod-99, on node: worker-1
[137860480997056] Pod test-pod-99 handled. Released locks for: app:app-arole:backend, app:app-arole:frontend, 
Registering time when event is handled for test-pod-99: 1753882689.3265646
Registering time when event comes in for test-pod-100: 1753882689.330183
New pod test-pod-100! old_node = None, new_node = worker-1.
Handling the new pod object: Pod(name=test-pod-100, label_set=LabelSet(labels={'app': 'app-a', 'role': 'backend'}), node=Node(name=worker-1)
[137859457611456] Handling pod test-pod-100, locking app:app-arole:database, app:app-arole:frontend, app:app-arole:backend,  ...
New pod: test-pod-100, on node: worker-1
[137860522960576] Pod test-pod-95 handled. Released locks for: app:app-brole:database, app:app-brole:backend, 
Registering time when event is handled for test-pod-95: 1753882689.3365376
[137859994482368] Pod test-pod-53 handled. Released locks for: app:app-crole:database, app:app-crole:backend, 
Registering time when event is handled for test-pod-53: 1753882689.337234
New pod: test-pod-60, on node: worker-1
[137859457611456] Pod test-pod-100 handled. Released locks for: app:app-arole:database, app:app-arole:frontend, app:app-arole:backend, 
Registering time when event is handled for test-pod-100: 1753882689.3499365
Registering time when event comes in for test-pod-101: 1753882689.350054
New pod test-pod-101! old_node = None, new_node = worker-1.
Handling the new pod object: Pod(name=test-pod-101, label_set=LabelSet(labels={'app': 'app-a', 'role': 'database'}), node=Node(name=worker-1)
[137860514567872] Handling pod test-pod-101, locking app:app-arole:database, app:app-arole:backend,  ...
New pod: test-pod-101, on node: worker-1
Registering time when event comes in for test-pod-102: 1753882689.3566499
New pod test-pod-102! old_node = None, new_node = worker-1.
Handling the new pod object: Pod(name=test-pod-102, label_set=LabelSet(labels={'app': 'app-b', 'role': 'frontend'}), node=Node(name=worker-1)
[137860480997056] Handling pod test-pod-102, locking app:app-brole:backend, app:app-brole:frontend,  ...
New pod: test-pod-102, on node: worker-1
[137859986089664] Pod test-pod-60 handled. Released locks for: app:app-crole:backend, app:app-crole:frontend, 
Registering time when event is handled for test-pod-60: 1753882689.3569016
New pod: test-pod-61, on node: worker-1
Registering time when event comes in for test-pod-103: 1753882689.3739145
New pod test-pod-103! old_node = None, new_node = worker-1.
Handling the new pod object: Pod(name=test-pod-103, label_set=LabelSet(labels={'app': 'app-b', 'role': 'backend'}), node=Node(name=worker-1)
[137860522960576] Handling pod test-pod-103, locking app:app-brole:backend, app:app-brole:frontend, app:app-brole:database,  ...
2025-07-30 13:38:09,396 [INFO] kopf.objects - Handler 'handle_new_pod/spec.nodeName' succeeded.
2025-07-30 13:38:09,397 [INFO] kopf.objects - Creation is processed: 1 succeeded; 0 failed.
2025-07-30 13:38:09,408 [INFO] kopf.objects - Handler 'handle_new_pod/spec.nodeName' succeeded.
2025-07-30 13:38:09,408 [INFO] kopf.objects - Creation is processed: 1 succeeded; 0 failed.
2025-07-30 13:38:09,418 [INFO] kopf.objects - Handler 'handle_new_pod/spec.nodeName' succeeded.
2025-07-30 13:38:09,418 [INFO] kopf.objects - Creation is processed: 1 succeeded; 0 failed.
2025-07-30 13:38:09,426 [INFO] kopf.objects - Handler 'handle_new_pod/spec.nodeName' succeeded.
2025-07-30 13:38:09,426 [INFO] kopf.objects - Creation is processed: 1 succeeded; 0 failed.
2025-07-30 13:38:09,440 [INFO] kopf.objects - Handler 'handle_new_pod/spec.nodeName' succeeded.
2025-07-30 13:38:09,441 [INFO] kopf.objects - Creation is processed: 1 succeeded; 0 failed.
2025-07-30 13:38:09,453 [INFO] kopf.objects - Handler 'handle_new_pod/spec.nodeName' succeeded.
2025-07-30 13:38:09,453 [INFO] kopf.objects - Creation is processed: 1 succeeded; 0 failed.
2025-07-30 13:38:09,468 [INFO] kopf.objects - Handler 'handle_new_pod/spec.nodeName' succeeded.
2025-07-30 13:38:09,469 [INFO] kopf.objects - Creation is processed: 1 succeeded; 0 failed.
2025-07-30 13:38:09,482 [INFO] kopf.objects - Handler 'handle_new_pod/spec.nodeName' succeeded.
2025-07-30 13:38:09,483 [INFO] kopf.objects - Creation is processed: 1 succeeded; 0 failed.
2025-07-30 13:38:09,496 [INFO] kopf.objects - Handler 'handle_new_pod/spec.nodeName' succeeded.
2025-07-30 13:38:09,497 [INFO] kopf.objects - Creation is processed: 1 succeeded; 0 failed.
2025-07-30 13:38:09,503 [INFO] kopf.objects - Handler 'handle_new_pod/spec.nodeName' succeeded.
2025-07-30 13:38:09,503 [INFO] kopf.objects - Creation is processed: 1 succeeded; 0 failed.
2025-07-30 13:38:09,516 [INFO] kopf.objects - Handler 'handle_new_pod/spec.nodeName' succeeded.
2025-07-30 13:38:09,517 [INFO] kopf.objects - Creation is processed: 1 succeeded; 0 failed.
2025-07-30 13:38:09,529 [INFO] kopf.objects - Handler 'handle_new_pod/spec.nodeName' succeeded.
2025-07-30 13:38:09,530 [INFO] kopf.objects - Creation is processed: 1 succeeded; 0 failed.
2025-07-30 13:38:09,539 [INFO] kopf.objects - Handler 'handle_new_pod/spec.nodeName' succeeded.
2025-07-30 13:38:09,540 [INFO] kopf.objects - Creation is processed: 1 succeeded; 0 failed.
2025-07-30 13:38:09,548 [INFO] kopf.objects - Handler 'handle_new_pod/spec.nodeName' succeeded.
2025-07-30 13:38:09,549 [INFO] kopf.objects - Creation is processed: 1 succeeded; 0 failed.
2025-07-30 13:38:09,563 [INFO] kopf.objects - Handler 'handle_new_pod/spec.nodeName' succeeded.
2025-07-30 13:38:09,564 [INFO] kopf.objects - Creation is processed: 1 succeeded; 0 failed.
2025-07-30 13:38:09,573 [INFO] kopf.objects - Handler 'handle_new_pod/spec.nodeName' succeeded.
2025-07-30 13:38:09,574 [INFO] kopf.objects - Creation is processed: 1 succeeded; 0 failed.
2025-07-30 13:38:09,586 [INFO] kopf.objects - Handler 'handle_new_pod/spec.nodeName' succeeded.
2025-07-30 13:38:09,586 [INFO] kopf.objects - Creation is processed: 1 succeeded; 0 failed.
2025-07-30 13:38:09,595 [INFO] kopf.objects - Handler 'handle_new_pod/spec.nodeName' succeeded.
2025-07-30 13:38:09,596 [INFO] kopf.objects - Creation is processed: 1 succeeded; 0 failed.
2025-07-30 13:38:09,610 [INFO] kopf.objects - Handler 'handle_new_pod/spec.nodeName' succeeded.
2025-07-30 13:38:09,610 [INFO] kopf.objects - Creation is processed: 1 succeeded; 0 failed.
2025-07-30 13:38:09,625 [INFO] kopf.objects - Handler 'handle_new_pod/spec.nodeName' succeeded.
2025-07-30 13:38:09,627 [INFO] kopf.objects - Creation is processed: 1 succeeded; 0 failed.
2025-07-30 13:38:09,637 [INFO] kopf.objects - Handler 'handle_new_pod/spec.nodeName' succeeded.
2025-07-30 13:38:09,638 [INFO] kopf.objects - Creation is processed: 1 succeeded; 0 failed.
2025-07-30 13:38:09,657 [INFO] kopf.objects - Handler 'handle_new_pod/spec.nodeName' succeeded.
2025-07-30 13:38:09,657 [INFO] kopf.objects - Creation is processed: 1 succeeded; 0 failed.
