2025-07-30 13:41:43,632 [INFO] /app/code/main_operator_latency.py - Starting Operator with 20 workers.
2025-07-30 13:41:43,661 [INFO] root - Initializing Openstack Client!
2025-07-30 13:41:43,871 [INFO] root - ================================= FRESH INITIALISATION DONE =====================================
2025-07-30 13:41:43,872 [INFO] operator_code.watcher_operator - Watcher class for Kopf Operator!
2025-07-30 13:41:43,873 [INFO] kopf.activities.startup - Activity 'startup_handler' succeeded.
2025-07-30 13:41:43,875 [INFO] kopf._core.engines.activities - Initial authentication has been initiated.
2025-07-30 13:41:43,879 [INFO] kopf.activities.authentication - Activity 'login_via_client' succeeded.
2025-07-30 13:41:43,879 [INFO] kopf._core.engines.activities - Initial authentication has finished.
2025-07-30 13:41:43,925 [WARNING] kopf._core.reactor.observation - Not enough permissions to list namespaces. Falling back to a list of namespaces which are assumed to exist: {'test-thesis'}
2025-07-30 13:41:43,937 [WARNING] kopf._core.reactor.observation - Not enough permissions to watch for namespaces: changes (deletion/creation) will not be noticed; the namespaces are only refreshed on operator restarts.
2025-07-30 13:41:48,357 [INFO] kopf.objects - Handler 'handle_new_policy' succeeded.
2025-07-30 13:41:48,358 [INFO] kopf.objects - Creation is processed: 1 succeeded; 0 failed.
2025-07-30 13:41:48,509 [INFO] matcher - PLS: Configuring new spol Policy(name=app-c-allow-frontend-backend, sel=LabelSet(labels={'app': 'app-c', 'role': 'frontend'}), allow=[
(LabelSet(labels={'app': 'app-c', 'role': 'backend'}), Traffic(direction=ingress, port=80, protocol=TCP)) 
])
2025-07-30 13:41:48,524 [INFO] matcher - PLS: Configuring new spol Policy(name=app-c-allow-frontend-backend, sel=LabelSet(labels={'app': 'app-c', 'role': 'frontend'}), allow=[
(LabelSet(labels={'app': 'app-c', 'role': 'backend'}), Traffic(direction=egress, port=80, protocol=TCP)) 
])
2025-07-30 13:41:48,537 [INFO] kopf.objects - Handler 'handle_new_policy' succeeded.
2025-07-30 13:41:48,538 [INFO] kopf.objects - Creation is processed: 1 succeeded; 0 failed.
2025-07-30 13:41:48,635 [INFO] matcher - PLS: Configuring new spol Policy(name=app-c-allow-database-backend, sel=LabelSet(labels={'app': 'app-c', 'role': 'database'}), allow=[
(LabelSet(labels={'app': 'app-c', 'role': 'backend'}), Traffic(direction=ingress, port=80, protocol=TCP)) 
])
2025-07-30 13:41:48,649 [INFO] matcher - PLS: Configuring new spol Policy(name=app-c-allow-database-backend, sel=LabelSet(labels={'app': 'app-c', 'role': 'database'}), allow=[
(LabelSet(labels={'app': 'app-c', 'role': 'backend'}), Traffic(direction=egress, port=80, protocol=TCP)) 
])
2025-07-30 13:41:48,666 [INFO] kopf.objects - Handler 'handle_new_policy' succeeded.
2025-07-30 13:41:48,668 [INFO] kopf.objects - Creation is processed: 1 succeeded; 0 failed.
2025-07-30 13:41:48,711 [INFO] matcher - PLS: Configuring new spol Policy(name=app-c-allow-backend-frontend, sel=LabelSet(labels={'app': 'app-c', 'role': 'backend'}), allow=[
(LabelSet(labels={'app': 'app-c', 'role': 'frontend'}), Traffic(direction=ingress, port=80, protocol=TCP)) 
])
2025-07-30 13:41:48,725 [INFO] matcher - PLS: Configuring new spol Policy(name=app-c-allow-backend-frontend, sel=LabelSet(labels={'app': 'app-c', 'role': 'backend'}), allow=[
(LabelSet(labels={'app': 'app-c', 'role': 'frontend'}), Traffic(direction=egress, port=80, protocol=TCP)) 
])
2025-07-30 13:41:48,741 [INFO] kopf.objects - Handler 'handle_new_policy' succeeded.
2025-07-30 13:41:48,742 [INFO] kopf.objects - Creation is processed: 1 succeeded; 0 failed.
2025-07-30 13:41:48,821 [INFO] matcher - PLS: Configuring new spol Policy(name=app-c-allow-backend-database, sel=LabelSet(labels={'app': 'app-c', 'role': 'backend'}), allow=[
(LabelSet(labels={'app': 'app-c', 'role': 'database'}), Traffic(direction=ingress, port=80, protocol=TCP)) 
])
2025-07-30 13:41:48,834 [INFO] matcher - PLS: Configuring new spol Policy(name=app-c-allow-backend-database, sel=LabelSet(labels={'app': 'app-c', 'role': 'backend'}), allow=[
(LabelSet(labels={'app': 'app-c', 'role': 'database'}), Traffic(direction=egress, port=80, protocol=TCP)) 
])
2025-07-30 13:41:48,851 [INFO] kopf.objects - Handler 'handle_new_policy' succeeded.
2025-07-30 13:41:48,852 [INFO] kopf.objects - Creation is processed: 1 succeeded; 0 failed.
2025-07-30 13:41:48,980 [INFO] matcher - PLS: Configuring new spol Policy(name=app-b-allow-backend-database, sel=LabelSet(labels={'app': 'app-b', 'role': 'backend'}), allow=[
(LabelSet(labels={'app': 'app-b', 'role': 'database'}), Traffic(direction=ingress, port=80, protocol=TCP)) 
])
2025-07-30 13:41:48,992 [INFO] matcher - PLS: Configuring new spol Policy(name=app-b-allow-backend-database, sel=LabelSet(labels={'app': 'app-b', 'role': 'backend'}), allow=[
(LabelSet(labels={'app': 'app-b', 'role': 'database'}), Traffic(direction=egress, port=80, protocol=TCP)) 
])
2025-07-30 13:41:49,005 [INFO] kopf.objects - Handler 'handle_new_policy' succeeded.
2025-07-30 13:41:49,005 [INFO] kopf.objects - Creation is processed: 1 succeeded; 0 failed.
2025-07-30 13:41:49,075 [INFO] matcher - PLS: Configuring new spol Policy(name=app-b-allow-database-backend, sel=LabelSet(labels={'app': 'app-b', 'role': 'database'}), allow=[
(LabelSet(labels={'app': 'app-b', 'role': 'backend'}), Traffic(direction=ingress, port=80, protocol=TCP)) 
])
2025-07-30 13:41:49,090 [INFO] matcher - PLS: Configuring new spol Policy(name=app-b-allow-database-backend, sel=LabelSet(labels={'app': 'app-b', 'role': 'database'}), allow=[
(LabelSet(labels={'app': 'app-b', 'role': 'backend'}), Traffic(direction=egress, port=80, protocol=TCP)) 
])
2025-07-30 13:41:49,105 [INFO] kopf.objects - Handler 'handle_new_policy' succeeded.
2025-07-30 13:41:49,105 [INFO] kopf.objects - Creation is processed: 1 succeeded; 0 failed.
2025-07-30 13:41:49,175 [INFO] matcher - PLS: Configuring new spol Policy(name=app-b-allow-frontend-backend, sel=LabelSet(labels={'app': 'app-b', 'role': 'frontend'}), allow=[
(LabelSet(labels={'app': 'app-b', 'role': 'backend'}), Traffic(direction=ingress, port=80, protocol=TCP)) 
])
2025-07-30 13:41:49,186 [INFO] matcher - PLS: Configuring new spol Policy(name=app-b-allow-frontend-backend, sel=LabelSet(labels={'app': 'app-b', 'role': 'frontend'}), allow=[
(LabelSet(labels={'app': 'app-b', 'role': 'backend'}), Traffic(direction=egress, port=80, protocol=TCP)) 
])
2025-07-30 13:41:49,200 [INFO] kopf.objects - Handler 'handle_new_policy' succeeded.
2025-07-30 13:41:49,201 [INFO] kopf.objects - Creation is processed: 1 succeeded; 0 failed.
2025-07-30 13:41:49,242 [INFO] kopf.objects - Handler 'handle_new_policy' succeeded.
2025-07-30 13:41:49,243 [INFO] kopf.objects - Creation is processed: 1 succeeded; 0 failed.
2025-07-30 13:41:49,358 [INFO] matcher - PLS: Configuring new spol Policy(name=app-b-allow-backend-frontend, sel=LabelSet(labels={'app': 'app-b', 'role': 'backend'}), allow=[
(LabelSet(labels={'app': 'app-b', 'role': 'frontend'}), Traffic(direction=ingress, port=80, protocol=TCP)) 
])
2025-07-30 13:41:49,376 [INFO] matcher - PLS: Configuring new spol Policy(name=app-b-allow-backend-frontend, sel=LabelSet(labels={'app': 'app-b', 'role': 'backend'}), allow=[
(LabelSet(labels={'app': 'app-b', 'role': 'frontend'}), Traffic(direction=egress, port=80, protocol=TCP)) 
])
2025-07-30 13:41:49,388 [INFO] kopf.objects - Handler 'handle_new_policy' succeeded.
2025-07-30 13:41:49,388 [INFO] kopf.objects - Creation is processed: 1 succeeded; 0 failed.
2025-07-30 13:41:49,513 [INFO] matcher - PLS: Configuring new spol Policy(name=app-a-allow-backend-database, sel=LabelSet(labels={'app': 'app-a', 'role': 'backend'}), allow=[
(LabelSet(labels={'app': 'app-a', 'role': 'database'}), Traffic(direction=ingress, port=80, protocol=TCP)) 
])
2025-07-30 13:41:49,523 [INFO] matcher - PLS: Configuring new spol Policy(name=app-a-allow-backend-database, sel=LabelSet(labels={'app': 'app-a', 'role': 'backend'}), allow=[
(LabelSet(labels={'app': 'app-a', 'role': 'database'}), Traffic(direction=egress, port=80, protocol=TCP)) 
])
2025-07-30 13:41:49,536 [INFO] kopf.objects - Handler 'handle_new_policy' succeeded.
2025-07-30 13:41:49,537 [INFO] kopf.objects - Creation is processed: 1 succeeded; 0 failed.
2025-07-30 13:41:49,613 [INFO] matcher - PLS: Configuring new spol Policy(name=app-a-allow-frontend-backend, sel=LabelSet(labels={'app': 'app-a', 'role': 'frontend'}), allow=[
(LabelSet(labels={'app': 'app-a', 'role': 'backend'}), Traffic(direction=ingress, port=80, protocol=TCP)) 
])
2025-07-30 13:41:49,627 [INFO] matcher - PLS: Configuring new spol Policy(name=app-a-allow-frontend-backend, sel=LabelSet(labels={'app': 'app-a', 'role': 'frontend'}), allow=[
(LabelSet(labels={'app': 'app-a', 'role': 'backend'}), Traffic(direction=egress, port=80, protocol=TCP)) 
])
2025-07-30 13:41:49,640 [INFO] kopf.objects - Handler 'handle_new_policy' succeeded.
2025-07-30 13:41:49,641 [INFO] kopf.objects - Creation is processed: 1 succeeded; 0 failed.
2025-07-30 13:41:49,727 [INFO] matcher - PLS: Configuring new spol Policy(name=app-a-allow-backend-frontend, sel=LabelSet(labels={'app': 'app-a', 'role': 'backend'}), allow=[
(LabelSet(labels={'app': 'app-a', 'role': 'frontend'}), Traffic(direction=ingress, port=80, protocol=TCP)) 
])
2025-07-30 13:41:49,744 [INFO] matcher - PLS: Configuring new spol Policy(name=app-a-allow-backend-frontend, sel=LabelSet(labels={'app': 'app-a', 'role': 'backend'}), allow=[
(LabelSet(labels={'app': 'app-a', 'role': 'frontend'}), Traffic(direction=egress, port=80, protocol=TCP)) 
])
2025-07-30 13:41:49,765 [INFO] kopf.objects - Handler 'handle_new_policy' succeeded.
2025-07-30 13:41:49,766 [INFO] kopf.objects - Creation is processed: 1 succeeded; 0 failed.
2025-07-30 13:41:49,877 [INFO] kopf.objects - Handler 'handle_new_policy' succeeded.
2025-07-30 13:41:49,878 [INFO] kopf.objects - Creation is processed: 1 succeeded; 0 failed.
2025-07-30 13:41:49,998 [INFO] matcher - PLS: Configuring new spol Policy(name=app-a-allow-database-backend, sel=LabelSet(labels={'app': 'app-a', 'role': 'database'}), allow=[
(LabelSet(labels={'app': 'app-a', 'role': 'backend'}), Traffic(direction=ingress, port=80, protocol=TCP)) 
])
2025-07-30 13:41:50,015 [INFO] matcher - PLS: Configuring new spol Policy(name=app-a-allow-database-backend, sel=LabelSet(labels={'app': 'app-a', 'role': 'database'}), allow=[
(LabelSet(labels={'app': 'app-a', 'role': 'backend'}), Traffic(direction=egress, port=80, protocol=TCP)) 
])
2025-07-30 13:41:50,030 [INFO] kopf.objects - Handler 'handle_new_policy' succeeded.
2025-07-30 13:41:50,031 [INFO] kopf.objects - Creation is processed: 1 succeeded; 0 failed.
2025-07-30 13:41:50,831 [INFO] matcher - PLS: Configuring new pod with labelset: {L}
2025-07-30 13:41:50,832 [INFO] matcher - PLS: Configuring new spol Policy(name=app-a-allow-backend-frontend, sel=LabelSet(labels={'app': 'app-a', 'role': 'backend'}), allow=[
(LabelSet(labels={'app': 'app-a', 'role': 'frontend'}), Traffic(direction=ingress, port=80, protocol=TCP)) 
])
2025-07-30 13:41:50,833 [INFO] matcher - PLS: Configuring new spol Policy(name=app-a-allow-backend-frontend, sel=LabelSet(labels={'app': 'app-a', 'role': 'backend'}), allow=[
(LabelSet(labels={'app': 'app-a', 'role': 'frontend'}), Traffic(direction=egress, port=80, protocol=TCP)) 
])
2025-07-30 13:41:50,835 [INFO] matcher - PLS: Configuring new spol Policy(name=app-a-allow-frontend-backend, sel=LabelSet(labels={'app': 'app-a', 'role': 'frontend'}), allow=[
(LabelSet(labels={'app': 'app-a', 'role': 'backend'}), Traffic(direction=egress, port=80, protocol=TCP)) 
])
2025-07-30 13:41:50,835 [INFO] matcher - Adding Security Group for select labelset: LabelSet(labels={'app': 'app-a', 'role': 'frontend'})
🚀 Starting Kopf operator in mode: PLS, watching the test-thesis namespace.
Initialising latency-results.csv file
[133974845425344] Handling new policy app-c-deny-all, locking app:app-c,  ...
Successfully added policy app-c-deny-all to ClusterState
[133974845425344] Handled new policy app-c-deny-all, Released app:app-c,  ...
[133974845425344] Handling new policy app-c-allow-frontend-backend, locking app:app-crole:backend, app:app-crole:frontend,  ...
Successfully added policy app-c-allow-frontend-backend to ClusterState
[133974845425344] Handled new policy app-c-allow-frontend-backend, Released app:app-crole:backend, app:app-crole:frontend,  ...
[133974845425344] Handling new policy app-c-allow-database-backend, locking app:app-crole:backend, app:app-crole:database,  ...
Successfully added policy app-c-allow-database-backend to ClusterState
[133974845425344] Handled new policy app-c-allow-database-backend, Released app:app-crole:backend, app:app-crole:database,  ...
[133974845425344] Handling new policy app-c-allow-backend-frontend, locking app:app-crole:backend, app:app-crole:frontend,  ...
Successfully added policy app-c-allow-backend-frontend to ClusterState
[133974845425344] Handled new policy app-c-allow-backend-frontend, Released app:app-crole:backend, app:app-crole:frontend,  ...
[133974845425344] Handling new policy app-c-allow-backend-database, locking app:app-crole:backend, app:app-crole:database,  ...
Successfully added policy app-c-allow-backend-database to ClusterState
[133974845425344] Handled new policy app-c-allow-backend-database, Released app:app-crole:backend, app:app-crole:database,  ...
[133974845425344] Handling new policy app-b-allow-backend-database, locking app:app-brole:backend, app:app-brole:database,  ...
Successfully added policy app-b-allow-backend-database to ClusterState
[133974845425344] Handled new policy app-b-allow-backend-database, Released app:app-brole:backend, app:app-brole:database,  ...
[133974845425344] Handling new policy app-b-allow-database-backend, locking app:app-brole:backend, app:app-brole:database,  ...
Successfully added policy app-b-allow-database-backend to ClusterState
[133974845425344] Handled new policy app-b-allow-database-backend, Released app:app-brole:backend, app:app-brole:database,  ...
[133974845425344] Handling new policy app-b-allow-frontend-backend, locking app:app-brole:backend, app:app-brole:frontend,  ...
Successfully added policy app-b-allow-frontend-backend to ClusterState
[133974845425344] Handled new policy app-b-allow-frontend-backend, Released app:app-brole:backend, app:app-brole:frontend,  ...
[133974845425344] Handling new policy app-b-deny-all, locking app:app-b,  ...
Successfully added policy app-b-deny-all to ClusterState
[133974845425344] Handled new policy app-b-deny-all, Released app:app-b,  ...
[133974845425344] Handling new policy app-b-allow-backend-frontend, locking app:app-brole:backend, app:app-brole:frontend,  ...
Successfully added policy app-b-allow-backend-frontend to ClusterState
[133974845425344] Handled new policy app-b-allow-backend-frontend, Released app:app-brole:backend, app:app-brole:frontend,  ...
[133974845425344] Handling new policy app-a-allow-backend-database, locking app:app-arole:database, app:app-arole:backend,  ...
Successfully added policy app-a-allow-backend-database to ClusterState
[133974845425344] Handled new policy app-a-allow-backend-database, Released app:app-arole:database, app:app-arole:backend,  ...
[133974845425344] Handling new policy app-a-allow-frontend-backend, locking app:app-arole:frontend, app:app-arole:backend,  ...
Successfully added policy app-a-allow-frontend-backend to ClusterState
[133974845425344] Handled new policy app-a-allow-frontend-backend, Released app:app-arole:frontend, app:app-arole:backend,  ...
[133974845425344] Handling new policy app-a-allow-backend-frontend, locking app:app-arole:frontend, app:app-arole:backend,  ...
Successfully added policy app-a-allow-backend-frontend to ClusterState
[133974845425344] Handled new policy app-a-allow-backend-frontend, Released app:app-arole:frontend, app:app-arole:backend,  ...
[133974845425344] Handling new policy app-a-deny-all, locking app:app-a,  ...
Successfully added policy app-a-deny-all to ClusterState
[133974845425344] Handled new policy app-a-deny-all, Released app:app-a,  ...
[133974845425344] Handling new policy app-a-allow-database-backend, locking app:app-arole:database, app:app-arole:backend,  ...
Successfully added policy app-a-allow-database-backend to ClusterState
[133974845425344] Handled new policy app-a-allow-database-backend, Released app:app-arole:database, app:app-arole:backend,  ...
Registering time when event comes in for test-pod-0: 1753882910.7162254
New pod test-pod-0! old_node = None, new_node = worker-1.
Handling the new pod object: Pod(name=test-pod-0, label_set=LabelSet(labels={'app': 'app-a', 'role': 'frontend'}), node=Node(name=worker-1)
[133974845425344] Handling pod test-pod-0, locking app:app-arole:frontend, app:app-arole:backend,  ...
New pod: test-pod-0, on node: worker-1
Registering time when event comes in for test-pod-1: 1753882910.7476137
New pod test-pod-1! old_node = None, new_node = worker-1.
Handling the new pod object: Pod(name=test-pod-1, label_set=LabelSet(labels={'app': 'app-a', 'role': 'backend'}), node=Node(name=worker-1)
[133974830741184] Handling pod test-pod-1, locking app:app-arole:database, app:app-arole:frontend, app:app-arole:backend,  ...
Registering time when event comes in for test-pod-2: 1753882910.7548907
New pod test-pod-2! old_node = None, new_node = worker-1.
Handling the new pod object: Pod(name=test-pod-2, label_set=LabelSet(labels={'app': 'app-a', 'role': 'database'}), node=Node(name=worker-1)
[133974822348480] Handling pod test-pod-2, locking app:app-arole:database, app:app-arole:backend,  ...
Registering time when event comes in for test-pod-13: 1753882910.8464003
New pod test-pod-13! old_node = None, new_node = worker-1.
Handling the new pod object: Pod(name=test-pod-13, label_set=LabelSet(labels={'app': 'app-b', 'role': 'backend'}), node=Node(name=worker-1)
[133974813955776] Handling pod test-pod-13, locking app:app-brole:backend, app:app-brole:frontend, app:app-brole:database,  ...
New pod: test-pod-13, on node: worker-1
Registering time when event comes in for test-pod-4: 1753882910.8504455
New pod test-pod-4! old_node = None, new_node = worker-1.
Handling the new pod object: Pod(name=test-pod-4, label_set=LabelSet(labels={'app': 'app-b', 'role': 'backend'}), node=Node(name=worker-1)
[133974805563072] Handling pod test-pod-4, locking app:app-brole:backend, app:app-brole:frontend, app:app-brole:database,  ...
Registering time when event comes in for test-pod-3: 1753882910.853489
New pod test-pod-3! old_node = None, new_node = worker-1.
Handling the new pod object: Pod(name=test-pod-3, label_set=LabelSet(labels={'app': 'app-b', 'role': 'frontend'}), node=Node(name=worker-1)
[133974458365632] Handling pod test-pod-3, locking app:app-brole:backend, app:app-brole:frontend,  ...
Registering time when event comes in for test-pod-9: 1753882910.855961
New pod test-pod-9! old_node = None, new_node = worker-1.
Handling the new pod object: Pod(name=test-pod-9, label_set=LabelSet(labels={'app': 'app-a', 'role': 'frontend'}), node=Node(name=worker-1)
[133974449972928] Handling pod test-pod-9, locking app:app-arole:frontend, app:app-arole:backend,  ...
Registering time when event comes in for test-pod-11: 1753882910.8573148
New pod test-pod-11! old_node = None, new_node = worker-1.
Handling the new pod object: Pod(name=test-pod-11, label_set=LabelSet(labels={'app': 'app-a', 'role': 'database'}), node=Node(name=worker-1)
[133974441580224] Handling pod test-pod-11, locking app:app-arole:database, app:app-arole:backend,  ...
Registering time when event comes in for test-pod-5: 1753882910.860418
New pod test-pod-5! old_node = None, new_node = worker-1.
Handling the new pod object: Pod(name=test-pod-5, label_set=LabelSet(labels={'app': 'app-b', 'role': 'database'}), node=Node(name=worker-1)
[133974433187520] Handling pod test-pod-5, locking app:app-brole:backend, app:app-brole:database,  ...
2025-07-30 13:41:50,894 [INFO] matcher - PLS: Configuring new pod with labelset: {L}
2025-07-30 13:41:50,896 [INFO] matcher - PLS: Configuring new spol Policy(name=app-b-allow-backend-database, sel=LabelSet(labels={'app': 'app-b', 'role': 'backend'}), allow=[
(LabelSet(labels={'app': 'app-b', 'role': 'database'}), Traffic(direction=ingress, port=80, protocol=TCP)) 
])
2025-07-30 13:41:50,896 [INFO] matcher - Adding Security Group for select labelset: LabelSet(labels={'app': 'app-b', 'role': 'backend'})
2025-07-30 13:41:50,922 [INFO] matcher - PLS: Configuring new pod with labelset: {L}
2025-07-30 13:41:50,923 [INFO] matcher - PLS: Configuring new spol Policy(name=app-c-allow-frontend-backend, sel=LabelSet(labels={'app': 'app-c', 'role': 'frontend'}), allow=[
(LabelSet(labels={'app': 'app-c', 'role': 'backend'}), Traffic(direction=egress, port=80, protocol=TCP)) 
])
2025-07-30 13:41:50,926 [INFO] matcher - PLS: Configuring new spol Policy(name=app-c-allow-frontend-backend, sel=LabelSet(labels={'app': 'app-c', 'role': 'frontend'}), allow=[
(LabelSet(labels={'app': 'app-c', 'role': 'backend'}), Traffic(direction=ingress, port=80, protocol=TCP)) 
])
2025-07-30 13:41:50,926 [INFO] matcher - PLS: Configuring new spol Policy(name=app-c-allow-backend-database, sel=LabelSet(labels={'app': 'app-c', 'role': 'backend'}), allow=[
(LabelSet(labels={'app': 'app-c', 'role': 'database'}), Traffic(direction=egress, port=80, protocol=TCP)) 
])
2025-07-30 13:41:50,926 [INFO] matcher - Adding Security Group for select labelset: LabelSet(labels={'app': 'app-c', 'role': 'backend'})
2025-07-30 13:41:51,286 [INFO] root - Creating security group: SG-app:app-crole:backend
2025-07-30 13:41:51,383 [INFO] root - Creating security group: SG-app:app-arole:frontend
2025-07-30 13:41:51,385 [INFO] root - Creating security group: SG-app:app-brole:backend
2025-07-30 13:41:51,825 [INFO] security_group_module - Attaching security group SG-app:app-crole:backend to instance worker-1
2025-07-30 13:41:52,034 [INFO] security_group_module - Attaching security group SG-app:app-brole:backend to instance worker-1
2025-07-30 13:41:52,074 [INFO] security_group_module - Attaching security group SG-app:app-arole:frontend to instance worker-1
2025-07-30 13:41:52,320 [INFO] matcher - Adding Security Group for allow labelset: LabelSet(labels={'app': 'app-c', 'role': 'database'})
2025-07-30 13:41:52,398 [INFO] root - Creating security group: SG-app:app-crole:database
2025-07-30 13:41:52,545 [INFO] matcher - Adding Security Group for allow labelset: LabelSet(labels={'app': 'app-a', 'role': 'backend'})
2025-07-30 13:41:52,567 [INFO] security_group_module - SGMod: Adding rule to SG-app:app-crole:backend, remote SG-app:app-crole:database, port 80, type egress
2025-07-30 13:41:52,597 [INFO] root - Creating security group: SG-app:app-arole:backend
2025-07-30 13:41:52,608 [INFO] matcher - Adding Security Group for allow labelset: LabelSet(labels={'app': 'app-b', 'role': 'database'})
2025-07-30 13:41:52,663 [INFO] root - Creating security group: SG-app:app-brole:database
2025-07-30 13:41:52,677 [INFO] matcher - PLS: Configuring new spol Policy(name=app-c-allow-database-backend, sel=LabelSet(labels={'app': 'app-c', 'role': 'database'}), allow=[
(LabelSet(labels={'app': 'app-c', 'role': 'backend'}), Traffic(direction=egress, port=80, protocol=TCP)) 
])
2025-07-30 13:41:52,677 [INFO] matcher - PLS: Configuring new spol Policy(name=app-c-allow-backend-database, sel=LabelSet(labels={'app': 'app-c', 'role': 'backend'}), allow=[
(LabelSet(labels={'app': 'app-c', 'role': 'database'}), Traffic(direction=ingress, port=80, protocol=TCP)) 
])
2025-07-30 13:41:52,677 [INFO] matcher - Adding Security Group for select labelset: LabelSet(labels={'app': 'app-c', 'role': 'backend'})
2025-07-30 13:41:52,678 [INFO] matcher - Adding Security Group for allow labelset: LabelSet(labels={'app': 'app-c', 'role': 'database'})
2025-07-30 13:41:52,678 [INFO] security_group_module - SGMod: Adding rule to SG-app:app-crole:backend, remote SG-app:app-crole:database, port 80, type ingress
2025-07-30 13:41:52,811 [INFO] security_group_module - SGMod: Adding rule to SG-app:app-arole:frontend, remote SG-app:app-arole:backend, port 80, type egress
2025-07-30 13:41:52,831 [INFO] security_group_module - SGMod: Adding rule to SG-app:app-brole:backend, remote SG-app:app-brole:database, port 80, type ingress
2025-07-30 13:41:52,836 [INFO] matcher - PLS: Configuring new spol Policy(name=app-c-allow-backend-frontend, sel=LabelSet(labels={'app': 'app-c', 'role': 'backend'}), allow=[
(LabelSet(labels={'app': 'app-c', 'role': 'frontend'}), Traffic(direction=ingress, port=80, protocol=TCP)) 
])
2025-07-30 13:41:52,837 [INFO] matcher - Adding Security Group for select labelset: LabelSet(labels={'app': 'app-c', 'role': 'backend'})
2025-07-30 13:41:52,837 [INFO] matcher - Adding Security Group for allow labelset: LabelSet(labels={'app': 'app-c', 'role': 'frontend'})
2025-07-30 13:41:52,893 [INFO] root - Creating security group: SG-app:app-crole:frontend
2025-07-30 13:41:52,922 [INFO] matcher - PLS: Configuring new spol Policy(name=app-a-allow-frontend-backend, sel=LabelSet(labels={'app': 'app-a', 'role': 'frontend'}), allow=[
(LabelSet(labels={'app': 'app-a', 'role': 'backend'}), Traffic(direction=ingress, port=80, protocol=TCP)) 
])
2025-07-30 13:41:52,922 [INFO] matcher - Adding Security Group for select labelset: LabelSet(labels={'app': 'app-a', 'role': 'frontend'})
2025-07-30 13:41:52,922 [INFO] matcher - Adding Security Group for allow labelset: LabelSet(labels={'app': 'app-a', 'role': 'backend'})
2025-07-30 13:41:52,922 [INFO] security_group_module - SGMod: Adding rule to SG-app:app-arole:frontend, remote SG-app:app-arole:backend, port 80, type ingress
2025-07-30 13:41:53,024 [INFO] matcher - PLS: Configuring new spol Policy(name=app-b-allow-database-backend, sel=LabelSet(labels={'app': 'app-b', 'role': 'database'}), allow=[
(LabelSet(labels={'app': 'app-b', 'role': 'backend'}), Traffic(direction=egress, port=80, protocol=TCP)) 
])
2025-07-30 13:41:53,024 [INFO] matcher - PLS: Configuring new spol Policy(name=app-b-allow-backend-database, sel=LabelSet(labels={'app': 'app-b', 'role': 'backend'}), allow=[
(LabelSet(labels={'app': 'app-b', 'role': 'database'}), Traffic(direction=egress, port=80, protocol=TCP)) 
])
2025-07-30 13:41:53,024 [INFO] matcher - Adding Security Group for select labelset: LabelSet(labels={'app': 'app-b', 'role': 'backend'})
2025-07-30 13:41:53,024 [INFO] matcher - Adding Security Group for allow labelset: LabelSet(labels={'app': 'app-b', 'role': 'database'})
2025-07-30 13:41:53,024 [INFO] security_group_module - SGMod: Adding rule to SG-app:app-brole:backend, remote SG-app:app-brole:database, port 80, type egress
2025-07-30 13:41:53,059 [INFO] security_group_module - SGMod: Adding rule to SG-app:app-crole:backend, remote SG-app:app-crole:frontend, port 80, type ingress
2025-07-30 13:41:53,163 [INFO] matcher - PLS: Configuring new spol Policy(name=app-b-allow-frontend-backend, sel=LabelSet(labels={'app': 'app-b', 'role': 'frontend'}), allow=[
(LabelSet(labels={'app': 'app-b', 'role': 'backend'}), Traffic(direction=ingress, port=80, protocol=TCP)) 
])
2025-07-30 13:41:53,163 [INFO] matcher - PLS: Configuring new spol Policy(name=app-b-allow-backend-frontend, sel=LabelSet(labels={'app': 'app-b', 'role': 'backend'}), allow=[
(LabelSet(labels={'app': 'app-b', 'role': 'frontend'}), Traffic(direction=ingress, port=80, protocol=TCP)) 
])
2025-07-30 13:41:53,163 [INFO] matcher - Adding Security Group for select labelset: LabelSet(labels={'app': 'app-b', 'role': 'backend'})
2025-07-30 13:41:53,163 [INFO] matcher - Adding Security Group for allow labelset: LabelSet(labels={'app': 'app-b', 'role': 'frontend'})
2025-07-30 13:41:53,232 [INFO] root - Creating security group: SG-app:app-brole:frontend
2025-07-30 13:41:53,259 [INFO] matcher - PLS: Configuring new spol Policy(name=app-c-allow-backend-frontend, sel=LabelSet(labels={'app': 'app-c', 'role': 'backend'}), allow=[
(LabelSet(labels={'app': 'app-c', 'role': 'frontend'}), Traffic(direction=egress, port=80, protocol=TCP)) 
])
2025-07-30 13:41:53,264 [INFO] matcher - Adding Security Group for select labelset: LabelSet(labels={'app': 'app-c', 'role': 'backend'})
2025-07-30 13:41:53,264 [INFO] matcher - Adding Security Group for allow labelset: LabelSet(labels={'app': 'app-c', 'role': 'frontend'})
2025-07-30 13:41:53,264 [INFO] security_group_module - SGMod: Adding rule to SG-app:app-crole:backend, remote SG-app:app-crole:frontend, port 80, type egress
2025-07-30 13:41:53,412 [INFO] security_group_module - SGMod: Adding rule to SG-app:app-brole:backend, remote SG-app:app-brole:frontend, port 80, type ingress
2025-07-30 13:41:53,419 [INFO] matcher - PLS: Configuring new spol Policy(name=app-c-allow-database-backend, sel=LabelSet(labels={'app': 'app-c', 'role': 'database'}), allow=[
(LabelSet(labels={'app': 'app-c', 'role': 'backend'}), Traffic(direction=ingress, port=80, protocol=TCP)) 
])
2025-07-30 13:41:53,512 [INFO] security_group_module - SG-app:app-arole:frontend already attached to worker-1
2025-07-30 13:41:53,520 [INFO] matcher - PLS: Configuring new spol Policy(name=app-b-allow-backend-frontend, sel=LabelSet(labels={'app': 'app-b', 'role': 'backend'}), allow=[
(LabelSet(labels={'app': 'app-b', 'role': 'frontend'}), Traffic(direction=egress, port=80, protocol=TCP)) 
])
2025-07-30 13:41:53,521 [INFO] matcher - Adding Security Group for select labelset: LabelSet(labels={'app': 'app-b', 'role': 'backend'})
2025-07-30 13:41:53,521 [INFO] matcher - Adding Security Group for allow labelset: LabelSet(labels={'app': 'app-b', 'role': 'frontend'})
2025-07-30 13:41:53,521 [INFO] security_group_module - SGMod: Adding rule to SG-app:app-brole:backend, remote SG-app:app-brole:frontend, port 80, type egress
2025-07-30 13:41:53,546 [INFO] kopf.objects - Handler 'handle_new_pod/spec.nodeName' succeeded.
2025-07-30 13:41:53,552 [INFO] kopf.objects - Creation is processed: 1 succeeded; 0 failed.
2025-07-30 13:41:53,568 [INFO] matcher - PLS: Configuring new pod with labelset: {L}
2025-07-30 13:41:53,568 [INFO] matcher - PLS: Configuring new spol Policy(name=app-a-allow-database-backend, sel=LabelSet(labels={'app': 'app-a', 'role': 'database'}), allow=[
(LabelSet(labels={'app': 'app-a', 'role': 'backend'}), Traffic(direction=ingress, port=80, protocol=TCP)) 
])
2025-07-30 13:41:53,581 [INFO] matcher - PLS: Configuring new spol Policy(name=app-a-allow-frontend-backend, sel=LabelSet(labels={'app': 'app-a', 'role': 'frontend'}), allow=[
(LabelSet(labels={'app': 'app-a', 'role': 'backend'}), Traffic(direction=ingress, port=80, protocol=TCP)) 
])
2025-07-30 13:41:53,581 [INFO] matcher - Adding Security Group for select labelset: LabelSet(labels={'app': 'app-a', 'role': 'frontend'})
2025-07-30 13:41:53,581 [INFO] matcher - Adding Security Group for allow labelset: LabelSet(labels={'app': 'app-a', 'role': 'backend'})
2025-07-30 13:41:53,582 [INFO] security_group_module - SGMod: Adding rule to SG-app:app-arole:frontend, remote SG-app:app-arole:backend, port 80, type ingress
2025-07-30 13:41:53,680 [INFO] security_group_module - Attaching security group SG-app:app-crole:backend to instance worker-1
2025-07-30 13:41:53,684 [INFO] security_group_module - Cannot add rule to remotes: Security group rule already exists. Rule id is 910dce8b-8089-41ab-8a7a-19b8e74a2e7e.
Neutron server returns request_ids: ['req-508d02ca-ebfd-4ebf-b82f-0e4aa3908fa0']
2025-07-30 13:41:53,685 [INFO] matcher - PLS: Configuring new spol Policy(name=app-a-allow-backend-frontend, sel=LabelSet(labels={'app': 'app-a', 'role': 'backend'}), allow=[
(LabelSet(labels={'app': 'app-a', 'role': 'frontend'}), Traffic(direction=ingress, port=80, protocol=TCP)) 
])
2025-07-30 13:41:53,685 [INFO] matcher - Adding Security Group for select labelset: LabelSet(labels={'app': 'app-a', 'role': 'backend'})
2025-07-30 13:41:53,685 [INFO] matcher - Adding Security Group for allow labelset: LabelSet(labels={'app': 'app-a', 'role': 'frontend'})
2025-07-30 13:41:53,686 [INFO] security_group_module - SGMod: Adding rule to SG-app:app-arole:backend, remote SG-app:app-arole:frontend, port 80, type ingress
2025-07-30 13:41:53,695 [INFO] matcher - PLS: Configuring new spol Policy(name=app-b-allow-database-backend, sel=LabelSet(labels={'app': 'app-b', 'role': 'database'}), allow=[
(LabelSet(labels={'app': 'app-b', 'role': 'backend'}), Traffic(direction=ingress, port=80, protocol=TCP)) 
])
2025-07-30 13:41:53,695 [INFO] matcher - PLS: Configuring new spol Policy(name=app-b-allow-frontend-backend, sel=LabelSet(labels={'app': 'app-b', 'role': 'frontend'}), allow=[
(LabelSet(labels={'app': 'app-b', 'role': 'backend'}), Traffic(direction=egress, port=80, protocol=TCP)) 
])
2025-07-30 13:41:53,806 [INFO] matcher - PLS: Configuring new spol Policy(name=app-a-allow-backend-frontend, sel=LabelSet(labels={'app': 'app-a', 'role': 'backend'}), allow=[
(LabelSet(labels={'app': 'app-a', 'role': 'frontend'}), Traffic(direction=egress, port=80, protocol=TCP)) 
])
2025-07-30 13:41:53,806 [INFO] matcher - Adding Security Group for select labelset: LabelSet(labels={'app': 'app-a', 'role': 'backend'})
2025-07-30 13:41:53,806 [INFO] matcher - Adding Security Group for allow labelset: LabelSet(labels={'app': 'app-a', 'role': 'frontend'})
2025-07-30 13:41:53,807 [INFO] security_group_module - SGMod: Adding rule to SG-app:app-arole:backend, remote SG-app:app-arole:frontend, port 80, type egress
2025-07-30 13:41:53,940 [INFO] matcher - PLS: Configuring new spol Policy(name=app-a-allow-backend-database, sel=LabelSet(labels={'app': 'app-a', 'role': 'backend'}), allow=[
(LabelSet(labels={'app': 'app-a', 'role': 'database'}), Traffic(direction=egress, port=80, protocol=TCP)) 
])
2025-07-30 13:41:53,941 [INFO] matcher - Adding Security Group for select labelset: LabelSet(labels={'app': 'app-a', 'role': 'backend'})
2025-07-30 13:41:53,941 [INFO] matcher - Adding Security Group for allow labelset: LabelSet(labels={'app': 'app-a', 'role': 'database'})
2025-07-30 13:41:53,981 [INFO] security_group_module - SG-app:app-brole:backend already attached to worker-1
2025-07-30 13:41:53,996 [INFO] root - Creating security group: SG-app:app-arole:database
2025-07-30 13:41:54,006 [INFO] kopf.objects - Handler 'handle_new_pod/spec.nodeName' succeeded.
2025-07-30 13:41:54,007 [INFO] kopf.objects - Creation is processed: 1 succeeded; 0 failed.
2025-07-30 13:41:54,027 [INFO] kopf.objects - Handler 'handle_new_pod/spec.nodeName' succeeded.
2025-07-30 13:41:54,027 [INFO] kopf.objects - Creation is processed: 1 succeeded; 0 failed.
2025-07-30 13:41:54,045 [INFO] matcher - PLS: Configuring new pod with labelset: {L}
2025-07-30 13:41:54,045 [INFO] matcher - PLS: Configuring new spol Policy(name=app-b-allow-backend-frontend, sel=LabelSet(labels={'app': 'app-b', 'role': 'backend'}), allow=[
(LabelSet(labels={'app': 'app-b', 'role': 'frontend'}), Traffic(direction=egress, port=80, protocol=TCP)) 
])
2025-07-30 13:41:54,045 [INFO] matcher - Adding Security Group for select labelset: LabelSet(labels={'app': 'app-b', 'role': 'backend'})
2025-07-30 13:41:54,045 [INFO] matcher - Adding Security Group for allow labelset: LabelSet(labels={'app': 'app-b', 'role': 'frontend'})
2025-07-30 13:41:54,045 [INFO] security_group_module - SGMod: Adding rule to SG-app:app-brole:backend, remote SG-app:app-brole:frontend, port 80, type egress
2025-07-30 13:41:54,148 [INFO] security_group_module - SGMod: Adding rule to SG-app:app-arole:backend, remote SG-app:app-arole:database, port 80, type egress
2025-07-30 13:41:54,156 [INFO] security_group_module - Cannot add rule to remotes: Security group rule already exists. Rule id is 462b48d5-e562-423a-bb5f-ccb0709eecd1.
Neutron server returns request_ids: ['req-ca340ab6-43fc-4af7-9334-cb6d8f325a4d']
2025-07-30 13:41:54,156 [INFO] matcher - PLS: Configuring new spol Policy(name=app-b-allow-frontend-backend, sel=LabelSet(labels={'app': 'app-b', 'role': 'frontend'}), allow=[
(LabelSet(labels={'app': 'app-b', 'role': 'backend'}), Traffic(direction=egress, port=80, protocol=TCP)) 
])
2025-07-30 13:41:54,156 [INFO] matcher - Adding Security Group for select labelset: LabelSet(labels={'app': 'app-b', 'role': 'frontend'})
2025-07-30 13:41:54,157 [INFO] matcher - Adding Security Group for allow labelset: LabelSet(labels={'app': 'app-b', 'role': 'backend'})
2025-07-30 13:41:54,157 [INFO] security_group_module - SGMod: Adding rule to SG-app:app-brole:frontend, remote SG-app:app-brole:backend, port 80, type egress
2025-07-30 13:41:54,268 [INFO] kopf.objects - Handler 'handle_new_pod/spec.nodeName' succeeded.
2025-07-30 13:41:54,279 [INFO] kopf.objects - Creation is processed: 1 succeeded; 0 failed.
2025-07-30 13:41:54,293 [INFO] matcher - PLS: Configuring new pod with labelset: {L}
2025-07-30 13:41:54,293 [INFO] matcher - PLS: Configuring new spol Policy(name=app-c-allow-frontend-backend, sel=LabelSet(labels={'app': 'app-c', 'role': 'frontend'}), allow=[
(LabelSet(labels={'app': 'app-c', 'role': 'backend'}), Traffic(direction=egress, port=80, protocol=TCP)) 
])
2025-07-30 13:41:54,295 [INFO] matcher - PLS: Configuring new spol Policy(name=app-b-allow-frontend-backend, sel=LabelSet(labels={'app': 'app-b', 'role': 'frontend'}), allow=[
(LabelSet(labels={'app': 'app-b', 'role': 'backend'}), Traffic(direction=ingress, port=80, protocol=TCP)) 
])
2025-07-30 13:41:54,296 [INFO] matcher - Adding Security Group for select labelset: LabelSet(labels={'app': 'app-b', 'role': 'frontend'})
2025-07-30 13:41:54,295 [INFO] matcher - Adding Security Group for select labelset: LabelSet(labels={'app': 'app-c', 'role': 'frontend'})
2025-07-30 13:41:54,296 [INFO] matcher - Adding Security Group for allow labelset: LabelSet(labels={'app': 'app-b', 'role': 'backend'})
2025-07-30 13:41:54,296 [INFO] matcher - Adding Security Group for allow labelset: LabelSet(labels={'app': 'app-c', 'role': 'backend'})
2025-07-30 13:41:54,296 [INFO] security_group_module - SGMod: Adding rule to SG-app:app-brole:frontend, remote SG-app:app-brole:backend, port 80, type ingress
2025-07-30 13:41:54,297 [INFO] security_group_module - SGMod: Adding rule to SG-app:app-crole:frontend, remote SG-app:app-crole:backend, port 80, type egress
2025-07-30 13:41:54,307 [INFO] matcher - PLS: Configuring new spol Policy(name=app-a-allow-backend-database, sel=LabelSet(labels={'app': 'app-a', 'role': 'backend'}), allow=[
(LabelSet(labels={'app': 'app-a', 'role': 'database'}), Traffic(direction=ingress, port=80, protocol=TCP)) 
])
2025-07-30 13:41:54,307 [INFO] matcher - Adding Security Group for select labelset: LabelSet(labels={'app': 'app-a', 'role': 'backend'})
2025-07-30 13:41:54,307 [INFO] matcher - Adding Security Group for allow labelset: LabelSet(labels={'app': 'app-a', 'role': 'database'})
2025-07-30 13:41:54,308 [INFO] security_group_module - SGMod: Adding rule to SG-app:app-arole:backend, remote SG-app:app-arole:database, port 80, type ingress
2025-07-30 13:41:54,415 [INFO] matcher - PLS: Configuring new spol Policy(name=app-a-allow-database-backend, sel=LabelSet(labels={'app': 'app-a', 'role': 'database'}), allow=[
(LabelSet(labels={'app': 'app-a', 'role': 'backend'}), Traffic(direction=egress, port=80, protocol=TCP)) 
])
2025-07-30 13:41:54,416 [INFO] matcher - PLS: Configuring new spol Policy(name=app-a-allow-frontend-backend, sel=LabelSet(labels={'app': 'app-a', 'role': 'frontend'}), allow=[
(LabelSet(labels={'app': 'app-a', 'role': 'backend'}), Traffic(direction=egress, port=80, protocol=TCP)) 
])
2025-07-30 13:41:54,416 [INFO] matcher - Adding Security Group for select labelset: LabelSet(labels={'app': 'app-a', 'role': 'frontend'})
2025-07-30 13:41:54,417 [INFO] matcher - Adding Security Group for allow labelset: LabelSet(labels={'app': 'app-a', 'role': 'backend'})
2025-07-30 13:41:54,419 [INFO] security_group_module - SGMod: Adding rule to SG-app:app-arole:frontend, remote SG-app:app-arole:backend, port 80, type egress
2025-07-30 13:41:54,449 [INFO] matcher - PLS: Configuring new spol Policy(name=app-b-allow-backend-frontend, sel=LabelSet(labels={'app': 'app-b', 'role': 'backend'}), allow=[
(LabelSet(labels={'app': 'app-b', 'role': 'frontend'}), Traffic(direction=ingress, port=80, protocol=TCP)) 
])
2025-07-30 13:41:54,449 [INFO] matcher - Adding Security Group for select labelset: LabelSet(labels={'app': 'app-b', 'role': 'backend'})
2025-07-30 13:41:54,449 [INFO] matcher - Adding Security Group for allow labelset: LabelSet(labels={'app': 'app-b', 'role': 'frontend'})
2025-07-30 13:41:54,449 [INFO] security_group_module - SGMod: Adding rule to SG-app:app-brole:backend, remote SG-app:app-brole:frontend, port 80, type ingress
2025-07-30 13:41:54,458 [INFO] matcher - PLS: Configuring new spol Policy(name=app-c-allow-frontend-backend, sel=LabelSet(labels={'app': 'app-c', 'role': 'frontend'}), allow=[
(LabelSet(labels={'app': 'app-c', 'role': 'backend'}), Traffic(direction=ingress, port=80, protocol=TCP)) 
])
2025-07-30 13:41:54,458 [INFO] matcher - Adding Security Group for select labelset: LabelSet(labels={'app': 'app-c', 'role': 'frontend'})
2025-07-30 13:41:54,458 [INFO] matcher - Adding Security Group for allow labelset: LabelSet(labels={'app': 'app-c', 'role': 'backend'})
2025-07-30 13:41:54,458 [INFO] security_group_module - SGMod: Adding rule to SG-app:app-crole:frontend, remote SG-app:app-crole:backend, port 80, type ingress
2025-07-30 13:41:54,499 [INFO] security_group_module - Cannot add rule to remotes: Security group rule already exists. Rule id is 23342d09-36c1-44fc-bd17-e0c46988149b.
Neutron server returns request_ids: ['req-ceb5ef95-24b4-4811-b07e-02465ca7b066']
2025-07-30 13:41:54,555 [INFO] security_group_module - Cannot add rule to remotes: Security group rule already exists. Rule id is 9f3fabf5-5f25-4dad-b91e-b5e52d7bc8df.
Neutron server returns request_ids: ['req-03cd10ac-8870-4718-a865-b222b608a285']
2025-07-30 13:41:54,615 [INFO] matcher - PLS: Configuring new spol Policy(name=app-c-allow-backend-frontend, sel=LabelSet(labels={'app': 'app-c', 'role': 'backend'}), allow=[
(LabelSet(labels={'app': 'app-c', 'role': 'frontend'}), Traffic(direction=ingress, port=80, protocol=TCP)) 
])
2025-07-30 13:41:54,615 [INFO] matcher - Adding Security Group for select labelset: LabelSet(labels={'app': 'app-c', 'role': 'backend'})
2025-07-30 13:41:54,615 [INFO] matcher - Adding Security Group for allow labelset: LabelSet(labels={'app': 'app-c', 'role': 'frontend'})
2025-07-30 13:41:54,615 [INFO] security_group_module - SGMod: Adding rule to SG-app:app-crole:backend, remote SG-app:app-crole:frontend, port 80, type ingress
2025-07-30 13:41:54,750 [INFO] security_group_module - Cannot add rule to remotes: Security group rule already exists. Rule id is 342be61c-83ad-42df-a2eb-3b425efe1686.
Neutron server returns request_ids: ['req-16cfebd8-de85-46cc-b0fc-9480050f3ac4']
2025-07-30 13:41:54,750 [INFO] matcher - PLS: Configuring new spol Policy(name=app-c-allow-backend-frontend, sel=LabelSet(labels={'app': 'app-c', 'role': 'backend'}), allow=[
(LabelSet(labels={'app': 'app-c', 'role': 'frontend'}), Traffic(direction=egress, port=80, protocol=TCP)) 
])
2025-07-30 13:41:54,752 [INFO] matcher - Adding Security Group for select labelset: LabelSet(labels={'app': 'app-c', 'role': 'backend'})
2025-07-30 13:41:54,752 [INFO] matcher - Adding Security Group for allow labelset: LabelSet(labels={'app': 'app-c', 'role': 'frontend'})
2025-07-30 13:41:54,753 [INFO] security_group_module - SGMod: Adding rule to SG-app:app-crole:backend, remote SG-app:app-crole:frontend, port 80, type egress
2025-07-30 13:41:54,790 [INFO] security_group_module - Attaching security group SG-app:app-brole:frontend to instance worker-1
2025-07-30 13:41:54,809 [INFO] security_group_module - Attaching security group SG-app:app-arole:backend to instance worker-1
2025-07-30 13:41:54,854 [INFO] security_group_module - Cannot add rule to remotes: Security group rule already exists. Rule id is 58a41e92-2d13-43a8-a5c9-d7565b735fe5.
Neutron server returns request_ids: ['req-a647aa22-95b3-4748-b3a0-12eb972b214e']
2025-07-30 13:41:55,228 [INFO] security_group_module - Attaching security group SG-app:app-crole:frontend to instance worker-1
2025-07-30 13:41:55,261 [INFO] kopf.objects - Handler 'handle_new_pod/spec.nodeName' succeeded.
2025-07-30 13:41:55,262 [INFO] kopf.objects - Creation is processed: 1 succeeded; 0 failed.
2025-07-30 13:41:55,289 [INFO] matcher - PLS: Configuring new pod with labelset: {L}
2025-07-30 13:41:55,289 [INFO] matcher - PLS: Configuring new spol Policy(name=app-b-allow-database-backend, sel=LabelSet(labels={'app': 'app-b', 'role': 'database'}), allow=[
(LabelSet(labels={'app': 'app-b', 'role': 'backend'}), Traffic(direction=egress, port=80, protocol=TCP)) 
])
2025-07-30 13:41:55,290 [INFO] matcher - Adding Security Group for select labelset: LabelSet(labels={'app': 'app-b', 'role': 'database'})
2025-07-30 13:41:55,290 [INFO] matcher - Adding Security Group for allow labelset: LabelSet(labels={'app': 'app-b', 'role': 'backend'})
2025-07-30 13:41:55,290 [INFO] security_group_module - SGMod: Adding rule to SG-app:app-brole:database, remote SG-app:app-brole:backend, port 80, type egress
2025-07-30 13:41:55,470 [INFO] kopf.objects - Handler 'handle_new_pod/spec.nodeName' succeeded.
2025-07-30 13:41:55,471 [INFO] kopf.objects - Creation is processed: 1 succeeded; 0 failed.
2025-07-30 13:41:55,499 [INFO] matcher - PLS: Configuring new spol Policy(name=app-b-allow-database-backend, sel=LabelSet(labels={'app': 'app-b', 'role': 'database'}), allow=[
(LabelSet(labels={'app': 'app-b', 'role': 'backend'}), Traffic(direction=ingress, port=80, protocol=TCP)) 
])
2025-07-30 13:41:55,499 [INFO] matcher - Adding Security Group for select labelset: LabelSet(labels={'app': 'app-b', 'role': 'database'})
2025-07-30 13:41:55,499 [INFO] matcher - Adding Security Group for allow labelset: LabelSet(labels={'app': 'app-b', 'role': 'backend'})
2025-07-30 13:41:55,500 [INFO] security_group_module - SGMod: Adding rule to SG-app:app-brole:database, remote SG-app:app-brole:backend, port 80, type ingress
2025-07-30 13:41:55,507 [INFO] matcher - PLS: Configuring new pod with labelset: {L}
2025-07-30 13:41:55,507 [INFO] matcher - PLS: Configuring new spol Policy(name=app-a-allow-database-backend, sel=LabelSet(labels={'app': 'app-a', 'role': 'database'}), allow=[
(LabelSet(labels={'app': 'app-a', 'role': 'backend'}), Traffic(direction=egress, port=80, protocol=TCP)) 
])
2025-07-30 13:41:55,507 [INFO] matcher - Adding Security Group for select labelset: LabelSet(labels={'app': 'app-a', 'role': 'database'})
2025-07-30 13:41:55,507 [INFO] matcher - Adding Security Group for allow labelset: LabelSet(labels={'app': 'app-a', 'role': 'backend'})
2025-07-30 13:41:55,507 [INFO] security_group_module - SGMod: Adding rule to SG-app:app-arole:database, remote SG-app:app-arole:backend, port 80, type egress
2025-07-30 13:41:55,726 [INFO] matcher - PLS: Configuring new spol Policy(name=app-a-allow-backend-database, sel=LabelSet(labels={'app': 'app-a', 'role': 'backend'}), allow=[
(LabelSet(labels={'app': 'app-a', 'role': 'database'}), Traffic(direction=egress, port=80, protocol=TCP)) 
])
2025-07-30 13:41:55,727 [INFO] matcher - Adding Security Group for select labelset: LabelSet(labels={'app': 'app-a', 'role': 'backend'})
2025-07-30 13:41:55,727 [INFO] matcher - Adding Security Group for allow labelset: LabelSet(labels={'app': 'app-a', 'role': 'database'})
2025-07-30 13:41:55,727 [INFO] security_group_module - SGMod: Adding rule to SG-app:app-arole:backend, remote SG-app:app-arole:database, port 80, type egress
2025-07-30 13:41:55,761 [INFO] matcher - PLS: Configuring new spol Policy(name=app-b-allow-backend-database, sel=LabelSet(labels={'app': 'app-b', 'role': 'backend'}), allow=[
(LabelSet(labels={'app': 'app-b', 'role': 'database'}), Traffic(direction=ingress, port=80, protocol=TCP)) 
])
2025-07-30 13:41:55,762 [INFO] matcher - Adding Security Group for select labelset: LabelSet(labels={'app': 'app-b', 'role': 'backend'})
2025-07-30 13:41:55,762 [INFO] matcher - Adding Security Group for allow labelset: LabelSet(labels={'app': 'app-b', 'role': 'database'})
2025-07-30 13:41:55,762 [INFO] security_group_module - SGMod: Adding rule to SG-app:app-brole:backend, remote SG-app:app-brole:database, port 80, type ingress
2025-07-30 13:41:55,833 [INFO] security_group_module - Cannot add rule to remotes: Security group rule already exists. Rule id is 0787a801-b2ba-4bb3-9181-c8559206fecb.
Neutron server returns request_ids: ['req-07d5c760-6db9-41ef-ae27-6a6943c27610']
2025-07-30 13:41:55,834 [INFO] matcher - PLS: Configuring new spol Policy(name=app-a-allow-database-backend, sel=LabelSet(labels={'app': 'app-a', 'role': 'database'}), allow=[
(LabelSet(labels={'app': 'app-a', 'role': 'backend'}), Traffic(direction=ingress, port=80, protocol=TCP)) 
])
2025-07-30 13:41:55,834 [INFO] matcher - Adding Security Group for select labelset: LabelSet(labels={'app': 'app-a', 'role': 'database'})
2025-07-30 13:41:55,835 [INFO] matcher - Adding Security Group for allow labelset: LabelSet(labels={'app': 'app-a', 'role': 'backend'})
2025-07-30 13:41:55,835 [INFO] security_group_module - SGMod: Adding rule to SG-app:app-arole:database, remote SG-app:app-arole:backend, port 80, type ingress
2025-07-30 13:41:55,862 [INFO] security_group_module - Cannot add rule to remotes: Security group rule already exists. Rule id is 35619551-6dda-457f-9d36-afe316ea7b20.
Neutron server returns request_ids: ['req-7f634d98-20af-4552-8569-2c115157a182']
2025-07-30 13:41:55,863 [INFO] matcher - PLS: Configuring new spol Policy(name=app-b-allow-backend-database, sel=LabelSet(labels={'app': 'app-b', 'role': 'backend'}), allow=[
(LabelSet(labels={'app': 'app-b', 'role': 'database'}), Traffic(direction=egress, port=80, protocol=TCP)) 
])
2025-07-30 13:41:55,865 [INFO] matcher - Adding Security Group for select labelset: LabelSet(labels={'app': 'app-b', 'role': 'backend'})
2025-07-30 13:41:55,865 [INFO] matcher - Adding Security Group for allow labelset: LabelSet(labels={'app': 'app-b', 'role': 'database'})
2025-07-30 13:41:55,866 [INFO] security_group_module - SGMod: Adding rule to SG-app:app-brole:backend, remote SG-app:app-brole:database, port 80, type egress
2025-07-30 13:41:55,942 [INFO] matcher - PLS: Configuring new spol Policy(name=app-a-allow-backend-database, sel=LabelSet(labels={'app': 'app-a', 'role': 'backend'}), allow=[
(LabelSet(labels={'app': 'app-a', 'role': 'database'}), Traffic(direction=ingress, port=80, protocol=TCP)) 
])
2025-07-30 13:41:55,942 [INFO] matcher - Adding Security Group for select labelset: LabelSet(labels={'app': 'app-a', 'role': 'backend'})
2025-07-30 13:41:55,942 [INFO] matcher - Adding Security Group for allow labelset: LabelSet(labels={'app': 'app-a', 'role': 'database'})
2025-07-30 13:41:55,942 [INFO] security_group_module - SGMod: Adding rule to SG-app:app-arole:backend, remote SG-app:app-arole:database, port 80, type ingress
Registering time when event comes in for test-pod-6: 1753882910.864193
New pod test-pod-6! old_node = None, new_node = worker-1.
Handling the new pod object: Pod(name=test-pod-6, label_set=LabelSet(labels={'app': 'app-c', 'role': 'frontend'}), node=Node(name=worker-1)
[133974424794816] Handling pod test-pod-6, locking app:app-crole:backend, app:app-crole:frontend,  ...
Registering time when event comes in for test-pod-12: 1753882910.9457517
New pod test-pod-12! old_node = None, new_node = worker-1.
Handling the new pod object: Pod(name=test-pod-12, label_set=LabelSet(labels={'app': 'app-b', 'role': 'frontend'}), node=Node(name=worker-1)
[133974408009408] Handling pod test-pod-12, locking app:app-brole:backend, app:app-brole:frontend,  ...
Registering time when event comes in for test-pod-8: 1753882910.949325
New pod test-pod-8! old_node = None, new_node = worker-1.
Handling the new pod object: Pod(name=test-pod-8, label_set=LabelSet(labels={'app': 'app-c', 'role': 'database'}), node=Node(name=worker-1)
[133973921494720] Handling pod test-pod-8, locking app:app-crole:backend, app:app-crole:database,  ...
Registering time when event comes in for test-pod-14: 1753882910.9522345
New pod test-pod-14! old_node = None, new_node = worker-1.
Handling the new pod object: Pod(name=test-pod-14, label_set=LabelSet(labels={'app': 'app-b', 'role': 'database'}), node=Node(name=worker-1)
[133973913102016] Handling pod test-pod-14, locking app:app-brole:backend, app:app-brole:database,  ...
Registering time when event comes in for test-pod-10: 1753882910.988884
New pod test-pod-10! old_node = None, new_node = worker-1.
Handling the new pod object: Pod(name=test-pod-10, label_set=LabelSet(labels={'app': 'app-a', 'role': 'backend'}), node=Node(name=worker-1)
[133973904709312] Handling pod test-pod-10, locking app:app-arole:database, app:app-arole:frontend, app:app-arole:backend,  ...
Registering time when event comes in for test-pod-15: 1753882910.9902122
New pod test-pod-15! old_node = None, new_node = worker-1.
Handling the new pod object: Pod(name=test-pod-15, label_set=LabelSet(labels={'app': 'app-c', 'role': 'frontend'}), node=Node(name=worker-1)
[133973896316608] Handling pod test-pod-15, locking app:app-crole:backend, app:app-crole:frontend,  ...
Registering time when event comes in for test-pod-16: 1753882910.9914246
New pod test-pod-16! old_node = None, new_node = worker-1.
Handling the new pod object: Pod(name=test-pod-16, label_set=LabelSet(labels={'app': 'app-c', 'role': 'backend'}), node=Node(name=worker-1)
[133973887923904] Handling pod test-pod-16, locking app:app-crole:database, app:app-crole:backend, app:app-crole:frontend,  ...
Registering time when event comes in for test-pod-21: 1753882911.001851
New pod test-pod-21! old_node = None, new_node = worker-1.
Handling the new pod object: Pod(name=test-pod-21, label_set=LabelSet(labels={'app': 'app-b', 'role': 'frontend'}), node=Node(name=worker-1)
[133973879531200] Handling pod test-pod-21, locking app:app-brole:backend, app:app-brole:frontend,  ...
Registering time when event comes in for test-pod-19: 1753882911.003011
New pod test-pod-19! old_node = None, new_node = worker-1.
Handling the new pod object: Pod(name=test-pod-19, label_set=LabelSet(labels={'app': 'app-a', 'role': 'backend'}), node=Node(name=worker-1)
[133973871138496] Handling pod test-pod-19, locking app:app-arole:database, app:app-arole:frontend, app:app-arole:backend,  ...
Registering time when event comes in for test-pod-20: 1753882911.0304086
New pod test-pod-20! old_node = None, new_node = worker-1.
Handling the new pod object: Pod(name=test-pod-20, label_set=LabelSet(labels={'app': 'app-a', 'role': 'database'}), node=Node(name=worker-1)
[133973384623808] Handling pod test-pod-20, locking app:app-arole:database, app:app-arole:backend,  ...
[133974845425344] Pod test-pod-0 handled. Released locks for: app:app-arole:frontend, app:app-arole:backend, 
Registering time when event is handled for test-pod-0: 1753882913.5127504
New pod: test-pod-1, on node: worker-1
Registering time when event comes in for test-pod-17: 1753882913.5465987
New pod test-pod-17! old_node = None, new_node = worker-1.
Handling the new pod object: Pod(name=test-pod-17, label_set=LabelSet(labels={'app': 'app-c', 'role': 'database'}), node=Node(name=worker-1)
[133974845425344] Handling pod test-pod-17, locking app:app-crole:backend, app:app-crole:database,  ...
[133974813955776] Pod test-pod-13 handled. Released locks for: app:app-brole:backend, app:app-brole:frontend, app:app-brole:database, 
Registering time when event is handled for test-pod-13: 1753882913.9823728
New pod: test-pod-4, on node: worker-1
[133974805563072] Pod test-pod-4 handled. Released locks for: app:app-brole:backend, app:app-brole:frontend, app:app-brole:database, 
Registering time when event is handled for test-pod-4: 1753882914.0007002
New pod: test-pod-3, on node: worker-1
Registering time when event comes in for test-pod-18: 1753882914.0058877
New pod test-pod-18! old_node = None, new_node = worker-1.
Handling the new pod object: Pod(name=test-pod-18, label_set=LabelSet(labels={'app': 'app-a', 'role': 'frontend'}), node=Node(name=worker-1)
[133974813955776] Handling pod test-pod-18, locking app:app-arole:frontend, app:app-arole:backend,  ...
Registering time when event comes in for test-pod-22: 1753882914.0259364
New pod test-pod-22! old_node = None, new_node = worker-1.
Handling the new pod object: Pod(name=test-pod-22, label_set=LabelSet(labels={'app': 'app-b', 'role': 'backend'}), node=Node(name=worker-1)
[133974805563072] Handling pod test-pod-22, locking app:app-brole:backend, app:app-brole:frontend, app:app-brole:database,  ...
[133974416402112] Pod test-pod-7 handled. Released locks for: app:app-crole:database, app:app-crole:backend, app:app-crole:frontend, 
Registering time when event is handled for test-pod-7: 1753882914.2490501
New pod: test-pod-6, on node: worker-1
Registering time when event comes in for test-pod-24: 1753882914.263751
New pod test-pod-24! old_node = None, new_node = worker-1.
Handling the new pod object: Pod(name=test-pod-24, label_set=LabelSet(labels={'app': 'app-c', 'role': 'frontend'}), node=Node(name=worker-1)
[133974416402112] Handling pod test-pod-24, locking app:app-crole:backend, app:app-crole:frontend,  ...
[133974458365632] Pod test-pod-3 handled. Released locks for: app:app-brole:backend, app:app-brole:frontend, 
Registering time when event is handled for test-pod-3: 1753882915.2397933
New pod: test-pod-5, on node: worker-1
Registering time when event comes in for test-pod-27: 1753882915.2598207
New pod test-pod-27! old_node = None, new_node = worker-1.
Handling the new pod object: Pod(name=test-pod-27, label_set=LabelSet(labels={'app': 'app-a', 'role': 'frontend'}), node=Node(name=worker-1)
[133974458365632] Handling pod test-pod-27, locking app:app-arole:frontend, app:app-arole:backend,  ...
[133974830741184] Pod test-pod-1 handled. Released locks for: app:app-arole:database, app:app-arole:frontend, app:app-arole:backend, 
Registering time when event is handled for test-pod-1: 1753882915.4568825
New pod: test-pod-2, on node: worker-1
Registering time when event comes in for test-pod-25: 1753882915.4692485
New pod test-pod-25! old_node = None, new_node = worker-1.
Handling the new pod object: Pod(name=test-pod-25, label_set=LabelSet(labels={'app': 'app-c', 'role': 'backend'}), node=Node(name=worker-1)
[133974830741184] Handling pod test-pod-25, locking app:app-crole:database, app:app-crole:backend, app:app-crole:frontend,  ...
[133974424794816] Pod test-pod-6 handled. Released locks for: app:app-crole:backend, app:app-crole:frontend, 
Registering time when event is handled for test-pod-6: 1753882915.9969525
2025-07-30 13:41:56,002 [INFO] security_group_module - Cannot add rule to remotes: Security group rule already exists. Rule id is 180547b2-7cc5-4631-bdee-42be38c4b118.
Neutron server returns request_ids: ['req-1779a571-b21d-4c19-9be3-7093f83bcfd2']
2025-07-30 13:41:56,013 [INFO] kopf.objects - Handler 'handle_new_pod/spec.nodeName' succeeded.
2025-07-30 13:41:56,014 [INFO] kopf.objects - Creation is processed: 1 succeeded; 0 failed.
2025-07-30 13:41:56,040 [INFO] security_group_module - Cannot add rule to remotes: Security group rule already exists. Rule id is d3ec763f-7a8f-4a9d-bb98-297f137b39db.
Neutron server returns request_ids: ['req-88b90fe8-894e-47fe-8b33-152bcb85e742']
2025-07-30 13:41:56,043 [INFO] matcher - PLS: Configuring new pod with labelset: {L}
2025-07-30 13:41:56,043 [INFO] matcher - PLS: Configuring new spol Policy(name=app-c-allow-database-backend, sel=LabelSet(labels={'app': 'app-c', 'role': 'database'}), allow=[
(LabelSet(labels={'app': 'app-c', 'role': 'backend'}), Traffic(direction=ingress, port=80, protocol=TCP)) 
])
2025-07-30 13:41:56,043 [INFO] matcher - Adding Security Group for select labelset: LabelSet(labels={'app': 'app-c', 'role': 'database'})
2025-07-30 13:41:56,043 [INFO] matcher - Adding Security Group for allow labelset: LabelSet(labels={'app': 'app-c', 'role': 'backend'})
2025-07-30 13:41:56,043 [INFO] security_group_module - SGMod: Adding rule to SG-app:app-crole:database, remote SG-app:app-crole:backend, port 80, type ingress
2025-07-30 13:41:56,169 [INFO] matcher - PLS: Configuring new spol Policy(name=app-c-allow-backend-database, sel=LabelSet(labels={'app': 'app-c', 'role': 'backend'}), allow=[
(LabelSet(labels={'app': 'app-c', 'role': 'database'}), Traffic(direction=egress, port=80, protocol=TCP)) 
])
2025-07-30 13:41:56,169 [INFO] matcher - Adding Security Group for select labelset: LabelSet(labels={'app': 'app-c', 'role': 'backend'})
2025-07-30 13:41:56,169 [INFO] matcher - Adding Security Group for allow labelset: LabelSet(labels={'app': 'app-c', 'role': 'database'})
2025-07-30 13:41:56,169 [INFO] security_group_module - SGMod: Adding rule to SG-app:app-crole:backend, remote SG-app:app-crole:database, port 80, type egress
2025-07-30 13:41:56,268 [INFO] security_group_module - Cannot add rule to remotes: Security group rule already exists. Rule id is 541a2322-cda1-4d00-bab0-47020809a917.
Neutron server returns request_ids: ['req-278d363a-5e50-4db8-8462-acb1c67d7e1c']
2025-07-30 13:41:56,268 [INFO] matcher - PLS: Configuring new spol Policy(name=app-c-allow-database-backend, sel=LabelSet(labels={'app': 'app-c', 'role': 'database'}), allow=[
(LabelSet(labels={'app': 'app-c', 'role': 'backend'}), Traffic(direction=egress, port=80, protocol=TCP)) 
])
2025-07-30 13:41:56,268 [INFO] matcher - Adding Security Group for select labelset: LabelSet(labels={'app': 'app-c', 'role': 'database'})
2025-07-30 13:41:56,268 [INFO] matcher - Adding Security Group for allow labelset: LabelSet(labels={'app': 'app-c', 'role': 'backend'})
2025-07-30 13:41:56,268 [INFO] security_group_module - SGMod: Adding rule to SG-app:app-crole:database, remote SG-app:app-crole:backend, port 80, type egress
2025-07-30 13:41:56,323 [INFO] security_group_module - Attaching security group SG-app:app-arole:database to instance worker-1
2025-07-30 13:41:56,378 [INFO] matcher - PLS: Configuring new spol Policy(name=app-c-allow-backend-database, sel=LabelSet(labels={'app': 'app-c', 'role': 'backend'}), allow=[
(LabelSet(labels={'app': 'app-c', 'role': 'database'}), Traffic(direction=ingress, port=80, protocol=TCP)) 
])
2025-07-30 13:41:56,378 [INFO] matcher - Adding Security Group for select labelset: LabelSet(labels={'app': 'app-c', 'role': 'backend'})
2025-07-30 13:41:56,378 [INFO] matcher - Adding Security Group for allow labelset: LabelSet(labels={'app': 'app-c', 'role': 'database'})
2025-07-30 13:41:56,378 [INFO] security_group_module - SGMod: Adding rule to SG-app:app-crole:backend, remote SG-app:app-crole:database, port 80, type ingress
2025-07-30 13:41:56,470 [INFO] security_group_module - Attaching security group SG-app:app-brole:database to instance worker-1
2025-07-30 13:41:56,576 [INFO] security_group_module - Cannot add rule to remotes: Security group rule already exists. Rule id is 689ad017-fdd4-404c-aa7f-957ce8b5fc2e.
Neutron server returns request_ids: ['req-35c67706-4774-4847-84ee-ac09462b8e90']
2025-07-30 13:41:56,933 [INFO] security_group_module - Attaching security group SG-app:app-crole:database to instance worker-1
2025-07-30 13:41:57,183 [INFO] kopf.objects - Handler 'handle_new_pod/spec.nodeName' succeeded.
2025-07-30 13:41:57,185 [INFO] kopf.objects - Creation is processed: 1 succeeded; 0 failed.
2025-07-30 13:41:57,197 [INFO] kopf.objects - Handler 'handle_new_pod/spec.nodeName' succeeded.
2025-07-30 13:41:57,199 [INFO] kopf.objects - Creation is processed: 1 succeeded; 0 failed.
2025-07-30 13:41:57,223 [INFO] kopf.objects - Handler 'handle_new_pod/spec.nodeName' succeeded.
2025-07-30 13:41:57,224 [INFO] kopf.objects - Creation is processed: 1 succeeded; 0 failed.
2025-07-30 13:41:57,235 [INFO] kopf.objects - Handler 'handle_new_pod/spec.nodeName' succeeded.
2025-07-30 13:41:57,235 [INFO] kopf.objects - Creation is processed: 1 succeeded; 0 failed.
2025-07-30 13:41:57,261 [INFO] kopf.objects - Handler 'handle_new_pod/spec.nodeName' succeeded.
2025-07-30 13:41:57,262 [INFO] kopf.objects - Creation is processed: 1 succeeded; 0 failed.
2025-07-30 13:41:57,274 [INFO] kopf.objects - Handler 'handle_new_pod/spec.nodeName' succeeded.
2025-07-30 13:41:57,275 [INFO] kopf.objects - Creation is processed: 1 succeeded; 0 failed.
2025-07-30 13:41:57,285 [INFO] kopf.objects - Handler 'handle_new_pod/spec.nodeName' succeeded.
2025-07-30 13:41:57,286 [INFO] kopf.objects - Creation is processed: 1 succeeded; 0 failed.
2025-07-30 13:41:57,297 [INFO] kopf.objects - Handler 'handle_new_pod/spec.nodeName' succeeded.
2025-07-30 13:41:57,297 [INFO] kopf.objects - Creation is processed: 1 succeeded; 0 failed.
2025-07-30 13:41:57,306 [INFO] kopf.objects - Handler 'handle_new_pod/spec.nodeName' succeeded.
2025-07-30 13:41:57,307 [INFO] kopf.objects - Creation is processed: 1 succeeded; 0 failed.
2025-07-30 13:41:57,323 [INFO] kopf.objects - Handler 'handle_new_pod/spec.nodeName' succeeded.
2025-07-30 13:41:57,324 [INFO] kopf.objects - Creation is processed: 1 succeeded; 0 failed.
2025-07-30 13:41:57,339 [INFO] kopf.objects - Handler 'handle_new_pod/spec.nodeName' succeeded.
2025-07-30 13:41:57,339 [INFO] kopf.objects - Creation is processed: 1 succeeded; 0 failed.
                                                                                                                                                                                                                                                                                                                                                                                                                                                  New pod: test-pod-8, on node: worker-1
Registering time when event comes in for test-pod-30: 1753882916.0126057
New pod test-pod-30! old_node = None, new_node = worker-1.
Handling the new pod object: Pod(name=test-pod-30, label_set=LabelSet(labels={'app': 'app-b', 'role': 'frontend'}), node=Node(name=worker-1)
[133974424794816] Handling pod test-pod-30, locking app:app-brole:backend, app:app-brole:frontend,  ...
[133974822348480] Pod test-pod-2 handled. Released locks for: app:app-arole:database, app:app-arole:backend, 
Registering time when event is handled for test-pod-2: 1753882917.1622446
New pod: test-pod-9, on node: worker-1
[133974449972928] Pod test-pod-9 handled. Released locks for: app:app-arole:frontend, app:app-arole:backend, 
Registering time when event is handled for test-pod-9: 1753882917.1767404
New pod: test-pod-11, on node: worker-1
Registering time when event comes in for test-pod-31: 1753882917.181584
New pod test-pod-31! old_node = None, new_node = worker-1.
Handling the new pod object: Pod(name=test-pod-31, label_set=LabelSet(labels={'app': 'app-b', 'role': 'backend'}), node=Node(name=worker-1)
[133974822348480] Handling pod test-pod-31, locking app:app-brole:backend, app:app-brole:frontend, app:app-brole:database,  ...
Registering time when event comes in for test-pod-23: 1753882917.1961062
New pod test-pod-23! old_node = None, new_node = worker-1.
Handling the new pod object: Pod(name=test-pod-23, label_set=LabelSet(labels={'app': 'app-b', 'role': 'database'}), node=Node(name=worker-1)
[133974449972928] Handling pod test-pod-23, locking app:app-brole:backend, app:app-brole:database,  ...
[133974441580224] Pod test-pod-11 handled. Released locks for: app:app-arole:database, app:app-arole:backend, 
Registering time when event is handled for test-pod-11: 1753882917.2064517
New pod: test-pod-10, on node: worker-1
Registering time when event comes in for test-pod-29: 1753882917.2231946
New pod test-pod-29! old_node = None, new_node = worker-1.
Handling the new pod object: Pod(name=test-pod-29, label_set=LabelSet(labels={'app': 'app-a', 'role': 'database'}), node=Node(name=worker-1)
[133974441580224] Handling pod test-pod-29, locking app:app-arole:database, app:app-arole:backend,  ...
[133973904709312] Pod test-pod-10 handled. Released locks for: app:app-arole:database, app:app-arole:frontend, app:app-arole:backend, 
Registering time when event is handled for test-pod-10: 1753882917.2253644
New pod: test-pod-19, on node: worker-1
Registering time when event comes in for test-pod-33: 1753882917.2347343
New pod test-pod-33! old_node = None, new_node = worker-1.
Handling the new pod object: Pod(name=test-pod-33, label_set=LabelSet(labels={'app': 'app-c', 'role': 'frontend'}), node=Node(name=worker-1)
[133973904709312] Handling pod test-pod-33, locking app:app-crole:backend, app:app-crole:frontend,  ...
[133973871138496] Pod test-pod-19 handled. Released locks for: app:app-arole:database, app:app-arole:frontend, app:app-arole:backend, 
Registering time when event is handled for test-pod-19: 1753882917.2406964
New pod: test-pod-20, on node: worker-1
[133974433187520] Pod test-pod-5 handled. Released locks for: app:app-brole:backend, app:app-brole:database, 
Registering time when event is handled for test-pod-5: 1753882917.2424474
New pod: test-pod-12, on node: worker-1
Registering time when event comes in for test-pod-32: 1753882917.259829
New pod test-pod-32! old_node = None, new_node = worker-1.
Handling the new pod object: Pod(name=test-pod-32, label_set=LabelSet(labels={'app': 'app-b', 'role': 'database'}), node=Node(name=worker-1)
[133973871138496] Handling pod test-pod-32, locking app:app-brole:backend, app:app-brole:database,  ...
[133973384623808] Pod test-pod-20 handled. Released locks for: app:app-arole:database, app:app-arole:backend, 
Registering time when event is handled for test-pod-20: 1753882917.2640066
New pod: test-pod-18, on node: worker-1
[133974408009408] Pod test-pod-12 handled. Released locks for: app:app-brole:backend, app:app-brole:frontend, 
Registering time when event is handled for test-pod-12: 1753882917.273528
New pod: test-pod-14, on node: worker-1
Registering time when event comes in for test-pod-34: 1753882917.2737508
New pod test-pod-34! old_node = None, new_node = worker-1.
Handling the new pod object: Pod(name=test-pod-34, label_set=LabelSet(labels={'app': 'app-c', 'role': 'backend'}), node=Node(name=worker-1)
[133974433187520] Handling pod test-pod-34, locking app:app-crole:database, app:app-crole:backend, app:app-crole:frontend,  ...
[133974813955776] Pod test-pod-18 handled. Released locks for: app:app-arole:frontend, app:app-arole:backend, 
Registering time when event is handled for test-pod-18: 1753882917.2845361
New pod: test-pod-27, on node: worker-1
Registering time when event comes in for test-pod-26: 1753882917.2850845
New pod test-pod-26! old_node = None, new_node = worker-1.
Handling the new pod object: Pod(name=test-pod-26, label_set=LabelSet(labels={'app': 'app-c', 'role': 'database'}), node=Node(name=worker-1)
[133973384623808] Handling pod test-pod-26, locking app:app-crole:backend, app:app-crole:database,  ...
Registering time when event comes in for test-pod-35: 1753882917.2974064
New pod test-pod-35! old_node = None, new_node = worker-1.
Handling the new pod object: Pod(name=test-pod-35, label_set=LabelSet(labels={'app': 'app-c', 'role': 'database'}), node=Node(name=worker-1)
[133974408009408] Handling pod test-pod-35, locking app:app-crole:backend, app:app-crole:database,  ...
[133973913102016] Pod test-pod-14 handled. Released locks for: app:app-brole:backend, app:app-brole:database, 
Registering time when event is handled for test-pod-14: 1753882917.2999933
New pod: test-pod-21, on node: worker-1
Registering time when event comes in for test-pod-36: 1753882917.3048978
New pod test-pod-36! old_node = None, new_node = worker-1.
Handling the new pod object: Pod(name=test-pod-36, label_set=LabelSet(labels={'app': 'app-a', 'role': 'frontend'}), node=Node(name=worker-1)
[133974813955776] Handling pod test-pod-36, locking app:app-arole:frontend, app:app-arole:backend,  ...
[133974458365632] Pod test-pod-27 handled. Released locks for: app:app-arole:frontend, app:app-arole:backend, 
Registering time when event is handled for test-pod-27: 1753882917.3092544
New pod: test-pod-29, on node: worker-1
Registering time when event comes in for test-pod-28: 1753882917.3228288
New pod test-pod-28! old_node = None, new_node = worker-1.
Handling the new pod object: Pod(name=test-pod-28, label_set=LabelSet(labels={'app': 'app-a', 'role': 'backend'}), node=Node(name=worker-1)
[133973913102016] Handling pod test-pod-28, locking app:app-arole:database, app:app-arole:frontend, app:app-arole:backend,  ...
[133973879531200] Pod test-pod-21 handled. Released locks for: app:app-brole:backend, app:app-brole:frontend, 
Registering time when event is handled for test-pod-21: 1753882917.3268144
New pod: test-pod-22, on node: worker-1
Registering time when event comes in for test-pod-37: 1753882917.3386006
New pod test-pod-37! old_node = None, new_node = worker-1.
Handling the new pod object: Pod(name=test-pod-37, label_set=LabelSet(labels={'app': 'app-a', 'role': 'backend'}), node=Node(name=worker-1)
[133974458365632] Handling pod test-pod-37, locking app:app-arole:database, app:app-arole:frontend, app:app-arole:backend,  ...
[133974441580224] Pod test-pod-29 handled. Released locks for: app:app-arole:database, app:app-arole:backend, 
Registering time when event is handled for test-pod-29: 1753882917.344446
New pod: test-pod-36, on node: worker-1
Registering time when event comes in for test-pod-38: 1753882917.3560417
New pod test-pod-38! old_node = None, new_node = worker-1.
Handling the new pod object: Pod(name=test-pod-38, label_set=LabelSet(labels={'app': 'app-a', 'role': 'database'}), node=Node(name=worker-1)
[133973879531200] Handling pod test-pod-38, locking app:app-arole:database, app:app-arole:backend,  ...
[133974805563072] Pod test-pod-22 handled. Released locks for: app:app-brole:backend, app:app-brole:frontend, app:app-brole:database, 
2025-07-30 13:41:57,358 [INFO] kopf.objects - Handler 'handle_new_pod/spec.nodeName' succeeded.
2025-07-30 13:41:57,358 [INFO] kopf.objects - Creation is processed: 1 succeeded; 0 failed.
2025-07-30 13:41:57,372 [INFO] kopf.objects - Handler 'handle_new_pod/spec.nodeName' succeeded.
2025-07-30 13:41:57,372 [INFO] kopf.objects - Creation is processed: 1 succeeded; 0 failed.
2025-07-30 13:41:57,385 [INFO] kopf.objects - Handler 'handle_new_pod/spec.nodeName' succeeded.
2025-07-30 13:41:57,386 [INFO] kopf.objects - Creation is processed: 1 succeeded; 0 failed.
2025-07-30 13:41:57,404 [INFO] kopf.objects - Handler 'handle_new_pod/spec.nodeName' succeeded.
2025-07-30 13:41:57,405 [INFO] kopf.objects - Creation is processed: 1 succeeded; 0 failed.
2025-07-30 13:41:57,416 [INFO] kopf.objects - Handler 'handle_new_pod/spec.nodeName' succeeded.
2025-07-30 13:41:57,417 [INFO] kopf.objects - Creation is processed: 1 succeeded; 0 failed.
2025-07-30 13:41:57,440 [INFO] kopf.objects - Handler 'handle_new_pod/spec.nodeName' succeeded.
2025-07-30 13:41:57,440 [INFO] kopf.objects - Creation is processed: 1 succeeded; 0 failed.
2025-07-30 13:41:57,454 [INFO] kopf.objects - Handler 'handle_new_pod/spec.nodeName' succeeded.
2025-07-30 13:41:57,454 [INFO] kopf.objects - Creation is processed: 1 succeeded; 0 failed.
2025-07-30 13:41:57,465 [INFO] kopf.objects - Handler 'handle_new_pod/spec.nodeName' succeeded.
2025-07-30 13:41:57,465 [INFO] kopf.objects - Creation is processed: 1 succeeded; 0 failed.
2025-07-30 13:41:57,474 [INFO] kopf.objects - Handler 'handle_new_pod/spec.nodeName' succeeded.
2025-07-30 13:41:57,475 [INFO] kopf.objects - Creation is processed: 1 succeeded; 0 failed.
2025-07-30 13:41:57,487 [INFO] kopf.objects - Handler 'handle_new_pod/spec.nodeName' succeeded.
2025-07-30 13:41:57,488 [INFO] kopf.objects - Creation is processed: 1 succeeded; 0 failed.
2025-07-30 13:41:57,500 [INFO] kopf.objects - Handler 'handle_new_pod/spec.nodeName' succeeded.
2025-07-30 13:41:57,500 [INFO] kopf.objects - Creation is processed: 1 succeeded; 0 failed.
2025-07-30 13:41:57,510 [INFO] kopf.objects - Handler 'handle_new_pod/spec.nodeName' succeeded.
2025-07-30 13:41:57,511 [INFO] kopf.objects - Creation is processed: 1 succeeded; 0 failed.
2025-07-30 13:41:57,523 [INFO] kopf.objects - Handler 'handle_new_pod/spec.nodeName' succeeded.
2025-07-30 13:41:57,524 [INFO] kopf.objects - Creation is processed: 1 succeeded; 0 failed.
Registering time when event is handled for test-pod-22: 1753882917.357018
New pod: test-pod-30, on node: worker-1
Registering time when event comes in for test-pod-39: 1753882917.3720183
New pod test-pod-39! old_node = None, new_node = worker-1.
Handling the new pod object: Pod(name=test-pod-39, label_set=LabelSet(labels={'app': 'app-b', 'role': 'frontend'}), node=Node(name=worker-1)
[133974441580224] Handling pod test-pod-39, locking app:app-brole:backend, app:app-brole:frontend,  ...
[133974813955776] Pod test-pod-36 handled. Released locks for: app:app-arole:frontend, app:app-arole:backend, 
Registering time when event is handled for test-pod-36: 1753882917.376585
New pod: test-pod-28, on node: worker-1
[133974424794816] Pod test-pod-30 handled. Released locks for: app:app-brole:backend, app:app-brole:frontend, 
Registering time when event is handled for test-pod-30: 1753882917.3846443
Registering time when event comes in for test-pod-41: 1753882917.384714
New pod test-pod-41! old_node = None, new_node = worker-1.
Handling the new pod object: Pod(name=test-pod-41, label_set=LabelSet(labels={'app': 'app-b', 'role': 'database'}), node=Node(name=worker-1)
[133974805563072] Handling pod test-pod-41, locking app:app-brole:backend, app:app-brole:database,  ...
New pod: test-pod-31, on node: worker-1
[133973913102016] Pod test-pod-28 handled. Released locks for: app:app-arole:database, app:app-arole:frontend, app:app-arole:backend, 
Registering time when event is handled for test-pod-28: 1753882917.4036667
New pod: test-pod-37, on node: worker-1
Registering time when event comes in for test-pod-40: 1753882917.4041007
New pod test-pod-40! old_node = None, new_node = worker-1.
Handling the new pod object: Pod(name=test-pod-40, label_set=LabelSet(labels={'app': 'app-b', 'role': 'backend'}), node=Node(name=worker-1)
[133974813955776] Handling pod test-pod-40, locking app:app-brole:backend, app:app-brole:frontend, app:app-brole:database,  ...
[133974822348480] Pod test-pod-31 handled. Released locks for: app:app-brole:backend, app:app-brole:frontend, app:app-brole:database, 
Registering time when event is handled for test-pod-31: 1753882917.4148502
New pod: test-pod-23, on node: worker-1
Registering time when event comes in for test-pod-42: 1753882917.4161086
New pod test-pod-42! old_node = None, new_node = worker-1.
Handling the new pod object: Pod(name=test-pod-42, label_set=LabelSet(labels={'app': 'app-c', 'role': 'frontend'}), node=Node(name=worker-1)
[133974424794816] Handling pod test-pod-42, locking app:app-crole:backend, app:app-crole:frontend,  ...
[133974458365632] Pod test-pod-37 handled. Released locks for: app:app-arole:database, app:app-arole:frontend, app:app-arole:backend, 
Registering time when event is handled for test-pod-37: 1753882917.431162
New pod: test-pod-38, on node: worker-1
Registering time when event comes in for test-pod-43: 1753882917.4396114
New pod test-pod-43! old_node = None, new_node = worker-1.
Handling the new pod object: Pod(name=test-pod-43, label_set=LabelSet(labels={'app': 'app-c', 'role': 'backend'}), node=Node(name=worker-1)
[133973913102016] Handling pod test-pod-43, locking app:app-crole:database, app:app-crole:backend, app:app-crole:frontend,  ...
[133974449972928] Pod test-pod-23 handled. Released locks for: app:app-brole:backend, app:app-brole:database, 
Registering time when event is handled for test-pod-23: 1753882917.4429564
New pod: test-pod-32, on node: worker-1
Registering time when event comes in for test-pod-44: 1753882917.4540076
New pod test-pod-44! old_node = None, new_node = worker-1.
Handling the new pod object: Pod(name=test-pod-44, label_set=LabelSet(labels={'app': 'app-c', 'role': 'database'}), node=Node(name=worker-1)
[133974822348480] Handling pod test-pod-44, locking app:app-crole:backend, app:app-crole:database,  ...
[133973879531200] Pod test-pod-38 handled. Released locks for: app:app-arole:database, app:app-arole:backend, 
Registering time when event is handled for test-pod-38: 1753882917.4607759
Registering time when event comes in for test-pod-45: 1753882917.4644914
New pod test-pod-45! old_node = None, new_node = worker-1.
Handling the new pod object: Pod(name=test-pod-45, label_set=LabelSet(labels={'app': 'app-a', 'role': 'frontend'}), node=Node(name=worker-1)
[133974458365632] Handling pod test-pod-45, locking app:app-arole:frontend, app:app-arole:backend,  ...
New pod: test-pod-45, on node: worker-1
[133973871138496] Pod test-pod-32 handled. Released locks for: app:app-brole:backend, app:app-brole:database, 
Registering time when event is handled for test-pod-32: 1753882917.4675884
New pod: test-pod-39, on node: worker-1
Registering time when event comes in for test-pod-46: 1753882917.4742823
New pod test-pod-46! old_node = None, new_node = worker-1.
Handling the new pod object: Pod(name=test-pod-46, label_set=LabelSet(labels={'app': 'app-a', 'role': 'backend'}), node=Node(name=worker-1)
[133974449972928] Handling pod test-pod-46, locking app:app-arole:database, app:app-arole:frontend, app:app-arole:backend,  ...
[133974458365632] Pod test-pod-45 handled. Released locks for: app:app-arole:frontend, app:app-arole:backend, 
Registering time when event is handled for test-pod-45: 1753882917.476968
New pod: test-pod-46, on node: worker-1
Registering time when event comes in for test-pod-47: 1753882917.4872859
New pod test-pod-47! old_node = None, new_node = worker-1.
Handling the new pod object: Pod(name=test-pod-47, label_set=LabelSet(labels={'app': 'app-a', 'role': 'database'}), node=Node(name=worker-1)
[133973879531200] Handling pod test-pod-47, locking app:app-arole:database, app:app-arole:backend,  ...
[133974441580224] Pod test-pod-39 handled. Released locks for: app:app-brole:backend, app:app-brole:frontend, 
Registering time when event is handled for test-pod-39: 1753882917.4907365
New pod: test-pod-41, on node: worker-1
[133974449972928] Pod test-pod-46 handled. Released locks for: app:app-arole:database, app:app-arole:frontend, app:app-arole:backend, 
Registering time when event is handled for test-pod-46: 1753882917.4988546
New pod: test-pod-47, on node: worker-1
Registering time when event comes in for test-pod-48: 1753882917.4998116
New pod test-pod-48! old_node = None, new_node = worker-1.
Handling the new pod object: Pod(name=test-pod-48, label_set=LabelSet(labels={'app': 'app-b', 'role': 'frontend'}), node=Node(name=worker-1)
[133973871138496] Handling pod test-pod-48, locking app:app-brole:backend, app:app-brole:frontend,  ...
Registering time when event comes in for test-pod-49: 1753882917.5096796
New pod test-pod-49! old_node = None, new_node = worker-1.
Handling the new pod object: Pod(name=test-pod-49, label_set=LabelSet(labels={'app': 'app-b', 'role': 'backend'}), node=Node(name=worker-1)
[133974458365632] Handling pod test-pod-49, locking app:app-brole:backend, app:app-brole:frontend, app:app-brole:database,  ...
[133974805563072] Pod test-pod-41 handled. Released locks for: app:app-brole:backend, app:app-brole:database, 
Registering time when event is handled for test-pod-41: 1753882917.5100305
New pod: test-pod-40, on node: worker-1
[133973879531200] Pod test-pod-47 handled. Released locks for: app:app-arole:database, app:app-arole:backend, 
Registering time when event is handled for test-pod-47: 1753882917.5214922
Registering time when event comes in for test-pod-50: 1753882917.5233467
New pod test-pod-50! old_node = None, new_node = worker-1.
Handling the new pod object: Pod(name=test-pod-50, label_set=LabelSet(labels={'app': 'app-b', 'role': 'database'}), node=Node(name=worker-1)
[133974441580224] Handling pod test-pod-50, locking app:app-brole:backend, app:app-brole:database,  ...
[133974813955776] Pod test-pod-40 handled. Released locks for: app:app-brole:backend, app:app-brole:frontend, app:app-brole:database, 
Registering time when event is handled for test-pod-40: 1753882917.5287683
New pod: test-pod-48, on node: worker-1
Registering time when event comes in for test-pod-51: 1753882917.536084
New pod test-pod-51! old_node = None, new_node = worker-1.
2025-07-30 13:41:57,540 [INFO] kopf.objects - Handler 'handle_new_pod/spec.nodeName' succeeded.
2025-07-30 13:41:57,540 [INFO] kopf.objects - Creation is processed: 1 succeeded; 0 failed.
2025-07-30 13:41:57,551 [INFO] kopf.objects - Handler 'handle_new_pod/spec.nodeName' succeeded.
2025-07-30 13:41:57,552 [INFO] kopf.objects - Creation is processed: 1 succeeded; 0 failed.
2025-07-30 13:41:57,568 [INFO] kopf.objects - Handler 'handle_new_pod/spec.nodeName' succeeded.
2025-07-30 13:41:57,568 [INFO] kopf.objects - Creation is processed: 1 succeeded; 0 failed.
2025-07-30 13:41:57,579 [INFO] kopf.objects - Handler 'handle_new_pod/spec.nodeName' succeeded.
2025-07-30 13:41:57,579 [INFO] kopf.objects - Creation is processed: 1 succeeded; 0 failed.
2025-07-30 13:41:57,591 [INFO] kopf.objects - Handler 'handle_new_pod/spec.nodeName' succeeded.
2025-07-30 13:41:57,591 [INFO] kopf.objects - Creation is processed: 1 succeeded; 0 failed.
2025-07-30 13:41:57,600 [INFO] kopf.objects - Handler 'handle_new_pod/spec.nodeName' succeeded.
2025-07-30 13:41:57,600 [INFO] kopf.objects - Creation is processed: 1 succeeded; 0 failed.
2025-07-30 13:41:57,621 [INFO] kopf.objects - Handler 'handle_new_pod/spec.nodeName' succeeded.
2025-07-30 13:41:57,621 [INFO] kopf.objects - Creation is processed: 1 succeeded; 0 failed.
2025-07-30 13:41:57,638 [INFO] kopf.objects - Handler 'handle_new_pod/spec.nodeName' succeeded.
2025-07-30 13:41:57,639 [INFO] kopf.objects - Creation is processed: 1 succeeded; 0 failed.
2025-07-30 13:41:57,657 [INFO] kopf.objects - Handler 'handle_new_pod/spec.nodeName' succeeded.
2025-07-30 13:41:57,658 [INFO] kopf.objects - Creation is processed: 1 succeeded; 0 failed.
2025-07-30 13:41:57,684 [INFO] kopf.objects - Handler 'handle_new_pod/spec.nodeName' succeeded.
2025-07-30 13:41:57,684 [INFO] kopf.objects - Creation is processed: 1 succeeded; 0 failed.
2025-07-30 13:41:57,693 [INFO] kopf.objects - Handler 'handle_new_pod/spec.nodeName' succeeded.
2025-07-30 13:41:57,693 [INFO] kopf.objects - Creation is processed: 1 succeeded; 0 failed.
2025-07-30 13:41:57,703 [INFO] kopf.objects - Handler 'handle_new_pod/spec.nodeName' succeeded.
2025-07-30 13:41:57,703 [INFO] kopf.objects - Creation is processed: 1 succeeded; 0 failed.
2025-07-30 13:41:57,715 [INFO] kopf.objects - Handler 'handle_new_pod/spec.nodeName' succeeded.
2025-07-30 13:41:57,715 [INFO] kopf.objects - Creation is processed: 1 succeeded; 0 failed.
Handling the new pod object: Pod(name=test-pod-51, label_set=LabelSet(labels={'app': 'app-c', 'role': 'frontend'}), node=Node(name=worker-1)
[133974449972928] Handling pod test-pod-51, locking app:app-crole:backend, app:app-crole:frontend,  ...
[133973871138496] Pod test-pod-48 handled. Released locks for: app:app-brole:backend, app:app-brole:frontend, 
Registering time when event is handled for test-pod-48: 1753882917.545327
New pod: test-pod-49, on node: worker-1
Registering time when event comes in for test-pod-52: 1753882917.5514026
New pod test-pod-52! old_node = None, new_node = worker-1.
Handling the new pod object: Pod(name=test-pod-52, label_set=LabelSet(labels={'app': 'app-c', 'role': 'backend'}), node=Node(name=worker-1)
[133974805563072] Handling pod test-pod-52, locking app:app-crole:database, app:app-crole:backend, app:app-crole:frontend,  ...
[133974458365632] Pod test-pod-49 handled. Released locks for: app:app-brole:backend, app:app-brole:frontend, app:app-brole:database, 
Registering time when event is handled for test-pod-49: 1753882917.5581343
New pod: test-pod-50, on node: worker-1
[133973921494720] Pod test-pod-8 handled. Released locks for: app:app-crole:backend, app:app-crole:database, 
Registering time when event is handled for test-pod-8: 1753882917.5641332
New pod: test-pod-15, on node: worker-1
Registering time when event comes in for test-pod-53: 1753882917.5679069
New pod test-pod-53! old_node = None, new_node = worker-1.
Handling the new pod object: Pod(name=test-pod-53, label_set=LabelSet(labels={'app': 'app-c', 'role': 'database'}), node=Node(name=worker-1)
[133973879531200] Handling pod test-pod-53, locking app:app-crole:backend, app:app-crole:database,  ...
[133974441580224] Pod test-pod-50 handled. Released locks for: app:app-brole:backend, app:app-brole:database, 
Registering time when event is handled for test-pod-50: 1753882917.5712144
Registering time when event comes in for test-pod-55: 1753882917.5786526
New pod test-pod-55! old_node = None, new_node = worker-1.
Handling the new pod object: Pod(name=test-pod-55, label_set=LabelSet(labels={'app': 'app-a', 'role': 'backend'}), node=Node(name=worker-1)
[133974813955776] Handling pod test-pod-55, locking app:app-arole:database, app:app-arole:frontend, app:app-arole:backend,  ...
New pod: test-pod-55, on node: worker-1
[133973896316608] Pod test-pod-15 handled. Released locks for: app:app-crole:backend, app:app-crole:frontend, 
Registering time when event is handled for test-pod-15: 1753882917.5842144
New pod: test-pod-16, on node: worker-1
Registering time when event comes in for test-pod-54: 1753882917.588504
New pod test-pod-54! old_node = None, new_node = worker-1.
Handling the new pod object: Pod(name=test-pod-54, label_set=LabelSet(labels={'app': 'app-a', 'role': 'frontend'}), node=Node(name=worker-1)
[133973871138496] Handling pod test-pod-54, locking app:app-arole:frontend, app:app-arole:backend,  ...
Registering time when event comes in for test-pod-56: 1753882917.5998628
New pod test-pod-56! old_node = None, new_node = worker-1.
Handling the new pod object: Pod(name=test-pod-56, label_set=LabelSet(labels={'app': 'app-a', 'role': 'database'}), node=Node(name=worker-1)
[133974458365632] Handling pod test-pod-56, locking app:app-arole:database, app:app-arole:backend,  ...
[133974813955776] Pod test-pod-55 handled. Released locks for: app:app-arole:database, app:app-arole:frontend, app:app-arole:backend, 
Registering time when event is handled for test-pod-55: 1753882917.6000931
New pod: test-pod-54, on node: worker-1
[133973887923904] Pod test-pod-16 handled. Released locks for: app:app-crole:database, app:app-crole:backend, app:app-crole:frontend, 
Registering time when event is handled for test-pod-16: 1753882917.6077044
New pod: test-pod-17, on node: worker-1
Registering time when event comes in for test-pod-57: 1753882917.6207452
New pod test-pod-57! old_node = None, new_node = worker-1.
Handling the new pod object: Pod(name=test-pod-57, label_set=LabelSet(labels={'app': 'app-b', 'role': 'frontend'}), node=Node(name=worker-1)
[133973921494720] Handling pod test-pod-57, locking app:app-brole:backend, app:app-brole:frontend,  ...
New pod: test-pod-57, on node: worker-1
[133974845425344] Pod test-pod-17 handled. Released locks for: app:app-crole:backend, app:app-crole:database, 
Registering time when event is handled for test-pod-17: 1753882917.6366343
[133973871138496] Pod test-pod-54 handled. Released locks for: app:app-arole:frontend, app:app-arole:backend, 
Registering time when event is handled for test-pod-54: 1753882917.637914
Registering time when event comes in for test-pod-58: 1753882917.6380312
New pod test-pod-58! old_node = None, new_node = worker-1.
Handling the new pod object: Pod(name=test-pod-58, label_set=LabelSet(labels={'app': 'app-b', 'role': 'backend'}), node=Node(name=worker-1)
[133974441580224] Handling pod test-pod-58, locking app:app-brole:backend, app:app-brole:frontend, app:app-brole:database,  ...
New pod: test-pod-24, on node: worker-1
New pod: test-pod-56, on node: worker-1
Registering time when event comes in for test-pod-59: 1753882917.6564026
New pod test-pod-59! old_node = None, new_node = worker-1.
Handling the new pod object: Pod(name=test-pod-59, label_set=LabelSet(labels={'app': 'app-b', 'role': 'database'}), node=Node(name=worker-1)
[133973896316608] Handling pod test-pod-59, locking app:app-brole:backend, app:app-brole:database,  ...
[133974416402112] Pod test-pod-24 handled. Released locks for: app:app-crole:backend, app:app-crole:frontend, 
Registering time when event is handled for test-pod-24: 1753882917.664452
New pod: test-pod-25, on node: worker-1
[133973921494720] Pod test-pod-57 handled. Released locks for: app:app-brole:backend, app:app-brole:frontend, 
Registering time when event is handled for test-pod-57: 1753882917.6751764
Registering time when event comes in for test-pod-60: 1753882917.675267
New pod test-pod-60! old_node = None, new_node = worker-1.
Handling the new pod object: Pod(name=test-pod-60, label_set=LabelSet(labels={'app': 'app-c', 'role': 'frontend'}), node=Node(name=worker-1)
[133974813955776] Handling pod test-pod-60, locking app:app-crole:backend, app:app-crole:frontend,  ...
New pod: test-pod-58, on node: worker-1
[133974458365632] Pod test-pod-56 handled. Released locks for: app:app-arole:database, app:app-arole:backend, 
Registering time when event is handled for test-pod-56: 1753882917.680606
Registering time when event comes in for test-pod-61: 1753882917.6926932
New pod test-pod-61! old_node = None, new_node = worker-1.
Handling the new pod object: Pod(name=test-pod-61, label_set=LabelSet(labels={'app': 'app-c', 'role': 'backend'}), node=Node(name=worker-1)
[133973887923904] Handling pod test-pod-61, locking app:app-crole:database, app:app-crole:backend, app:app-crole:frontend,  ...
[133974441580224] Pod test-pod-58 handled. Released locks for: app:app-brole:backend, app:app-brole:frontend, app:app-brole:database, 
Registering time when event is handled for test-pod-58: 1753882917.6944447
New pod: test-pod-59, on node: worker-1
Registering time when event comes in for test-pod-62: 1753882917.7027647
New pod test-pod-62! old_node = None, new_node = worker-1.
Handling the new pod object: Pod(name=test-pod-62, label_set=LabelSet(labels={'app': 'app-c', 'role': 'database'}), node=Node(name=worker-1)
[133974845425344] Handling pod test-pod-62, locking app:app-crole:backend, app:app-crole:database,  ...
[133974830741184] Pod test-pod-25 handled. Released locks for: app:app-crole:database, app:app-crole:backend, app:app-crole:frontend, 
Registering time when event is handled for test-pod-25: 1753882917.7138627
New pod: test-pod-33, on node: worker-1
Registering time when event comes in for test-pod-63: 1753882917.714377
New pod test-pod-63! old_node = None, new_node = worker-1.
Handling the new pod object: Pod(name=test-pod-63, label_set=LabelSet(labels={'app': 'app-a', 'role': 'frontend'}), node=Node(name=worker-1)
[133973871138496] Handling pod test-pod-63, locking app:app-arole:frontend, app:app-arole:backend,  ...
New pod: test-pod-63, on node: worker-1
2025-07-30 13:41:57,734 [INFO] kopf.objects - Handler 'handle_new_pod/spec.nodeName' succeeded.
2025-07-30 13:41:57,735 [INFO] kopf.objects - Creation is processed: 1 succeeded; 0 failed.
2025-07-30 13:41:57,746 [INFO] kopf.objects - Handler 'handle_new_pod/spec.nodeName' succeeded.
2025-07-30 13:41:57,746 [INFO] kopf.objects - Creation is processed: 1 succeeded; 0 failed.
2025-07-30 13:41:57,760 [INFO] kopf.objects - Handler 'handle_new_pod/spec.nodeName' succeeded.
2025-07-30 13:41:57,761 [INFO] kopf.objects - Creation is processed: 1 succeeded; 0 failed.
2025-07-30 13:41:57,775 [INFO] kopf.objects - Handler 'handle_new_pod/spec.nodeName' succeeded.
2025-07-30 13:41:57,775 [INFO] kopf.objects - Creation is processed: 1 succeeded; 0 failed.
2025-07-30 13:41:57,792 [INFO] kopf.objects - Handler 'handle_new_pod/spec.nodeName' succeeded.
2025-07-30 13:41:57,792 [INFO] kopf.objects - Creation is processed: 1 succeeded; 0 failed.
2025-07-30 13:41:57,808 [INFO] kopf.objects - Handler 'handle_new_pod/spec.nodeName' succeeded.
2025-07-30 13:41:57,808 [INFO] kopf.objects - Creation is processed: 1 succeeded; 0 failed.
2025-07-30 13:41:57,827 [INFO] kopf.objects - Handler 'handle_new_pod/spec.nodeName' succeeded.
2025-07-30 13:41:57,828 [INFO] kopf.objects - Creation is processed: 1 succeeded; 0 failed.
2025-07-30 13:41:57,847 [INFO] kopf.objects - Handler 'handle_new_pod/spec.nodeName' succeeded.
2025-07-30 13:41:57,847 [INFO] kopf.objects - Creation is processed: 1 succeeded; 0 failed.
2025-07-30 13:41:57,858 [INFO] kopf.objects - Handler 'handle_new_pod/spec.nodeName' succeeded.
2025-07-30 13:41:57,858 [INFO] kopf.objects - Creation is processed: 1 succeeded; 0 failed.
2025-07-30 13:41:57,884 [INFO] kopf.objects - Handler 'handle_new_pod/spec.nodeName' succeeded.
2025-07-30 13:41:57,884 [INFO] kopf.objects - Creation is processed: 1 succeeded; 0 failed.
2025-07-30 13:41:57,895 [INFO] kopf.objects - Handler 'handle_new_pod/spec.nodeName' succeeded.
2025-07-30 13:41:57,895 [INFO] kopf.objects - Creation is processed: 1 succeeded; 0 failed.
2025-07-30 13:41:57,906 [INFO] kopf.objects - Handler 'handle_new_pod/spec.nodeName' succeeded.
2025-07-30 13:41:57,906 [INFO] kopf.objects - Creation is processed: 1 succeeded; 0 failed.
2025-07-30 13:41:57,922 [INFO] kopf.objects - Handler 'handle_new_pod/spec.nodeName' succeeded.
2025-07-30 13:41:57,922 [INFO] kopf.objects - Creation is processed: 1 succeeded; 0 failed.
[133973871138496] Pod test-pod-63 handled. Released locks for: app:app-arole:frontend, app:app-arole:backend, 
Registering time when event is handled for test-pod-63: 1753882917.7309687
Registering time when event comes in for test-pod-64: 1753882917.7340696
New pod test-pod-64! old_node = None, new_node = worker-1.
Handling the new pod object: Pod(name=test-pod-64, label_set=LabelSet(labels={'app': 'app-a', 'role': 'backend'}), node=Node(name=worker-1)
[133974416402112] Handling pod test-pod-64, locking app:app-arole:database, app:app-arole:frontend, app:app-arole:backend,  ...
New pod: test-pod-64, on node: worker-1
[133973904709312] Pod test-pod-33 handled. Released locks for: app:app-crole:backend, app:app-crole:frontend, 
Registering time when event is handled for test-pod-33: 1753882917.7420712
New pod: test-pod-34, on node: worker-1
[133973896316608] Pod test-pod-59 handled. Released locks for: app:app-brole:backend, app:app-brole:database, 
Registering time when event is handled for test-pod-59: 1753882917.7424028
Registering time when event comes in for test-pod-65: 1753882917.7462227
New pod test-pod-65! old_node = None, new_node = worker-1.
Handling the new pod object: Pod(name=test-pod-65, label_set=LabelSet(labels={'app': 'app-a', 'role': 'database'}), node=Node(name=worker-1)
[133973921494720] Handling pod test-pod-65, locking app:app-arole:database, app:app-arole:backend,  ...
[133974416402112] Pod test-pod-64 handled. Released locks for: app:app-arole:database, app:app-arole:frontend, app:app-arole:backend, 
Registering time when event is handled for test-pod-64: 1753882917.751337
New pod: test-pod-65, on node: worker-1
[133974433187520] Pod test-pod-34 handled. Released locks for: app:app-crole:database, app:app-crole:backend, app:app-crole:frontend, 
Registering time when event is handled for test-pod-34: 1753882917.7594335
Registering time when event comes in for test-pod-66: 1753882917.759583
New pod test-pod-66! old_node = None, new_node = worker-1.
Handling the new pod object: Pod(name=test-pod-66, label_set=LabelSet(labels={'app': 'app-b', 'role': 'frontend'}), node=Node(name=worker-1)
[133974458365632] Handling pod test-pod-66, locking app:app-brole:backend, app:app-brole:frontend,  ...
New pod: test-pod-66, on node: worker-1
New pod: test-pod-26, on node: worker-1
Registering time when event comes in for test-pod-67: 1753882917.774644
New pod test-pod-67! old_node = None, new_node = worker-1.
Handling the new pod object: Pod(name=test-pod-67, label_set=LabelSet(labels={'app': 'app-b', 'role': 'backend'}), node=Node(name=worker-1)
[133974441580224] Handling pod test-pod-67, locking app:app-brole:backend, app:app-brole:frontend, app:app-brole:database,  ...
[133973921494720] Pod test-pod-65 handled. Released locks for: app:app-arole:database, app:app-arole:backend, 
Registering time when event is handled for test-pod-65: 1753882917.7810779
[133974458365632] Pod test-pod-66 handled. Released locks for: app:app-brole:backend, app:app-brole:frontend, 
Registering time when event is handled for test-pod-66: 1753882917.79051
Registering time when event comes in for test-pod-68: 1753882917.7907047
New pod test-pod-68! old_node = None, new_node = worker-1.
Handling the new pod object: Pod(name=test-pod-68, label_set=LabelSet(labels={'app': 'app-b', 'role': 'database'}), node=Node(name=worker-1)
[133974830741184] Handling pod test-pod-68, locking app:app-brole:backend, app:app-brole:database,  ...
New pod: test-pod-67, on node: worker-1
[133973384623808] Pod test-pod-26 handled. Released locks for: app:app-crole:backend, app:app-crole:database, 
Registering time when event is handled for test-pod-26: 1753882917.8048654
New pod: test-pod-35, on node: worker-1
Registering time when event comes in for test-pod-69: 1753882917.807561
New pod test-pod-69! old_node = None, new_node = worker-1.
Handling the new pod object: Pod(name=test-pod-69, label_set=LabelSet(labels={'app': 'app-c', 'role': 'frontend'}), node=Node(name=worker-1)
[133973871138496] Handling pod test-pod-69, locking app:app-crole:backend, app:app-crole:frontend,  ...
Registering time when event comes in for test-pod-70: 1753882917.8199346
New pod test-pod-70! old_node = None, new_node = worker-1.
Handling the new pod object: Pod(name=test-pod-70, label_set=LabelSet(labels={'app': 'app-c', 'role': 'backend'}), node=Node(name=worker-1)
[133973904709312] Handling pod test-pod-70, locking app:app-crole:database, app:app-crole:backend, app:app-crole:frontend,  ...
[133974441580224] Pod test-pod-67 handled. Released locks for: app:app-brole:backend, app:app-brole:frontend, app:app-brole:database, 
Registering time when event is handled for test-pod-67: 1753882917.8250146
New pod: test-pod-68, on node: worker-1
Registering time when event comes in for test-pod-71: 1753882917.8339853
New pod test-pod-71! old_node = None, new_node = worker-1.
Handling the new pod object: Pod(name=test-pod-71, label_set=LabelSet(labels={'app': 'app-c', 'role': 'database'}), node=Node(name=worker-1)
[133973896316608] Handling pod test-pod-71, locking app:app-crole:backend, app:app-crole:database,  ...
[133974408009408] Pod test-pod-35 handled. Released locks for: app:app-crole:backend, app:app-crole:database, 
Registering time when event is handled for test-pod-35: 1753882917.8344934
New pod: test-pod-42, on node: worker-1
Registering time when event comes in for test-pod-73: 1753882917.854335
New pod test-pod-73! old_node = None, new_node = worker-1.
Handling the new pod object: Pod(name=test-pod-73, label_set=LabelSet(labels={'app': 'app-a', 'role': 'backend'}), node=Node(name=worker-1)
[133974416402112] Handling pod test-pod-73, locking app:app-arole:database, app:app-arole:frontend, app:app-arole:backend,  ...
New pod: test-pod-73, on node: worker-1
[133974830741184] Pod test-pod-68 handled. Released locks for: app:app-brole:backend, app:app-brole:database, 
Registering time when event is handled for test-pod-68: 1753882917.8666782
[133974424794816] Pod test-pod-42 handled. Released locks for: app:app-crole:backend, app:app-crole:frontend, 
Registering time when event is handled for test-pod-42: 1753882917.8667789
New pod: test-pod-43, on node: worker-1
Registering time when event comes in for test-pod-72: 1753882917.8721862
New pod test-pod-72! old_node = None, new_node = worker-1.
Handling the new pod object: Pod(name=test-pod-72, label_set=LabelSet(labels={'app': 'app-a', 'role': 'frontend'}), node=Node(name=worker-1)
[133974433187520] Handling pod test-pod-72, locking app:app-arole:frontend, app:app-arole:backend,  ...
Registering time when event comes in for test-pod-74: 1753882917.8921094
New pod test-pod-74! old_node = None, new_node = worker-1.
Handling the new pod object: Pod(name=test-pod-74, label_set=LabelSet(labels={'app': 'app-a', 'role': 'database'}), node=Node(name=worker-1)
[133973921494720] Handling pod test-pod-74, locking app:app-arole:database, app:app-arole:backend,  ...
[133974416402112] Pod test-pod-73 handled. Released locks for: app:app-arole:database, app:app-arole:frontend, app:app-arole:backend, 
Registering time when event is handled for test-pod-73: 1753882917.8926234
New pod: test-pod-72, on node: worker-1
[133973913102016] Pod test-pod-43 handled. Released locks for: app:app-crole:database, app:app-crole:backend, app:app-crole:frontend, 
Registering time when event is handled for test-pod-43: 1753882917.9055135
Registering time when event comes in for test-pod-75: 1753882917.9056067
New pod test-pod-75! old_node = None, new_node = worker-1.
Handling the new pod object: Pod(name=test-pod-75, label_set=LabelSet(labels={'app': 'app-b', 'role': 'frontend'}), node=Node(name=worker-1)
[133974458365632] Handling pod test-pod-75, locking app:app-brole:backend, app:app-brole:frontend,  ...
New pod: test-pod-75, on node: worker-1
New pod: test-pod-44, on node: worker-1
[133974822348480] Pod test-pod-44 handled. Released locks for: app:app-crole:backend, app:app-crole:database, 
Registering time when event is handled for test-pod-44: 1753882917.9197936
New pod: test-pod-51, on node: worker-1
Registering time when event comes in for test-pod-76: 1753882917.923548
2025-07-30 13:41:57,937 [INFO] kopf.objects - Handler 'handle_new_pod/spec.nodeName' succeeded.
2025-07-30 13:41:57,938 [INFO] kopf.objects - Creation is processed: 1 succeeded; 0 failed.
2025-07-30 13:41:57,948 [INFO] kopf.objects - Handler 'handle_new_pod/spec.nodeName' succeeded.
2025-07-30 13:41:57,949 [INFO] kopf.objects - Creation is processed: 1 succeeded; 0 failed.
2025-07-30 13:41:57,962 [INFO] kopf.objects - Handler 'handle_new_pod/spec.nodeName' succeeded.
2025-07-30 13:41:57,963 [INFO] kopf.objects - Creation is processed: 1 succeeded; 0 failed.
2025-07-30 13:41:57,975 [INFO] kopf.objects - Handler 'handle_new_pod/spec.nodeName' succeeded.
2025-07-30 13:41:57,975 [INFO] kopf.objects - Creation is processed: 1 succeeded; 0 failed.
2025-07-30 13:41:57,988 [INFO] kopf.objects - Handler 'handle_new_pod/spec.nodeName' succeeded.
2025-07-30 13:41:57,989 [INFO] kopf.objects - Creation is processed: 1 succeeded; 0 failed.
2025-07-30 13:41:58,006 [INFO] kopf.objects - Handler 'handle_new_pod/spec.nodeName' succeeded.
2025-07-30 13:41:58,006 [INFO] kopf.objects - Creation is processed: 1 succeeded; 0 failed.
2025-07-30 13:41:58,018 [INFO] kopf.objects - Handler 'handle_new_pod/spec.nodeName' succeeded.
2025-07-30 13:41:58,019 [INFO] kopf.objects - Creation is processed: 1 succeeded; 0 failed.
2025-07-30 13:41:58,042 [INFO] kopf.objects - Handler 'handle_new_pod/spec.nodeName' succeeded.
2025-07-30 13:41:58,042 [INFO] kopf.objects - Creation is processed: 1 succeeded; 0 failed.
2025-07-30 13:41:58,079 [INFO] kopf.objects - Handler 'handle_new_pod/spec.nodeName' succeeded.
2025-07-30 13:41:58,081 [INFO] kopf.objects - Creation is processed: 1 succeeded; 0 failed.
2025-07-30 13:41:58,092 [INFO] kopf.objects - Handler 'handle_new_pod/spec.nodeName' succeeded.
2025-07-30 13:41:58,107 [INFO] kopf.objects - Creation is processed: 1 succeeded; 0 failed.
2025-07-30 13:41:58,126 [INFO] kopf.objects - Handler 'handle_new_pod/spec.nodeName' succeeded.
2025-07-30 13:41:58,126 [INFO] kopf.objects - Creation is processed: 1 succeeded; 0 failed.
New pod test-pod-76! old_node = None, new_node = worker-1.
Handling the new pod object: Pod(name=test-pod-76, label_set=LabelSet(labels={'app': 'app-b', 'role': 'backend'}), node=Node(name=worker-1)
[133973384623808] Handling pod test-pod-76, locking app:app-brole:backend, app:app-brole:frontend, app:app-brole:database,  ...
[133974458365632] Pod test-pod-75 handled. Released locks for: app:app-brole:backend, app:app-brole:frontend, 
Registering time when event is handled for test-pod-75: 1753882917.9268184
New pod: test-pod-76, on node: worker-1
[133974433187520] Pod test-pod-72 handled. Released locks for: app:app-arole:frontend, app:app-arole:backend, 
Registering time when event is handled for test-pod-72: 1753882917.928144
New pod: test-pod-74, on node: worker-1
Registering time when event comes in for test-pod-77: 1753882917.9352794
New pod test-pod-77! old_node = None, new_node = worker-1.
Handling the new pod object: Pod(name=test-pod-77, label_set=LabelSet(labels={'app': 'app-b', 'role': 'database'}), node=Node(name=worker-1)
[133974441580224] Handling pod test-pod-77, locking app:app-brole:backend, app:app-brole:database,  ...
[133973384623808] Pod test-pod-76 handled. Released locks for: app:app-brole:backend, app:app-brole:frontend, app:app-brole:database, 
Registering time when event is handled for test-pod-76: 1753882917.9422822
New pod: test-pod-77, on node: worker-1
Registering time when event comes in for test-pod-78: 1753882917.9482164
New pod test-pod-78! old_node = None, new_node = worker-1.
Handling the new pod object: Pod(name=test-pod-78, label_set=LabelSet(labels={'app': 'app-c', 'role': 'frontend'}), node=Node(name=worker-1)
[133974408009408] Handling pod test-pod-78, locking app:app-crole:backend, app:app-crole:frontend,  ...
[133974449972928] Pod test-pod-51 handled. Released locks for: app:app-crole:backend, app:app-crole:frontend, 
Registering time when event is handled for test-pod-51: 1753882917.95423
[133973921494720] Pod test-pod-74 handled. Released locks for: app:app-arole:database, app:app-arole:backend, 
Registering time when event is handled for test-pod-74: 1753882917.9544332
New pod: test-pod-52, on node: worker-1
Registering time when event comes in for test-pod-79: 1753882917.9617054
New pod test-pod-79! old_node = None, new_node = worker-1.
Handling the new pod object: Pod(name=test-pod-79, label_set=LabelSet(labels={'app': 'app-c', 'role': 'backend'}), node=Node(name=worker-1)
[133974830741184] Handling pod test-pod-79, locking app:app-crole:database, app:app-crole:backend, app:app-crole:frontend,  ...
[133974805563072] Pod test-pod-52 handled. Released locks for: app:app-crole:database, app:app-crole:backend, app:app-crole:frontend, 
Registering time when event is handled for test-pod-52: 1753882917.9666939
New pod: test-pod-53, on node: worker-1
Registering time when event comes in for test-pod-81: 1753882917.974246
New pod test-pod-81! old_node = None, new_node = worker-1.
Handling the new pod object: Pod(name=test-pod-81, label_set=LabelSet(labels={'app': 'app-a', 'role': 'frontend'}), node=Node(name=worker-1)
[133974424794816] Handling pod test-pod-81, locking app:app-arole:frontend, app:app-arole:backend,  ...
New pod: test-pod-81, on node: worker-1
[133974441580224] Pod test-pod-77 handled. Released locks for: app:app-brole:backend, app:app-brole:database, 
Registering time when event is handled for test-pod-77: 1753882917.9746432
Registering time when event comes in for test-pod-80: 1753882917.9882386
New pod test-pod-80! old_node = None, new_node = worker-1.
Handling the new pod object: Pod(name=test-pod-80, label_set=LabelSet(labels={'app': 'app-c', 'role': 'database'}), node=Node(name=worker-1)
[133974416402112] Handling pod test-pod-80, locking app:app-crole:backend, app:app-crole:database,  ...
[133973879531200] Pod test-pod-53 handled. Released locks for: app:app-crole:backend, app:app-crole:database, 
Registering time when event is handled for test-pod-53: 1753882917.9924932
[133974424794816] Pod test-pod-81 handled. Released locks for: app:app-arole:frontend, app:app-arole:backend, 
Registering time when event is handled for test-pod-81: 1753882917.9926162
New pod: test-pod-60, on node: worker-1
Registering time when event comes in for test-pod-82: 1753882918.00387
New pod test-pod-82! old_node = None, new_node = worker-1.
Handling the new pod object: Pod(name=test-pod-82, label_set=LabelSet(labels={'app': 'app-a', 'role': 'backend'}), node=Node(name=worker-1)
[133973913102016] Handling pod test-pod-82, locking app:app-arole:database, app:app-arole:frontend, app:app-arole:backend,  ...
New pod: test-pod-82, on node: worker-1
[133974813955776] Pod test-pod-60 handled. Released locks for: app:app-crole:backend, app:app-crole:frontend, 
Registering time when event is handled for test-pod-60: 1753882918.0104625
New pod: test-pod-61, on node: worker-1
Registering time when event comes in for test-pod-83: 1753882918.018471
New pod test-pod-83! old_node = None, new_node = worker-1.
Handling the new pod object: Pod(name=test-pod-83, label_set=LabelSet(labels={'app': 'app-a', 'role': 'database'}), node=Node(name=worker-1)
[133974822348480] Handling pod test-pod-83, locking app:app-arole:database, app:app-arole:backend,  ...
[133973913102016] Pod test-pod-82 handled. Released locks for: app:app-arole:database, app:app-arole:frontend, app:app-arole:backend, 
Registering time when event is handled for test-pod-82: 1753882918.0285459
New pod: test-pod-83, on node: worker-1
Registering time when event comes in for test-pod-84: 1753882918.0407584
New pod test-pod-84! old_node = None, new_node = worker-1.
Handling the new pod object: Pod(name=test-pod-84, label_set=LabelSet(labels={'app': 'app-b', 'role': 'frontend'}), node=Node(name=worker-1)
[133974458365632] Handling pod test-pod-84, locking app:app-brole:backend, app:app-brole:frontend,  ...
New pod: test-pod-84, on node: worker-1
[133973887923904] Pod test-pod-61 handled. Released locks for: app:app-crole:database, app:app-crole:backend, app:app-crole:frontend, 
Registering time when event is handled for test-pod-61: 1753882918.0484746
New pod: test-pod-62, on node: worker-1
[133974822348480] Pod test-pod-83 handled. Released locks for: app:app-arole:database, app:app-arole:backend, 
Registering time when event is handled for test-pod-83: 1753882918.0735235
Registering time when event comes in for test-pod-85: 1753882918.0761938
New pod test-pod-85! old_node = None, new_node = worker-1.
Handling the new pod object: Pod(name=test-pod-85, label_set=LabelSet(labels={'app': 'app-b', 'role': 'backend'}), node=Node(name=worker-1)
[133974433187520] Handling pod test-pod-85, locking app:app-brole:backend, app:app-brole:frontend, app:app-brole:database,  ...
[133974458365632] Pod test-pod-84 handled. Released locks for: app:app-brole:backend, app:app-brole:frontend, 
Registering time when event is handled for test-pod-84: 1753882918.0804453
New pod: test-pod-85, on node: worker-1
Registering time when event comes in for test-pod-86: 1753882918.09223
New pod test-pod-86! old_node = None, new_node = worker-1.
Handling the new pod object: Pod(name=test-pod-86, label_set=LabelSet(labels={'app': 'app-b', 'role': 'database'}), node=Node(name=worker-1)
[133973384623808] Handling pod test-pod-86, locking app:app-brole:backend, app:app-brole:database,  ...
[133974433187520] Pod test-pod-85 handled. Released locks for: app:app-brole:backend, app:app-brole:frontend, app:app-brole:database, 
Registering time when event is handled for test-pod-85: 1753882918.1076112
[133974845425344] Pod test-pod-62 handled. Released locks for: app:app-crole:backend, app:app-crole:database, 
Registering time when event is handled for test-pod-62: 1753882918.1137135
New pod: test-pod-69, on node: worker-1
New pod: test-pod-86, on node: worker-1
Registering time when event comes in for test-pod-87: 1753882918.1288476
New pod test-pod-87! old_node = None, new_node = worker-1.
Handling the new pod object: Pod(name=test-pod-87, label_set=LabelSet(labels={'app': 'app-c', 'role': 'frontend'}), node=Node(name=worker-1)
2025-07-30 13:41:58,138 [INFO] kopf.objects - Handler 'handle_new_pod/spec.nodeName' succeeded.
2025-07-30 13:41:58,138 [INFO] kopf.objects - Creation is processed: 1 succeeded; 0 failed.
2025-07-30 13:41:58,147 [INFO] kopf.objects - Handler 'handle_new_pod/spec.nodeName' succeeded.
2025-07-30 13:41:58,148 [INFO] kopf.objects - Creation is processed: 1 succeeded; 0 failed.
2025-07-30 13:41:58,165 [INFO] kopf.objects - Handler 'handle_new_pod/spec.nodeName' succeeded.
2025-07-30 13:41:58,166 [INFO] kopf.objects - Creation is processed: 1 succeeded; 0 failed.
2025-07-30 13:41:58,178 [INFO] kopf.objects - Handler 'handle_new_pod/spec.nodeName' succeeded.
2025-07-30 13:41:58,178 [INFO] kopf.objects - Creation is processed: 1 succeeded; 0 failed.
2025-07-30 13:41:58,186 [INFO] kopf.objects - Handler 'handle_new_pod/spec.nodeName' succeeded.
2025-07-30 13:41:58,186 [INFO] kopf.objects - Creation is processed: 1 succeeded; 0 failed.
2025-07-30 13:41:58,198 [INFO] kopf.objects - Handler 'handle_new_pod/spec.nodeName' succeeded.
2025-07-30 13:41:58,199 [INFO] kopf.objects - Creation is processed: 1 succeeded; 0 failed.
2025-07-30 13:41:58,218 [INFO] kopf.objects - Handler 'handle_new_pod/spec.nodeName' succeeded.
2025-07-30 13:41:58,219 [INFO] kopf.objects - Creation is processed: 1 succeeded; 0 failed.
2025-07-30 13:41:58,233 [INFO] kopf.objects - Handler 'handle_new_pod/spec.nodeName' succeeded.
2025-07-30 13:41:58,233 [INFO] kopf.objects - Creation is processed: 1 succeeded; 0 failed.
2025-07-30 13:41:58,244 [INFO] kopf.objects - Handler 'handle_new_pod/spec.nodeName' succeeded.
2025-07-30 13:41:58,245 [INFO] kopf.objects - Creation is processed: 1 succeeded; 0 failed.
2025-07-30 13:41:58,253 [INFO] kopf.objects - Handler 'handle_new_pod/spec.nodeName' succeeded.
2025-07-30 13:41:58,253 [INFO] kopf.objects - Creation is processed: 1 succeeded; 0 failed.
2025-07-30 13:41:58,264 [INFO] kopf.objects - Handler 'handle_new_pod/spec.nodeName' succeeded.
2025-07-30 13:41:58,265 [INFO] kopf.objects - Creation is processed: 1 succeeded; 0 failed.
2025-07-30 13:41:58,279 [INFO] kopf.objects - Handler 'handle_new_pod/spec.nodeName' succeeded.
2025-07-30 13:41:58,280 [INFO] kopf.objects - Creation is processed: 1 succeeded; 0 failed.
2025-07-30 13:41:58,299 [INFO] kopf.objects - Handler 'handle_new_pod/spec.nodeName' succeeded.
2025-07-30 13:41:58,300 [INFO] kopf.objects - Creation is processed: 1 succeeded; 0 failed.
[133974449972928] Handling pod test-pod-87, locking app:app-crole:backend, app:app-crole:frontend,  ...
[133973871138496] Pod test-pod-69 handled. Released locks for: app:app-crole:backend, app:app-crole:frontend, 
Registering time when event is handled for test-pod-69: 1753882918.1318796
New pod: test-pod-70, on node: worker-1
[133973384623808] Pod test-pod-86 handled. Released locks for: app:app-brole:backend, app:app-brole:database, 
Registering time when event is handled for test-pod-86: 1753882918.1322532
Registering time when event comes in for test-pod-88: 1753882918.1375232
New pod test-pod-88! old_node = None, new_node = worker-1.
Handling the new pod object: Pod(name=test-pod-88, label_set=LabelSet(labels={'app': 'app-c', 'role': 'backend'}), node=Node(name=worker-1)
[133973921494720] Handling pod test-pod-88, locking app:app-crole:database, app:app-crole:backend, app:app-crole:frontend,  ...
[133973904709312] Pod test-pod-70 handled. Released locks for: app:app-crole:database, app:app-crole:backend, app:app-crole:frontend, 
Registering time when event is handled for test-pod-70: 1753882918.1439686
New pod: test-pod-71, on node: worker-1
Registering time when event comes in for test-pod-89: 1753882918.1471977
New pod test-pod-89! old_node = None, new_node = worker-1.
Handling the new pod object: Pod(name=test-pod-89, label_set=LabelSet(labels={'app': 'app-c', 'role': 'database'}), node=Node(name=worker-1)
[133974805563072] Handling pod test-pod-89, locking app:app-crole:backend, app:app-crole:database,  ...
[133973896316608] Pod test-pod-71 handled. Released locks for: app:app-crole:backend, app:app-crole:database, 
Registering time when event is handled for test-pod-71: 1753882918.1639442
New pod: test-pod-78, on node: worker-1
Registering time when event comes in for test-pod-91: 1753882918.165236
New pod test-pod-91! old_node = None, new_node = worker-1.
Handling the new pod object: Pod(name=test-pod-91, label_set=LabelSet(labels={'app': 'app-a', 'role': 'backend'}), node=Node(name=worker-1)
[133974441580224] Handling pod test-pod-91, locking app:app-arole:database, app:app-arole:frontend, app:app-arole:backend,  ...
New pod: test-pod-91, on node: worker-1
[133974408009408] Pod test-pod-78 handled. Released locks for: app:app-crole:backend, app:app-crole:frontend, 
Registering time when event is handled for test-pod-78: 1753882918.1754735
New pod: test-pod-79, on node: worker-1
Registering time when event comes in for test-pod-90: 1753882918.1763434
New pod test-pod-90! old_node = None, new_node = worker-1.
Handling the new pod object: Pod(name=test-pod-90, label_set=LabelSet(labels={'app': 'app-a', 'role': 'frontend'}), node=Node(name=worker-1)
[133973879531200] Handling pod test-pod-90, locking app:app-arole:frontend, app:app-arole:backend,  ...
[133974441580224] Pod test-pod-91 handled. Released locks for: app:app-arole:database, app:app-arole:frontend, app:app-arole:backend, 
Registering time when event is handled for test-pod-91: 1753882918.1850245
Registering time when event comes in for test-pod-92: 1753882918.1850739
New pod test-pod-92! old_node = None, new_node = worker-1.
Handling the new pod object: Pod(name=test-pod-92, label_set=LabelSet(labels={'app': 'app-a', 'role': 'database'}), node=Node(name=worker-1)
[133974424794816] Handling pod test-pod-92, locking app:app-arole:database, app:app-arole:backend,  ...
New pod: test-pod-90, on node: worker-1
Registering time when event comes in for test-pod-93: 1753882918.197921
New pod test-pod-93! old_node = None, new_node = worker-1.
Handling the new pod object: Pod(name=test-pod-93, label_set=LabelSet(labels={'app': 'app-b', 'role': 'frontend'}), node=Node(name=worker-1)
[133974441580224] Handling pod test-pod-93, locking app:app-brole:backend, app:app-brole:frontend,  ...
New pod: test-pod-93, on node: worker-1
[133974830741184] Pod test-pod-79 handled. Released locks for: app:app-crole:database, app:app-crole:backend, app:app-crole:frontend, 
Registering time when event is handled for test-pod-79: 1753882918.2092633
New pod: test-pod-80, on node: worker-1
[133973879531200] Pod test-pod-90 handled. Released locks for: app:app-arole:frontend, app:app-arole:backend, 
Registering time when event is handled for test-pod-90: 1753882918.2167668
Registering time when event comes in for test-pod-94: 1753882918.2169325
New pod test-pod-94! old_node = None, new_node = worker-1.
Handling the new pod object: Pod(name=test-pod-94, label_set=LabelSet(labels={'app': 'app-b', 'role': 'backend'}), node=Node(name=worker-1)
[133973913102016] Handling pod test-pod-94, locking app:app-brole:backend, app:app-brole:frontend, app:app-brole:database,  ...
New pod: test-pod-92, on node: worker-1
[133974416402112] Pod test-pod-80 handled. Released locks for: app:app-crole:backend, app:app-crole:database, 
Registering time when event is handled for test-pod-80: 1753882918.232193
Registering time when event comes in for test-pod-95: 1753882918.2323272
New pod test-pod-95! old_node = None, new_node = worker-1.
Handling the new pod object: Pod(name=test-pod-95, label_set=LabelSet(labels={'app': 'app-b', 'role': 'database'}), node=Node(name=worker-1)
[133973887923904] Handling pod test-pod-95, locking app:app-brole:backend, app:app-brole:database,  ...
New pod: test-pod-87, on node: worker-1
Registering time when event comes in for test-pod-96: 1753882918.2431324
New pod test-pod-96! old_node = None, new_node = worker-1.
Handling the new pod object: Pod(name=test-pod-96, label_set=LabelSet(labels={'app': 'app-c', 'role': 'frontend'}), node=Node(name=worker-1)
[133974822348480] Handling pod test-pod-96, locking app:app-crole:backend, app:app-crole:frontend,  ...
[133974441580224] Pod test-pod-93 handled. Released locks for: app:app-brole:backend, app:app-brole:frontend, 
Registering time when event is handled for test-pod-93: 1753882918.2435243
New pod: test-pod-94, on node: worker-1
[133974424794816] Pod test-pod-92 handled. Released locks for: app:app-arole:database, app:app-arole:backend, 
Registering time when event is handled for test-pod-92: 1753882918.2516422
Registering time when event comes in for test-pod-97: 1753882918.2527838
New pod test-pod-97! old_node = None, new_node = worker-1.
Handling the new pod object: Pod(name=test-pod-97, label_set=LabelSet(labels={'app': 'app-c', 'role': 'backend'}), node=Node(name=worker-1)
[133974458365632] Handling pod test-pod-97, locking app:app-crole:database, app:app-crole:backend, app:app-crole:frontend,  ...
Registering time when event comes in for test-pod-98: 1753882918.263195
New pod test-pod-98! old_node = None, new_node = worker-1.
Handling the new pod object: Pod(name=test-pod-98, label_set=LabelSet(labels={'app': 'app-c', 'role': 'database'}), node=Node(name=worker-1)
[133974433187520] Handling pod test-pod-98, locking app:app-crole:backend, app:app-crole:database,  ...
[133974449972928] Pod test-pod-87 handled. Released locks for: app:app-crole:backend, app:app-crole:frontend, 
Registering time when event is handled for test-pod-87: 1753882918.2735007
New pod: test-pod-88, on node: worker-1
Registering time when event comes in for test-pod-99: 1753882918.2764323
New pod test-pod-99! old_node = None, new_node = worker-1.
Handling the new pod object: Pod(name=test-pod-99, label_set=LabelSet(labels={'app': 'app-a', 'role': 'frontend'}), node=Node(name=worker-1)
[133974845425344] Handling pod test-pod-99, locking app:app-arole:frontend, app:app-arole:backend,  ...
New pod: test-pod-99, on node: worker-1
[133973913102016] Pod test-pod-94 handled. Released locks for: app:app-brole:backend, app:app-brole:frontend, app:app-brole:database, 
Registering time when event is handled for test-pod-94: 1753882918.28685
New pod: test-pod-95, on node: worker-1
Registering time when event comes in for test-pod-100: 1753882918.29451
New pod test-pod-100! old_node = None, new_node = worker-1.
Handling the new pod object: Pod(name=test-pod-100, label_set=LabelSet(labels={'app': 'app-a', 'role': 'backend'}), node=Node(name=worker-1)
[133973871138496] Handling pod test-pod-100, locking app:app-arole:database, app:app-arole:frontend, app:app-arole:backend,  ...
2025-07-30 13:41:58,312 [INFO] kopf.objects - Handler 'handle_new_pod/spec.nodeName' succeeded.
2025-07-30 13:41:58,313 [INFO] kopf.objects - Creation is processed: 1 succeeded; 0 failed.
2025-07-30 13:41:58,325 [INFO] kopf.objects - Handler 'handle_new_pod/spec.nodeName' succeeded.
2025-07-30 13:41:58,325 [INFO] kopf.objects - Creation is processed: 1 succeeded; 0 failed.
2025-07-30 13:41:58,338 [INFO] kopf.objects - Handler 'handle_new_pod/spec.nodeName' succeeded.
2025-07-30 13:41:58,338 [INFO] kopf.objects - Creation is processed: 1 succeeded; 0 failed.
2025-07-30 13:41:58,350 [INFO] kopf.objects - Handler 'handle_new_pod/spec.nodeName' succeeded.
2025-07-30 13:41:58,350 [INFO] kopf.objects - Creation is processed: 1 succeeded; 0 failed.
2025-07-30 13:41:58,364 [INFO] kopf.objects - Handler 'handle_new_pod/spec.nodeName' succeeded.
2025-07-30 13:41:58,364 [INFO] kopf.objects - Creation is processed: 1 succeeded; 0 failed.
2025-07-30 13:41:58,382 [INFO] kopf.objects - Handler 'handle_new_pod/spec.nodeName' succeeded.
2025-07-30 13:41:58,382 [INFO] kopf.objects - Creation is processed: 1 succeeded; 0 failed.
2025-07-30 13:41:58,393 [INFO] kopf.objects - Handler 'handle_new_pod/spec.nodeName' succeeded.
2025-07-30 13:41:58,393 [INFO] kopf.objects - Creation is processed: 1 succeeded; 0 failed.
2025-07-30 13:41:58,408 [INFO] kopf.objects - Handler 'handle_new_pod/spec.nodeName' succeeded.
2025-07-30 13:41:58,408 [INFO] kopf.objects - Creation is processed: 1 succeeded; 0 failed.
2025-07-30 13:41:58,418 [INFO] kopf.objects - Handler 'handle_new_pod/spec.nodeName' succeeded.
2025-07-30 13:41:58,419 [INFO] kopf.objects - Creation is processed: 1 succeeded; 0 failed.
2025-07-30 13:41:58,432 [INFO] kopf.objects - Handler 'handle_new_pod/spec.nodeName' succeeded.
2025-07-30 13:41:58,432 [INFO] kopf.objects - Creation is processed: 1 succeeded; 0 failed.
2025-07-30 13:41:58,446 [INFO] kopf.objects - Handler 'handle_new_pod/spec.nodeName' succeeded.
2025-07-30 13:41:58,447 [INFO] kopf.objects - Creation is processed: 1 succeeded; 0 failed.
2025-07-30 13:41:58,458 [INFO] kopf.objects - Handler 'handle_new_pod/spec.nodeName' succeeded.
2025-07-30 13:41:58,458 [INFO] kopf.objects - Creation is processed: 1 succeeded; 0 failed.
2025-07-30 13:41:58,465 [INFO] kopf.objects - Handler 'handle_new_pod/spec.nodeName' succeeded.
2025-07-30 13:41:58,466 [INFO] kopf.objects - Creation is processed: 1 succeeded; 0 failed.
2025-07-30 13:41:58,476 [INFO] kopf.objects - Handler 'handle_new_pod/spec.nodeName' succeeded.
2025-07-30 13:41:58,476 [INFO] kopf.objects - Creation is processed: 1 succeeded; 0 failed.
2025-07-30 13:41:58,486 [INFO] kopf.objects - Handler 'handle_new_pod/spec.nodeName' succeeded.
2025-07-30 13:41:58,486 [INFO] kopf.objects - Creation is processed: 1 succeeded; 0 failed.
2025-07-30 13:41:58,498 [INFO] kopf.objects - Handler 'handle_new_pod/spec.nodeName' succeeded.
2025-07-30 13:41:58,499 [INFO] kopf.objects - Creation is processed: 1 succeeded; 0 failed.
2025-07-30 13:41:58,516 [INFO] kopf.objects - Handler 'handle_new_pod/spec.nodeName' succeeded.
2025-07-30 13:41:58,517 [INFO] kopf.objects - Creation is processed: 1 succeeded; 0 failed.
2025-07-30 13:41:58,527 [INFO] kopf.objects - Handler 'handle_new_pod/spec.nodeName' succeeded.
2025-07-30 13:41:58,528 [INFO] kopf.objects - Creation is processed: 1 succeeded; 0 failed.
2025-07-30 13:41:58,542 [INFO] kopf.objects - Handler 'handle_new_pod/spec.nodeName' succeeded.
2025-07-30 13:41:58,542 [INFO] kopf.objects - Creation is processed: 1 succeeded; 0 failed.
2025-07-30 13:41:58,554 [INFO] kopf.objects - Handler 'handle_new_pod/spec.nodeName' succeeded.
2025-07-30 13:41:58,554 [INFO] kopf.objects - Creation is processed: 1 succeeded; 0 failed.
2025-07-30 13:41:58,563 [INFO] kopf.objects - Handler 'handle_new_pod/spec.nodeName' succeeded.
2025-07-30 13:41:58,564 [INFO] kopf.objects - Creation is processed: 1 succeeded; 0 failed.
2025-07-30 13:41:58,574 [INFO] kopf.objects - Handler 'handle_new_pod/spec.nodeName' succeeded.
2025-07-30 13:41:58,574 [INFO] kopf.objects - Creation is processed: 1 succeeded; 0 failed.
2025-07-30 13:41:58,600 [INFO] kopf.objects - Handler 'handle_new_pod/spec.nodeName' succeeded.
2025-07-30 13:41:58,600 [INFO] kopf.objects - Creation is processed: 1 succeeded; 0 failed.
2025-07-30 13:41:58,615 [INFO] kopf.objects - Handler 'handle_new_pod/spec.nodeName' succeeded.
2025-07-30 13:41:58,616 [INFO] kopf.objects - Creation is processed: 1 succeeded; 0 failed.
2025-07-30 13:41:58,630 [INFO] kopf.objects - Handler 'handle_new_pod/spec.nodeName' succeeded.
2025-07-30 13:41:58,630 [INFO] kopf.objects - Creation is processed: 1 succeeded; 0 failed.
