2025-07-30 13:30:50,062 [INFO] /app/code/main_operator_latency.py - Starting Operator with 20 workers.
2025-07-30 13:30:50,091 [INFO] root - Initializing Openstack Client!
2025-07-30 13:30:50,303 [INFO] root - ================================= FRESH INITIALISATION DONE =====================================
2025-07-30 13:30:50,305 [INFO] operator_code.watcher_operator - Watcher class for Kopf Operator!
2025-07-30 13:30:50,306 [INFO] kopf.activities.startup - Activity 'startup_handler' succeeded.
2025-07-30 13:30:50,308 [INFO] kopf._core.engines.activities - Initial authentication has been initiated.
2025-07-30 13:30:50,312 [INFO] kopf.activities.authentication - Activity 'login_via_client' succeeded.
2025-07-30 13:30:50,312 [INFO] kopf._core.engines.activities - Initial authentication has finished.
2025-07-30 13:30:50,346 [WARNING] kopf._core.reactor.observation - Not enough permissions to list namespaces. Falling back to a list of namespaces which are assumed to exist: {'test-thesis'}
2025-07-30 13:30:50,355 [WARNING] kopf._core.reactor.observation - Not enough permissions to watch for namespaces: changes (deletion/creation) will not be noticed; the namespaces are only refreshed on operator restarts.
2025-07-30 13:30:54,729 [INFO] kopf.objects - Handler 'handle_new_policy' succeeded.
2025-07-30 13:30:54,730 [INFO] kopf.objects - Creation is processed: 1 succeeded; 0 failed.
2025-07-30 13:30:54,841 [INFO] matcher - PLS: Configuring new spol Policy(name=app-c-allow-frontend-backend, sel=LabelSet(labels={'app': 'app-c', 'role': 'frontend'}), allow=[
(LabelSet(labels={'app': 'app-c', 'role': 'backend'}), Traffic(direction=ingress, port=80, protocol=TCP)) 
])
2025-07-30 13:30:54,853 [INFO] matcher - PLS: Configuring new spol Policy(name=app-c-allow-frontend-backend, sel=LabelSet(labels={'app': 'app-c', 'role': 'frontend'}), allow=[
(LabelSet(labels={'app': 'app-c', 'role': 'backend'}), Traffic(direction=egress, port=80, protocol=TCP)) 
])
2025-07-30 13:30:54,866 [INFO] kopf.objects - Handler 'handle_new_policy' succeeded.
2025-07-30 13:30:54,867 [INFO] kopf.objects - Creation is processed: 1 succeeded; 0 failed.
2025-07-30 13:30:54,930 [INFO] matcher - PLS: Configuring new spol Policy(name=app-c-allow-database-backend, sel=LabelSet(labels={'app': 'app-c', 'role': 'database'}), allow=[
(LabelSet(labels={'app': 'app-c', 'role': 'backend'}), Traffic(direction=ingress, port=80, protocol=TCP)) 
])
2025-07-30 13:30:54,940 [INFO] matcher - PLS: Configuring new spol Policy(name=app-c-allow-database-backend, sel=LabelSet(labels={'app': 'app-c', 'role': 'database'}), allow=[
(LabelSet(labels={'app': 'app-c', 'role': 'backend'}), Traffic(direction=egress, port=80, protocol=TCP)) 
])
2025-07-30 13:30:54,951 [INFO] kopf.objects - Handler 'handle_new_policy' succeeded.
2025-07-30 13:30:54,951 [INFO] kopf.objects - Creation is processed: 1 succeeded; 0 failed.
2025-07-30 13:30:55,047 [INFO] matcher - PLS: Configuring new spol Policy(name=app-c-allow-backend-frontend, sel=LabelSet(labels={'app': 'app-c', 'role': 'backend'}), allow=[
(LabelSet(labels={'app': 'app-c', 'role': 'frontend'}), Traffic(direction=ingress, port=80, protocol=TCP)) 
])
2025-07-30 13:30:55,059 [INFO] matcher - PLS: Configuring new spol Policy(name=app-c-allow-backend-frontend, sel=LabelSet(labels={'app': 'app-c', 'role': 'backend'}), allow=[
(LabelSet(labels={'app': 'app-c', 'role': 'frontend'}), Traffic(direction=egress, port=80, protocol=TCP)) 
])
2025-07-30 13:30:55,075 [INFO] kopf.objects - Handler 'handle_new_policy' succeeded.
2025-07-30 13:30:55,075 [INFO] kopf.objects - Creation is processed: 1 succeeded; 0 failed.
2025-07-30 13:30:55,148 [INFO] matcher - PLS: Configuring new spol Policy(name=app-c-allow-backend-database, sel=LabelSet(labels={'app': 'app-c', 'role': 'backend'}), allow=[
(LabelSet(labels={'app': 'app-c', 'role': 'database'}), Traffic(direction=ingress, port=80, protocol=TCP)) 
])
2025-07-30 13:30:55,163 [INFO] matcher - PLS: Configuring new spol Policy(name=app-c-allow-backend-database, sel=LabelSet(labels={'app': 'app-c', 'role': 'backend'}), allow=[
(LabelSet(labels={'app': 'app-c', 'role': 'database'}), Traffic(direction=egress, port=80, protocol=TCP)) 
])
2025-07-30 13:30:55,174 [INFO] kopf.objects - Handler 'handle_new_policy' succeeded.
2025-07-30 13:30:55,174 [INFO] kopf.objects - Creation is processed: 1 succeeded; 0 failed.
2025-07-30 13:30:55,275 [INFO] matcher - PLS: Configuring new spol Policy(name=app-b-allow-backend-database, sel=LabelSet(labels={'app': 'app-b', 'role': 'backend'}), allow=[
(LabelSet(labels={'app': 'app-b', 'role': 'database'}), Traffic(direction=ingress, port=80, protocol=TCP)) 
])
2025-07-30 13:30:55,284 [INFO] matcher - PLS: Configuring new spol Policy(name=app-b-allow-backend-database, sel=LabelSet(labels={'app': 'app-b', 'role': 'backend'}), allow=[
(LabelSet(labels={'app': 'app-b', 'role': 'database'}), Traffic(direction=egress, port=80, protocol=TCP)) 
])
2025-07-30 13:30:55,297 [INFO] kopf.objects - Handler 'handle_new_policy' succeeded.
2025-07-30 13:30:55,297 [INFO] kopf.objects - Creation is processed: 1 succeeded; 0 failed.
2025-07-30 13:30:55,327 [INFO] matcher - PLS: Configuring new spol Policy(name=app-b-allow-database-backend, sel=LabelSet(labels={'app': 'app-b', 'role': 'database'}), allow=[
(LabelSet(labels={'app': 'app-b', 'role': 'backend'}), Traffic(direction=ingress, port=80, protocol=TCP)) 
])
2025-07-30 13:30:55,337 [INFO] matcher - PLS: Configuring new spol Policy(name=app-b-allow-database-backend, sel=LabelSet(labels={'app': 'app-b', 'role': 'database'}), allow=[
(LabelSet(labels={'app': 'app-b', 'role': 'backend'}), Traffic(direction=egress, port=80, protocol=TCP)) 
])
2025-07-30 13:30:55,347 [INFO] kopf.objects - Handler 'handle_new_policy' succeeded.
2025-07-30 13:30:55,348 [INFO] kopf.objects - Creation is processed: 1 succeeded; 0 failed.
2025-07-30 13:30:55,446 [INFO] matcher - PLS: Configuring new spol Policy(name=app-b-allow-frontend-backend, sel=LabelSet(labels={'app': 'app-b', 'role': 'frontend'}), allow=[
(LabelSet(labels={'app': 'app-b', 'role': 'backend'}), Traffic(direction=ingress, port=80, protocol=TCP)) 
])
2025-07-30 13:30:55,458 [INFO] matcher - PLS: Configuring new spol Policy(name=app-b-allow-frontend-backend, sel=LabelSet(labels={'app': 'app-b', 'role': 'frontend'}), allow=[
(LabelSet(labels={'app': 'app-b', 'role': 'backend'}), Traffic(direction=egress, port=80, protocol=TCP)) 
])
2025-07-30 13:30:55,474 [INFO] kopf.objects - Handler 'handle_new_policy' succeeded.
2025-07-30 13:30:55,475 [INFO] kopf.objects - Creation is processed: 1 succeeded; 0 failed.
2025-07-30 13:30:55,509 [INFO] kopf.objects - Handler 'handle_new_policy' succeeded.
2025-07-30 13:30:55,510 [INFO] kopf.objects - Creation is processed: 1 succeeded; 0 failed.
2025-07-30 13:30:55,611 [INFO] matcher - PLS: Configuring new spol Policy(name=app-b-allow-backend-frontend, sel=LabelSet(labels={'app': 'app-b', 'role': 'backend'}), allow=[
(LabelSet(labels={'app': 'app-b', 'role': 'frontend'}), Traffic(direction=ingress, port=80, protocol=TCP)) 
])
2025-07-30 13:30:55,631 [INFO] matcher - PLS: Configuring new spol Policy(name=app-b-allow-backend-frontend, sel=LabelSet(labels={'app': 'app-b', 'role': 'backend'}), allow=[
(LabelSet(labels={'app': 'app-b', 'role': 'frontend'}), Traffic(direction=egress, port=80, protocol=TCP)) 
])
2025-07-30 13:30:55,647 [INFO] kopf.objects - Handler 'handle_new_policy' succeeded.
2025-07-30 13:30:55,647 [INFO] kopf.objects - Creation is processed: 1 succeeded; 0 failed.
2025-07-30 13:30:55,756 [INFO] matcher - PLS: Configuring new spol Policy(name=app-a-allow-backend-database, sel=LabelSet(labels={'app': 'app-a', 'role': 'backend'}), allow=[
(LabelSet(labels={'app': 'app-a', 'role': 'database'}), Traffic(direction=ingress, port=80, protocol=TCP)) 
])
2025-07-30 13:30:55,770 [INFO] matcher - PLS: Configuring new spol Policy(name=app-a-allow-backend-database, sel=LabelSet(labels={'app': 'app-a', 'role': 'backend'}), allow=[
(LabelSet(labels={'app': 'app-a', 'role': 'database'}), Traffic(direction=egress, port=80, protocol=TCP)) 
])
2025-07-30 13:30:55,781 [INFO] kopf.objects - Handler 'handle_new_policy' succeeded.
2025-07-30 13:30:55,783 [INFO] kopf.objects - Creation is processed: 1 succeeded; 0 failed.
2025-07-30 13:30:55,825 [INFO] matcher - PLS: Configuring new spol Policy(name=app-a-allow-frontend-backend, sel=LabelSet(labels={'app': 'app-a', 'role': 'frontend'}), allow=[
(LabelSet(labels={'app': 'app-a', 'role': 'backend'}), Traffic(direction=ingress, port=80, protocol=TCP)) 
])
2025-07-30 13:30:55,839 [INFO] matcher - PLS: Configuring new spol Policy(name=app-a-allow-frontend-backend, sel=LabelSet(labels={'app': 'app-a', 'role': 'frontend'}), allow=[
(LabelSet(labels={'app': 'app-a', 'role': 'backend'}), Traffic(direction=egress, port=80, protocol=TCP)) 
])
2025-07-30 13:30:55,853 [INFO] kopf.objects - Handler 'handle_new_policy' succeeded.
2025-07-30 13:30:55,854 [INFO] kopf.objects - Creation is processed: 1 succeeded; 0 failed.
2025-07-30 13:30:55,925 [INFO] matcher - PLS: Configuring new spol Policy(name=app-a-allow-backend-frontend, sel=LabelSet(labels={'app': 'app-a', 'role': 'backend'}), allow=[
(LabelSet(labels={'app': 'app-a', 'role': 'frontend'}), Traffic(direction=ingress, port=80, protocol=TCP)) 
])
2025-07-30 13:30:55,941 [INFO] matcher - PLS: Configuring new spol Policy(name=app-a-allow-backend-frontend, sel=LabelSet(labels={'app': 'app-a', 'role': 'backend'}), allow=[
(LabelSet(labels={'app': 'app-a', 'role': 'frontend'}), Traffic(direction=egress, port=80, protocol=TCP)) 
])
2025-07-30 13:30:55,954 [INFO] kopf.objects - Handler 'handle_new_policy' succeeded.
2025-07-30 13:30:55,955 [INFO] kopf.objects - Creation is processed: 1 succeeded; 0 failed.
2025-07-30 13:30:56,039 [INFO] kopf.objects - Handler 'handle_new_policy' succeeded.
2025-07-30 13:30:56,040 [INFO] kopf.objects - Creation is processed: 1 succeeded; 0 failed.
2025-07-30 13:30:56,169 [INFO] matcher - PLS: Configuring new spol Policy(name=app-a-allow-database-backend, sel=LabelSet(labels={'app': 'app-a', 'role': 'database'}), allow=[
(LabelSet(labels={'app': 'app-a', 'role': 'backend'}), Traffic(direction=ingress, port=80, protocol=TCP)) 
])
2025-07-30 13:30:56,184 [INFO] matcher - PLS: Configuring new spol Policy(name=app-a-allow-database-backend, sel=LabelSet(labels={'app': 'app-a', 'role': 'database'}), allow=[
(LabelSet(labels={'app': 'app-a', 'role': 'backend'}), Traffic(direction=egress, port=80, protocol=TCP)) 
])
2025-07-30 13:30:56,199 [INFO] kopf.objects - Handler 'handle_new_policy' succeeded.
2025-07-30 13:30:56,200 [INFO] kopf.objects - Creation is processed: 1 succeeded; 0 failed.
2025-07-30 13:30:56,903 [INFO] matcher - PLS: Configuring new pod with labelset: {L}
2025-07-30 13:30:56,903 [INFO] matcher - PLS: Configuring new spol Policy(name=app-a-allow-backend-frontend, sel=LabelSet(labels={'app': 'app-a', 'role': 'backend'}), allow=[
(LabelSet(labels={'app': 'app-a', 'role': 'frontend'}), Traffic(direction=egress, port=80, protocol=TCP)) 
])
2025-07-30 13:30:56,904 [INFO] matcher - PLS: Configuring new spol Policy(name=app-a-allow-frontend-backend, sel=LabelSet(labels={'app': 'app-a', 'role': 'frontend'}), allow=[
(LabelSet(labels={'app': 'app-a', 'role': 'backend'}), Traffic(direction=egress, port=80, protocol=TCP)) 
])
2025-07-30 13:30:56,904 [INFO] matcher - Adding Security Group for select labelset: LabelSet(labels={'app': 'app-a', 'role': 'frontend'})
🚀 Starting Kopf operator in mode: PLS, watching the test-thesis namespace.
Initialising latency-results.csv file
[136147091146432] Handling new policy app-c-deny-all, locking app:app-c,  ...
Successfully added policy app-c-deny-all to ClusterState
[136147091146432] Handled new policy app-c-deny-all, Released app:app-c,  ...
[136147091146432] Handling new policy app-c-allow-frontend-backend, locking app:app-crole:frontend, app:app-crole:backend,  ...
Successfully added policy app-c-allow-frontend-backend to ClusterState
[136147091146432] Handled new policy app-c-allow-frontend-backend, Released app:app-crole:frontend, app:app-crole:backend,  ...
[136147091146432] Handling new policy app-c-allow-database-backend, locking app:app-crole:backend, app:app-crole:database,  ...
Successfully added policy app-c-allow-database-backend to ClusterState
[136147091146432] Handled new policy app-c-allow-database-backend, Released app:app-crole:backend, app:app-crole:database,  ...
[136147091146432] Handling new policy app-c-allow-backend-frontend, locking app:app-crole:frontend, app:app-crole:backend,  ...
Successfully added policy app-c-allow-backend-frontend to ClusterState
[136147091146432] Handled new policy app-c-allow-backend-frontend, Released app:app-crole:frontend, app:app-crole:backend,  ...
[136147091146432] Handling new policy app-c-allow-backend-database, locking app:app-crole:backend, app:app-crole:database,  ...
Successfully added policy app-c-allow-backend-database to ClusterState
[136147091146432] Handled new policy app-c-allow-backend-database, Released app:app-crole:backend, app:app-crole:database,  ...
[136147091146432] Handling new policy app-b-allow-backend-database, locking app:app-brole:backend, app:app-brole:database,  ...
Successfully added policy app-b-allow-backend-database to ClusterState
[136147091146432] Handled new policy app-b-allow-backend-database, Released app:app-brole:backend, app:app-brole:database,  ...
[136147091146432] Handling new policy app-b-allow-database-backend, locking app:app-brole:backend, app:app-brole:database,  ...
Successfully added policy app-b-allow-database-backend to ClusterState
[136147091146432] Handled new policy app-b-allow-database-backend, Released app:app-brole:backend, app:app-brole:database,  ...
[136147091146432] Handling new policy app-b-allow-frontend-backend, locking app:app-brole:backend, app:app-brole:frontend,  ...
Successfully added policy app-b-allow-frontend-backend to ClusterState
[136147091146432] Handled new policy app-b-allow-frontend-backend, Released app:app-brole:backend, app:app-brole:frontend,  ...
[136147091146432] Handling new policy app-b-deny-all, locking app:app-b,  ...
Successfully added policy app-b-deny-all to ClusterState
[136147091146432] Handled new policy app-b-deny-all, Released app:app-b,  ...
[136147091146432] Handling new policy app-b-allow-backend-frontend, locking app:app-brole:backend, app:app-brole:frontend,  ...
Successfully added policy app-b-allow-backend-frontend to ClusterState
[136147091146432] Handled new policy app-b-allow-backend-frontend, Released app:app-brole:backend, app:app-brole:frontend,  ...
[136147091146432] Handling new policy app-a-allow-backend-database, locking app:app-arole:database, app:app-arole:backend,  ...
Successfully added policy app-a-allow-backend-database to ClusterState
[136147091146432] Handled new policy app-a-allow-backend-database, Released app:app-arole:database, app:app-arole:backend,  ...
[136147091146432] Handling new policy app-a-allow-frontend-backend, locking app:app-arole:frontend, app:app-arole:backend,  ...
Successfully added policy app-a-allow-frontend-backend to ClusterState
[136147091146432] Handled new policy app-a-allow-frontend-backend, Released app:app-arole:frontend, app:app-arole:backend,  ...
[136147091146432] Handling new policy app-a-allow-backend-frontend, locking app:app-arole:frontend, app:app-arole:backend,  ...
Successfully added policy app-a-allow-backend-frontend to ClusterState
[136147091146432] Handled new policy app-a-allow-backend-frontend, Released app:app-arole:frontend, app:app-arole:backend,  ...
[136147091146432] Handling new policy app-a-deny-all, locking app:app-a,  ...
Successfully added policy app-a-deny-all to ClusterState
[136147091146432] Handled new policy app-a-deny-all, Released app:app-a,  ...
[136147091146432] Handling new policy app-a-allow-database-backend, locking app:app-arole:backend, app:app-arole:database,  ...
Successfully added policy app-a-allow-database-backend to ClusterState
[136147091146432] Handled new policy app-a-allow-database-backend, Released app:app-arole:backend, app:app-arole:database,  ...
Registering time when event comes in for test-pod-0: 1753882256.8725946
New pod test-pod-0! old_node = None, new_node = worker-1.
Handling the new pod object: Pod(name=test-pod-0, label_set=LabelSet(labels={'app': 'app-a', 'role': 'frontend'}), node=Node(name=worker-1)
[136147091146432] Handling pod test-pod-0, locking app:app-arole:frontend, app:app-arole:backend,  ...
New pod: test-pod-0, on node: worker-1
Registering time when event comes in for test-pod-2: 1753882256.9035964
New pod test-pod-2! old_node = None, new_node = worker-1.
Handling the new pod object: Pod(name=test-pod-2, label_set=LabelSet(labels={'app': 'app-a', 'role': 'database'}), node=Node(name=worker-1)
[136147076462272] Handling pod test-pod-2, locking app:app-arole:backend, app:app-arole:database,  ...
Registering time when event comes in for test-pod-1: 1753882257.0165465
New pod test-pod-1! old_node = None, new_node = worker-1.
Handling the new pod object: Pod(name=test-pod-1, label_set=LabelSet(labels={'app': 'app-a', 'role': 'backend'}), node=Node(name=worker-1)
[136147068069568] Handling pod test-pod-1, locking app:app-arole:database, app:app-arole:frontend, app:app-arole:backend,  ...
Registering time when event comes in for test-pod-5: 1753882257.021722
New pod test-pod-5! old_node = None, new_node = worker-1.
Handling the new pod object: Pod(name=test-pod-5, label_set=LabelSet(labels={'app': 'app-b', 'role': 'database'}), node=Node(name=worker-1)
[136147059676864] Handling pod test-pod-5, locking app:app-brole:backend, app:app-brole:database,  ...
New pod: test-pod-5, on node: worker-1
Registering time when event comes in for test-pod-6: 1753882257.0240922
New pod test-pod-6! old_node = None, new_node = worker-1.
Handling the new pod object: Pod(name=test-pod-6, label_set=LabelSet(labels={'app': 'app-c', 'role': 'frontend'}), node=Node(name=worker-1)
[136147051284160] Handling pod test-pod-6, locking app:app-crole:frontend, app:app-crole:backend,  ...
New pod: test-pod-6, on node: worker-1
Registering time when event comes in for test-pod-3: 1753882257.0272818
New pod test-pod-3! old_node = None, new_node = worker-1.
Handling the new pod object: Pod(name=test-pod-3, label_set=LabelSet(labels={'app': 'app-b', 'role': 'frontend'}), node=Node(name=worker-1)
[136146705184448] Handling pod test-pod-3, locking app:app-brole:backend, app:app-brole:frontend,  ...
Registering time when event comes in for test-pod-4: 1753882257.0313842
New pod test-pod-4! old_node = None, new_node = worker-1.
Handling the new pod object: Pod(name=test-pod-4, label_set=LabelSet(labels={'app': 'app-b', 'role': 'backend'}), node=Node(name=worker-1)
[136146696791744] Handling pod test-pod-4, locking app:app-brole:backend, app:app-brole:database, app:app-brole:frontend,  ...
Registering time when event comes in for test-pod-10: 1753882257.0372128
New pod test-pod-10! old_node = None, new_node = worker-1.
Handling the new pod object: Pod(name=test-pod-10, label_set=LabelSet(labels={'app': 'app-a', 'role': 'backend'}), node=Node(name=worker-1)
[136146688399040] Handling pod test-pod-10, locking app:app-arole:database, app:app-arole:frontend, app:app-arole:backend,  ...
Registering time when event comes in for test-pod-11: 1753882257.0397508
New pod test-pod-11! old_node = None, new_node = worker-1.
Handling the new pod object: Pod(name=test-pod-11, label_set=LabelSet(labels={'app': 'app-a', 'role': 'database'}), node=Node(name=worker-1)
2025-07-30 13:30:57,074 [INFO] matcher - PLS: Configuring new pod with labelset: {L}
2025-07-30 13:30:57,075 [INFO] matcher - PLS: Configuring new spol Policy(name=app-b-allow-database-backend, sel=LabelSet(labels={'app': 'app-b', 'role': 'database'}), allow=[
(LabelSet(labels={'app': 'app-b', 'role': 'backend'}), Traffic(direction=ingress, port=80, protocol=TCP)) 
])
2025-07-30 13:30:57,075 [INFO] matcher - Adding Security Group for select labelset: LabelSet(labels={'app': 'app-b', 'role': 'database'})
2025-07-30 13:30:57,087 [INFO] matcher - PLS: Configuring new pod with labelset: {L}
2025-07-30 13:30:57,087 [INFO] matcher - PLS: Configuring new spol Policy(name=app-c-allow-backend-frontend, sel=LabelSet(labels={'app': 'app-c', 'role': 'backend'}), allow=[
(LabelSet(labels={'app': 'app-c', 'role': 'frontend'}), Traffic(direction=egress, port=80, protocol=TCP)) 
])
2025-07-30 13:30:57,087 [INFO] matcher - PLS: Configuring new spol Policy(name=app-c-allow-backend-frontend, sel=LabelSet(labels={'app': 'app-c', 'role': 'backend'}), allow=[
(LabelSet(labels={'app': 'app-c', 'role': 'frontend'}), Traffic(direction=ingress, port=80, protocol=TCP)) 
])
2025-07-30 13:30:57,087 [INFO] matcher - PLS: Configuring new spol Policy(name=app-c-allow-frontend-backend, sel=LabelSet(labels={'app': 'app-c', 'role': 'frontend'}), allow=[
(LabelSet(labels={'app': 'app-c', 'role': 'backend'}), Traffic(direction=egress, port=80, protocol=TCP)) 
])
2025-07-30 13:30:57,087 [INFO] matcher - Adding Security Group for select labelset: LabelSet(labels={'app': 'app-c', 'role': 'frontend'})
2025-07-30 13:30:57,566 [INFO] root - Creating security group: SG-app:app-arole:frontend
2025-07-30 13:30:57,572 [INFO] root - Creating security group: SG-app:app-brole:database
2025-07-30 13:30:57,615 [INFO] root - Creating security group: SG-app:app-crole:frontend
2025-07-30 13:30:58,113 [INFO] security_group_module - Attaching security group SG-app:app-crole:frontend to instance worker-1
2025-07-30 13:30:58,119 [INFO] security_group_module - Attaching security group SG-app:app-arole:frontend to instance worker-1
2025-07-30 13:30:58,214 [INFO] security_group_module - Attaching security group SG-app:app-brole:database to instance worker-1
2025-07-30 13:30:58,670 [INFO] matcher - Adding Security Group for allow labelset: LabelSet(labels={'app': 'app-b', 'role': 'backend'})
2025-07-30 13:30:58,720 [INFO] root - Creating security group: SG-app:app-brole:backend
2025-07-30 13:30:58,904 [INFO] security_group_module - SGMod: Adding rule to SG-app:app-brole:database, remote SG-app:app-brole:backend, port 80, type ingress
2025-07-30 13:30:58,948 [INFO] matcher - Adding Security Group for allow labelset: LabelSet(labels={'app': 'app-c', 'role': 'backend'})
2025-07-30 13:30:59,106 [INFO] root - Creating security group: SG-app:app-crole:backend
2025-07-30 13:30:59,106 [INFO] matcher - PLS: Configuring new spol Policy(name=app-b-allow-backend-database, sel=LabelSet(labels={'app': 'app-b', 'role': 'backend'}), allow=[
(LabelSet(labels={'app': 'app-b', 'role': 'database'}), Traffic(direction=egress, port=80, protocol=TCP)) 
])
2025-07-30 13:30:59,112 [INFO] matcher - PLS: Configuring new spol Policy(name=app-b-allow-backend-database, sel=LabelSet(labels={'app': 'app-b', 'role': 'backend'}), allow=[
(LabelSet(labels={'app': 'app-b', 'role': 'database'}), Traffic(direction=ingress, port=80, protocol=TCP)) 
])
2025-07-30 13:30:59,112 [INFO] matcher - PLS: Configuring new spol Policy(name=app-b-allow-database-backend, sel=LabelSet(labels={'app': 'app-b', 'role': 'database'}), allow=[
(LabelSet(labels={'app': 'app-b', 'role': 'backend'}), Traffic(direction=egress, port=80, protocol=TCP)) 
])
2025-07-30 13:30:59,112 [INFO] matcher - Adding Security Group for select labelset: LabelSet(labels={'app': 'app-b', 'role': 'database'})
2025-07-30 13:30:59,113 [INFO] matcher - Adding Security Group for allow labelset: LabelSet(labels={'app': 'app-b', 'role': 'backend'})
2025-07-30 13:30:59,113 [INFO] security_group_module - SGMod: Adding rule to SG-app:app-brole:database, remote SG-app:app-brole:backend, port 80, type egress
2025-07-30 13:30:59,128 [INFO] matcher - Adding Security Group for allow labelset: LabelSet(labels={'app': 'app-a', 'role': 'backend'})
2025-07-30 13:30:59,285 [INFO] root - Creating security group: SG-app:app-arole:backend
2025-07-30 13:30:59,336 [INFO] security_group_module - SGMod: Adding rule to SG-app:app-crole:frontend, remote SG-app:app-crole:backend, port 80, type egress
2025-07-30 13:30:59,500 [INFO] matcher - PLS: Configuring new spol Policy(name=app-c-allow-frontend-backend, sel=LabelSet(labels={'app': 'app-c', 'role': 'frontend'}), allow=[
(LabelSet(labels={'app': 'app-c', 'role': 'backend'}), Traffic(direction=ingress, port=80, protocol=TCP)) 
])
2025-07-30 13:30:59,507 [INFO] matcher - Adding Security Group for select labelset: LabelSet(labels={'app': 'app-c', 'role': 'frontend'})
2025-07-30 13:30:59,508 [INFO] matcher - Adding Security Group for allow labelset: LabelSet(labels={'app': 'app-c', 'role': 'backend'})
2025-07-30 13:30:59,508 [INFO] security_group_module - SGMod: Adding rule to SG-app:app-crole:frontend, remote SG-app:app-crole:backend, port 80, type ingress
2025-07-30 13:30:59,517 [INFO] security_group_module - SGMod: Adding rule to SG-app:app-arole:frontend, remote SG-app:app-arole:backend, port 80, type egress
2025-07-30 13:30:59,656 [INFO] matcher - PLS: Configuring new spol Policy(name=app-a-allow-backend-frontend, sel=LabelSet(labels={'app': 'app-a', 'role': 'backend'}), allow=[
(LabelSet(labels={'app': 'app-a', 'role': 'frontend'}), Traffic(direction=ingress, port=80, protocol=TCP)) 
])
2025-07-30 13:30:59,661 [INFO] matcher - PLS: Configuring new spol Policy(name=app-a-allow-frontend-backend, sel=LabelSet(labels={'app': 'app-a', 'role': 'frontend'}), allow=[
(LabelSet(labels={'app': 'app-a', 'role': 'backend'}), Traffic(direction=ingress, port=80, protocol=TCP)) 
])
2025-07-30 13:30:59,664 [INFO] matcher - Adding Security Group for select labelset: LabelSet(labels={'app': 'app-a', 'role': 'frontend'})
2025-07-30 13:30:59,666 [INFO] matcher - Adding Security Group for allow labelset: LabelSet(labels={'app': 'app-a', 'role': 'backend'})
2025-07-30 13:30:59,666 [INFO] security_group_module - SGMod: Adding rule to SG-app:app-arole:frontend, remote SG-app:app-arole:backend, port 80, type ingress
2025-07-30 13:30:59,914 [INFO] security_group_module - Attaching security group SG-app:app-brole:database to instance worker-1
2025-07-30 13:31:00,007 [INFO] security_group_module - SG-app:app-crole:frontend already attached to worker-1
2025-07-30 13:31:00,025 [INFO] kopf.objects - Handler 'handle_new_pod/spec.nodeName' succeeded.
2025-07-30 13:31:00,026 [INFO] kopf.objects - Creation is processed: 1 succeeded; 0 failed.
2025-07-30 13:31:00,049 [INFO] matcher - PLS: Configuring new pod with labelset: {L}
2025-07-30 13:31:00,050 [INFO] matcher - PLS: Configuring new spol Policy(name=app-c-allow-backend-frontend, sel=LabelSet(labels={'app': 'app-c', 'role': 'backend'}), allow=[
(LabelSet(labels={'app': 'app-c', 'role': 'frontend'}), Traffic(direction=egress, port=80, protocol=TCP)) 
])
2025-07-30 13:31:00,050 [INFO] matcher - Adding Security Group for select labelset: LabelSet(labels={'app': 'app-c', 'role': 'backend'})
2025-07-30 13:31:00,050 [INFO] matcher - Adding Security Group for allow labelset: LabelSet(labels={'app': 'app-c', 'role': 'frontend'})
2025-07-30 13:31:00,050 [INFO] security_group_module - SGMod: Adding rule to SG-app:app-crole:backend, remote SG-app:app-crole:frontend, port 80, type egress
2025-07-30 13:31:00,129 [INFO] security_group_module - SG-app:app-arole:frontend already attached to worker-1
2025-07-30 13:31:00,143 [INFO] kopf.objects - Handler 'handle_new_pod/spec.nodeName' succeeded.
2025-07-30 13:31:00,145 [INFO] kopf.objects - Creation is processed: 1 succeeded; 0 failed.
2025-07-30 13:31:00,169 [INFO] matcher - PLS: Configuring new pod with labelset: {L}
2025-07-30 13:31:00,170 [INFO] matcher - PLS: Configuring new spol Policy(name=app-a-allow-backend-database, sel=LabelSet(labels={'app': 'app-a', 'role': 'backend'}), allow=[
(LabelSet(labels={'app': 'app-a', 'role': 'database'}), Traffic(direction=ingress, port=80, protocol=TCP)) 
])
2025-07-30 13:31:00,170 [INFO] matcher - PLS: Configuring new spol Policy(name=app-a-allow-database-backend, sel=LabelSet(labels={'app': 'app-a', 'role': 'database'}), allow=[
(LabelSet(labels={'app': 'app-a', 'role': 'backend'}), Traffic(direction=ingress, port=80, protocol=TCP)) 
])
2025-07-30 13:31:00,170 [INFO] matcher - Adding Security Group for select labelset: LabelSet(labels={'app': 'app-a', 'role': 'database'})
2025-07-30 13:31:00,220 [INFO] matcher - PLS: Configuring new spol Policy(name=app-c-allow-frontend-backend, sel=LabelSet(labels={'app': 'app-c', 'role': 'frontend'}), allow=[
(LabelSet(labels={'app': 'app-c', 'role': 'backend'}), Traffic(direction=ingress, port=80, protocol=TCP)) 
])
2025-07-30 13:31:00,221 [INFO] matcher - Adding Security Group for select labelset: LabelSet(labels={'app': 'app-c', 'role': 'frontend'})
2025-07-30 13:31:00,221 [INFO] matcher - Adding Security Group for allow labelset: LabelSet(labels={'app': 'app-c', 'role': 'backend'})
2025-07-30 13:31:00,223 [INFO] security_group_module - SGMod: Adding rule to SG-app:app-crole:frontend, remote SG-app:app-crole:backend, port 80, type ingress
2025-07-30 13:31:00,230 [INFO] root - Creating security group: SG-app:app-arole:database
2025-07-30 13:31:00,443 [INFO] security_group_module - Cannot add rule to remotes: Security group rule already exists. Rule id is 77f60e5b-dd8f-4230-9175-b74c1a87beae.
Neutron server returns request_ids: ['req-36ef9962-7107-4940-bced-c5396993c5d1']
2025-07-30 13:31:00,443 [INFO] matcher - PLS: Configuring new spol Policy(name=app-c-allow-backend-frontend, sel=LabelSet(labels={'app': 'app-c', 'role': 'backend'}), allow=[
(LabelSet(labels={'app': 'app-c', 'role': 'frontend'}), Traffic(direction=ingress, port=80, protocol=TCP)) 
])
2025-07-30 13:31:00,443 [INFO] matcher - Adding Security Group for select labelset: LabelSet(labels={'app': 'app-c', 'role': 'backend'})
2025-07-30 13:31:00,443 [INFO] matcher - Adding Security Group for allow labelset: LabelSet(labels={'app': 'app-c', 'role': 'frontend'})
2025-07-30 13:31:00,445 [INFO] security_group_module - SGMod: Adding rule to SG-app:app-crole:backend, remote SG-app:app-crole:frontend, port 80, type ingress
2025-07-30 13:31:00,453 [INFO] kopf.objects - Handler 'handle_new_pod/spec.nodeName' succeeded.
2025-07-30 13:31:00,455 [INFO] kopf.objects - Creation is processed: 1 succeeded; 0 failed.
2025-07-30 13:31:00,472 [INFO] matcher - PLS: Configuring new pod with labelset: {L}
2025-07-30 13:31:00,472 [INFO] matcher - PLS: Configuring new spol Policy(name=app-b-allow-backend-frontend, sel=LabelSet(labels={'app': 'app-b', 'role': 'backend'}), allow=[
(LabelSet(labels={'app': 'app-b', 'role': 'frontend'}), Traffic(direction=ingress, port=80, protocol=TCP)) 
])
2025-07-30 13:31:00,473 [INFO] matcher - PLS: Configuring new spol Policy(name=app-b-allow-frontend-backend, sel=LabelSet(labels={'app': 'app-b', 'role': 'frontend'}), allow=[
(LabelSet(labels={'app': 'app-b', 'role': 'backend'}), Traffic(direction=egress, port=80, protocol=TCP)) 
])
2025-07-30 13:31:00,473 [INFO] matcher - Adding Security Group for select labelset: LabelSet(labels={'app': 'app-b', 'role': 'frontend'})
2025-07-30 13:31:00,536 [INFO] root - Creating security group: SG-app:app-brole:frontend
2025-07-30 13:31:00,638 [INFO] security_group_module - Attaching security group SG-app:app-arole:database to instance worker-1
2025-07-30 13:31:00,713 [INFO] matcher - PLS: Configuring new spol Policy(name=app-c-allow-database-backend, sel=LabelSet(labels={'app': 'app-c', 'role': 'database'}), allow=[
(LabelSet(labels={'app': 'app-c', 'role': 'backend'}), Traffic(direction=ingress, port=80, protocol=TCP)) 
])
2025-07-30 13:31:00,713 [INFO] matcher - PLS: Configuring new spol Policy(name=app-c-allow-backend-database, sel=LabelSet(labels={'app': 'app-c', 'role': 'backend'}), allow=[
(LabelSet(labels={'app': 'app-c', 'role': 'database'}), Traffic(direction=egress, port=80, protocol=TCP)) 
])
2025-07-30 13:31:00,713 [INFO] matcher - Adding Security Group for select labelset: LabelSet(labels={'app': 'app-c', 'role': 'backend'})
2025-07-30 13:31:00,718 [INFO] matcher - Adding Security Group for allow labelset: LabelSet(labels={'app': 'app-c', 'role': 'database'})
2025-07-30 13:31:00,773 [INFO] root - Creating security group: SG-app:app-crole:database
2025-07-30 13:31:01,205 [INFO] security_group_module - SGMod: Adding rule to SG-app:app-crole:backend, remote SG-app:app-crole:database, port 80, type egress
2025-07-30 13:31:01,314 [INFO] security_group_module - Attaching security group SG-app:app-brole:frontend to instance worker-1
2025-07-30 13:31:01,406 [INFO] matcher - Adding Security Group for allow labelset: LabelSet(labels={'app': 'app-a', 'role': 'backend'})
2025-07-30 13:31:01,407 [INFO] security_group_module - SGMod: Adding rule to SG-app:app-arole:database, remote SG-app:app-arole:backend, port 80, type ingress
2025-07-30 13:31:01,424 [INFO] matcher - PLS: Configuring new spol Policy(name=app-c-allow-frontend-backend, sel=LabelSet(labels={'app': 'app-c', 'role': 'frontend'}), allow=[
(LabelSet(labels={'app': 'app-c', 'role': 'backend'}), Traffic(direction=egress, port=80, protocol=TCP)) 
])
2025-07-30 13:31:01,424 [INFO] matcher - Adding Security Group for select labelset: LabelSet(labels={'app': 'app-c', 'role': 'frontend'})
2025-07-30 13:31:01,424 [INFO] matcher - Adding Security Group for allow labelset: LabelSet(labels={'app': 'app-c', 'role': 'backend'})
2025-07-30 13:31:01,425 [INFO] security_group_module - SGMod: Adding rule to SG-app:app-crole:frontend, remote SG-app:app-crole:backend, port 80, type egress
2025-07-30 13:31:01,511 [INFO] matcher - PLS: Configuring new spol Policy(name=app-a-allow-backend-database, sel=LabelSet(labels={'app': 'app-a', 'role': 'backend'}), allow=[
(LabelSet(labels={'app': 'app-a', 'role': 'database'}), Traffic(direction=egress, port=80, protocol=TCP)) 
])
2025-07-30 13:31:01,511 [INFO] matcher - PLS: Configuring new spol Policy(name=app-a-allow-database-backend, sel=LabelSet(labels={'app': 'app-a', 'role': 'database'}), allow=[
(LabelSet(labels={'app': 'app-a', 'role': 'backend'}), Traffic(direction=egress, port=80, protocol=TCP)) 
])
2025-07-30 13:31:01,512 [INFO] matcher - Adding Security Group for select labelset: LabelSet(labels={'app': 'app-a', 'role': 'database'})
2025-07-30 13:31:01,512 [INFO] matcher - Adding Security Group for allow labelset: LabelSet(labels={'app': 'app-a', 'role': 'backend'})
2025-07-30 13:31:01,512 [INFO] security_group_module - SGMod: Adding rule to SG-app:app-arole:database, remote SG-app:app-arole:backend, port 80, type egress
2025-07-30 13:31:01,545 [INFO] security_group_module - Cannot add rule to remotes: Security group rule already exists. Rule id is 194335f2-bfeb-429f-bb83-e52c937adc0e.
Neutron server returns request_ids: ['req-76978733-1c34-469e-8d81-77d4e36d3417']
2025-07-30 13:31:01,545 [INFO] matcher - PLS: Configuring new spol Policy(name=app-c-allow-database-backend, sel=LabelSet(labels={'app': 'app-c', 'role': 'database'}), allow=[
(LabelSet(labels={'app': 'app-c', 'role': 'backend'}), Traffic(direction=egress, port=80, protocol=TCP)) 
])
2025-07-30 13:31:01,545 [INFO] matcher - PLS: Configuring new spol Policy(name=app-c-allow-backend-database, sel=LabelSet(labels={'app': 'app-c', 'role': 'backend'}), allow=[
(LabelSet(labels={'app': 'app-c', 'role': 'database'}), Traffic(direction=ingress, port=80, protocol=TCP)) 
])
2025-07-30 13:31:01,546 [INFO] matcher - Adding Security Group for select labelset: LabelSet(labels={'app': 'app-c', 'role': 'backend'})
2025-07-30 13:31:01,546 [INFO] matcher - Adding Security Group for allow labelset: LabelSet(labels={'app': 'app-c', 'role': 'database'})
2025-07-30 13:31:01,547 [INFO] security_group_module - SGMod: Adding rule to SG-app:app-crole:backend, remote SG-app:app-crole:database, port 80, type ingress
2025-07-30 13:31:01,752 [INFO] matcher - Adding Security Group for allow labelset: LabelSet(labels={'app': 'app-b', 'role': 'backend'})
2025-07-30 13:31:01,752 [INFO] security_group_module - SGMod: Adding rule to SG-app:app-brole:frontend, remote SG-app:app-brole:backend, port 80, type egress
2025-07-30 13:31:01,894 [INFO] matcher - PLS: Configuring new spol Policy(name=app-b-allow-frontend-backend, sel=LabelSet(labels={'app': 'app-b', 'role': 'frontend'}), allow=[
(LabelSet(labels={'app': 'app-b', 'role': 'backend'}), Traffic(direction=ingress, port=80, protocol=TCP)) 
])
2025-07-30 13:31:01,894 [INFO] matcher - Adding Security Group for select labelset: LabelSet(labels={'app': 'app-b', 'role': 'frontend'})
2025-07-30 13:31:01,895 [INFO] matcher - Adding Security Group for allow labelset: LabelSet(labels={'app': 'app-b', 'role': 'backend'})
2025-07-30 13:31:01,897 [INFO] security_group_module - SGMod: Adding rule to SG-app:app-brole:frontend, remote SG-app:app-brole:backend, port 80, type ingress
2025-07-30 13:31:01,956 [INFO] security_group_module - SG-app:app-arole:database already attached to worker-1
2025-07-30 13:31:01,997 [INFO] matcher - PLS: Configuring new pod with labelset: {L}
2025-07-30 13:31:01,998 [INFO] matcher - PLS: Configuring new spol Policy(name=app-a-allow-backend-frontend, sel=LabelSet(labels={'app': 'app-a', 'role': 'backend'}), allow=[
(LabelSet(labels={'app': 'app-a', 'role': 'frontend'}), Traffic(direction=egress, port=80, protocol=TCP)) 
])
2025-07-30 13:31:01,998 [INFO] matcher - Adding Security Group for select labelset: LabelSet(labels={'app': 'app-a', 'role': 'backend'})
2025-07-30 13:31:01,999 [INFO] matcher - Adding Security Group for allow labelset: LabelSet(labels={'app': 'app-a', 'role': 'frontend'})
2025-07-30 13:31:01,999 [INFO] security_group_module - SGMod: Adding rule to SG-app:app-arole:backend, remote SG-app:app-arole:frontend, port 80, type egress
2025-07-30 13:31:02,003 [INFO] security_group_module - Attaching security group SG-app:app-crole:backend to instance worker-1
2025-07-30 13:31:02,004 [INFO] kopf.objects - Handler 'handle_new_pod/spec.nodeName' succeeded.
2025-07-30 13:31:02,006 [INFO] kopf.objects - Creation is processed: 1 succeeded; 0 failed.
2025-07-30 13:31:02,086 [INFO] matcher - PLS: Configuring new spol Policy(name=app-b-allow-backend-frontend, sel=LabelSet(labels={'app': 'app-b', 'role': 'backend'}), allow=[
(LabelSet(labels={'app': 'app-b', 'role': 'frontend'}), Traffic(direction=egress, port=80, protocol=TCP)) 
])
2025-07-30 13:31:02,162 [INFO] matcher - PLS: Configuring new spol Policy(name=app-a-allow-backend-database, sel=LabelSet(labels={'app': 'app-a', 'role': 'backend'}), allow=[
(LabelSet(labels={'app': 'app-a', 'role': 'database'}), Traffic(direction=ingress, port=80, protocol=TCP)) 
])
2025-07-30 13:31:02,162 [INFO] matcher - Adding Security Group for select labelset: LabelSet(labels={'app': 'app-a', 'role': 'backend'})
2025-07-30 13:31:02,162 [INFO] matcher - Adding Security Group for allow labelset: LabelSet(labels={'app': 'app-a', 'role': 'database'})
2025-07-30 13:31:02,162 [INFO] security_group_module - SGMod: Adding rule to SG-app:app-arole:backend, remote SG-app:app-arole:database, port 80, type ingress
2025-07-30 13:31:02,288 [INFO] matcher - PLS: Configuring new spol Policy(name=app-a-allow-backend-database, sel=LabelSet(labels={'app': 'app-a', 'role': 'backend'}), allow=[
(LabelSet(labels={'app': 'app-a', 'role': 'database'}), Traffic(direction=egress, port=80, protocol=TCP)) 
])
2025-07-30 13:31:02,288 [INFO] matcher - Adding Security Group for select labelset: LabelSet(labels={'app': 'app-a', 'role': 'backend'})
2025-07-30 13:31:02,288 [INFO] matcher - Adding Security Group for allow labelset: LabelSet(labels={'app': 'app-a', 'role': 'database'})
2025-07-30 13:31:02,288 [INFO] security_group_module - SGMod: Adding rule to SG-app:app-arole:backend, remote SG-app:app-arole:database, port 80, type egress
2025-07-30 13:31:02,383 [INFO] security_group_module - SG-app:app-brole:frontend already attached to worker-1
2025-07-30 13:31:02,392 [INFO] kopf.objects - Handler 'handle_new_pod/spec.nodeName' succeeded.
2025-07-30 13:31:02,393 [INFO] kopf.objects - Creation is processed: 1 succeeded; 0 failed.
2025-07-30 13:31:02,411 [INFO] matcher - PLS: Configuring new pod with labelset: {L}
2025-07-30 13:31:02,411 [INFO] matcher - PLS: Configuring new spol Policy(name=app-b-allow-backend-frontend, sel=LabelSet(labels={'app': 'app-b', 'role': 'backend'}), allow=[
(LabelSet(labels={'app': 'app-b', 'role': 'frontend'}), Traffic(direction=egress, port=80, protocol=TCP)) 
])
2025-07-30 13:31:02,411 [INFO] matcher - Adding Security Group for select labelset: LabelSet(labels={'app': 'app-b', 'role': 'backend'})
2025-07-30 13:31:02,411 [INFO] matcher - Adding Security Group for allow labelset: LabelSet(labels={'app': 'app-b', 'role': 'frontend'})
2025-07-30 13:31:02,411 [INFO] security_group_module - SGMod: Adding rule to SG-app:app-brole:backend, remote SG-app:app-brole:frontend, port 80, type egress
2025-07-30 13:31:02,608 [INFO] kopf.objects - Handler 'handle_new_pod/spec.nodeName' succeeded.
2025-07-30 13:31:02,611 [INFO] kopf.objects - Creation is processed: 1 succeeded; 0 failed.
2025-07-30 13:31:02,625 [INFO] matcher - PLS: Configuring new pod with labelset: {L}
2025-07-30 13:31:02,625 [INFO] matcher - PLS: Configuring new spol Policy(name=app-c-allow-database-backend, sel=LabelSet(labels={'app': 'app-c', 'role': 'database'}), allow=[
(LabelSet(labels={'app': 'app-c', 'role': 'backend'}), Traffic(direction=egress, port=80, protocol=TCP)) 
])
2025-07-30 13:31:02,625 [INFO] matcher - Adding Security Group for select labelset: LabelSet(labels={'app': 'app-c', 'role': 'database'})
2025-07-30 13:31:02,627 [INFO] matcher - Adding Security Group for allow labelset: LabelSet(labels={'app': 'app-c', 'role': 'backend'})
2025-07-30 13:31:02,627 [INFO] security_group_module - SGMod: Adding rule to SG-app:app-crole:database, remote SG-app:app-crole:backend, port 80, type egress
2025-07-30 13:31:02,677 [INFO] matcher - PLS: Configuring new spol Policy(name=app-a-allow-database-backend, sel=LabelSet(labels={'app': 'app-a', 'role': 'database'}), allow=[
(LabelSet(labels={'app': 'app-a', 'role': 'backend'}), Traffic(direction=egress, port=80, protocol=TCP)) 
])
2025-07-30 13:31:02,677 [INFO] matcher - Adding Security Group for select labelset: LabelSet(labels={'app': 'app-a', 'role': 'database'})
2025-07-30 13:31:02,677 [INFO] matcher - Adding Security Group for allow labelset: LabelSet(labels={'app': 'app-a', 'role': 'backend'})
2025-07-30 13:31:02,678 [INFO] security_group_module - SGMod: Adding rule to SG-app:app-arole:database, remote SG-app:app-arole:backend, port 80, type egress
2025-07-30 13:31:02,707 [INFO] matcher - PLS: Configuring new spol Policy(name=app-b-allow-database-backend, sel=LabelSet(labels={'app': 'app-b', 'role': 'database'}), allow=[
(LabelSet(labels={'app': 'app-b', 'role': 'backend'}), Traffic(direction=ingress, port=80, protocol=TCP)) 
])
2025-07-30 13:31:02,708 [INFO] matcher - Adding Security Group for select labelset: LabelSet(labels={'app': 'app-b', 'role': 'database'})
2025-07-30 13:31:02,708 [INFO] matcher - Adding Security Group for allow labelset: LabelSet(labels={'app': 'app-b', 'role': 'backend'})
2025-07-30 13:31:02,708 [INFO] security_group_module - SGMod: Adding rule to SG-app:app-brole:database, remote SG-app:app-brole:backend, port 80, type ingress
2025-07-30 13:31:02,777 [INFO] security_group_module - Cannot add rule to remotes: Security group rule already exists. Rule id is 4e1b6210-03a1-4d79-9cb1-4264bdcf4b46.
Neutron server returns request_ids: ['req-6f3f42ac-9545-4677-ba49-6c3f38b11079']
2025-07-30 13:31:02,778 [INFO] matcher - PLS: Configuring new spol Policy(name=app-a-allow-frontend-backend, sel=LabelSet(labels={'app': 'app-a', 'role': 'frontend'}), allow=[
(LabelSet(labels={'app': 'app-a', 'role': 'backend'}), Traffic(direction=egress, port=80, protocol=TCP)) 
])
2025-07-30 13:31:02,778 [INFO] matcher - Adding Security Group for select labelset: LabelSet(labels={'app': 'app-a', 'role': 'frontend'})
2025-07-30 13:31:02,778 [INFO] matcher - Adding Security Group for allow labelset: LabelSet(labels={'app': 'app-a', 'role': 'backend'})
2025-07-30 13:31:02,778 [INFO] security_group_module - SGMod: Adding rule to SG-app:app-arole:frontend, remote SG-app:app-arole:backend, port 80, type egress
2025-07-30 13:31:02,799 [INFO] security_group_module - Cannot add rule to remotes: Security group rule already exists. Rule id is 9d8c3514-a581-4ff8-8128-4cf6f302e00c.
Neutron server returns request_ids: ['req-f01b919f-5396-4b9f-b7e9-8115b2cc08d9']
2025-07-30 13:31:02,800 [INFO] matcher - PLS: Configuring new spol Policy(name=app-b-allow-backend-database, sel=LabelSet(labels={'app': 'app-b', 'role': 'backend'}), allow=[
(LabelSet(labels={'app': 'app-b', 'role': 'database'}), Traffic(direction=ingress, port=80, protocol=TCP)) 
])
2025-07-30 13:31:02,800 [INFO] matcher - Adding Security Group for select labelset: LabelSet(labels={'app': 'app-b', 'role': 'backend'})
2025-07-30 13:31:02,800 [INFO] matcher - Adding Security Group for allow labelset: LabelSet(labels={'app': 'app-b', 'role': 'database'})
2025-07-30 13:31:02,801 [INFO] security_group_module - SGMod: Adding rule to SG-app:app-brole:backend, remote SG-app:app-brole:database, port 80, type ingress
2025-07-30 13:31:02,819 [INFO] matcher - PLS: Configuring new spol Policy(name=app-c-allow-database-backend, sel=LabelSet(labels={'app': 'app-c', 'role': 'database'}), allow=[
(LabelSet(labels={'app': 'app-c', 'role': 'backend'}), Traffic(direction=ingress, port=80, protocol=TCP)) 
])
2025-07-30 13:31:02,821 [INFO] matcher - Adding Security Group for select labelset: LabelSet(labels={'app': 'app-c', 'role': 'database'})
2025-07-30 13:31:02,821 [INFO] matcher - Adding Security Group for allow labelset: LabelSet(labels={'app': 'app-c', 'role': 'backend'})
2025-07-30 13:31:02,821 [INFO] security_group_module - SGMod: Adding rule to SG-app:app-crole:database, remote SG-app:app-crole:backend, port 80, type ingress
2025-07-30 13:31:02,978 [INFO] security_group_module - Cannot add rule to remotes: Security group rule already exists. Rule id is db2ea7f5-cf3f-4f7b-879e-5b5892d3bcf7.
Neutron server returns request_ids: ['req-96090e27-bdd5-487e-b703-95e4d235d7ed']
2025-07-30 13:31:02,978 [INFO] matcher - PLS: Configuring new spol Policy(name=app-a-allow-database-backend, sel=LabelSet(labels={'app': 'app-a', 'role': 'database'}), allow=[
(LabelSet(labels={'app': 'app-a', 'role': 'backend'}), Traffic(direction=ingress, port=80, protocol=TCP)) 
])
2025-07-30 13:31:02,978 [INFO] matcher - Adding Security Group for select labelset: LabelSet(labels={'app': 'app-a', 'role': 'database'})
2025-07-30 13:31:02,978 [INFO] matcher - Adding Security Group for allow labelset: LabelSet(labels={'app': 'app-a', 'role': 'backend'})
2025-07-30 13:31:02,978 [INFO] security_group_module - SGMod: Adding rule to SG-app:app-arole:database, remote SG-app:app-arole:backend, port 80, type ingress
2025-07-30 13:31:03,041 [INFO] matcher - PLS: Configuring new spol Policy(name=app-c-allow-backend-database, sel=LabelSet(labels={'app': 'app-c', 'role': 'backend'}), allow=[
(LabelSet(labels={'app': 'app-c', 'role': 'database'}), Traffic(direction=egress, port=80, protocol=TCP)) 
])
2025-07-30 13:31:03,041 [INFO] matcher - Adding Security Group for select labelset: LabelSet(labels={'app': 'app-c', 'role': 'backend'})
2025-07-30 13:31:03,041 [INFO] matcher - Adding Security Group for allow labelset: LabelSet(labels={'app': 'app-c', 'role': 'database'})
2025-07-30 13:31:03,043 [INFO] security_group_module - SGMod: Adding rule to SG-app:app-crole:backend, remote SG-app:app-crole:database, port 80, type egress
2025-07-30 13:31:03,065 [INFO] matcher - PLS: Configuring new spol Policy(name=app-b-allow-backend-frontend, sel=LabelSet(labels={'app': 'app-b', 'role': 'backend'}), allow=[
(LabelSet(labels={'app': 'app-b', 'role': 'frontend'}), Traffic(direction=ingress, port=80, protocol=TCP)) 
])
2025-07-30 13:31:03,065 [INFO] matcher - Adding Security Group for select labelset: LabelSet(labels={'app': 'app-b', 'role': 'backend'})
2025-07-30 13:31:03,065 [INFO] matcher - Adding Security Group for allow labelset: LabelSet(labels={'app': 'app-b', 'role': 'frontend'})
2025-07-30 13:31:03,065 [INFO] security_group_module - SGMod: Adding rule to SG-app:app-brole:backend, remote SG-app:app-brole:frontend, port 80, type ingress
2025-07-30 13:31:03,173 [INFO] security_group_module - Cannot add rule to remotes: Security group rule already exists. Rule id is 78ff7d1d-69e7-4ef5-83e3-32d55c520093.
Neutron server returns request_ids: ['req-cebe3c4d-ab33-4e5e-8c7c-675145700510']
2025-07-30 13:31:03,173 [INFO] matcher - PLS: Configuring new spol Policy(name=app-a-allow-backend-frontend, sel=LabelSet(labels={'app': 'app-a', 'role': 'backend'}), allow=[
(LabelSet(labels={'app': 'app-a', 'role': 'frontend'}), Traffic(direction=ingress, port=80, protocol=TCP)) 
])
2025-07-30 13:31:03,173 [INFO] matcher - Adding Security Group for select labelset: LabelSet(labels={'app': 'app-a', 'role': 'backend'})
2025-07-30 13:31:03,174 [INFO] matcher - Adding Security Group for allow labelset: LabelSet(labels={'app': 'app-a', 'role': 'frontend'})
2025-07-30 13:31:03,174 [INFO] security_group_module - SGMod: Adding rule to SG-app:app-arole:backend, remote SG-app:app-arole:frontend, port 80, type ingress
2025-07-30 13:31:03,233 [INFO] security_group_module - Cannot add rule to remotes: Security group rule already exists. Rule id is e2312991-797a-41a2-a795-5d808f053009.
Neutron server returns request_ids: ['req-79b2b0f4-915c-40e1-91c7-beedddea4315']
2025-07-30 13:31:03,234 [INFO] matcher - PLS: Configuring new spol Policy(name=app-c-allow-backend-database, sel=LabelSet(labels={'app': 'app-c', 'role': 'backend'}), allow=[
(LabelSet(labels={'app': 'app-c', 'role': 'database'}), Traffic(direction=ingress, port=80, protocol=TCP)) 
])
2025-07-30 13:31:03,234 [INFO] matcher - Adding Security Group for select labelset: LabelSet(labels={'app': 'app-c', 'role': 'backend'})
2025-07-30 13:31:03,234 [INFO] matcher - Adding Security Group for allow labelset: LabelSet(labels={'app': 'app-c', 'role': 'database'})
2025-07-30 13:31:03,235 [INFO] security_group_module - SGMod: Adding rule to SG-app:app-crole:backend, remote SG-app:app-crole:database, port 80, type ingress
2025-07-30 13:31:03,306 [INFO] matcher - PLS: Configuring new spol Policy(name=app-b-allow-backend-database, sel=LabelSet(labels={'app': 'app-b', 'role': 'backend'}), allow=[
(LabelSet(labels={'app': 'app-b', 'role': 'database'}), Traffic(direction=egress, port=80, protocol=TCP)) 
])
2025-07-30 13:31:03,307 [INFO] matcher - Adding Security Group for select labelset: LabelSet(labels={'app': 'app-b', 'role': 'backend'})
2025-07-30 13:31:03,307 [INFO] matcher - Adding Security Group for allow labelset: LabelSet(labels={'app': 'app-b', 'role': 'database'})
2025-07-30 13:31:03,307 [INFO] security_group_module - SGMod: Adding rule to SG-app:app-brole:backend, remote SG-app:app-brole:database, port 80, type egress
2025-07-30 13:31:03,313 [INFO] matcher - PLS: Configuring new spol Policy(name=app-a-allow-frontend-backend, sel=LabelSet(labels={'app': 'app-a', 'role': 'frontend'}), allow=[
(LabelSet(labels={'app': 'app-a', 'role': 'backend'}), Traffic(direction=ingress, port=80, protocol=TCP)) 
])
2025-07-30 13:31:03,314 [INFO] matcher - Adding Security Group for select labelset: LabelSet(labels={'app': 'app-a', 'role': 'frontend'})
2025-07-30 13:31:03,314 [INFO] matcher - Adding Security Group for allow labelset: LabelSet(labels={'app': 'app-a', 'role': 'backend'})
2025-07-30 13:31:03,314 [INFO] security_group_module - SGMod: Adding rule to SG-app:app-arole:frontend, remote SG-app:app-arole:backend, port 80, type ingress
2025-07-30 13:31:03,327 [INFO] security_group_module - Cannot add rule to remotes: Security group rule already exists. Rule id is 90412ac3-64cc-4c42-93cf-64a76b0a4b0e.
Neutron server returns request_ids: ['req-aa1c0ccb-690d-40bf-b3f3-f96168d2869b']
2025-07-30 13:31:03,405 [INFO] security_group_module - Cannot add rule to remotes: Security group rule already exists. Rule id is 5fa8c983-34c2-44dc-a2d4-71fff1d1b37f.
Neutron server returns request_ids: ['req-afa92dcb-c076-4202-96c7-10b314ea04e4']
2025-07-30 13:31:03,462 [INFO] matcher - PLS: Configuring new spol Policy(name=app-b-allow-frontend-backend, sel=LabelSet(labels={'app': 'app-b', 'role': 'frontend'}), allow=[
(LabelSet(labels={'app': 'app-b', 'role': 'backend'}), Traffic(direction=egress, port=80, protocol=TCP)) 
])
2025-07-30 13:31:03,463 [INFO] matcher - Adding Security Group for select labelset: LabelSet(labels={'app': 'app-b', 'role': 'frontend'})
2025-07-30 13:31:03,463 [INFO] matcher - Adding Security Group for allow labelset: LabelSet(labels={'app': 'app-b', 'role': 'backend'})
2025-07-30 13:31:03,463 [INFO] security_group_module - SGMod: Adding rule to SG-app:app-brole:frontend, remote SG-app:app-brole:backend, port 80, type egress
2025-07-30 13:31:03,568 [INFO] security_group_module - Cannot add rule to remotes: Security group rule already exists. Rule id is 33508d1c-5622-4818-9338-3a81571cfc56.
Neutron server returns request_ids: ['req-08f26ec3-04f3-4a9a-8e79-272b656dfc1f']
2025-07-30 13:31:03,568 [INFO] matcher - PLS: Configuring new spol Policy(name=app-b-allow-frontend-backend, sel=LabelSet(labels={'app': 'app-b', 'role': 'frontend'}), allow=[
(LabelSet(labels={'app': 'app-b', 'role': 'backend'}), Traffic(direction=ingress, port=80, protocol=TCP)) 
])
2025-07-30 13:31:03,568 [INFO] matcher - Adding Security Group for select labelset: LabelSet(labels={'app': 'app-b', 'role': 'frontend'})
2025-07-30 13:31:03,568 [INFO] matcher - Adding Security Group for allow labelset: LabelSet(labels={'app': 'app-b', 'role': 'backend'})
2025-07-30 13:31:03,568 [INFO] security_group_module - SGMod: Adding rule to SG-app:app-brole:frontend, remote SG-app:app-brole:backend, port 80, type ingress
2025-07-30 13:31:03,671 [INFO] security_group_module - Cannot add rule to remotes: Security group rule already exists. Rule id is f7131be1-0732-4d81-ae44-ea3a0b9c7acd.
Neutron server returns request_ids: ['req-8d826fe5-7b70-4fb1-b293-14800a98d940']
2025-07-30 13:31:03,671 [INFO] matcher - PLS: Configuring new spol Policy(name=app-b-allow-database-backend, sel=LabelSet(labels={'app': 'app-b', 'role': 'database'}), allow=[
(LabelSet(labels={'app': 'app-b', 'role': 'backend'}), Traffic(direction=egress, port=80, protocol=TCP)) 
])
2025-07-30 13:31:03,671 [INFO] matcher - Adding Security Group for select labelset: LabelSet(labels={'app': 'app-b', 'role': 'database'})
2025-07-30 13:31:03,671 [INFO] matcher - Adding Security Group for allow labelset: LabelSet(labels={'app': 'app-b', 'role': 'backend'})
2025-07-30 13:31:03,672 [INFO] security_group_module - SGMod: Adding rule to SG-app:app-brole:database, remote SG-app:app-brole:backend, port 80, type egress
2025-07-30 13:31:03,700 [INFO] security_group_module - Attaching security group SG-app:app-arole:backend to instance worker-1
2025-07-30 13:31:03,785 [INFO] security_group_module - Cannot add rule to remotes: Security group rule already exists. Rule id is e37236f0-a391-4cb4-a9ca-8eeed92fee33.
Neutron server returns request_ids: ['req-cb0c0407-30b7-4141-b466-2910e341d5ed']
2025-07-30 13:31:03,814 [INFO] security_group_module - Attaching security group SG-app:app-crole:database to instance worker-1
2025-07-30 13:31:04,077 [INFO] security_group_module - Attaching security group SG-app:app-brole:backend to instance worker-1
[136146680006336] Handling pod test-pod-11, locking app:app-arole:backend, app:app-arole:database,  ...
Registering time when event comes in for test-pod-7: 1753882257.0549128
New pod test-pod-7! old_node = None, new_node = worker-1.
Handling the new pod object: Pod(name=test-pod-7, label_set=LabelSet(labels={'app': 'app-c', 'role': 'backend'}), node=Node(name=worker-1)
[136146671613632] Handling pod test-pod-7, locking app:app-crole:frontend, app:app-crole:backend, app:app-crole:database,  ...
Registering time when event comes in for test-pod-8: 1753882257.152383
New pod test-pod-8! old_node = None, new_node = worker-1.
Handling the new pod object: Pod(name=test-pod-8, label_set=LabelSet(labels={'app': 'app-c', 'role': 'database'}), node=Node(name=worker-1)
[136146663220928] Handling pod test-pod-8, locking app:app-crole:backend, app:app-crole:database,  ...
Registering time when event comes in for test-pod-12: 1753882257.1694913
New pod test-pod-12! old_node = None, new_node = worker-1.
Handling the new pod object: Pod(name=test-pod-12, label_set=LabelSet(labels={'app': 'app-b', 'role': 'frontend'}), node=Node(name=worker-1)
[136146654828224] Handling pod test-pod-12, locking app:app-brole:backend, app:app-brole:frontend,  ...
Registering time when event comes in for test-pod-13: 1753882257.1995819
New pod test-pod-13! old_node = None, new_node = worker-1.
Handling the new pod object: Pod(name=test-pod-13, label_set=LabelSet(labels={'app': 'app-b', 'role': 'backend'}), node=Node(name=worker-1)
[136146168313536] Handling pod test-pod-13, locking app:app-brole:backend, app:app-brole:database, app:app-brole:frontend,  ...
Registering time when event comes in for test-pod-9: 1753882257.20277
New pod test-pod-9! old_node = None, new_node = worker-1.
Handling the new pod object: Pod(name=test-pod-9, label_set=LabelSet(labels={'app': 'app-a', 'role': 'frontend'}), node=Node(name=worker-1)
[136146159920832] Handling pod test-pod-9, locking app:app-arole:frontend, app:app-arole:backend,  ...
Registering time when event comes in for test-pod-14: 1753882257.2156327
New pod test-pod-14! old_node = None, new_node = worker-1.
Handling the new pod object: Pod(name=test-pod-14, label_set=LabelSet(labels={'app': 'app-b', 'role': 'database'}), node=Node(name=worker-1)
[136146151528128] Handling pod test-pod-14, locking app:app-brole:backend, app:app-brole:database,  ...
Registering time when event comes in for test-pod-18: 1753882257.2247405
New pod test-pod-18! old_node = None, new_node = worker-1.
Handling the new pod object: Pod(name=test-pod-18, label_set=LabelSet(labels={'app': 'app-a', 'role': 'frontend'}), node=Node(name=worker-1)
[136146143135424] Handling pod test-pod-18, locking app:app-arole:frontend, app:app-arole:backend,  ...
Registering time when event comes in for test-pod-15: 1753882257.2286093
New pod test-pod-15! old_node = None, new_node = worker-1.
Handling the new pod object: Pod(name=test-pod-15, label_set=LabelSet(labels={'app': 'app-c', 'role': 'frontend'}), node=Node(name=worker-1)
[136146134742720] Handling pod test-pod-15, locking app:app-crole:frontend, app:app-crole:backend,  ...
Registering time when event comes in for test-pod-19: 1753882257.2335377
New pod test-pod-19! old_node = None, new_node = worker-1.
Handling the new pod object: Pod(name=test-pod-19, label_set=LabelSet(labels={'app': 'app-a', 'role': 'backend'}), node=Node(name=worker-1)
[136146126350016] Handling pod test-pod-19, locking app:app-arole:database, app:app-arole:frontend, app:app-arole:backend,  ...
Registering time when event comes in for test-pod-17: 1753882257.2439928
New pod test-pod-17! old_node = None, new_node = worker-1.
Handling the new pod object: Pod(name=test-pod-17, label_set=LabelSet(labels={'app': 'app-c', 'role': 'database'}), node=Node(name=worker-1)
[136146117957312] Handling pod test-pod-17, locking app:app-crole:backend, app:app-crole:database,  ...
Registering time when event comes in for test-pod-16: 1753882257.2466629
New pod test-pod-16! old_node = None, new_node = worker-1.
Handling the new pod object: Pod(name=test-pod-16, label_set=LabelSet(labels={'app': 'app-c', 'role': 'backend'}), node=Node(name=worker-1)
[136145631442624] Handling pod test-pod-16, locking app:app-crole:frontend, app:app-crole:backend, app:app-crole:database,  ...
[136147051284160] Pod test-pod-6 handled. Released locks for: app:app-crole:frontend, app:app-crole:backend, 
Registering time when event is handled for test-pod-6: 1753882260.0081213
New pod: test-pod-7, on node: worker-1
Registering time when event comes in for test-pod-20: 1753882260.024482
New pod test-pod-20! old_node = None, new_node = worker-1.
Handling the new pod object: Pod(name=test-pod-20, label_set=LabelSet(labels={'app': 'app-a', 'role': 'database'}), node=Node(name=worker-1)
[136147051284160] Handling pod test-pod-20, locking app:app-arole:backend, app:app-arole:database,  ...
[136147091146432] Pod test-pod-0 handled. Released locks for: app:app-arole:frontend, app:app-arole:backend, 
Registering time when event is handled for test-pod-0: 1753882260.1299188
New pod: test-pod-2, on node: worker-1
Registering time when event comes in for test-pod-21: 1753882260.1424148
New pod test-pod-21! old_node = None, new_node = worker-1.
Handling the new pod object: Pod(name=test-pod-21, label_set=LabelSet(labels={'app': 'app-b', 'role': 'frontend'}), node=Node(name=worker-1)
[136147091146432] Handling pod test-pod-21, locking app:app-brole:backend, app:app-brole:frontend,  ...
[136147059676864] Pod test-pod-5 handled. Released locks for: app:app-brole:backend, app:app-brole:database, 
Registering time when event is handled for test-pod-5: 1753882260.4329336
New pod: test-pod-3, on node: worker-1
Registering time when event comes in for test-pod-28: 1753882260.443951
New pod test-pod-28! old_node = None, new_node = worker-1.
Handling the new pod object: Pod(name=test-pod-28, label_set=LabelSet(labels={'app': 'app-a', 'role': 'backend'}), node=Node(name=worker-1)
[136147059676864] Handling pod test-pod-28, locking app:app-arole:database, app:app-arole:frontend, app:app-arole:backend,  ...
[136147076462272] Pod test-pod-2 handled. Released locks for: app:app-arole:backend, app:app-arole:database, 
Registering time when event is handled for test-pod-2: 1753882261.9567115
New pod: test-pod-1, on node: worker-1
Registering time when event comes in for test-pod-32: 1753882262.001655
New pod test-pod-32! old_node = None, new_node = worker-1.
Handling the new pod object: Pod(name=test-pod-32, label_set=LabelSet(labels={'app': 'app-b', 'role': 'database'}), node=Node(name=worker-1)
[136147076462272] Handling pod test-pod-32, locking app:app-brole:backend, app:app-brole:database,  ...
[136146705184448] Pod test-pod-3 handled. Released locks for: app:app-brole:backend, app:app-brole:frontend, 
Registering time when event is handled for test-pod-3: 1753882262.3840573
New pod: test-pod-4, on node: worker-1
Registering time when event comes in for test-pod-24: 1753882262.3918438
New pod test-pod-24! old_node = None, new_node = worker-1.
Handling the new pod object: Pod(name=test-pod-24, label_set=LabelSet(labels={'app': 'app-c', 'role': 'frontend'}), node=Node(name=worker-1)
[136146705184448] Handling pod test-pod-24, locking app:app-crole:frontend, app:app-crole:backend,  ...
[136146671613632] Pod test-pod-7 handled. Released locks for: app:app-crole:frontend, app:app-crole:backend, app:app-crole:database, 
Registering time when event is handled for test-pod-7: 1753882262.5944288
New pod: test-pod-8, on node: worker-1
Registering time when event comes in for test-pod-25: 1753882262.605815
New pod test-pod-25! old_node = None, new_node = worker-1.
Handling the new pod object: Pod(name=test-pod-25, label_set=LabelSet(labels={'app': 'app-c', 'role': 'backend'}), node=Node(name=worker-1)
[136146671613632] Handling pod test-pod-25, locking app:app-crole:frontend, app:app-crole:backend, app:app-crole:database,  ...
[136147068069568] Pod test-pod-1 handled. Released locks for: app:app-arole:database, app:app-arole:frontend, app:app-arole:backend, 
2025-07-30 13:31:04,137 [INFO] kopf.objects - Handler 'handle_new_pod/spec.nodeName' succeeded.
2025-07-30 13:31:04,139 [INFO] kopf.objects - Creation is processed: 1 succeeded; 0 failed.
2025-07-30 13:31:04,148 [INFO] kopf.objects - Handler 'handle_new_pod/spec.nodeName' succeeded.
2025-07-30 13:31:04,148 [INFO] kopf.objects - Creation is processed: 1 succeeded; 0 failed.
2025-07-30 13:31:04,162 [INFO] kopf.objects - Handler 'handle_new_pod/spec.nodeName' succeeded.
2025-07-30 13:31:04,162 [INFO] kopf.objects - Creation is processed: 1 succeeded; 0 failed.
2025-07-30 13:31:04,175 [INFO] kopf.objects - Handler 'handle_new_pod/spec.nodeName' succeeded.
2025-07-30 13:31:04,176 [INFO] kopf.objects - Creation is processed: 1 succeeded; 0 failed.
2025-07-30 13:31:04,191 [INFO] kopf.objects - Handler 'handle_new_pod/spec.nodeName' succeeded.
2025-07-30 13:31:04,192 [INFO] kopf.objects - Creation is processed: 1 succeeded; 0 failed.
2025-07-30 13:31:04,205 [INFO] kopf.objects - Handler 'handle_new_pod/spec.nodeName' succeeded.
2025-07-30 13:31:04,206 [INFO] kopf.objects - Creation is processed: 1 succeeded; 0 failed.
2025-07-30 13:31:04,221 [INFO] kopf.objects - Handler 'handle_new_pod/spec.nodeName' succeeded.
2025-07-30 13:31:04,221 [INFO] kopf.objects - Creation is processed: 1 succeeded; 0 failed.
2025-07-30 13:31:04,241 [INFO] kopf.objects - Handler 'handle_new_pod/spec.nodeName' succeeded.
2025-07-30 13:31:04,242 [INFO] kopf.objects - Creation is processed: 1 succeeded; 0 failed.
2025-07-30 13:31:04,256 [INFO] kopf.objects - Handler 'handle_new_pod/spec.nodeName' succeeded.
2025-07-30 13:31:04,257 [INFO] kopf.objects - Creation is processed: 1 succeeded; 0 failed.
2025-07-30 13:31:04,270 [INFO] kopf.objects - Handler 'handle_new_pod/spec.nodeName' succeeded.
2025-07-30 13:31:04,271 [INFO] kopf.objects - Creation is processed: 1 succeeded; 0 failed.
2025-07-30 13:31:04,289 [INFO] kopf.objects - Handler 'handle_new_pod/spec.nodeName' succeeded.
2025-07-30 13:31:04,289 [INFO] kopf.objects - Creation is processed: 1 succeeded; 0 failed.
2025-07-30 13:31:04,300 [INFO] kopf.objects - Handler 'handle_new_pod/spec.nodeName' succeeded.
2025-07-30 13:31:04,304 [INFO] kopf.objects - Creation is processed: 1 succeeded; 0 failed.
2025-07-30 13:31:04,325 [INFO] kopf.objects - Handler 'handle_new_pod/spec.nodeName' succeeded.
2025-07-30 13:31:04,326 [INFO] kopf.objects - Creation is processed: 1 succeeded; 0 failed.
Registering time when event is handled for test-pod-1: 1753882264.1277149
New pod: test-pod-10, on node: worker-1
Registering time when event comes in for test-pod-31: 1753882264.1367304
New pod test-pod-31! old_node = None, new_node = worker-1.
Handling the new pod object: Pod(name=test-pod-31, label_set=LabelSet(labels={'app': 'app-b', 'role': 'backend'}), node=Node(name=worker-1)
[136147068069568] Handling pod test-pod-31, locking app:app-brole:backend, app:app-brole:database, app:app-brole:frontend,  ...
[136146688399040] Pod test-pod-10 handled. Released locks for: app:app-arole:database, app:app-arole:frontend, app:app-arole:backend, 
Registering time when event is handled for test-pod-10: 1753882264.1416926
New pod: test-pod-11, on node: worker-1
Registering time when event comes in for test-pod-29: 1753882264.1479344
New pod test-pod-29! old_node = None, new_node = worker-1.
Handling the new pod object: Pod(name=test-pod-29, label_set=LabelSet(labels={'app': 'app-a', 'role': 'database'}), node=Node(name=worker-1)
[136146688399040] Handling pod test-pod-29, locking app:app-arole:backend, app:app-arole:database,  ...
[136146680006336] Pod test-pod-11 handled. Released locks for: app:app-arole:backend, app:app-arole:database, 
Registering time when event is handled for test-pod-11: 1753882264.1539028
New pod: test-pod-9, on node: worker-1
Registering time when event comes in for test-pod-30: 1753882264.1619601
New pod test-pod-30! old_node = None, new_node = worker-1.
Handling the new pod object: Pod(name=test-pod-30, label_set=LabelSet(labels={'app': 'app-b', 'role': 'frontend'}), node=Node(name=worker-1)
[136146680006336] Handling pod test-pod-30, locking app:app-brole:backend, app:app-brole:frontend,  ...
[136146159920832] Pod test-pod-9 handled. Released locks for: app:app-arole:frontend, app:app-arole:backend, 
Registering time when event is handled for test-pod-9: 1753882264.1681304
New pod: test-pod-18, on node: worker-1
Registering time when event comes in for test-pod-38: 1753882264.1755846
New pod test-pod-38! old_node = None, new_node = worker-1.
Handling the new pod object: Pod(name=test-pod-38, label_set=LabelSet(labels={'app': 'app-a', 'role': 'database'}), node=Node(name=worker-1)
[136146159920832] Handling pod test-pod-38, locking app:app-arole:backend, app:app-arole:database,  ...
[136146143135424] Pod test-pod-18 handled. Released locks for: app:app-arole:frontend, app:app-arole:backend, 
Registering time when event is handled for test-pod-18: 1753882264.1831713
New pod: test-pod-19, on node: worker-1
Registering time when event comes in for test-pod-34: 1753882264.190953
New pod test-pod-34! old_node = None, new_node = worker-1.
Handling the new pod object: Pod(name=test-pod-34, label_set=LabelSet(labels={'app': 'app-c', 'role': 'backend'}), node=Node(name=worker-1)
[136146143135424] Handling pod test-pod-34, locking app:app-crole:frontend, app:app-crole:backend, app:app-crole:database,  ...
[136146126350016] Pod test-pod-19 handled. Released locks for: app:app-arole:database, app:app-arole:frontend, app:app-arole:backend, 
Registering time when event is handled for test-pod-19: 1753882264.1967897
New pod: test-pod-20, on node: worker-1
Registering time when event comes in for test-pod-33: 1753882264.2055233
New pod test-pod-33! old_node = None, new_node = worker-1.
Handling the new pod object: Pod(name=test-pod-33, label_set=LabelSet(labels={'app': 'app-c', 'role': 'frontend'}), node=Node(name=worker-1)
[136146126350016] Handling pod test-pod-33, locking app:app-crole:frontend, app:app-crole:backend,  ...
[136147051284160] Pod test-pod-20 handled. Released locks for: app:app-arole:backend, app:app-arole:database, 
Registering time when event is handled for test-pod-20: 1753882264.2106752
New pod: test-pod-28, on node: worker-1
Registering time when event comes in for test-pod-37: 1753882264.2189238
New pod test-pod-37! old_node = None, new_node = worker-1.
Handling the new pod object: Pod(name=test-pod-37, label_set=LabelSet(labels={'app': 'app-a', 'role': 'backend'}), node=Node(name=worker-1)
[136147051284160] Handling pod test-pod-37, locking app:app-arole:database, app:app-arole:frontend, app:app-arole:backend,  ...
[136147059676864] Pod test-pod-28 handled. Released locks for: app:app-arole:database, app:app-arole:frontend, app:app-arole:backend, 
Registering time when event is handled for test-pod-28: 1753882264.223868
New pod: test-pod-29, on node: worker-1
Registering time when event comes in for test-pod-27: 1753882264.2359035
New pod test-pod-27! old_node = None, new_node = worker-1.
Handling the new pod object: Pod(name=test-pod-27, label_set=LabelSet(labels={'app': 'app-a', 'role': 'frontend'}), node=Node(name=worker-1)
[136147059676864] Handling pod test-pod-27, locking app:app-arole:frontend, app:app-arole:backend,  ...
[136146688399040] Pod test-pod-29 handled. Released locks for: app:app-arole:backend, app:app-arole:database, 
Registering time when event is handled for test-pod-29: 1753882264.237612
New pod: test-pod-38, on node: worker-1
[136146159920832] Pod test-pod-38 handled. Released locks for: app:app-arole:backend, app:app-arole:database, 
Registering time when event is handled for test-pod-38: 1753882264.252103
New pod: test-pod-37, on node: worker-1
Registering time when event comes in for test-pod-39: 1753882264.2562208
New pod test-pod-39! old_node = None, new_node = worker-1.
Handling the new pod object: Pod(name=test-pod-39, label_set=LabelSet(labels={'app': 'app-b', 'role': 'frontend'}), node=Node(name=worker-1)
[136146688399040] Handling pod test-pod-39, locking app:app-brole:backend, app:app-brole:frontend,  ...
Registering time when event comes in for test-pod-35: 1753882264.269426
New pod test-pod-35! old_node = None, new_node = worker-1.
Handling the new pod object: Pod(name=test-pod-35, label_set=LabelSet(labels={'app': 'app-c', 'role': 'database'}), node=Node(name=worker-1)
[136146159920832] Handling pod test-pod-35, locking app:app-crole:backend, app:app-crole:database,  ...
[136147051284160] Pod test-pod-37 handled. Released locks for: app:app-arole:database, app:app-arole:frontend, app:app-arole:backend, 
Registering time when event is handled for test-pod-37: 1753882264.2729154
New pod: test-pod-27, on node: worker-1
Registering time when event comes in for test-pod-40: 1753882264.2870958
New pod test-pod-40! old_node = None, new_node = worker-1.
Handling the new pod object: Pod(name=test-pod-40, label_set=LabelSet(labels={'app': 'app-b', 'role': 'backend'}), node=Node(name=worker-1)
[136147051284160] Handling pod test-pod-40, locking app:app-brole:backend, app:app-brole:database, app:app-brole:frontend,  ...
[136147059676864] Pod test-pod-27 handled. Released locks for: app:app-arole:frontend, app:app-arole:backend, 
Registering time when event is handled for test-pod-27: 1753882264.287657
Registering time when event comes in for test-pod-36: 1753882264.299037
New pod test-pod-36! old_node = None, new_node = worker-1.
Handling the new pod object: Pod(name=test-pod-36, label_set=LabelSet(labels={'app': 'app-a', 'role': 'frontend'}), node=Node(name=worker-1)
[136147059676864] Handling pod test-pod-36, locking app:app-arole:frontend, app:app-arole:backend,  ...
New pod: test-pod-36, on node: worker-1
[136147059676864] Pod test-pod-36 handled. Released locks for: app:app-arole:frontend, app:app-arole:backend, 
Registering time when event is handled for test-pod-36: 1753882264.3159451
Registering time when event comes in for test-pod-22: 1753882264.3251915
New pod test-pod-22! old_node = None, new_node = worker-1.
Handling the new pod object: Pod(name=test-pod-22, label_set=LabelSet(labels={'app': 'app-b', 'role': 'backend'}), node=Node(name=worker-1)
[136147059676864] Handling pod test-pod-22, locking app:app-brole:backend, app:app-brole:database, app:app-brole:frontend,  ...
[136146663220928] Pod test-pod-8 handled. Released locks for: app:app-crole:backend, app:app-crole:database, 
Registering time when event is handled for test-pod-8: 1753882264.429666
New pod: test-pod-15, on node: worker-1
Registering time when event comes in for test-pod-26: 1753882264.4381108
2025-07-30 13:31:04,441 [INFO] kopf.objects - Handler 'handle_new_pod/spec.nodeName' succeeded.
2025-07-30 13:31:04,442 [INFO] kopf.objects - Creation is processed: 1 succeeded; 0 failed.
2025-07-30 13:31:04,507 [INFO] kopf.objects - Handler 'handle_new_pod/spec.nodeName' succeeded.
2025-07-30 13:31:04,509 [INFO] kopf.objects - Creation is processed: 1 succeeded; 0 failed.
2025-07-30 13:31:04,520 [INFO] kopf.objects - Handler 'handle_new_pod/spec.nodeName' succeeded.
2025-07-30 13:31:04,520 [INFO] kopf.objects - Creation is processed: 1 succeeded; 0 failed.
2025-07-30 13:31:04,539 [INFO] kopf.objects - Handler 'handle_new_pod/spec.nodeName' succeeded.
2025-07-30 13:31:04,539 [INFO] kopf.objects - Creation is processed: 1 succeeded; 0 failed.
2025-07-30 13:31:04,556 [INFO] kopf.objects - Handler 'handle_new_pod/spec.nodeName' succeeded.
2025-07-30 13:31:04,556 [INFO] kopf.objects - Creation is processed: 1 succeeded; 0 failed.
2025-07-30 13:31:04,563 [INFO] kopf.objects - Handler 'handle_new_pod/spec.nodeName' succeeded.
2025-07-30 13:31:04,564 [INFO] kopf.objects - Creation is processed: 1 succeeded; 0 failed.
2025-07-30 13:31:04,575 [INFO] kopf.objects - Handler 'handle_new_pod/spec.nodeName' succeeded.
2025-07-30 13:31:04,576 [INFO] kopf.objects - Creation is processed: 1 succeeded; 0 failed.
2025-07-30 13:31:04,585 [INFO] kopf.objects - Handler 'handle_new_pod/spec.nodeName' succeeded.
2025-07-30 13:31:04,585 [INFO] kopf.objects - Creation is processed: 1 succeeded; 0 failed.
2025-07-30 13:31:04,596 [INFO] kopf.objects - Handler 'handle_new_pod/spec.nodeName' succeeded.
2025-07-30 13:31:04,596 [INFO] kopf.objects - Creation is processed: 1 succeeded; 0 failed.
2025-07-30 13:31:04,607 [INFO] kopf.objects - Handler 'handle_new_pod/spec.nodeName' succeeded.
2025-07-30 13:31:04,607 [INFO] kopf.objects - Creation is processed: 1 succeeded; 0 failed.
2025-07-30 13:31:04,621 [INFO] kopf.objects - Handler 'handle_new_pod/spec.nodeName' succeeded.
2025-07-30 13:31:04,622 [INFO] kopf.objects - Creation is processed: 1 succeeded; 0 failed.
2025-07-30 13:31:04,639 [INFO] kopf.objects - Handler 'handle_new_pod/spec.nodeName' succeeded.
2025-07-30 13:31:04,640 [INFO] kopf.objects - Creation is processed: 1 succeeded; 0 failed.
2025-07-30 13:31:04,653 [INFO] kopf.objects - Handler 'handle_new_pod/spec.nodeName' succeeded.
2025-07-30 13:31:04,653 [INFO] kopf.objects - Creation is processed: 1 succeeded; 0 failed.
New pod test-pod-26! old_node = None, new_node = worker-1.
Handling the new pod object: Pod(name=test-pod-26, label_set=LabelSet(labels={'app': 'app-c', 'role': 'database'}), node=Node(name=worker-1)
[136146663220928] Handling pod test-pod-26, locking app:app-crole:backend, app:app-crole:database,  ...
[136146134742720] Pod test-pod-15 handled. Released locks for: app:app-crole:frontend, app:app-crole:backend, 
Registering time when event is handled for test-pod-15: 1753882264.4415035
New pod: test-pod-17, on node: worker-1
Registering time when event comes in for test-pod-41: 1753882264.4795475
New pod test-pod-41! old_node = None, new_node = worker-1.
Handling the new pod object: Pod(name=test-pod-41, label_set=LabelSet(labels={'app': 'app-b', 'role': 'database'}), node=Node(name=worker-1)
[136146134742720] Handling pod test-pod-41, locking app:app-brole:backend, app:app-brole:database,  ...
[136146117957312] Pod test-pod-17 handled. Released locks for: app:app-crole:backend, app:app-crole:database, 
Registering time when event is handled for test-pod-17: 1753882264.5096
New pod: test-pod-16, on node: worker-1
Registering time when event comes in for test-pod-42: 1753882264.5197563
New pod test-pod-42! old_node = None, new_node = worker-1.
Handling the new pod object: Pod(name=test-pod-42, label_set=LabelSet(labels={'app': 'app-c', 'role': 'frontend'}), node=Node(name=worker-1)
[136146117957312] Handling pod test-pod-42, locking app:app-crole:frontend, app:app-crole:backend,  ...
[136145631442624] Pod test-pod-16 handled. Released locks for: app:app-crole:frontend, app:app-crole:backend, app:app-crole:database, 
Registering time when event is handled for test-pod-16: 1753882264.5287888
New pod: test-pod-24, on node: worker-1
[136146696791744] Pod test-pod-4 handled. Released locks for: app:app-brole:backend, app:app-brole:database, app:app-brole:frontend, 
Registering time when event is handled for test-pod-4: 1753882264.537681
New pod: test-pod-12, on node: worker-1
Registering time when event comes in for test-pod-23: 1753882264.5384927
New pod test-pod-23! old_node = None, new_node = worker-1.
Handling the new pod object: Pod(name=test-pod-23, label_set=LabelSet(labels={'app': 'app-b', 'role': 'database'}), node=Node(name=worker-1)
[136145631442624] Handling pod test-pod-23, locking app:app-brole:backend, app:app-brole:database,  ...
[136146705184448] Pod test-pod-24 handled. Released locks for: app:app-crole:frontend, app:app-crole:backend, 
Registering time when event is handled for test-pod-24: 1753882264.5471358
New pod: test-pod-25, on node: worker-1
Registering time when event comes in for test-pod-45: 1753882264.5548155
New pod test-pod-45! old_node = None, new_node = worker-1.
Handling the new pod object: Pod(name=test-pod-45, label_set=LabelSet(labels={'app': 'app-a', 'role': 'frontend'}), node=Node(name=worker-1)
[136146696791744] Handling pod test-pod-45, locking app:app-arole:frontend, app:app-arole:backend,  ...
New pod: test-pod-45, on node: worker-1
[136146654828224] Pod test-pod-12 handled. Released locks for: app:app-brole:backend, app:app-brole:frontend, 
Registering time when event is handled for test-pod-12: 1753882264.557222
New pod: test-pod-13, on node: worker-1
Registering time when event comes in for test-pod-44: 1753882264.5633228
New pod test-pod-44! old_node = None, new_node = worker-1.
Handling the new pod object: Pod(name=test-pod-44, label_set=LabelSet(labels={'app': 'app-c', 'role': 'database'}), node=Node(name=worker-1)
[136146705184448] Handling pod test-pod-44, locking app:app-crole:backend, app:app-crole:database,  ...
[136146671613632] Pod test-pod-25 handled. Released locks for: app:app-crole:frontend, app:app-crole:backend, app:app-crole:database, 
Registering time when event is handled for test-pod-25: 1753882264.569889
New pod: test-pod-34, on node: worker-1
[136146696791744] Pod test-pod-45 handled. Released locks for: app:app-arole:frontend, app:app-arole:backend, 
Registering time when event is handled for test-pod-45: 1753882264.570052
Registering time when event comes in for test-pod-46: 1753882264.5748715
New pod test-pod-46! old_node = None, new_node = worker-1.
Handling the new pod object: Pod(name=test-pod-46, label_set=LabelSet(labels={'app': 'app-a', 'role': 'backend'}), node=Node(name=worker-1)
[136146654828224] Handling pod test-pod-46, locking app:app-arole:database, app:app-arole:frontend, app:app-arole:backend,  ...
New pod: test-pod-46, on node: worker-1
[136146168313536] Pod test-pod-13 handled. Released locks for: app:app-brole:backend, app:app-brole:database, app:app-brole:frontend, 
Registering time when event is handled for test-pod-13: 1753882264.585056
New pod: test-pod-14, on node: worker-1
Registering time when event comes in for test-pod-49: 1753882264.5852857
New pod test-pod-49! old_node = None, new_node = worker-1.
Handling the new pod object: Pod(name=test-pod-49, label_set=LabelSet(labels={'app': 'app-b', 'role': 'backend'}), node=Node(name=worker-1)
[136146671613632] Handling pod test-pod-49, locking app:app-brole:backend, app:app-brole:database, app:app-brole:frontend,  ...
Registering time when event comes in for test-pod-48: 1753882264.5962658
New pod test-pod-48! old_node = None, new_node = worker-1.
Handling the new pod object: Pod(name=test-pod-48, label_set=LabelSet(labels={'app': 'app-b', 'role': 'frontend'}), node=Node(name=worker-1)
[136146696791744] Handling pod test-pod-48, locking app:app-brole:backend, app:app-brole:frontend,  ...
[136146143135424] Pod test-pod-34 handled. Released locks for: app:app-crole:frontend, app:app-crole:backend, app:app-crole:database, 
Registering time when event is handled for test-pod-34: 1753882264.6007638
New pod: test-pod-33, on node: worker-1
Registering time when event comes in for test-pod-47: 1753882264.606813
New pod test-pod-47! old_node = None, new_node = worker-1.
Handling the new pod object: Pod(name=test-pod-47, label_set=LabelSet(labels={'app': 'app-a', 'role': 'database'}), node=Node(name=worker-1)
[136146168313536] Handling pod test-pod-47, locking app:app-arole:backend, app:app-arole:database,  ...
[136146151528128] Pod test-pod-14 handled. Released locks for: app:app-brole:backend, app:app-brole:database, 
Registering time when event is handled for test-pod-14: 1753882264.6162348
New pod: test-pod-21, on node: worker-1
Registering time when event comes in for test-pod-50: 1753882264.6214354
New pod test-pod-50! old_node = None, new_node = worker-1.
Handling the new pod object: Pod(name=test-pod-50, label_set=LabelSet(labels={'app': 'app-b', 'role': 'database'}), node=Node(name=worker-1)
[136146143135424] Handling pod test-pod-50, locking app:app-brole:backend, app:app-brole:database,  ...
[136146654828224] Pod test-pod-46 handled. Released locks for: app:app-arole:database, app:app-arole:frontend, app:app-arole:backend, 
Registering time when event is handled for test-pod-46: 1753882264.6256347
New pod: test-pod-47, on node: worker-1
Registering time when event comes in for test-pod-51: 1753882264.6389022
New pod test-pod-51! old_node = None, new_node = worker-1.
Handling the new pod object: Pod(name=test-pod-51, label_set=LabelSet(labels={'app': 'app-c', 'role': 'frontend'}), node=Node(name=worker-1)
[136146151528128] Handling pod test-pod-51, locking app:app-crole:frontend, app:app-crole:backend,  ...
[136146126350016] Pod test-pod-33 handled. Released locks for: app:app-crole:frontend, app:app-crole:backend, 
Registering time when event is handled for test-pod-33: 1753882264.6417568
New pod: test-pod-35, on node: worker-1
Registering time when event comes in for test-pod-53: 1753882264.6531067
New pod test-pod-53! old_node = None, new_node = worker-1.
Handling the new pod object: Pod(name=test-pod-53, label_set=LabelSet(labels={'app': 'app-c', 'role': 'database'}), node=Node(name=worker-1)
[136146654828224] Handling pod test-pod-53, locking app:app-crole:backend, app:app-crole:database,  ...
[136147091146432] Pod test-pod-21 handled. Released locks for: app:app-brole:backend, app:app-brole:frontend, 
Registering time when event is handled for test-pod-21: 1753882264.6593335
2025-07-30 13:31:04,675 [INFO] kopf.objects - Handler 'handle_new_pod/spec.nodeName' succeeded.
2025-07-30 13:31:04,675 [INFO] kopf.objects - Creation is processed: 1 succeeded; 0 failed.
2025-07-30 13:31:04,691 [INFO] kopf.objects - Handler 'handle_new_pod/spec.nodeName' succeeded.
2025-07-30 13:31:04,691 [INFO] kopf.objects - Creation is processed: 1 succeeded; 0 failed.
2025-07-30 13:31:04,713 [INFO] kopf.objects - Handler 'handle_new_pod/spec.nodeName' succeeded.
2025-07-30 13:31:04,714 [INFO] kopf.objects - Creation is processed: 1 succeeded; 0 failed.
2025-07-30 13:31:04,724 [INFO] kopf.objects - Handler 'handle_new_pod/spec.nodeName' succeeded.
2025-07-30 13:31:04,726 [INFO] kopf.objects - Creation is processed: 1 succeeded; 0 failed.
2025-07-30 13:31:04,748 [INFO] kopf.objects - Handler 'handle_new_pod/spec.nodeName' succeeded.
2025-07-30 13:31:04,749 [INFO] kopf.objects - Creation is processed: 1 succeeded; 0 failed.
2025-07-30 13:31:04,760 [INFO] kopf.objects - Handler 'handle_new_pod/spec.nodeName' succeeded.
2025-07-30 13:31:04,760 [INFO] kopf.objects - Creation is processed: 1 succeeded; 0 failed.
2025-07-30 13:31:04,782 [INFO] kopf.objects - Handler 'handle_new_pod/spec.nodeName' succeeded.
2025-07-30 13:31:04,782 [INFO] kopf.objects - Creation is processed: 1 succeeded; 0 failed.
2025-07-30 13:31:04,790 [INFO] kopf.objects - Handler 'handle_new_pod/spec.nodeName' succeeded.
2025-07-30 13:31:04,790 [INFO] kopf.objects - Creation is processed: 1 succeeded; 0 failed.
2025-07-30 13:31:04,817 [INFO] kopf.objects - Handler 'handle_new_pod/spec.nodeName' succeeded.
2025-07-30 13:31:04,817 [INFO] kopf.objects - Creation is processed: 1 succeeded; 0 failed.
2025-07-30 13:31:04,835 [INFO] kopf.objects - Handler 'handle_new_pod/spec.nodeName' succeeded.
2025-07-30 13:31:04,835 [INFO] kopf.objects - Creation is processed: 1 succeeded; 0 failed.
2025-07-30 13:31:04,844 [INFO] kopf.objects - Handler 'handle_new_pod/spec.nodeName' succeeded.
2025-07-30 13:31:04,844 [INFO] kopf.objects - Creation is processed: 1 succeeded; 0 failed.
[136146168313536] Pod test-pod-47 handled. Released locks for: app:app-arole:backend, app:app-arole:database, 
Registering time when event is handled for test-pod-47: 1753882264.6616275
New pod: test-pod-32, on node: worker-1
[136146159920832] Pod test-pod-35 handled. Released locks for: app:app-crole:backend, app:app-crole:database, 
Registering time when event is handled for test-pod-35: 1753882264.6691835
New pod: test-pod-26, on node: worker-1
Registering time when event comes in for test-pod-54: 1753882264.6746655
New pod test-pod-54! old_node = None, new_node = worker-1.
Handling the new pod object: Pod(name=test-pod-54, label_set=LabelSet(labels={'app': 'app-a', 'role': 'frontend'}), node=Node(name=worker-1)
[136146126350016] Handling pod test-pod-54, locking app:app-arole:frontend, app:app-arole:backend,  ...
New pod: test-pod-54, on node: worker-1
Registering time when event comes in for test-pod-52: 1753882264.6906927
New pod test-pod-52! old_node = None, new_node = worker-1.
Handling the new pod object: Pod(name=test-pod-52, label_set=LabelSet(labels={'app': 'app-c', 'role': 'backend'}), node=Node(name=worker-1)
[136147091146432] Handling pod test-pod-52, locking app:app-crole:frontend, app:app-crole:backend, app:app-crole:database,  ...
[136146126350016] Pod test-pod-54 handled. Released locks for: app:app-arole:frontend, app:app-arole:backend, 
Registering time when event is handled for test-pod-54: 1753882264.6982532
[136147076462272] Pod test-pod-32 handled. Released locks for: app:app-brole:backend, app:app-brole:database, 
Registering time when event is handled for test-pod-32: 1753882264.7066653
[136146663220928] Pod test-pod-26 handled. Released locks for: app:app-crole:backend, app:app-crole:database, 
Registering time when event is handled for test-pod-26: 1753882264.707362
New pod: test-pod-42, on node: worker-1
New pod: test-pod-31, on node: worker-1
Registering time when event comes in for test-pod-55: 1753882264.7121325
New pod test-pod-55! old_node = None, new_node = worker-1.
Handling the new pod object: Pod(name=test-pod-55, label_set=LabelSet(labels={'app': 'app-a', 'role': 'backend'}), node=Node(name=worker-1)
[136146168313536] Handling pod test-pod-55, locking app:app-arole:database, app:app-arole:frontend, app:app-arole:backend,  ...
New pod: test-pod-55, on node: worker-1
Registering time when event comes in for test-pod-43: 1753882264.724968
New pod test-pod-43! old_node = None, new_node = worker-1.
Handling the new pod object: Pod(name=test-pod-43, label_set=LabelSet(labels={'app': 'app-c', 'role': 'backend'}), node=Node(name=worker-1)
[136146159920832] Handling pod test-pod-43, locking app:app-crole:frontend, app:app-crole:backend, app:app-crole:database,  ...
[136146117957312] Pod test-pod-42 handled. Released locks for: app:app-crole:frontend, app:app-crole:backend, 
Registering time when event is handled for test-pod-42: 1753882264.7335694
New pod: test-pod-44, on node: worker-1
[136146168313536] Pod test-pod-55 handled. Released locks for: app:app-arole:database, app:app-arole:frontend, app:app-arole:backend, 
Registering time when event is handled for test-pod-55: 1753882264.7395844
Registering time when event comes in for test-pod-58: 1753882264.7474334
New pod test-pod-58! old_node = None, new_node = worker-1.
Handling the new pod object: Pod(name=test-pod-58, label_set=LabelSet(labels={'app': 'app-b', 'role': 'backend'}), node=Node(name=worker-1)
[136146126350016] Handling pod test-pod-58, locking app:app-brole:backend, app:app-brole:database, app:app-brole:frontend,  ...
[136147068069568] Pod test-pod-31 handled. Released locks for: app:app-brole:backend, app:app-brole:database, app:app-brole:frontend, 
Registering time when event is handled for test-pod-31: 1753882264.7513216
New pod: test-pod-30, on node: worker-1
Registering time when event comes in for test-pod-59: 1753882264.760041
New pod test-pod-59! old_node = None, new_node = worker-1.
Handling the new pod object: Pod(name=test-pod-59, label_set=LabelSet(labels={'app': 'app-b', 'role': 'database'}), node=Node(name=worker-1)
[136147076462272] Handling pod test-pod-59, locking app:app-brole:backend, app:app-brole:database,  ...
[136146680006336] Pod test-pod-30 handled. Released locks for: app:app-brole:backend, app:app-brole:frontend, 
Registering time when event is handled for test-pod-30: 1753882264.7661
New pod: test-pod-39, on node: worker-1
[136146705184448] Pod test-pod-44 handled. Released locks for: app:app-crole:backend, app:app-crole:database, 
Registering time when event is handled for test-pod-44: 1753882264.777052
Registering time when event comes in for test-pod-57: 1753882264.7772002
New pod test-pod-57! old_node = None, new_node = worker-1.
Handling the new pod object: Pod(name=test-pod-57, label_set=LabelSet(labels={'app': 'app-b', 'role': 'frontend'}), node=Node(name=worker-1)
[136146663220928] Handling pod test-pod-57, locking app:app-brole:backend, app:app-brole:frontend,  ...
New pod: test-pod-51, on node: worker-1
[136146151528128] Pod test-pod-51 handled. Released locks for: app:app-crole:frontend, app:app-crole:backend, 
Registering time when event is handled for test-pod-51: 1753882264.7864418
New pod: test-pod-53, on node: worker-1
Registering time when event comes in for test-pod-56: 1753882264.7893713
New pod test-pod-56! old_node = None, new_node = worker-1.
Handling the new pod object: Pod(name=test-pod-56, label_set=LabelSet(labels={'app': 'app-a', 'role': 'database'}), node=Node(name=worker-1)
[136146117957312] Handling pod test-pod-56, locking app:app-arole:backend, app:app-arole:database,  ...
New pod: test-pod-56, on node: worker-1
[136146688399040] Pod test-pod-39 handled. Released locks for: app:app-brole:backend, app:app-brole:frontend, 
Registering time when event is handled for test-pod-39: 1753882264.7931368
New pod: test-pod-40, on node: worker-1
[136146117957312] Pod test-pod-56 handled. Released locks for: app:app-arole:backend, app:app-arole:database, 
Registering time when event is handled for test-pod-56: 1753882264.80925
Registering time when event comes in for test-pod-60: 1753882264.812573
New pod test-pod-60! old_node = None, new_node = worker-1.
Handling the new pod object: Pod(name=test-pod-60, label_set=LabelSet(labels={'app': 'app-c', 'role': 'frontend'}), node=Node(name=worker-1)
[136146168313536] Handling pod test-pod-60, locking app:app-crole:frontend, app:app-crole:backend,  ...
[136146654828224] Pod test-pod-53 handled. Released locks for: app:app-crole:backend, app:app-crole:database, 
Registering time when event is handled for test-pod-53: 1753882264.8129654
New pod: test-pod-52, on node: worker-1
Registering time when event comes in for test-pod-67: 1753882264.8270414
New pod test-pod-67! old_node = None, new_node = worker-1.
Handling the new pod object: Pod(name=test-pod-67, label_set=LabelSet(labels={'app': 'app-b', 'role': 'backend'}), node=Node(name=worker-1)
[136147068069568] Handling pod test-pod-67, locking app:app-brole:backend, app:app-brole:database, app:app-brole:frontend,  ...
[136147051284160] Pod test-pod-40 handled. Released locks for: app:app-brole:backend, app:app-brole:database, app:app-brole:frontend, 
Registering time when event is handled for test-pod-40: 1753882264.827662
New pod: test-pod-22, on node: worker-1
[136147091146432] Pod test-pod-52 handled. Released locks for: app:app-crole:frontend, app:app-crole:backend, app:app-crole:database, 
Registering time when event is handled for test-pod-52: 1753882264.8373787
New pod: test-pod-43, on node: worker-1
Registering time when event comes in for test-pod-64: 1753882264.8398745
New pod test-pod-64! old_node = None, new_node = worker-1.
Handling the new pod object: Pod(name=test-pod-64, label_set=LabelSet(labels={'app': 'app-a', 'role': 'backend'}), node=Node(name=worker-1)
[136146680006336] Handling pod test-pod-64, locking app:app-arole:database, app:app-arole:frontend, app:app-arole:backend,  ...
New pod: test-pod-64, on node: worker-1
Registering time when event comes in for test-pod-61: 1753882264.8537385
New pod test-pod-61! old_node = None, new_node = worker-1.
2025-07-30 13:31:04,854 [INFO] kopf.objects - Handler 'handle_new_pod/spec.nodeName' succeeded.
2025-07-30 13:31:04,855 [INFO] kopf.objects - Creation is processed: 1 succeeded; 0 failed.
2025-07-30 13:31:04,866 [INFO] kopf.objects - Handler 'handle_new_pod/spec.nodeName' succeeded.
2025-07-30 13:31:04,867 [INFO] kopf.objects - Creation is processed: 1 succeeded; 0 failed.
2025-07-30 13:31:04,877 [INFO] kopf.objects - Handler 'handle_new_pod/spec.nodeName' succeeded.
2025-07-30 13:31:04,878 [INFO] kopf.objects - Creation is processed: 1 succeeded; 0 failed.
2025-07-30 13:31:04,896 [INFO] kopf.objects - Handler 'handle_new_pod/spec.nodeName' succeeded.
2025-07-30 13:31:04,896 [INFO] kopf.objects - Creation is processed: 1 succeeded; 0 failed.
2025-07-30 13:31:04,910 [INFO] kopf.objects - Handler 'handle_new_pod/spec.nodeName' succeeded.
2025-07-30 13:31:04,910 [INFO] kopf.objects - Creation is processed: 1 succeeded; 0 failed.
2025-07-30 13:31:04,920 [INFO] kopf.objects - Handler 'handle_new_pod/spec.nodeName' succeeded.
2025-07-30 13:31:04,920 [INFO] kopf.objects - Creation is processed: 1 succeeded; 0 failed.
2025-07-30 13:31:04,929 [INFO] kopf.objects - Handler 'handle_new_pod/spec.nodeName' succeeded.
2025-07-30 13:31:04,930 [INFO] kopf.objects - Creation is processed: 1 succeeded; 0 failed.
2025-07-30 13:31:04,939 [INFO] kopf.objects - Handler 'handle_new_pod/spec.nodeName' succeeded.
2025-07-30 13:31:04,939 [INFO] kopf.objects - Creation is processed: 1 succeeded; 0 failed.
2025-07-30 13:31:04,950 [INFO] kopf.objects - Handler 'handle_new_pod/spec.nodeName' succeeded.
2025-07-30 13:31:04,951 [INFO] kopf.objects - Creation is processed: 1 succeeded; 0 failed.
2025-07-30 13:31:04,967 [INFO] kopf.objects - Handler 'handle_new_pod/spec.nodeName' succeeded.
2025-07-30 13:31:04,968 [INFO] kopf.objects - Creation is processed: 1 succeeded; 0 failed.
2025-07-30 13:31:04,982 [INFO] kopf.objects - Handler 'handle_new_pod/spec.nodeName' succeeded.
2025-07-30 13:31:04,982 [INFO] kopf.objects - Creation is processed: 1 succeeded; 0 failed.
2025-07-30 13:31:04,993 [INFO] kopf.objects - Handler 'handle_new_pod/spec.nodeName' succeeded.
2025-07-30 13:31:04,993 [INFO] kopf.objects - Creation is processed: 1 succeeded; 0 failed.
2025-07-30 13:31:05,009 [INFO] kopf.objects - Handler 'handle_new_pod/spec.nodeName' succeeded.
2025-07-30 13:31:05,009 [INFO] kopf.objects - Creation is processed: 1 succeeded; 0 failed.
Handling the new pod object: Pod(name=test-pod-61, label_set=LabelSet(labels={'app': 'app-c', 'role': 'backend'}), node=Node(name=worker-1)
[136146705184448] Handling pod test-pod-61, locking app:app-crole:frontend, app:app-crole:backend, app:app-crole:database,  ...
[136146680006336] Pod test-pod-64 handled. Released locks for: app:app-arole:database, app:app-arole:frontend, app:app-arole:backend, 
Registering time when event is handled for test-pod-64: 1753882264.864234
Registering time when event comes in for test-pod-62: 1753882264.866018
New pod test-pod-62! old_node = None, new_node = worker-1.
Handling the new pod object: Pod(name=test-pod-62, label_set=LabelSet(labels={'app': 'app-c', 'role': 'database'}), node=Node(name=worker-1)
[136146151528128] Handling pod test-pod-62, locking app:app-crole:backend, app:app-crole:database,  ...
[136146159920832] Pod test-pod-43 handled. Released locks for: app:app-crole:frontend, app:app-crole:backend, app:app-crole:database, 
Registering time when event is handled for test-pod-43: 1753882264.8725867
New pod: test-pod-60, on node: worker-1
[136147059676864] Pod test-pod-22 handled. Released locks for: app:app-brole:backend, app:app-brole:database, app:app-brole:frontend, 
Registering time when event is handled for test-pod-22: 1753882264.8729308
New pod: test-pod-41, on node: worker-1
Registering time when event comes in for test-pod-65: 1753882264.877362
New pod test-pod-65! old_node = None, new_node = worker-1.
Handling the new pod object: Pod(name=test-pod-65, label_set=LabelSet(labels={'app': 'app-a', 'role': 'database'}), node=Node(name=worker-1)
[136146688399040] Handling pod test-pod-65, locking app:app-arole:backend, app:app-arole:database,  ...
New pod: test-pod-65, on node: worker-1
Registering time when event comes in for test-pod-68: 1753882264.8956733
New pod test-pod-68! old_node = None, new_node = worker-1.
Handling the new pod object: Pod(name=test-pod-68, label_set=LabelSet(labels={'app': 'app-b', 'role': 'database'}), node=Node(name=worker-1)
[136146117957312] Handling pod test-pod-68, locking app:app-brole:backend, app:app-brole:database,  ...
[136146688399040] Pod test-pod-65 handled. Released locks for: app:app-arole:backend, app:app-arole:database, 
Registering time when event is handled for test-pod-65: 1753882264.9061966
Registering time when event comes in for test-pod-63: 1753882264.9082222
New pod test-pod-63! old_node = None, new_node = worker-1.
Handling the new pod object: Pod(name=test-pod-63, label_set=LabelSet(labels={'app': 'app-a', 'role': 'frontend'}), node=Node(name=worker-1)
[136146654828224] Handling pod test-pod-63, locking app:app-arole:frontend, app:app-arole:backend,  ...
New pod: test-pod-63, on node: worker-1
[136146134742720] Pod test-pod-41 handled. Released locks for: app:app-brole:backend, app:app-brole:database, 
Registering time when event is handled for test-pod-41: 1753882264.9146788
[136146168313536] Pod test-pod-60 handled. Released locks for: app:app-crole:frontend, app:app-crole:backend, 
Registering time when event is handled for test-pod-60: 1753882264.9147496
New pod: test-pod-61, on node: worker-1
New pod: test-pod-23, on node: worker-1
2025-07-30 13:31:05,028 [INFO] kopf.objects - Handler 'handle_new_pod/spec.nodeName' succeeded.
2025-07-30 13:31:05,028 [INFO] kopf.objects - Creation is processed: 1 succeeded; 0 failed.
Registering time when event comes in for test-pod-66: 1753882264.919722
New pod test-pod-66! old_node = None, new_node = worker-1.
Handling the new pod object: Pod(name=test-pod-66, label_set=LabelSet(labels={'app': 'app-b', 'role': 'frontend'}), node=Node(name=worker-1)
[136147051284160] Handling pod test-pod-66, locking app:app-brole:backend, app:app-brole:frontend,  ...
Registering time when event comes in for test-pod-69: 1753882264.9296796
New pod test-pod-69! old_node = None, new_node = worker-1.
Handling the new pod object: Pod(name=test-pod-69, label_set=LabelSet(labels={'app': 'app-c', 'role': 'frontend'}), node=Node(name=worker-1)
[136147091146432] Handling pod test-pod-69, locking app:app-crole:frontend, app:app-crole:backend,  ...
[136146705184448] Pod test-pod-61 handled. Released locks for: app:app-crole:frontend, app:app-crole:backend, app:app-crole:database, 
Registering time when event is handled for test-pod-61: 1753882264.9358172
New pod: test-pod-62, on node: worker-1
Registering time when event comes in for test-pod-70: 1753882264.9391263
New pod test-pod-70! old_node = None, new_node = worker-1.
Handling the new pod object: Pod(name=test-pod-70, label_set=LabelSet(labels={'app': 'app-c', 'role': 'backend'}), node=Node(name=worker-1)
[136146680006336] Handling pod test-pod-70, locking app:app-crole:frontend, app:app-crole:backend, app:app-crole:database,  ...
[136146654828224] Pod test-pod-63 handled. Released locks for: app:app-arole:frontend, app:app-arole:backend, 
Registering time when event is handled for test-pod-63: 1753882264.9469452
Registering time when event comes in for test-pod-71: 1753882264.9495096
New pod test-pod-71! old_node = None, new_node = worker-1.
Handling the new pod object: Pod(name=test-pod-71, label_set=LabelSet(labels={'app': 'app-c', 'role': 'database'}), node=Node(name=worker-1)
[136146159920832] Handling pod test-pod-71, locking app:app-crole:backend, app:app-crole:database,  ...
[136145631442624] Pod test-pod-23 handled. Released locks for: app:app-brole:backend, app:app-brole:database, 
Registering time when event is handled for test-pod-23: 1753882264.9563544
New pod: test-pod-49, on node: worker-1
Registering time when event comes in for test-pod-72: 1753882264.9672554
New pod test-pod-72! old_node = None, new_node = worker-1.
Handling the new pod object: Pod(name=test-pod-72, label_set=LabelSet(labels={'app': 'app-a', 'role': 'frontend'}), node=Node(name=worker-1)
[136147059676864] Handling pod test-pod-72, locking app:app-arole:frontend, app:app-arole:backend,  ...
New pod: test-pod-72, on node: worker-1
Registering time when event comes in for test-pod-73: 1753882264.9805543
New pod test-pod-73! old_node = None, new_node = worker-1.
Handling the new pod object: Pod(name=test-pod-73, label_set=LabelSet(labels={'app': 'app-a', 'role': 'backend'}), node=Node(name=worker-1)
[136146688399040] Handling pod test-pod-73, locking app:app-arole:database, app:app-arole:frontend, app:app-arole:backend,  ...
[136146671613632] Pod test-pod-49 handled. Released locks for: app:app-brole:backend, app:app-brole:database, app:app-brole:frontend, 
Registering time when event is handled for test-pod-49: 1753882264.9807756
[136146151528128] Pod test-pod-62 handled. Released locks for: app:app-crole:backend, app:app-crole:database, 
Registering time when event is handled for test-pod-62: 1753882264.980886
New pod: test-pod-69, on node: worker-1
New pod: test-pod-48, on node: worker-1
Registering time when event comes in for test-pod-74: 1753882264.9930549
New pod test-pod-74! old_node = None, new_node = worker-1.
Handling the new pod object: Pod(name=test-pod-74, label_set=LabelSet(labels={'app': 'app-a', 'role': 'database'}), node=Node(name=worker-1)
[136146134742720] Handling pod test-pod-74, locking app:app-arole:backend, app:app-arole:database,  ...
[136147059676864] Pod test-pod-72 handled. Released locks for: app:app-arole:frontend, app:app-arole:backend, 
Registering time when event is handled for test-pod-72: 1753882264.9977767
New pod: test-pod-73, on node: worker-1
Registering time when event comes in for test-pod-75: 1753882265.0087178
New pod test-pod-75! old_node = None, new_node = worker-1.
Handling the new pod object: Pod(name=test-pod-75, label_set=LabelSet(labels={'app': 'app-b', 'role': 'frontend'}), node=Node(name=worker-1)
[136146168313536] Handling pod test-pod-75, locking app:app-brole:backend, app:app-brole:frontend,  ...
[136147091146432] Pod test-pod-69 handled. Released locks for: app:app-crole:frontend, app:app-crole:backend, 
Registering time when event is handled for test-pod-69: 1753882265.0137324
New pod: test-pod-70, on node: worker-1
Registering time when event comes in for test-pod-76: 1753882265.0280352
New pod test-pod-76! old_node = None, new_node = worker-1.
Handling the new pod object: Pod(name=test-pod-76, label_set=LabelSet(labels={'app': 'app-b', 'role': 'backend'}), node=Node(name=worker-1)
2025-07-30 13:31:05,041 [INFO] kopf.objects - Handler 'handle_new_pod/spec.nodeName' succeeded.
2025-07-30 13:31:05,042 [INFO] kopf.objects - Creation is processed: 1 succeeded; 0 failed.
2025-07-30 13:31:05,060 [INFO] kopf.objects - Handler 'handle_new_pod/spec.nodeName' succeeded.
2025-07-30 13:31:05,060 [INFO] kopf.objects - Creation is processed: 1 succeeded; 0 failed.
2025-07-30 13:31:05,073 [INFO] kopf.objects - Handler 'handle_new_pod/spec.nodeName' succeeded.
2025-07-30 13:31:05,073 [INFO] kopf.objects - Creation is processed: 1 succeeded; 0 failed.
2025-07-30 13:31:05,087 [INFO] kopf.objects - Handler 'handle_new_pod/spec.nodeName' succeeded.
2025-07-30 13:31:05,089 [INFO] kopf.objects - Creation is processed: 1 succeeded; 0 failed.
2025-07-30 13:31:05,107 [INFO] kopf.objects - Handler 'handle_new_pod/spec.nodeName' succeeded.
2025-07-30 13:31:05,107 [INFO] kopf.objects - Creation is processed: 1 succeeded; 0 failed.
2025-07-30 13:31:05,121 [INFO] kopf.objects - Handler 'handle_new_pod/spec.nodeName' succeeded.
2025-07-30 13:31:05,121 [INFO] kopf.objects - Creation is processed: 1 succeeded; 0 failed.
2025-07-30 13:31:05,139 [INFO] kopf.objects - Handler 'handle_new_pod/spec.nodeName' succeeded.
2025-07-30 13:31:05,139 [INFO] kopf.objects - Creation is processed: 1 succeeded; 0 failed.
2025-07-30 13:31:05,164 [INFO] kopf.objects - Handler 'handle_new_pod/spec.nodeName' succeeded.
2025-07-30 13:31:05,165 [INFO] kopf.objects - Creation is processed: 1 succeeded; 0 failed.
2025-07-30 13:31:05,174 [INFO] kopf.objects - Handler 'handle_new_pod/spec.nodeName' succeeded.
2025-07-30 13:31:05,174 [INFO] kopf.objects - Creation is processed: 1 succeeded; 0 failed.
2025-07-30 13:31:05,187 [INFO] kopf.objects - Handler 'handle_new_pod/spec.nodeName' succeeded.
2025-07-30 13:31:05,187 [INFO] kopf.objects - Creation is processed: 1 succeeded; 0 failed.
2025-07-30 13:31:05,207 [INFO] kopf.objects - Handler 'handle_new_pod/spec.nodeName' succeeded.
2025-07-30 13:31:05,208 [INFO] kopf.objects - Creation is processed: 1 succeeded; 0 failed.
[136146705184448] Handling pod test-pod-76, locking app:app-brole:backend, app:app-brole:database, app:app-brole:frontend,  ...
[136146696791744] Pod test-pod-48 handled. Released locks for: app:app-brole:backend, app:app-brole:frontend, 
Registering time when event is handled for test-pod-48: 1753882265.0353184
New pod: test-pod-50, on node: worker-1
[136146680006336] Pod test-pod-70 handled. Released locks for: app:app-crole:frontend, app:app-crole:backend, app:app-crole:database, 
Registering time when event is handled for test-pod-70: 1753882265.0409675
New pod: test-pod-71, on node: worker-1
Registering time when event comes in for test-pod-77: 1753882265.0413702
New pod test-pod-77! old_node = None, new_node = worker-1.
Handling the new pod object: Pod(name=test-pod-77, label_set=LabelSet(labels={'app': 'app-b', 'role': 'database'}), node=Node(name=worker-1)
[136146654828224] Handling pod test-pod-77, locking app:app-brole:backend, app:app-brole:database,  ...
[136146688399040] Pod test-pod-73 handled. Released locks for: app:app-arole:database, app:app-arole:frontend, app:app-arole:backend, 
Registering time when event is handled for test-pod-73: 1753882265.0550768
Registering time when event comes in for test-pod-78: 1753882265.0552473
New pod test-pod-78! old_node = None, new_node = worker-1.
Handling the new pod object: Pod(name=test-pod-78, label_set=LabelSet(labels={'app': 'app-c', 'role': 'frontend'}), node=Node(name=worker-1)
[136145631442624] Handling pod test-pod-78, locking app:app-crole:frontend, app:app-crole:backend,  ...
New pod: test-pod-74, on node: worker-1
[136146143135424] Pod test-pod-50 handled. Released locks for: app:app-brole:backend, app:app-brole:database, 
Registering time when event is handled for test-pod-50: 1753882265.072193
New pod: test-pod-58, on node: worker-1
Registering time when event comes in for test-pod-79: 1753882265.0727932
New pod test-pod-79! old_node = None, new_node = worker-1.
Handling the new pod object: Pod(name=test-pod-79, label_set=LabelSet(labels={'app': 'app-c', 'role': 'backend'}), node=Node(name=worker-1)
[136146671613632] Handling pod test-pod-79, locking app:app-crole:frontend, app:app-crole:backend, app:app-crole:database,  ...
[136146134742720] Pod test-pod-74 handled. Released locks for: app:app-arole:backend, app:app-arole:database, 
Registering time when event is handled for test-pod-74: 1753882265.0831072
[136146159920832] Pod test-pod-71 handled. Released locks for: app:app-crole:backend, app:app-crole:database, 
Registering time when event is handled for test-pod-71: 1753882265.0858252
New pod: test-pod-78, on node: worker-1
Registering time when event comes in for test-pod-80: 1753882265.0890443
New pod test-pod-80! old_node = None, new_node = worker-1.
Handling the new pod object: Pod(name=test-pod-80, label_set=LabelSet(labels={'app': 'app-c', 'role': 'database'}), node=Node(name=worker-1)
[136146151528128] Handling pod test-pod-80, locking app:app-crole:backend, app:app-crole:database,  ...
[136145631442624] Pod test-pod-78 handled. Released locks for: app:app-crole:frontend, app:app-crole:backend, 
Registering time when event is handled for test-pod-78: 1753882265.1036432
New pod: test-pod-79, on node: worker-1
Registering time when event comes in for test-pod-81: 1753882265.105393
New pod test-pod-81! old_node = None, new_node = worker-1.
Handling the new pod object: Pod(name=test-pod-81, label_set=LabelSet(labels={'app': 'app-a', 'role': 'frontend'}), node=Node(name=worker-1)
[136147059676864] Handling pod test-pod-81, locking app:app-arole:frontend, app:app-arole:backend,  ...
New pod: test-pod-81, on node: worker-1
[136146126350016] Pod test-pod-58 handled. Released locks for: app:app-brole:backend, app:app-brole:database, app:app-brole:frontend, 
Registering time when event is handled for test-pod-58: 1753882265.112184
New pod: test-pod-59, on node: worker-1
Registering time when event comes in for test-pod-82: 1753882265.1207938
New pod test-pod-82! old_node = None, new_node = worker-1.
Handling the new pod object: Pod(name=test-pod-82, label_set=LabelSet(labels={'app': 'app-a', 'role': 'backend'}), node=Node(name=worker-1)
[136147091146432] Handling pod test-pod-82, locking app:app-arole:database, app:app-arole:frontend, app:app-arole:backend,  ...
[136147076462272] Pod test-pod-59 handled. Released locks for: app:app-brole:backend, app:app-brole:database, 
Registering time when event is handled for test-pod-59: 1753882265.1261842
New pod: test-pod-57, on node: worker-1
[136146671613632] Pod test-pod-79 handled. Released locks for: app:app-crole:frontend, app:app-crole:backend, app:app-crole:database, 
Registering time when event is handled for test-pod-79: 1753882265.1347988
[136147059676864] Pod test-pod-81 handled. Released locks for: app:app-arole:frontend, app:app-arole:backend, 
Registering time when event is handled for test-pod-81: 1753882265.135164
New pod: test-pod-82, on node: worker-1
New pod: test-pod-80, on node: worker-1
Registering time when event comes in for test-pod-83: 1753882265.137854
New pod test-pod-83! old_node = None, new_node = worker-1.
Handling the new pod object: Pod(name=test-pod-83, label_set=LabelSet(labels={'app': 'app-a', 'role': 'database'}), node=Node(name=worker-1)
[136146696791744] Handling pod test-pod-83, locking app:app-arole:backend, app:app-arole:database,  ...
[136146663220928] Pod test-pod-57 handled. Released locks for: app:app-brole:backend, app:app-brole:frontend, 
Registering time when event is handled for test-pod-57: 1753882265.159048
Registering time when event comes in for test-pod-85: 1753882265.159616
New pod test-pod-85! old_node = None, new_node = worker-1.
Handling the new pod object: Pod(name=test-pod-85, label_set=LabelSet(labels={'app': 'app-b', 'role': 'backend'}), node=Node(name=worker-1)
[136146680006336] Handling pod test-pod-85, locking app:app-brole:backend, app:app-brole:database, app:app-brole:frontend,  ...
New pod: test-pod-67, on node: worker-1
[136147091146432] Pod test-pod-82 handled. Released locks for: app:app-arole:database, app:app-arole:frontend, app:app-arole:backend, 
Registering time when event is handled for test-pod-82: 1753882265.1639242
New pod: test-pod-83, on node: worker-1
[136146151528128] Pod test-pod-80 handled. Released locks for: app:app-crole:backend, app:app-crole:database, 
Registering time when event is handled for test-pod-80: 1753882265.1698303
Registering time when event comes in for test-pod-87: 1753882265.170398
New pod test-pod-87! old_node = None, new_node = worker-1.
Handling the new pod object: Pod(name=test-pod-87, label_set=LabelSet(labels={'app': 'app-c', 'role': 'frontend'}), node=Node(name=worker-1)
[136146688399040] Handling pod test-pod-87, locking app:app-crole:frontend, app:app-crole:backend,  ...
New pod: test-pod-87, on node: worker-1
Registering time when event comes in for test-pod-84: 1753882265.1829097
New pod test-pod-84! old_node = None, new_node = worker-1.
Handling the new pod object: Pod(name=test-pod-84, label_set=LabelSet(labels={'app': 'app-b', 'role': 'frontend'}), node=Node(name=worker-1)
[136146143135424] Handling pod test-pod-84, locking app:app-brole:backend, app:app-brole:frontend,  ...
[136147068069568] Pod test-pod-67 handled. Released locks for: app:app-brole:backend, app:app-brole:database, app:app-brole:frontend, 
Registering time when event is handled for test-pod-67: 1753882265.1835005
New pod: test-pod-68, on node: worker-1
Registering time when event comes in for test-pod-86: 1753882265.1945586
New pod test-pod-86! old_node = None, new_node = worker-1.
Handling the new pod object: Pod(name=test-pod-86, label_set=LabelSet(labels={'app': 'app-b', 'role': 'database'}), node=Node(name=worker-1)
[136146134742720] Handling pod test-pod-86, locking app:app-brole:backend, app:app-brole:database,  ...
[136146696791744] Pod test-pod-83 handled. Released locks for: app:app-arole:backend, app:app-arole:database, 
Registering time when event is handled for test-pod-83: 1753882265.2071211
Registering time when event comes in for test-pod-91: 1753882265.2160568
New pod test-pod-91! old_node = None, new_node = worker-1.
2025-07-30 13:31:05,220 [INFO] kopf.objects - Handler 'handle_new_pod/spec.nodeName' succeeded.
2025-07-30 13:31:05,221 [INFO] kopf.objects - Creation is processed: 1 succeeded; 0 failed.
2025-07-30 13:31:05,229 [INFO] kopf.objects - Handler 'handle_new_pod/spec.nodeName' succeeded.
2025-07-30 13:31:05,230 [INFO] kopf.objects - Creation is processed: 1 succeeded; 0 failed.
2025-07-30 13:31:05,244 [INFO] kopf.objects - Handler 'handle_new_pod/spec.nodeName' succeeded.
2025-07-30 13:31:05,245 [INFO] kopf.objects - Creation is processed: 1 succeeded; 0 failed.
2025-07-30 13:31:05,258 [INFO] kopf.objects - Handler 'handle_new_pod/spec.nodeName' succeeded.
2025-07-30 13:31:05,259 [INFO] kopf.objects - Creation is processed: 1 succeeded; 0 failed.
2025-07-30 13:31:05,271 [INFO] kopf.objects - Handler 'handle_new_pod/spec.nodeName' succeeded.
2025-07-30 13:31:05,272 [INFO] kopf.objects - Creation is processed: 1 succeeded; 0 failed.
2025-07-30 13:31:05,282 [INFO] kopf.objects - Handler 'handle_new_pod/spec.nodeName' succeeded.
2025-07-30 13:31:05,282 [INFO] kopf.objects - Creation is processed: 1 succeeded; 0 failed.
2025-07-30 13:31:05,299 [INFO] kopf.objects - Handler 'handle_new_pod/spec.nodeName' succeeded.
2025-07-30 13:31:05,299 [INFO] kopf.objects - Creation is processed: 1 succeeded; 0 failed.
2025-07-30 13:31:05,323 [INFO] kopf.objects - Handler 'handle_new_pod/spec.nodeName' succeeded.
2025-07-30 13:31:05,324 [INFO] kopf.objects - Creation is processed: 1 succeeded; 0 failed.
2025-07-30 13:31:05,342 [INFO] kopf.objects - Handler 'handle_new_pod/spec.nodeName' succeeded.
2025-07-30 13:31:05,342 [INFO] kopf.objects - Creation is processed: 1 succeeded; 0 failed.
2025-07-30 13:31:05,359 [INFO] kopf.objects - Handler 'handle_new_pod/spec.nodeName' succeeded.
2025-07-30 13:31:05,360 [INFO] kopf.objects - Creation is processed: 1 succeeded; 0 failed.
2025-07-30 13:31:05,373 [INFO] kopf.objects - Handler 'handle_new_pod/spec.nodeName' succeeded.
2025-07-30 13:31:05,373 [INFO] kopf.objects - Creation is processed: 1 succeeded; 0 failed.
2025-07-30 13:31:05,389 [INFO] kopf.objects - Handler 'handle_new_pod/spec.nodeName' succeeded.
2025-07-30 13:31:05,389 [INFO] kopf.objects - Creation is processed: 1 succeeded; 0 failed.
2025-07-30 13:31:05,400 [INFO] kopf.objects - Handler 'handle_new_pod/spec.nodeName' succeeded.
2025-07-30 13:31:05,401 [INFO] kopf.objects - Creation is processed: 1 succeeded; 0 failed.
Handling the new pod object: Pod(name=test-pod-91, label_set=LabelSet(labels={'app': 'app-a', 'role': 'backend'}), node=Node(name=worker-1)
[136146159920832] Handling pod test-pod-91, locking app:app-arole:database, app:app-arole:frontend, app:app-arole:backend,  ...
New pod: test-pod-91, on node: worker-1
[136146117957312] Pod test-pod-68 handled. Released locks for: app:app-brole:backend, app:app-brole:database, 
Registering time when event is handled for test-pod-68: 1753882265.21891
[136146688399040] Pod test-pod-87 handled. Released locks for: app:app-crole:frontend, app:app-crole:backend, 
Registering time when event is handled for test-pod-87: 1753882265.2192416
New pod: test-pod-66, on node: worker-1
Registering time when event comes in for test-pod-88: 1753882265.2290134
New pod test-pod-88! old_node = None, new_node = worker-1.
Handling the new pod object: Pod(name=test-pod-88, label_set=LabelSet(labels={'app': 'app-c', 'role': 'backend'}), node=Node(name=worker-1)
[136145631442624] Handling pod test-pod-88, locking app:app-crole:frontend, app:app-crole:backend, app:app-crole:database,  ...
New pod: test-pod-88, on node: worker-1
[136146159920832] Pod test-pod-91 handled. Released locks for: app:app-arole:database, app:app-arole:frontend, app:app-arole:backend, 
Registering time when event is handled for test-pod-91: 1753882265.2372708
Registering time when event comes in for test-pod-90: 1753882265.243315
New pod test-pod-90! old_node = None, new_node = worker-1.
Handling the new pod object: Pod(name=test-pod-90, label_set=LabelSet(labels={'app': 'app-a', 'role': 'frontend'}), node=Node(name=worker-1)
[136146126350016] Handling pod test-pod-90, locking app:app-arole:frontend, app:app-arole:backend,  ...
New pod: test-pod-90, on node: worker-1
[136147051284160] Pod test-pod-66 handled. Released locks for: app:app-brole:backend, app:app-brole:frontend, 
Registering time when event is handled for test-pod-66: 1753882265.253085
New pod: test-pod-75, on node: worker-1
[136145631442624] Pod test-pod-88 handled. Released locks for: app:app-crole:frontend, app:app-crole:backend, app:app-crole:database, 
Registering time when event is handled for test-pod-88: 1753882265.2535286
Registering time when event comes in for test-pod-89: 1753882265.2617602
New pod test-pod-89! old_node = None, new_node = worker-1.
Handling the new pod object: Pod(name=test-pod-89, label_set=LabelSet(labels={'app': 'app-c', 'role': 'database'}), node=Node(name=worker-1)
[136147076462272] Handling pod test-pod-89, locking app:app-crole:backend, app:app-crole:database,  ...
New pod: test-pod-89, on node: worker-1
Registering time when event comes in for test-pod-92: 1753882265.27132
New pod test-pod-92! old_node = None, new_node = worker-1.
Handling the new pod object: Pod(name=test-pod-92, label_set=LabelSet(labels={'app': 'app-a', 'role': 'database'}), node=Node(name=worker-1)
[136146671613632] Handling pod test-pod-92, locking app:app-arole:backend, app:app-arole:database,  ...
[136146168313536] Pod test-pod-75 handled. Released locks for: app:app-brole:backend, app:app-brole:frontend, 
Registering time when event is handled for test-pod-75: 1753882265.2815187
[136147076462272] Pod test-pod-89 handled. Released locks for: app:app-crole:backend, app:app-crole:database, 
Registering time when event is handled for test-pod-89: 1753882265.2816234
New pod: test-pod-76, on node: worker-1
Registering time when event comes in for test-pod-93: 1753882265.2819943
New pod test-pod-93! old_node = None, new_node = worker-1.
Handling the new pod object: Pod(name=test-pod-93, label_set=LabelSet(labels={'app': 'app-b', 'role': 'frontend'}), node=Node(name=worker-1)
[136147059676864] Handling pod test-pod-93, locking app:app-brole:backend, app:app-brole:frontend,  ...
[136146126350016] Pod test-pod-90 handled. Released locks for: app:app-arole:frontend, app:app-arole:backend, 
Registering time when event is handled for test-pod-90: 1753882265.2928226
New pod: test-pod-92, on node: worker-1
Registering time when event comes in for test-pod-94: 1753882265.2987168
New pod test-pod-94! old_node = None, new_node = worker-1.
Handling the new pod object: Pod(name=test-pod-94, label_set=LabelSet(labels={'app': 'app-b', 'role': 'backend'}), node=Node(name=worker-1)
[136146663220928] Handling pod test-pod-94, locking app:app-brole:backend, app:app-brole:database, app:app-brole:frontend,  ...
Registering time when event comes in for test-pod-95: 1753882265.3230066
New pod test-pod-95! old_node = None, new_node = worker-1.
Handling the new pod object: Pod(name=test-pod-95, label_set=LabelSet(labels={'app': 'app-b', 'role': 'database'}), node=Node(name=worker-1)
[136147091146432] Handling pod test-pod-95, locking app:app-brole:backend, app:app-brole:database,  ...
[136146671613632] Pod test-pod-92 handled. Released locks for: app:app-arole:backend, app:app-arole:database, 
Registering time when event is handled for test-pod-92: 1753882265.3345666
[136146705184448] Pod test-pod-76 handled. Released locks for: app:app-brole:backend, app:app-brole:database, app:app-brole:frontend, 
Registering time when event is handled for test-pod-76: 1753882265.3400538
Registering time when event comes in for test-pod-96: 1753882265.3401647
New pod test-pod-96! old_node = None, new_node = worker-1.
Handling the new pod object: Pod(name=test-pod-96, label_set=LabelSet(labels={'app': 'app-c', 'role': 'frontend'}), node=Node(name=worker-1)
[136146151528128] Handling pod test-pod-96, locking app:app-crole:frontend, app:app-crole:backend,  ...
New pod: test-pod-96, on node: worker-1
New pod: test-pod-77, on node: worker-1
[136146151528128] Pod test-pod-96 handled. Released locks for: app:app-crole:frontend, app:app-crole:backend, 
Registering time when event is handled for test-pod-96: 1753882265.3568726
Registering time when event comes in for test-pod-97: 1753882265.3579576
New pod test-pod-97! old_node = None, new_node = worker-1.
Handling the new pod object: Pod(name=test-pod-97, label_set=LabelSet(labels={'app': 'app-c', 'role': 'backend'}), node=Node(name=worker-1)
[136147068069568] Handling pod test-pod-97, locking app:app-crole:frontend, app:app-crole:backend, app:app-crole:database,  ...
New pod: test-pod-97, on node: worker-1
[136146654828224] Pod test-pod-77 handled. Released locks for: app:app-brole:backend, app:app-brole:database, 
Registering time when event is handled for test-pod-77: 1753882265.3690872
New pod: test-pod-85, on node: worker-1
Registering time when event comes in for test-pod-98: 1753882265.371864
New pod test-pod-98! old_node = None, new_node = worker-1.
Handling the new pod object: Pod(name=test-pod-98, label_set=LabelSet(labels={'app': 'app-c', 'role': 'database'}), node=Node(name=worker-1)
[136146696791744] Handling pod test-pod-98, locking app:app-crole:backend, app:app-crole:database,  ...
[136147068069568] Pod test-pod-97 handled. Released locks for: app:app-crole:frontend, app:app-crole:backend, app:app-crole:database, 
Registering time when event is handled for test-pod-97: 1753882265.38459
New pod: test-pod-98, on node: worker-1
Registering time when event comes in for test-pod-99: 1753882265.386802
New pod test-pod-99! old_node = None, new_node = worker-1.
Handling the new pod object: Pod(name=test-pod-99, label_set=LabelSet(labels={'app': 'app-a', 'role': 'frontend'}), node=Node(name=worker-1)
[136146117957312] Handling pod test-pod-99, locking app:app-arole:frontend, app:app-arole:backend,  ...
New pod: test-pod-99, on node: worker-1
Registering time when event comes in for test-pod-100: 1753882265.4008908
New pod test-pod-100! old_node = None, new_node = worker-1.
Handling the new pod object: Pod(name=test-pod-100, label_set=LabelSet(labels={'app': 'app-a', 'role': 'backend'}), node=Node(name=worker-1)
[136146688399040] Handling pod test-pod-100, locking app:app-arole:database, app:app-arole:frontend, app:app-arole:backend,  ...
[136146696791744] Pod test-pod-98 handled. Released locks for: app:app-crole:backend, app:app-crole:database, 
Registering time when event is handled for test-pod-98: 1753882265.405357
2025-07-30 13:31:05,410 [INFO] kopf.objects - Handler 'handle_new_pod/spec.nodeName' succeeded.
2025-07-30 13:31:05,411 [INFO] kopf.objects - Creation is processed: 1 succeeded; 0 failed.
2025-07-30 13:31:05,425 [INFO] kopf.objects - Handler 'handle_new_pod/spec.nodeName' succeeded.
2025-07-30 13:31:05,425 [INFO] kopf.objects - Creation is processed: 1 succeeded; 0 failed.
2025-07-30 13:31:05,443 [INFO] kopf.objects - Handler 'handle_new_pod/spec.nodeName' succeeded.
2025-07-30 13:31:05,443 [INFO] kopf.objects - Creation is processed: 1 succeeded; 0 failed.
2025-07-30 13:31:05,455 [INFO] kopf.objects - Handler 'handle_new_pod/spec.nodeName' succeeded.
2025-07-30 13:31:05,455 [INFO] kopf.objects - Creation is processed: 1 succeeded; 0 failed.
2025-07-30 13:31:05,470 [INFO] kopf.objects - Handler 'handle_new_pod/spec.nodeName' succeeded.
2025-07-30 13:31:05,471 [INFO] kopf.objects - Creation is processed: 1 succeeded; 0 failed.
2025-07-30 13:31:05,485 [INFO] kopf.objects - Handler 'handle_new_pod/spec.nodeName' succeeded.
2025-07-30 13:31:05,486 [INFO] kopf.objects - Creation is processed: 1 succeeded; 0 failed.
2025-07-30 13:31:05,497 [INFO] kopf.objects - Handler 'handle_new_pod/spec.nodeName' succeeded.
2025-07-30 13:31:05,498 [INFO] kopf.objects - Creation is processed: 1 succeeded; 0 failed.
2025-07-30 13:31:05,510 [INFO] kopf.objects - Handler 'handle_new_pod/spec.nodeName' succeeded.
2025-07-30 13:31:05,510 [INFO] kopf.objects - Creation is processed: 1 succeeded; 0 failed.
2025-07-30 13:31:05,523 [INFO] kopf.objects - Handler 'handle_new_pod/spec.nodeName' succeeded.
2025-07-30 13:31:05,524 [INFO] kopf.objects - Creation is processed: 1 succeeded; 0 failed.
2025-07-30 13:31:05,534 [INFO] kopf.objects - Handler 'handle_new_pod/spec.nodeName' succeeded.
2025-07-30 13:31:05,534 [INFO] kopf.objects - Creation is processed: 1 succeeded; 0 failed.
2025-07-30 13:31:05,546 [INFO] kopf.objects - Handler 'handle_new_pod/spec.nodeName' succeeded.
2025-07-30 13:31:05,546 [INFO] kopf.objects - Creation is processed: 1 succeeded; 0 failed.
2025-07-30 13:31:05,565 [INFO] kopf.objects - Handler 'handle_new_pod/spec.nodeName' succeeded.
2025-07-30 13:31:05,566 [INFO] kopf.objects - Creation is processed: 1 succeeded; 0 failed.
2025-07-30 13:31:05,580 [INFO] kopf.objects - Handler 'handle_new_pod/spec.nodeName' succeeded.
2025-07-30 13:31:05,581 [INFO] kopf.objects - Creation is processed: 1 succeeded; 0 failed.
2025-07-30 13:31:05,593 [INFO] kopf.objects - Handler 'handle_new_pod/spec.nodeName' succeeded.
2025-07-30 13:31:05,594 [INFO] kopf.objects - Creation is processed: 1 succeeded; 0 failed.
2025-07-30 13:31:05,606 [INFO] kopf.objects - Handler 'handle_new_pod/spec.nodeName' succeeded.
2025-07-30 13:31:05,606 [INFO] kopf.objects - Creation is processed: 1 succeeded; 0 failed.
2025-07-30 13:31:05,619 [INFO] kopf.objects - Handler 'handle_new_pod/spec.nodeName' succeeded.
2025-07-30 13:31:05,619 [INFO] kopf.objects - Creation is processed: 1 succeeded; 0 failed.
2025-07-30 13:31:05,633 [INFO] kopf.objects - Handler 'handle_new_pod/spec.nodeName' succeeded.
2025-07-30 13:31:05,633 [INFO] kopf.objects - Creation is processed: 1 succeeded; 0 failed.
2025-07-30 13:31:05,647 [INFO] kopf.objects - Handler 'handle_new_pod/spec.nodeName' succeeded.
2025-07-30 13:31:05,647 [INFO] kopf.objects - Creation is processed: 1 succeeded; 0 failed.
2025-07-30 13:31:05,657 [INFO] kopf.objects - Handler 'handle_new_pod/spec.nodeName' succeeded.
2025-07-30 13:31:05,657 [INFO] kopf.objects - Creation is processed: 1 succeeded; 0 failed.
2025-07-30 13:31:05,676 [INFO] kopf.objects - Handler 'handle_new_pod/spec.nodeName' succeeded.
2025-07-30 13:31:05,677 [INFO] kopf.objects - Creation is processed: 1 succeeded; 0 failed.
2025-07-30 13:31:05,689 [INFO] kopf.objects - Handler 'handle_new_pod/spec.nodeName' succeeded.
2025-07-30 13:31:05,691 [INFO] kopf.objects - Creation is processed: 1 succeeded; 0 failed.
2025-07-30 13:31:05,704 [INFO] kopf.objects - Handler 'handle_new_pod/spec.nodeName' succeeded.
2025-07-30 13:31:05,705 [INFO] kopf.objects - Creation is processed: 1 succeeded; 0 failed.
2025-07-30 13:31:05,721 [INFO] kopf.objects - Handler 'handle_new_pod/spec.nodeName' succeeded.
2025-07-30 13:31:05,722 [INFO] kopf.objects - Creation is processed: 1 succeeded; 0 failed.
2025-07-30 13:31:05,738 [INFO] kopf.objects - Handler 'handle_new_pod/spec.nodeName' succeeded.
2025-07-30 13:31:05,738 [INFO] kopf.objects - Creation is processed: 1 succeeded; 0 failed.
2025-07-30 13:31:05,754 [INFO] kopf.objects - Handler 'handle_new_pod/spec.nodeName' succeeded.
2025-07-30 13:31:05,755 [INFO] kopf.objects - Creation is processed: 1 succeeded; 0 failed.
