2025-07-30 09:02:47,610 [INFO] /app/code/main_operator.py - Starting Operator with 20 workers.
2025-07-30 09:02:47,612 [INFO] /app/code/main_operator.py - 🚀 Starting Kopf operator in mode: PLS, watching the test-thesis namespace.
2025-07-30 09:02:47,614 [INFO] root - Initializing Openstack Client!
2025-07-30 09:02:47,797 [INFO] root - ================================= LIGHT INITIALISATION DONE (Nodes added)=====================================
2025-07-30 09:02:47,810 [INFO] root - Grasshopper was running, initializing cluster state from database.
2025-07-30 09:02:47,810 [INFO] root - ============= INITIALISING CLUSTER STATE FROM DATABASE ==============
2025-07-30 09:02:47,816 [INFO] root - --------------
Cluster State:
Nodes:
  - Node(name=master-node)
  - Node(name=worker)
  - Node(name=worker-1)
  - Node(name=worker-2)

Pods:
  None

Policies:
  None

Offending Policies:
  None

Security Groups:
  None

Label Sets to Map Entries:
  None
--------------
2025-07-30 09:02:47,817 [INFO] root - ================== END OF INITIALISATION ===========================
2025-07-30 09:02:47,817 [INFO] operator_code.watcher_operator - Watcher class for Kopf Operator!
2025-07-30 09:02:47,818 [INFO] kopf.activities.startup - Activity 'startup_handler' succeeded.
2025-07-30 09:02:47,819 [INFO] kopf._core.engines.activities - Initial authentication has been initiated.
2025-07-30 09:02:47,824 [INFO] kopf.activities.authentication - Activity 'login_via_client' succeeded.
2025-07-30 09:02:47,825 [INFO] kopf._core.engines.activities - Initial authentication has finished.
2025-07-30 09:02:47,862 [WARNING] kopf._core.reactor.observation - Not enough permissions to list namespaces. Falling back to a list of namespaces which are assumed to exist: {'test-thesis'}
2025-07-30 09:02:47,885 [WARNING] kopf._core.reactor.observation - Not enough permissions to watch for namespaces: changes (deletion/creation) will not be noticed; the namespaces are only refreshed on operator restarts.
2025-07-30 09:02:52,776 [INFO] kopf.objects - Handler 'handle_new_policy' succeeded.
2025-07-30 09:02:52,777 [INFO] kopf.objects - Creation is processed: 1 succeeded; 0 failed.
2025-07-30 09:02:52,911 [INFO] matcher - PLS: Configuring new spol Policy(name=app-c-allow-frontend-backend, sel=LabelSet(labels={'app': 'app-c', 'role': 'frontend'}), allow=[
(LabelSet(labels={'app': 'app-c', 'role': 'backend'}), Traffic(direction=ingress, port=80, protocol=TCP)) 
])
2025-07-30 09:02:52,922 [INFO] matcher - PLS: Configuring new spol Policy(name=app-c-allow-frontend-backend, sel=LabelSet(labels={'app': 'app-c', 'role': 'frontend'}), allow=[
(LabelSet(labels={'app': 'app-c', 'role': 'backend'}), Traffic(direction=egress, port=80, protocol=TCP)) 
])
2025-07-30 09:02:52,931 [INFO] kopf.objects - Handler 'handle_new_policy' succeeded.
2025-07-30 09:02:52,931 [INFO] kopf.objects - Creation is processed: 1 succeeded; 0 failed.
2025-07-30 09:02:53,033 [INFO] matcher - PLS: Configuring new spol Policy(name=app-c-allow-database-backend, sel=LabelSet(labels={'app': 'app-c', 'role': 'database'}), allow=[
(LabelSet(labels={'app': 'app-c', 'role': 'backend'}), Traffic(direction=ingress, port=80, protocol=TCP)) 
])
2025-07-30 09:02:53,047 [INFO] matcher - PLS: Configuring new spol Policy(name=app-c-allow-database-backend, sel=LabelSet(labels={'app': 'app-c', 'role': 'database'}), allow=[
(LabelSet(labels={'app': 'app-c', 'role': 'backend'}), Traffic(direction=egress, port=80, protocol=TCP)) 
])
2025-07-30 09:02:53,062 [INFO] kopf.objects - Handler 'handle_new_policy' succeeded.
2025-07-30 09:02:53,062 [INFO] kopf.objects - Creation is processed: 1 succeeded; 0 failed.
2025-07-30 09:02:53,144 [INFO] matcher - PLS: Configuring new spol Policy(name=app-c-allow-backend-frontend, sel=LabelSet(labels={'app': 'app-c', 'role': 'backend'}), allow=[
(LabelSet(labels={'app': 'app-c', 'role': 'frontend'}), Traffic(direction=ingress, port=80, protocol=TCP)) 
])
2025-07-30 09:02:53,158 [INFO] matcher - PLS: Configuring new spol Policy(name=app-c-allow-backend-frontend, sel=LabelSet(labels={'app': 'app-c', 'role': 'backend'}), allow=[
(LabelSet(labels={'app': 'app-c', 'role': 'frontend'}), Traffic(direction=egress, port=80, protocol=TCP)) 
])
2025-07-30 09:02:53,174 [INFO] kopf.objects - Handler 'handle_new_policy' succeeded.
2025-07-30 09:02:53,174 [INFO] kopf.objects - Creation is processed: 1 succeeded; 0 failed.
2025-07-30 09:02:53,265 [INFO] matcher - PLS: Configuring new spol Policy(name=app-c-allow-backend-database, sel=LabelSet(labels={'app': 'app-c', 'role': 'backend'}), allow=[
(LabelSet(labels={'app': 'app-c', 'role': 'database'}), Traffic(direction=ingress, port=80, protocol=TCP)) 
])
2025-07-30 09:02:53,279 [INFO] matcher - PLS: Configuring new spol Policy(name=app-c-allow-backend-database, sel=LabelSet(labels={'app': 'app-c', 'role': 'backend'}), allow=[
(LabelSet(labels={'app': 'app-c', 'role': 'database'}), Traffic(direction=egress, port=80, protocol=TCP)) 
])
2025-07-30 09:02:53,290 [INFO] kopf.objects - Handler 'handle_new_policy' succeeded.
2025-07-30 09:02:53,291 [INFO] kopf.objects - Creation is processed: 1 succeeded; 0 failed.
2025-07-30 09:02:53,383 [INFO] matcher - PLS: Configuring new spol Policy(name=app-b-allow-backend-database, sel=LabelSet(labels={'app': 'app-b', 'role': 'backend'}), allow=[
(LabelSet(labels={'app': 'app-b', 'role': 'database'}), Traffic(direction=ingress, port=80, protocol=TCP)) 
])
2025-07-30 09:02:53,401 [INFO] matcher - PLS: Configuring new spol Policy(name=app-b-allow-backend-database, sel=LabelSet(labels={'app': 'app-b', 'role': 'backend'}), allow=[
(LabelSet(labels={'app': 'app-b', 'role': 'database'}), Traffic(direction=egress, port=80, protocol=TCP)) 
])
2025-07-30 09:02:53,416 [INFO] kopf.objects - Handler 'handle_new_policy' succeeded.
2025-07-30 09:02:53,417 [INFO] kopf.objects - Creation is processed: 1 succeeded; 0 failed.
2025-07-30 09:02:53,471 [INFO] matcher - PLS: Configuring new spol Policy(name=app-b-allow-database-backend, sel=LabelSet(labels={'app': 'app-b', 'role': 'database'}), allow=[
(LabelSet(labels={'app': 'app-b', 'role': 'backend'}), Traffic(direction=ingress, port=80, protocol=TCP)) 
])
2025-07-30 09:02:53,483 [INFO] matcher - PLS: Configuring new spol Policy(name=app-b-allow-database-backend, sel=LabelSet(labels={'app': 'app-b', 'role': 'database'}), allow=[
(LabelSet(labels={'app': 'app-b', 'role': 'backend'}), Traffic(direction=egress, port=80, protocol=TCP)) 
])
2025-07-30 09:02:53,497 [INFO] kopf.objects - Handler 'handle_new_policy' succeeded.
2025-07-30 09:02:53,497 [INFO] kopf.objects - Creation is processed: 1 succeeded; 0 failed.
2025-07-30 09:02:53,593 [INFO] matcher - PLS: Configuring new spol Policy(name=app-b-allow-frontend-backend, sel=LabelSet(labels={'app': 'app-b', 'role': 'frontend'}), allow=[
(LabelSet(labels={'app': 'app-b', 'role': 'backend'}), Traffic(direction=ingress, port=80, protocol=TCP)) 
])
2025-07-30 09:02:53,603 [INFO] matcher - PLS: Configuring new spol Policy(name=app-b-allow-frontend-backend, sel=LabelSet(labels={'app': 'app-b', 'role': 'frontend'}), allow=[
(LabelSet(labels={'app': 'app-b', 'role': 'backend'}), Traffic(direction=egress, port=80, protocol=TCP)) 
])
2025-07-30 09:02:53,616 [INFO] kopf.objects - Handler 'handle_new_policy' succeeded.
2025-07-30 09:02:53,617 [INFO] kopf.objects - Creation is processed: 1 succeeded; 0 failed.
2025-07-30 09:02:53,689 [INFO] kopf.objects - Handler 'handle_new_policy' succeeded.
2025-07-30 09:02:53,691 [INFO] kopf.objects - Creation is processed: 1 succeeded; 0 failed.
2025-07-30 09:02:53,790 [INFO] matcher - PLS: Configuring new spol Policy(name=app-b-allow-backend-frontend, sel=LabelSet(labels={'app': 'app-b', 'role': 'backend'}), allow=[
(LabelSet(labels={'app': 'app-b', 'role': 'frontend'}), Traffic(direction=ingress, port=80, protocol=TCP)) 
])
2025-07-30 09:02:53,801 [INFO] matcher - PLS: Configuring new spol Policy(name=app-b-allow-backend-frontend, sel=LabelSet(labels={'app': 'app-b', 'role': 'backend'}), allow=[
(LabelSet(labels={'app': 'app-b', 'role': 'frontend'}), Traffic(direction=egress, port=80, protocol=TCP)) 
])
2025-07-30 09:02:53,812 [INFO] kopf.objects - Handler 'handle_new_policy' succeeded.
2025-07-30 09:02:53,812 [INFO] kopf.objects - Creation is processed: 1 succeeded; 0 failed.
2025-07-30 09:02:53,918 [INFO] matcher - PLS: Configuring new spol Policy(name=app-a-allow-backend-database, sel=LabelSet(labels={'app': 'app-a', 'role': 'backend'}), allow=[
(LabelSet(labels={'app': 'app-a', 'role': 'database'}), Traffic(direction=ingress, port=80, protocol=TCP)) 
])
2025-07-30 09:02:53,931 [INFO] matcher - PLS: Configuring new spol Policy(name=app-a-allow-backend-database, sel=LabelSet(labels={'app': 'app-a', 'role': 'backend'}), allow=[
(LabelSet(labels={'app': 'app-a', 'role': 'database'}), Traffic(direction=egress, port=80, protocol=TCP)) 
])
2025-07-30 09:02:53,945 [INFO] kopf.objects - Handler 'handle_new_policy' succeeded.
2025-07-30 09:02:53,945 [INFO] kopf.objects - Creation is processed: 1 succeeded; 0 failed.
2025-07-30 09:02:53,989 [INFO] matcher - PLS: Configuring new spol Policy(name=app-a-allow-frontend-backend, sel=LabelSet(labels={'app': 'app-a', 'role': 'frontend'}), allow=[
(LabelSet(labels={'app': 'app-a', 'role': 'backend'}), Traffic(direction=ingress, port=80, protocol=TCP)) 
])
2025-07-30 09:02:54,000 [INFO] matcher - PLS: Configuring new spol Policy(name=app-a-allow-frontend-backend, sel=LabelSet(labels={'app': 'app-a', 'role': 'frontend'}), allow=[
(LabelSet(labels={'app': 'app-a', 'role': 'backend'}), Traffic(direction=egress, port=80, protocol=TCP)) 
])
2025-07-30 09:02:54,012 [INFO] kopf.objects - Handler 'handle_new_policy' succeeded.
2025-07-30 09:02:54,013 [INFO] kopf.objects - Creation is processed: 1 succeeded; 0 failed.
2025-07-30 09:02:54,093 [INFO] matcher - PLS: Configuring new spol Policy(name=app-a-allow-backend-frontend, sel=LabelSet(labels={'app': 'app-a', 'role': 'backend'}), allow=[
(LabelSet(labels={'app': 'app-a', 'role': 'frontend'}), Traffic(direction=ingress, port=80, protocol=TCP)) 
])
2025-07-30 09:02:54,107 [INFO] matcher - PLS: Configuring new spol Policy(name=app-a-allow-backend-frontend, sel=LabelSet(labels={'app': 'app-a', 'role': 'backend'}), allow=[
(LabelSet(labels={'app': 'app-a', 'role': 'frontend'}), Traffic(direction=egress, port=80, protocol=TCP)) 
])
2025-07-30 09:02:54,121 [INFO] kopf.objects - Handler 'handle_new_policy' succeeded.
2025-07-30 09:02:54,122 [INFO] kopf.objects - Creation is processed: 1 succeeded; 0 failed.
2025-07-30 09:02:54,183 [INFO] kopf.objects - Handler 'handle_new_policy' succeeded.
2025-07-30 09:02:54,184 [INFO] kopf.objects - Creation is processed: 1 succeeded; 0 failed.
2025-07-30 09:02:54,314 [INFO] matcher - PLS: Configuring new spol Policy(name=app-a-allow-database-backend, sel=LabelSet(labels={'app': 'app-a', 'role': 'database'}), allow=[
(LabelSet(labels={'app': 'app-a', 'role': 'backend'}), Traffic(direction=ingress, port=80, protocol=TCP)) 
])
2025-07-30 09:02:54,327 [INFO] matcher - PLS: Configuring new spol Policy(name=app-a-allow-database-backend, sel=LabelSet(labels={'app': 'app-a', 'role': 'database'}), allow=[
(LabelSet(labels={'app': 'app-a', 'role': 'backend'}), Traffic(direction=egress, port=80, protocol=TCP)) 
])
2025-07-30 09:02:54,340 [INFO] kopf.objects - Handler 'handle_new_policy' succeeded.
2025-07-30 09:02:54,341 [INFO] kopf.objects - Creation is processed: 1 succeeded; 0 failed.
2025-07-30 09:02:55,071 [INFO] matcher - PLS: Configuring new pod with labelset: {L}
2025-07-30 09:02:55,074 [INFO] matcher - PLS: Configuring new spol Policy(name=app-a-allow-backend-frontend, sel=LabelSet(labels={'app': 'app-a', 'role': 'backend'}), allow=[
(LabelSet(labels={'app': 'app-a', 'role': 'frontend'}), Traffic(direction=egress, port=80, protocol=TCP)) 
])
2025-07-30 09:02:55,074 [INFO] matcher - Adding Security Group for select labelset: LabelSet(labels={'app': 'app-a', 'role': 'backend'})
2025-07-30 09:02:55,097 [INFO] matcher - PLS: Configuring new pod with labelset: {L}
2025-07-30 09:02:55,097 [INFO] matcher - PLS: Configuring new spol Policy(name=app-c-allow-backend-frontend, sel=LabelSet(labels={'app': 'app-c', 'role': 'backend'}), allow=[
(LabelSet(labels={'app': 'app-c', 'role': 'frontend'}), Traffic(direction=ingress, port=80, protocol=TCP)) 
])
2025-07-30 09:02:55,097 [INFO] matcher - PLS: Configuring new spol Policy(name=app-c-allow-frontend-backend, sel=LabelSet(labels={'app': 'app-c', 'role': 'frontend'}), allow=[
(LabelSet(labels={'app': 'app-c', 'role': 'backend'}), Traffic(direction=ingress, port=80, protocol=TCP)) 
])
2025-07-30 09:02:55,098 [INFO] matcher - Adding Security Group for select labelset: LabelSet(labels={'app': 'app-c', 'role': 'frontend'})
2025-07-30 09:02:55,101 [INFO] matcher - PLS: Configuring new pod with labelset: {L}
2025-07-30 09:02:55,101 [INFO] matcher - PLS: Configuring new spol Policy(name=app-b-allow-frontend-backend, sel=LabelSet(labels={'app': 'app-b', 'role': 'frontend'}), allow=[
(LabelSet(labels={'app': 'app-b', 'role': 'backend'}), Traffic(direction=ingress, port=80, protocol=TCP)) 
])
2025-07-30 09:02:55,101 [INFO] matcher - Adding Security Group for select labelset: LabelSet(labels={'app': 'app-b', 'role': 'frontend'})
[132435694393024] Handling new policy app-c-deny-all, locking app:app-c,  ...
Successfully added policy app-c-deny-all to ClusterState
[132435694393024] Handled new policy app-c-deny-all, Released app:app-c,  ...
[132435694393024] Handling new policy app-c-allow-frontend-backend, locking app:app-crole:backend, app:app-crole:frontend,  ...
Successfully added policy app-c-allow-frontend-backend to ClusterState
[132435694393024] Handled new policy app-c-allow-frontend-backend, Released app:app-crole:backend, app:app-crole:frontend,  ...
[132435694393024] Handling new policy app-c-allow-database-backend, locking app:app-crole:database, app:app-crole:backend,  ...
Successfully added policy app-c-allow-database-backend to ClusterState
[132435694393024] Handled new policy app-c-allow-database-backend, Released app:app-crole:database, app:app-crole:backend,  ...
[132435694393024] Handling new policy app-c-allow-backend-frontend, locking app:app-crole:frontend, app:app-crole:backend,  ...
Successfully added policy app-c-allow-backend-frontend to ClusterState
[132435694393024] Handled new policy app-c-allow-backend-frontend, Released app:app-crole:frontend, app:app-crole:backend,  ...
[132435694393024] Handling new policy app-c-allow-backend-database, locking app:app-crole:database, app:app-crole:backend,  ...
Successfully added policy app-c-allow-backend-database to ClusterState
[132435694393024] Handled new policy app-c-allow-backend-database, Released app:app-crole:database, app:app-crole:backend,  ...
[132435694393024] Handling new policy app-b-allow-backend-database, locking app:app-brole:database, app:app-brole:backend,  ...
Successfully added policy app-b-allow-backend-database to ClusterState
[132435694393024] Handled new policy app-b-allow-backend-database, Released app:app-brole:database, app:app-brole:backend,  ...
[132435694393024] Handling new policy app-b-allow-database-backend, locking app:app-brole:database, app:app-brole:backend,  ...
Successfully added policy app-b-allow-database-backend to ClusterState
[132435694393024] Handled new policy app-b-allow-database-backend, Released app:app-brole:database, app:app-brole:backend,  ...
[132435694393024] Handling new policy app-b-allow-frontend-backend, locking app:app-brole:backend, app:app-brole:frontend,  ...
Successfully added policy app-b-allow-frontend-backend to ClusterState
[132435694393024] Handled new policy app-b-allow-frontend-backend, Released app:app-brole:backend, app:app-brole:frontend,  ...
[132435694393024] Handling new policy app-b-deny-all, locking app:app-b,  ...
Successfully added policy app-b-deny-all to ClusterState
[132435694393024] Handled new policy app-b-deny-all, Released app:app-b,  ...
[132435694393024] Handling new policy app-b-allow-backend-frontend, locking app:app-brole:backend, app:app-brole:frontend,  ...
Successfully added policy app-b-allow-backend-frontend to ClusterState
[132435694393024] Handled new policy app-b-allow-backend-frontend, Released app:app-brole:backend, app:app-brole:frontend,  ...
[132435694393024] Handling new policy app-a-allow-backend-database, locking app:app-arole:backend, app:app-arole:database,  ...
Successfully added policy app-a-allow-backend-database to ClusterState
[132435694393024] Handled new policy app-a-allow-backend-database, Released app:app-arole:backend, app:app-arole:database,  ...
[132435694393024] Handling new policy app-a-allow-frontend-backend, locking app:app-arole:frontend, app:app-arole:backend,  ...
Successfully added policy app-a-allow-frontend-backend to ClusterState
[132435694393024] Handled new policy app-a-allow-frontend-backend, Released app:app-arole:frontend, app:app-arole:backend,  ...
[132435694393024] Handling new policy app-a-allow-backend-frontend, locking app:app-arole:frontend, app:app-arole:backend,  ...
Successfully added policy app-a-allow-backend-frontend to ClusterState
[132435694393024] Handled new policy app-a-allow-backend-frontend, Released app:app-arole:frontend, app:app-arole:backend,  ...
[132435694393024] Handling new policy app-a-deny-all, locking app:app-a,  ...
Successfully added policy app-a-deny-all to ClusterState
[132435694393024] Handled new policy app-a-deny-all, Released app:app-a,  ...
[132435694393024] Handling new policy app-a-allow-database-backend, locking app:app-arole:backend, app:app-arole:database,  ...
Successfully added policy app-a-allow-database-backend to ClusterState
[132435694393024] Handled new policy app-a-allow-database-backend, Released app:app-arole:backend, app:app-arole:database,  ...
New pod test-pod-1! old_node = None, new_node = worker-1.
Handling the new pod object: Pod(name=test-pod-1, label_set=LabelSet(labels={'app': 'app-a', 'role': 'backend'}), node=Node(name=worker-1)
[132435694393024] Handling pod test-pod-1, locking app:app-arole:frontend, app:app-arole:backend, app:app-arole:database,  ...
New pod: test-pod-1, on node: worker-1
New pod test-pod-3! old_node = None, new_node = worker-1.
Handling the new pod object: Pod(name=test-pod-3, label_set=LabelSet(labels={'app': 'app-b', 'role': 'frontend'}), node=Node(name=worker-1)
[132435679708864] Handling pod test-pod-3, locking app:app-brole:backend, app:app-brole:frontend,  ...
New pod: test-pod-3, on node: worker-1
New pod test-pod-0! old_node = None, new_node = worker-1.
Handling the new pod object: Pod(name=test-pod-0, label_set=LabelSet(labels={'app': 'app-a', 'role': 'frontend'}), node=Node(name=worker-1)
[132435671316160] Handling pod test-pod-0, locking app:app-arole:frontend, app:app-arole:backend,  ...
New pod test-pod-6! old_node = None, new_node = worker-1.
Handling the new pod object: Pod(name=test-pod-6, label_set=LabelSet(labels={'app': 'app-c', 'role': 'frontend'}), node=Node(name=worker-1)
[132435662923456] Handling pod test-pod-6, locking app:app-crole:backend, app:app-crole:frontend,  ...
New pod: test-pod-6, on node: worker-1
New pod test-pod-2! old_node = None, new_node = worker-1.
Handling the new pod object: Pod(name=test-pod-2, label_set=LabelSet(labels={'app': 'app-a', 'role': 'database'}), node=Node(name=worker-1)
[132435450787520] Handling pod test-pod-2, locking app:app-arole:backend, app:app-arole:database,  ...
New pod test-pod-10! old_node = None, new_node = worker-1.
Handling the new pod object: Pod(name=test-pod-10, label_set=LabelSet(labels={'app': 'app-a', 'role': 'backend'}), node=Node(name=worker-1)
[132435442394816] Handling pod test-pod-10, locking app:app-arole:frontend, app:app-arole:backend, app:app-arole:database,  ...
New pod test-pod-8! old_node = None, new_node = worker-1.
Handling the new pod object: Pod(name=test-pod-8, label_set=LabelSet(labels={'app': 'app-c', 'role': 'database'}), node=Node(name=worker-1)
[132435434002112] Handling pod test-pod-8, locking app:app-crole:database, app:app-crole:backend,  ...
New pod test-pod-5! old_node = None, new_node = worker-1.
Handling the new pod object: Pod(name=test-pod-5, label_set=LabelSet(labels={'app': 'app-b', 'role': 'database'}), node=Node(name=worker-1)
[132435425609408] Handling pod test-pod-5, locking app:app-brole:database, app:app-brole:backend,  ...
New pod test-pod-4! old_node = None, new_node = worker-1.
Handling the new pod object: Pod(name=test-pod-4, label_set=LabelSet(labels={'app': 'app-b', 'role': 'backend'}), node=Node(name=worker-1)
[132435417216704] Handling pod test-pod-4, locking app:app-brole:database, app:app-brole:backend, app:app-brole:frontend,  ...
New pod test-pod-7! old_node = None, new_node = worker-1.
Handling the new pod object: Pod(name=test-pod-7, label_set=LabelSet(labels={'app': 'app-c', 'role': 'backend'}), node=Node(name=worker-1)
[132435408824000] Handling pod test-pod-7, locking app:app-crole:database, app:app-crole:frontend, app:app-crole:backend,  ...
New pod test-pod-14! old_node = None, new_node = worker-1.
Handling the new pod object: Pod(name=test-pod-14, label_set=LabelSet(labels={'app': 'app-b', 'role': 'database'}), node=Node(name=worker-1)
[132435400431296] Handling pod test-pod-14, locking app:app-brole:database, app:app-brole:backend,  ...
New pod test-pod-13! old_node = None, new_node = worker-1.
2025-07-30 09:02:55,525 [INFO] root - Creating security group: SG-app:app-brole:frontend
2025-07-30 09:02:55,532 [INFO] root - Creating security group: SG-app:app-arole:backend
2025-07-30 09:02:55,713 [INFO] root - Creating security group: SG-app:app-crole:frontend
2025-07-30 09:02:55,982 [INFO] security_group_module - Attaching security group SG-app:app-brole:frontend to instance worker-1
2025-07-30 09:02:56,213 [INFO] security_group_module - Attaching security group SG-app:app-crole:frontend to instance worker-1
2025-07-30 09:02:56,634 [INFO] matcher - Adding Security Group for allow labelset: LabelSet(labels={'app': 'app-c', 'role': 'backend'})
2025-07-30 09:02:56,686 [INFO] root - Creating security group: SG-app:app-crole:backend
2025-07-30 09:02:56,723 [INFO] matcher - Adding Security Group for allow labelset: LabelSet(labels={'app': 'app-b', 'role': 'backend'})
2025-07-30 09:02:56,777 [INFO] root - Creating security group: SG-app:app-brole:backend
2025-07-30 09:02:56,841 [INFO] security_group_module - Attaching security group SG-app:app-arole:backend to instance worker-1
2025-07-30 09:02:56,854 [INFO] security_group_module - SGMod: Adding rule to SG-app:app-crole:frontend, remote SG-app:app-crole:backend, port 80, type ingress
2025-07-30 09:02:57,003 [INFO] security_group_module - SGMod: Adding rule to SG-app:app-brole:frontend, remote SG-app:app-brole:backend, port 80, type ingress
2025-07-30 09:02:57,009 [INFO] matcher - PLS: Configuring new spol Policy(name=app-c-allow-frontend-backend, sel=LabelSet(labels={'app': 'app-c', 'role': 'frontend'}), allow=[
(LabelSet(labels={'app': 'app-c', 'role': 'backend'}), Traffic(direction=egress, port=80, protocol=TCP)) 
])
2025-07-30 09:02:57,010 [INFO] matcher - Adding Security Group for select labelset: LabelSet(labels={'app': 'app-c', 'role': 'frontend'})
2025-07-30 09:02:57,010 [INFO] matcher - Adding Security Group for allow labelset: LabelSet(labels={'app': 'app-c', 'role': 'backend'})
2025-07-30 09:02:57,010 [INFO] security_group_module - SGMod: Adding rule to SG-app:app-crole:frontend, remote SG-app:app-crole:backend, port 80, type egress
2025-07-30 09:02:57,099 [INFO] matcher - PLS: Configuring new spol Policy(name=app-b-allow-backend-frontend, sel=LabelSet(labels={'app': 'app-b', 'role': 'backend'}), allow=[
(LabelSet(labels={'app': 'app-b', 'role': 'frontend'}), Traffic(direction=egress, port=80, protocol=TCP)) 
])
2025-07-30 09:02:57,100 [INFO] matcher - PLS: Configuring new spol Policy(name=app-b-allow-frontend-backend, sel=LabelSet(labels={'app': 'app-b', 'role': 'frontend'}), allow=[
(LabelSet(labels={'app': 'app-b', 'role': 'backend'}), Traffic(direction=egress, port=80, protocol=TCP)) 
])
2025-07-30 09:02:57,101 [INFO] matcher - Adding Security Group for select labelset: LabelSet(labels={'app': 'app-b', 'role': 'frontend'})
2025-07-30 09:02:57,102 [INFO] matcher - Adding Security Group for allow labelset: LabelSet(labels={'app': 'app-b', 'role': 'backend'})
2025-07-30 09:02:57,104 [INFO] security_group_module - SGMod: Adding rule to SG-app:app-brole:frontend, remote SG-app:app-brole:backend, port 80, type egress
2025-07-30 09:02:57,163 [INFO] matcher - PLS: Configuring new spol Policy(name=app-c-allow-backend-frontend, sel=LabelSet(labels={'app': 'app-c', 'role': 'backend'}), allow=[
(LabelSet(labels={'app': 'app-c', 'role': 'frontend'}), Traffic(direction=egress, port=80, protocol=TCP)) 
])
2025-07-30 09:02:57,204 [INFO] matcher - PLS: Configuring new spol Policy(name=app-b-allow-backend-frontend, sel=LabelSet(labels={'app': 'app-b', 'role': 'backend'}), allow=[
(LabelSet(labels={'app': 'app-b', 'role': 'frontend'}), Traffic(direction=ingress, port=80, protocol=TCP)) 
])
2025-07-30 09:02:57,372 [INFO] security_group_module - SG-app:app-crole:frontend already attached to worker-1
2025-07-30 09:02:57,374 [INFO] kopf.objects - Handler 'handle_new_pod/spec.nodeName' succeeded.
2025-07-30 09:02:57,375 [INFO] kopf.objects - Creation is processed: 1 succeeded; 0 failed.
2025-07-30 09:02:57,415 [INFO] matcher - PLS: Configuring new pod with labelset: {L}
2025-07-30 09:02:57,416 [INFO] matcher - PLS: Configuring new spol Policy(name=app-c-allow-database-backend, sel=LabelSet(labels={'app': 'app-c', 'role': 'database'}), allow=[
(LabelSet(labels={'app': 'app-c', 'role': 'backend'}), Traffic(direction=ingress, port=80, protocol=TCP)) 
])
2025-07-30 09:02:57,416 [INFO] matcher - Adding Security Group for select labelset: LabelSet(labels={'app': 'app-c', 'role': 'database'})
2025-07-30 09:02:57,528 [INFO] root - Creating security group: SG-app:app-crole:database
2025-07-30 09:02:57,757 [INFO] security_group_module - SG-app:app-brole:frontend already attached to worker-1
2025-07-30 09:02:57,762 [INFO] kopf.objects - Handler 'handle_new_pod/spec.nodeName' succeeded.
2025-07-30 09:02:57,764 [INFO] kopf.objects - Creation is processed: 1 succeeded; 0 failed.
2025-07-30 09:02:57,790 [INFO] matcher - PLS: Configuring new pod with labelset: {L}
2025-07-30 09:02:57,791 [INFO] matcher - PLS: Configuring new spol Policy(name=app-b-allow-backend-database, sel=LabelSet(labels={'app': 'app-b', 'role': 'backend'}), allow=[
(LabelSet(labels={'app': 'app-b', 'role': 'database'}), Traffic(direction=ingress, port=80, protocol=TCP)) 
])
2025-07-30 09:02:57,792 [INFO] matcher - PLS: Configuring new spol Policy(name=app-b-allow-database-backend, sel=LabelSet(labels={'app': 'app-b', 'role': 'database'}), allow=[
(LabelSet(labels={'app': 'app-b', 'role': 'backend'}), Traffic(direction=ingress, port=80, protocol=TCP)) 
])
2025-07-30 09:02:57,792 [INFO] matcher - Adding Security Group for select labelset: LabelSet(labels={'app': 'app-b', 'role': 'database'})
2025-07-30 09:02:57,833 [INFO] root - Creating security group: SG-app:app-brole:database
2025-07-30 09:02:58,257 [INFO] security_group_module - Attaching security group SG-app:app-brole:database to instance worker-1
2025-07-30 09:02:58,319 [INFO] matcher - Adding Security Group for allow labelset: LabelSet(labels={'app': 'app-a', 'role': 'frontend'})
2025-07-30 09:02:58,379 [INFO] root - Creating security group: SG-app:app-arole:frontend
2025-07-30 09:02:58,568 [INFO] security_group_module - SGMod: Adding rule to SG-app:app-arole:backend, remote SG-app:app-arole:frontend, port 80, type egress
2025-07-30 09:02:58,654 [INFO] matcher - PLS: Configuring new spol Policy(name=app-a-allow-frontend-backend, sel=LabelSet(labels={'app': 'app-a', 'role': 'frontend'}), allow=[
(LabelSet(labels={'app': 'app-a', 'role': 'backend'}), Traffic(direction=ingress, port=80, protocol=TCP)) 
])
2025-07-30 09:02:58,656 [INFO] matcher - PLS: Configuring new spol Policy(name=app-a-allow-database-backend, sel=LabelSet(labels={'app': 'app-a', 'role': 'database'}), allow=[
(LabelSet(labels={'app': 'app-a', 'role': 'backend'}), Traffic(direction=ingress, port=80, protocol=TCP)) 
])
2025-07-30 09:02:58,657 [INFO] matcher - PLS: Configuring new spol Policy(name=app-a-allow-database-backend, sel=LabelSet(labels={'app': 'app-a', 'role': 'database'}), allow=[
(LabelSet(labels={'app': 'app-a', 'role': 'backend'}), Traffic(direction=egress, port=80, protocol=TCP)) 
])
2025-07-30 09:02:58,657 [INFO] matcher - PLS: Configuring new spol Policy(name=app-a-allow-backend-database, sel=LabelSet(labels={'app': 'app-a', 'role': 'backend'}), allow=[
(LabelSet(labels={'app': 'app-a', 'role': 'database'}), Traffic(direction=egress, port=80, protocol=TCP)) 
])
2025-07-30 09:02:58,659 [INFO] matcher - Adding Security Group for select labelset: LabelSet(labels={'app': 'app-a', 'role': 'backend'})
2025-07-30 09:02:58,659 [INFO] matcher - Adding Security Group for allow labelset: LabelSet(labels={'app': 'app-a', 'role': 'database'})
2025-07-30 09:02:58,693 [INFO] root - Creating security group: SG-app:app-arole:database
2025-07-30 09:02:58,819 [INFO] security_group_module - SGMod: Adding rule to SG-app:app-arole:backend, remote SG-app:app-arole:database, port 80, type egress
2025-07-30 09:02:58,876 [INFO] matcher - Adding Security Group for allow labelset: LabelSet(labels={'app': 'app-b', 'role': 'backend'})
2025-07-30 09:02:58,876 [INFO] security_group_module - SGMod: Adding rule to SG-app:app-brole:database, remote SG-app:app-brole:backend, port 80, type ingress
2025-07-30 09:02:59,076 [INFO] matcher - PLS: Configuring new spol Policy(name=app-a-allow-backend-database, sel=LabelSet(labels={'app': 'app-a', 'role': 'backend'}), allow=[
(LabelSet(labels={'app': 'app-a', 'role': 'database'}), Traffic(direction=ingress, port=80, protocol=TCP)) 
])
2025-07-30 09:02:59,076 [INFO] matcher - Adding Security Group for select labelset: LabelSet(labels={'app': 'app-a', 'role': 'backend'})
2025-07-30 09:02:59,076 [INFO] matcher - Adding Security Group for allow labelset: LabelSet(labels={'app': 'app-a', 'role': 'database'})
2025-07-30 09:02:59,076 [INFO] security_group_module - SGMod: Adding rule to SG-app:app-arole:backend, remote SG-app:app-arole:database, port 80, type ingress
2025-07-30 09:02:59,087 [INFO] matcher - PLS: Configuring new spol Policy(name=app-b-allow-backend-database, sel=LabelSet(labels={'app': 'app-b', 'role': 'backend'}), allow=[
(LabelSet(labels={'app': 'app-b', 'role': 'database'}), Traffic(direction=egress, port=80, protocol=TCP)) 
])
2025-07-30 09:02:59,088 [INFO] matcher - PLS: Configuring new spol Policy(name=app-b-allow-database-backend, sel=LabelSet(labels={'app': 'app-b', 'role': 'database'}), allow=[
(LabelSet(labels={'app': 'app-b', 'role': 'backend'}), Traffic(direction=egress, port=80, protocol=TCP)) 
])
2025-07-30 09:02:59,088 [INFO] matcher - Adding Security Group for select labelset: LabelSet(labels={'app': 'app-b', 'role': 'database'})
2025-07-30 09:02:59,089 [INFO] matcher - Adding Security Group for allow labelset: LabelSet(labels={'app': 'app-b', 'role': 'backend'})
2025-07-30 09:02:59,089 [INFO] security_group_module - SGMod: Adding rule to SG-app:app-brole:database, remote SG-app:app-brole:backend, port 80, type egress
2025-07-30 09:02:59,208 [INFO] security_group_module - Attaching security group SG-app:app-crole:database to instance worker-1
2025-07-30 09:02:59,321 [INFO] matcher - PLS: Configuring new spol Policy(name=app-a-allow-frontend-backend, sel=LabelSet(labels={'app': 'app-a', 'role': 'frontend'}), allow=[
(LabelSet(labels={'app': 'app-a', 'role': 'backend'}), Traffic(direction=egress, port=80, protocol=TCP)) 
])
2025-07-30 09:02:59,321 [INFO] matcher - PLS: Configuring new spol Policy(name=app-a-allow-backend-frontend, sel=LabelSet(labels={'app': 'app-a', 'role': 'backend'}), allow=[
(LabelSet(labels={'app': 'app-a', 'role': 'frontend'}), Traffic(direction=ingress, port=80, protocol=TCP)) 
])
2025-07-30 09:02:59,322 [INFO] matcher - Adding Security Group for select labelset: LabelSet(labels={'app': 'app-a', 'role': 'backend'})
2025-07-30 09:02:59,322 [INFO] matcher - Adding Security Group for allow labelset: LabelSet(labels={'app': 'app-a', 'role': 'frontend'})
2025-07-30 09:02:59,322 [INFO] security_group_module - SGMod: Adding rule to SG-app:app-arole:backend, remote SG-app:app-arole:frontend, port 80, type ingress
2025-07-30 09:02:59,589 [INFO] matcher - Adding Security Group for allow labelset: LabelSet(labels={'app': 'app-c', 'role': 'backend'})
2025-07-30 09:02:59,589 [INFO] security_group_module - SGMod: Adding rule to SG-app:app-crole:database, remote SG-app:app-crole:backend, port 80, type ingress
2025-07-30 09:02:59,706 [INFO] matcher - PLS: Configuring new spol Policy(name=app-c-allow-backend-database, sel=LabelSet(labels={'app': 'app-c', 'role': 'backend'}), allow=[
(LabelSet(labels={'app': 'app-c', 'role': 'database'}), Traffic(direction=ingress, port=80, protocol=TCP)) 
])
2025-07-30 09:02:59,706 [INFO] matcher - PLS: Configuring new spol Policy(name=app-c-allow-database-backend, sel=LabelSet(labels={'app': 'app-c', 'role': 'database'}), allow=[
(LabelSet(labels={'app': 'app-c', 'role': 'backend'}), Traffic(direction=egress, port=80, protocol=TCP)) 
])
2025-07-30 09:02:59,707 [INFO] matcher - Adding Security Group for select labelset: LabelSet(labels={'app': 'app-c', 'role': 'database'})
2025-07-30 09:02:59,708 [INFO] matcher - Adding Security Group for allow labelset: LabelSet(labels={'app': 'app-c', 'role': 'backend'})
2025-07-30 09:02:59,709 [INFO] security_group_module - SGMod: Adding rule to SG-app:app-crole:database, remote SG-app:app-crole:backend, port 80, type egress
2025-07-30 09:02:59,801 [INFO] security_group_module - SG-app:app-arole:backend already attached to worker-1
2025-07-30 09:02:59,803 [INFO] kopf.objects - Handler 'handle_new_pod/spec.nodeName' succeeded.
2025-07-30 09:02:59,805 [INFO] kopf.objects - Creation is processed: 1 succeeded; 0 failed.
2025-07-30 09:02:59,834 [INFO] matcher - PLS: Configuring new pod with labelset: {L}
2025-07-30 09:02:59,835 [INFO] matcher - PLS: Configuring new spol Policy(name=app-a-allow-backend-frontend, sel=LabelSet(labels={'app': 'app-a', 'role': 'backend'}), allow=[
(LabelSet(labels={'app': 'app-a', 'role': 'frontend'}), Traffic(direction=ingress, port=80, protocol=TCP)) 
])
2025-07-30 09:02:59,836 [INFO] matcher - Adding Security Group for select labelset: LabelSet(labels={'app': 'app-a', 'role': 'backend'})
2025-07-30 09:02:59,836 [INFO] matcher - Adding Security Group for allow labelset: LabelSet(labels={'app': 'app-a', 'role': 'frontend'})
2025-07-30 09:02:59,836 [INFO] security_group_module - SGMod: Adding rule to SG-app:app-arole:backend, remote SG-app:app-arole:frontend, port 80, type ingress
2025-07-30 09:02:59,843 [INFO] matcher - PLS: Configuring new spol Policy(name=app-c-allow-backend-database, sel=LabelSet(labels={'app': 'app-c', 'role': 'backend'}), allow=[
(LabelSet(labels={'app': 'app-c', 'role': 'database'}), Traffic(direction=egress, port=80, protocol=TCP)) 
])
2025-07-30 09:02:59,884 [INFO] security_group_module - SG-app:app-brole:database already attached to worker-1
2025-07-30 09:02:59,887 [INFO] kopf.objects - Handler 'handle_new_pod/spec.nodeName' succeeded.
2025-07-30 09:02:59,887 [INFO] kopf.objects - Creation is processed: 1 succeeded; 0 failed.
2025-07-30 09:02:59,900 [INFO] security_group_module - Cannot add rule to remotes: Security group rule already exists. Rule id is 4dc0e9b9-08b5-4666-88df-27d537f17c8f.
Neutron server returns request_ids: ['req-3e44f6c2-bde5-45df-86c7-31672da65842']
2025-07-30 09:02:59,900 [INFO] matcher - PLS: Configuring new spol Policy(name=app-a-allow-frontend-backend, sel=LabelSet(labels={'app': 'app-a', 'role': 'frontend'}), allow=[
(LabelSet(labels={'app': 'app-a', 'role': 'backend'}), Traffic(direction=ingress, port=80, protocol=TCP)) 
])
2025-07-30 09:02:59,900 [INFO] matcher - Adding Security Group for select labelset: LabelSet(labels={'app': 'app-a', 'role': 'frontend'})
2025-07-30 09:02:59,900 [INFO] matcher - Adding Security Group for allow labelset: LabelSet(labels={'app': 'app-a', 'role': 'backend'})
2025-07-30 09:02:59,900 [INFO] security_group_module - SGMod: Adding rule to SG-app:app-arole:frontend, remote SG-app:app-arole:backend, port 80, type ingress
2025-07-30 09:02:59,927 [INFO] matcher - PLS: Configuring new pod with labelset: {L}
2025-07-30 09:02:59,927 [INFO] matcher - PLS: Configuring new spol Policy(name=app-b-allow-backend-database, sel=LabelSet(labels={'app': 'app-b', 'role': 'backend'}), allow=[
(LabelSet(labels={'app': 'app-b', 'role': 'database'}), Traffic(direction=egress, port=80, protocol=TCP)) 
])
2025-07-30 09:02:59,927 [INFO] matcher - Adding Security Group for select labelset: LabelSet(labels={'app': 'app-b', 'role': 'backend'})
2025-07-30 09:02:59,927 [INFO] matcher - Adding Security Group for allow labelset: LabelSet(labels={'app': 'app-b', 'role': 'database'})
2025-07-30 09:02:59,927 [INFO] security_group_module - SGMod: Adding rule to SG-app:app-brole:backend, remote SG-app:app-brole:database, port 80, type egress
2025-07-30 09:03:00,019 [INFO] matcher - PLS: Configuring new spol Policy(name=app-a-allow-frontend-backend, sel=LabelSet(labels={'app': 'app-a', 'role': 'frontend'}), allow=[
(LabelSet(labels={'app': 'app-a', 'role': 'backend'}), Traffic(direction=egress, port=80, protocol=TCP)) 
])
2025-07-30 09:03:00,020 [INFO] matcher - Adding Security Group for select labelset: LabelSet(labels={'app': 'app-a', 'role': 'frontend'})
2025-07-30 09:03:00,021 [INFO] matcher - Adding Security Group for allow labelset: LabelSet(labels={'app': 'app-a', 'role': 'backend'})
2025-07-30 09:03:00,021 [INFO] security_group_module - SGMod: Adding rule to SG-app:app-arole:frontend, remote SG-app:app-arole:backend, port 80, type egress
2025-07-30 09:03:00,057 [INFO] matcher - PLS: Configuring new spol Policy(name=app-b-allow-database-backend, sel=LabelSet(labels={'app': 'app-b', 'role': 'database'}), allow=[
(LabelSet(labels={'app': 'app-b', 'role': 'backend'}), Traffic(direction=egress, port=80, protocol=TCP)) 
])
2025-07-30 09:03:00,058 [INFO] matcher - Adding Security Group for select labelset: LabelSet(labels={'app': 'app-b', 'role': 'database'})
2025-07-30 09:03:00,058 [INFO] matcher - Adding Security Group for allow labelset: LabelSet(labels={'app': 'app-b', 'role': 'backend'})
2025-07-30 09:03:00,058 [INFO] security_group_module - SGMod: Adding rule to SG-app:app-brole:database, remote SG-app:app-brole:backend, port 80, type egress
2025-07-30 09:03:00,147 [INFO] security_group_module - Cannot add rule to remotes: Security group rule already exists. Rule id is aa9a70cf-1689-4849-b97e-4129a74e35cc.
Neutron server returns request_ids: ['req-0afe82fd-54af-4bfa-85b0-f25489d66df7']
2025-07-30 09:03:00,147 [INFO] matcher - PLS: Configuring new spol Policy(name=app-b-allow-frontend-backend, sel=LabelSet(labels={'app': 'app-b', 'role': 'frontend'}), allow=[
(LabelSet(labels={'app': 'app-b', 'role': 'backend'}), Traffic(direction=egress, port=80, protocol=TCP)) 
])
2025-07-30 09:03:00,148 [INFO] matcher - Adding Security Group for select labelset: LabelSet(labels={'app': 'app-b', 'role': 'frontend'})
2025-07-30 09:03:00,148 [INFO] matcher - Adding Security Group for allow labelset: LabelSet(labels={'app': 'app-b', 'role': 'backend'})
2025-07-30 09:03:00,149 [INFO] security_group_module - SGMod: Adding rule to SG-app:app-brole:frontend, remote SG-app:app-brole:backend, port 80, type egress
2025-07-30 09:03:00,160 [INFO] matcher - PLS: Configuring new spol Policy(name=app-a-allow-backend-frontend, sel=LabelSet(labels={'app': 'app-a', 'role': 'backend'}), allow=[
(LabelSet(labels={'app': 'app-a', 'role': 'frontend'}), Traffic(direction=egress, port=80, protocol=TCP)) 
])
2025-07-30 09:03:00,160 [INFO] matcher - Adding Security Group for select labelset: LabelSet(labels={'app': 'app-a', 'role': 'backend'})
2025-07-30 09:03:00,162 [INFO] matcher - Adding Security Group for allow labelset: LabelSet(labels={'app': 'app-a', 'role': 'frontend'})
2025-07-30 09:03:00,162 [INFO] security_group_module - SGMod: Adding rule to SG-app:app-arole:backend, remote SG-app:app-arole:frontend, port 80, type egress
2025-07-30 09:03:00,211 [INFO] security_group_module - SG-app:app-crole:database already attached to worker-1
2025-07-30 09:03:00,215 [INFO] kopf.objects - Handler 'handle_new_pod/spec.nodeName' succeeded.
2025-07-30 09:03:00,216 [INFO] kopf.objects - Creation is processed: 1 succeeded; 0 failed.
2025-07-30 09:03:00,230 [INFO] security_group_module - Cannot add rule to remotes: Security group rule already exists. Rule id is 3dc318fd-8645-42cc-a32a-7871993acd5b.
Neutron server returns request_ids: ['req-cd174f48-a996-40e8-aa88-1a36153ebd09']
2025-07-30 09:03:00,231 [INFO] matcher - PLS: Configuring new spol Policy(name=app-b-allow-backend-database, sel=LabelSet(labels={'app': 'app-b', 'role': 'backend'}), allow=[
(LabelSet(labels={'app': 'app-b', 'role': 'database'}), Traffic(direction=ingress, port=80, protocol=TCP)) 
])
2025-07-30 09:03:00,231 [INFO] matcher - Adding Security Group for select labelset: LabelSet(labels={'app': 'app-b', 'role': 'backend'})
2025-07-30 09:03:00,232 [INFO] matcher - Adding Security Group for allow labelset: LabelSet(labels={'app': 'app-b', 'role': 'database'})
2025-07-30 09:03:00,232 [INFO] security_group_module - SGMod: Adding rule to SG-app:app-brole:backend, remote SG-app:app-brole:database, port 80, type ingress
2025-07-30 09:03:00,247 [INFO] matcher - PLS: Configuring new pod with labelset: {L}
2025-07-30 09:03:00,247 [INFO] matcher - PLS: Configuring new spol Policy(name=app-c-allow-database-backend, sel=LabelSet(labels={'app': 'app-c', 'role': 'database'}), allow=[
(LabelSet(labels={'app': 'app-c', 'role': 'backend'}), Traffic(direction=ingress, port=80, protocol=TCP)) 
])
2025-07-30 09:03:00,247 [INFO] matcher - Adding Security Group for select labelset: LabelSet(labels={'app': 'app-c', 'role': 'database'})
2025-07-30 09:03:00,247 [INFO] matcher - Adding Security Group for allow labelset: LabelSet(labels={'app': 'app-c', 'role': 'backend'})
2025-07-30 09:03:00,247 [INFO] security_group_module - SGMod: Adding rule to SG-app:app-crole:database, remote SG-app:app-crole:backend, port 80, type ingress
2025-07-30 09:03:00,248 [INFO] security_group_module - Cannot add rule to remotes: Security group rule already exists. Rule id is 5ed5b2fc-bf16-4593-b2f6-6a0f0c34c0ec.
Neutron server returns request_ids: ['req-5be7284c-ad56-47a8-917c-707275ba0b9d']
2025-07-30 09:03:00,327 [INFO] security_group_module - Cannot add rule to remotes: Security group rule already exists. Rule id is 3be2b0a4-e8ae-4490-9b7a-79de38b1345f.
Neutron server returns request_ids: ['req-4c19fbfe-8101-4851-840d-438c6bd0c514']
2025-07-30 09:03:00,327 [INFO] matcher - PLS: Configuring new spol Policy(name=app-c-allow-frontend-backend, sel=LabelSet(labels={'app': 'app-c', 'role': 'frontend'}), allow=[
(LabelSet(labels={'app': 'app-c', 'role': 'backend'}), Traffic(direction=ingress, port=80, protocol=TCP)) 
])
2025-07-30 09:03:00,327 [INFO] matcher - Adding Security Group for select labelset: LabelSet(labels={'app': 'app-c', 'role': 'frontend'})
2025-07-30 09:03:00,327 [INFO] matcher - Adding Security Group for allow labelset: LabelSet(labels={'app': 'app-c', 'role': 'backend'})
2025-07-30 09:03:00,328 [INFO] security_group_module - SGMod: Adding rule to SG-app:app-crole:frontend, remote SG-app:app-crole:backend, port 80, type ingress
2025-07-30 09:03:00,380 [INFO] matcher - PLS: Configuring new spol Policy(name=app-b-allow-backend-frontend, sel=LabelSet(labels={'app': 'app-b', 'role': 'backend'}), allow=[
(LabelSet(labels={'app': 'app-b', 'role': 'frontend'}), Traffic(direction=egress, port=80, protocol=TCP)) 
])
2025-07-30 09:03:00,380 [INFO] matcher - Adding Security Group for select labelset: LabelSet(labels={'app': 'app-b', 'role': 'backend'})
2025-07-30 09:03:00,381 [INFO] matcher - Adding Security Group for allow labelset: LabelSet(labels={'app': 'app-b', 'role': 'frontend'})
2025-07-30 09:03:00,381 [INFO] security_group_module - SGMod: Adding rule to SG-app:app-brole:backend, remote SG-app:app-brole:frontend, port 80, type egress
2025-07-30 09:03:00,413 [INFO] security_group_module - Cannot add rule to remotes: Security group rule already exists. Rule id is d4116ef4-5c29-4f07-baa3-a93b59c0f307.
Neutron server returns request_ids: ['req-4d84b753-b13c-458e-80af-b2c5fd0be2fe']
2025-07-30 09:03:00,413 [INFO] matcher - PLS: Configuring new spol Policy(name=app-c-allow-database-backend, sel=LabelSet(labels={'app': 'app-c', 'role': 'database'}), allow=[
(LabelSet(labels={'app': 'app-c', 'role': 'backend'}), Traffic(direction=egress, port=80, protocol=TCP)) 
])
2025-07-30 09:03:00,414 [INFO] matcher - Adding Security Group for select labelset: LabelSet(labels={'app': 'app-c', 'role': 'database'})
2025-07-30 09:03:00,414 [INFO] matcher - Adding Security Group for allow labelset: LabelSet(labels={'app': 'app-c', 'role': 'backend'})
2025-07-30 09:03:00,414 [INFO] security_group_module - SGMod: Adding rule to SG-app:app-crole:database, remote SG-app:app-crole:backend, port 80, type egress
2025-07-30 09:03:00,479 [INFO] matcher - PLS: Configuring new spol Policy(name=app-b-allow-database-backend, sel=LabelSet(labels={'app': 'app-b', 'role': 'database'}), allow=[
(LabelSet(labels={'app': 'app-b', 'role': 'backend'}), Traffic(direction=ingress, port=80, protocol=TCP)) 
])
2025-07-30 09:03:00,479 [INFO] matcher - Adding Security Group for select labelset: LabelSet(labels={'app': 'app-b', 'role': 'database'})
2025-07-30 09:03:00,479 [INFO] matcher - Adding Security Group for allow labelset: LabelSet(labels={'app': 'app-b', 'role': 'backend'})
2025-07-30 09:03:00,480 [INFO] security_group_module - SGMod: Adding rule to SG-app:app-brole:database, remote SG-app:app-brole:backend, port 80, type ingress
2025-07-30 09:03:00,531 [INFO] security_group_module - Cannot add rule to remotes: Security group rule already exists. Rule id is ae15c2d3-60d0-4e6e-b4d7-d8c49d4f4148.
Neutron server returns request_ids: ['req-651a6e19-7039-4d82-b6ec-1dab5dbb3e2c']
2025-07-30 09:03:00,532 [INFO] matcher - PLS: Configuring new spol Policy(name=app-c-allow-frontend-backend, sel=LabelSet(labels={'app': 'app-c', 'role': 'frontend'}), allow=[
(LabelSet(labels={'app': 'app-c', 'role': 'backend'}), Traffic(direction=egress, port=80, protocol=TCP)) 
])
2025-07-30 09:03:00,532 [INFO] matcher - Adding Security Group for select labelset: LabelSet(labels={'app': 'app-c', 'role': 'frontend'})
2025-07-30 09:03:00,532 [INFO] matcher - Adding Security Group for allow labelset: LabelSet(labels={'app': 'app-c', 'role': 'backend'})
2025-07-30 09:03:00,532 [INFO] security_group_module - SGMod: Adding rule to SG-app:app-crole:frontend, remote SG-app:app-crole:backend, port 80, type egress
2025-07-30 09:03:00,573 [INFO] security_group_module - Cannot add rule to remotes: Security group rule already exists. Rule id is 9835f297-ca2f-4a52-82c8-d18229f1d3d0.
Neutron server returns request_ids: ['req-4af40818-9509-46d9-a696-fdb4d68a349d']
2025-07-30 09:03:00,574 [INFO] matcher - PLS: Configuring new spol Policy(name=app-b-allow-frontend-backend, sel=LabelSet(labels={'app': 'app-b', 'role': 'frontend'}), allow=[
(LabelSet(labels={'app': 'app-b', 'role': 'backend'}), Traffic(direction=ingress, port=80, protocol=TCP)) 
])
2025-07-30 09:03:00,574 [INFO] matcher - Adding Security Group for select labelset: LabelSet(labels={'app': 'app-b', 'role': 'frontend'})
2025-07-30 09:03:00,574 [INFO] matcher - Adding Security Group for allow labelset: LabelSet(labels={'app': 'app-b', 'role': 'backend'})
2025-07-30 09:03:00,575 [INFO] security_group_module - SGMod: Adding rule to SG-app:app-brole:frontend, remote SG-app:app-brole:backend, port 80, type ingress
2025-07-30 09:03:00,616 [INFO] security_group_module - Cannot add rule to remotes: Security group rule already exists. Rule id is 64787295-565b-4656-b522-ae9a43898c81.
Neutron server returns request_ids: ['req-59a31def-85cb-46ae-b5ed-efa4f323b850']
2025-07-30 09:03:00,616 [INFO] matcher - PLS: Configuring new spol Policy(name=app-c-allow-backend-database, sel=LabelSet(labels={'app': 'app-c', 'role': 'backend'}), allow=[
(LabelSet(labels={'app': 'app-c', 'role': 'database'}), Traffic(direction=egress, port=80, protocol=TCP)) 
])
2025-07-30 09:03:00,616 [INFO] matcher - Adding Security Group for select labelset: LabelSet(labels={'app': 'app-c', 'role': 'backend'})
2025-07-30 09:03:00,616 [INFO] matcher - Adding Security Group for allow labelset: LabelSet(labels={'app': 'app-c', 'role': 'database'})
2025-07-30 09:03:00,616 [INFO] security_group_module - SGMod: Adding rule to SG-app:app-crole:backend, remote SG-app:app-crole:database, port 80, type egress
2025-07-30 09:03:00,663 [INFO] security_group_module - Cannot add rule to remotes: Security group rule already exists. Rule id is 770104a3-ec78-4bfd-9f0a-2bcb0a3ef793.
Neutron server returns request_ids: ['req-c7947145-0742-4110-854d-8336845e3cfd']
2025-07-30 09:03:00,663 [INFO] matcher - PLS: Configuring new spol Policy(name=app-b-allow-backend-frontend, sel=LabelSet(labels={'app': 'app-b', 'role': 'backend'}), allow=[
(LabelSet(labels={'app': 'app-b', 'role': 'frontend'}), Traffic(direction=ingress, port=80, protocol=TCP)) 
])
2025-07-30 09:03:00,664 [INFO] matcher - Adding Security Group for select labelset: LabelSet(labels={'app': 'app-b', 'role': 'backend'})
2025-07-30 09:03:00,665 [INFO] matcher - Adding Security Group for allow labelset: LabelSet(labels={'app': 'app-b', 'role': 'frontend'})
2025-07-30 09:03:00,665 [INFO] security_group_module - SGMod: Adding rule to SG-app:app-brole:backend, remote SG-app:app-brole:frontend, port 80, type ingress
2025-07-30 09:03:00,758 [INFO] security_group_module - Attaching security group SG-app:app-arole:frontend to instance worker-1
2025-07-30 09:03:00,947 [INFO] matcher - PLS: Configuring new spol Policy(name=app-c-allow-backend-database, sel=LabelSet(labels={'app': 'app-c', 'role': 'backend'}), allow=[
(LabelSet(labels={'app': 'app-c', 'role': 'database'}), Traffic(direction=ingress, port=80, protocol=TCP)) 
])
2025-07-30 09:03:00,947 [INFO] matcher - Adding Security Group for select labelset: LabelSet(labels={'app': 'app-c', 'role': 'backend'})
2025-07-30 09:03:00,948 [INFO] matcher - Adding Security Group for allow labelset: LabelSet(labels={'app': 'app-c', 'role': 'database'})
2025-07-30 09:03:00,948 [INFO] security_group_module - SGMod: Adding rule to SG-app:app-crole:backend, remote SG-app:app-crole:database, port 80, type ingress
2025-07-30 09:03:01,065 [INFO] kopf.objects - Handler 'handle_new_pod/spec.nodeName' succeeded.
2025-07-30 09:03:01,066 [INFO] kopf.objects - Creation is processed: 1 succeeded; 0 failed.
2025-07-30 09:03:01,074 [INFO] matcher - PLS: Configuring new spol Policy(name=app-c-allow-backend-frontend, sel=LabelSet(labels={'app': 'app-c', 'role': 'backend'}), allow=[
(LabelSet(labels={'app': 'app-c', 'role': 'frontend'}), Traffic(direction=egress, port=80, protocol=TCP)) 
])
2025-07-30 09:03:01,075 [INFO] matcher - Adding Security Group for select labelset: LabelSet(labels={'app': 'app-c', 'role': 'backend'})
2025-07-30 09:03:01,078 [INFO] matcher - Adding Security Group for allow labelset: LabelSet(labels={'app': 'app-c', 'role': 'frontend'})
2025-07-30 09:03:01,078 [INFO] security_group_module - SGMod: Adding rule to SG-app:app-crole:backend, remote SG-app:app-crole:frontend, port 80, type egress
2025-07-30 09:03:01,100 [INFO] matcher - PLS: Configuring new pod with labelset: {L}
2025-07-30 09:03:01,100 [INFO] matcher - PLS: Configuring new spol Policy(name=app-a-allow-database-backend, sel=LabelSet(labels={'app': 'app-a', 'role': 'database'}), allow=[
(LabelSet(labels={'app': 'app-a', 'role': 'backend'}), Traffic(direction=ingress, port=80, protocol=TCP)) 
])
2025-07-30 09:03:01,100 [INFO] matcher - Adding Security Group for select labelset: LabelSet(labels={'app': 'app-a', 'role': 'database'})
2025-07-30 09:03:01,100 [INFO] matcher - Adding Security Group for allow labelset: LabelSet(labels={'app': 'app-a', 'role': 'backend'})
2025-07-30 09:03:01,100 [INFO] security_group_module - SGMod: Adding rule to SG-app:app-arole:database, remote SG-app:app-arole:backend, port 80, type ingress
2025-07-30 09:03:01,211 [INFO] matcher - PLS: Configuring new spol Policy(name=app-a-allow-backend-database, sel=LabelSet(labels={'app': 'app-a', 'role': 'backend'}), allow=[
(LabelSet(labels={'app': 'app-a', 'role': 'database'}), Traffic(direction=egress, port=80, protocol=TCP)) 
])
2025-07-30 09:03:01,212 [INFO] matcher - Adding Security Group for select labelset: LabelSet(labels={'app': 'app-a', 'role': 'backend'})
2025-07-30 09:03:01,212 [INFO] matcher - Adding Security Group for allow labelset: LabelSet(labels={'app': 'app-a', 'role': 'database'})
2025-07-30 09:03:01,213 [INFO] security_group_module - SGMod: Adding rule to SG-app:app-arole:backend, remote SG-app:app-arole:database, port 80, type egress
2025-07-30 09:03:01,230 [INFO] matcher - PLS: Configuring new spol Policy(name=app-c-allow-backend-frontend, sel=LabelSet(labels={'app': 'app-c', 'role': 'backend'}), allow=[
(LabelSet(labels={'app': 'app-c', 'role': 'frontend'}), Traffic(direction=ingress, port=80, protocol=TCP)) 
])
2025-07-30 09:03:01,233 [INFO] matcher - Adding Security Group for select labelset: LabelSet(labels={'app': 'app-c', 'role': 'backend'})
2025-07-30 09:03:01,233 [INFO] matcher - Adding Security Group for allow labelset: LabelSet(labels={'app': 'app-c', 'role': 'frontend'})
2025-07-30 09:03:01,234 [INFO] security_group_module - SGMod: Adding rule to SG-app:app-crole:backend, remote SG-app:app-crole:frontend, port 80, type ingress
2025-07-30 09:03:01,290 [INFO] security_group_module - Cannot add rule to remotes: Security group rule already exists. Rule id is b33aa264-68b4-429d-af9e-33cc0fe0dfc9.
Neutron server returns request_ids: ['req-b421fddb-1b61-4670-8a8c-548745db0556']
2025-07-30 09:03:01,290 [INFO] matcher - PLS: Configuring new spol Policy(name=app-a-allow-backend-database, sel=LabelSet(labels={'app': 'app-a', 'role': 'backend'}), allow=[
(LabelSet(labels={'app': 'app-a', 'role': 'database'}), Traffic(direction=ingress, port=80, protocol=TCP)) 
])
2025-07-30 09:03:01,290 [INFO] matcher - Adding Security Group for select labelset: LabelSet(labels={'app': 'app-a', 'role': 'backend'})
2025-07-30 09:03:01,290 [INFO] matcher - Adding Security Group for allow labelset: LabelSet(labels={'app': 'app-a', 'role': 'database'})
2025-07-30 09:03:01,291 [INFO] security_group_module - SGMod: Adding rule to SG-app:app-arole:backend, remote SG-app:app-arole:database, port 80, type ingress
2025-07-30 09:03:01,343 [INFO] security_group_module - Attaching security group SG-app:app-brole:backend to instance worker-1
2025-07-30 09:03:01,393 [INFO] security_group_module - Cannot add rule to remotes: Security group rule already exists. Rule id is 7c8b0964-ca8e-490b-9f43-59ae53ba26f7.
Neutron server returns request_ids: ['req-9c9f8ca7-ad79-46ed-a2f3-54ebeaf0e089']
2025-07-30 09:03:01,393 [INFO] matcher - PLS: Configuring new spol Policy(name=app-a-allow-database-backend, sel=LabelSet(labels={'app': 'app-a', 'role': 'database'}), allow=[
(LabelSet(labels={'app': 'app-a', 'role': 'backend'}), Traffic(direction=egress, port=80, protocol=TCP)) 
])
2025-07-30 09:03:01,393 [INFO] matcher - Adding Security Group for select labelset: LabelSet(labels={'app': 'app-a', 'role': 'database'})
2025-07-30 09:03:01,393 [INFO] matcher - Adding Security Group for allow labelset: LabelSet(labels={'app': 'app-a', 'role': 'backend'})
2025-07-30 09:03:01,393 [INFO] security_group_module - SGMod: Adding rule to SG-app:app-arole:database, remote SG-app:app-arole:backend, port 80, type egress
2025-07-30 09:03:02,079 [INFO] security_group_module - Attaching security group SG-app:app-arole:database to instance worker-1
2025-07-30 09:03:02,358 [INFO] security_group_module - Attaching security group SG-app:app-crole:backend to instance worker-1
2025-07-30 09:03:02,460 [INFO] kopf.objects - Handler 'handle_new_pod/spec.nodeName' succeeded.
2025-07-30 09:03:02,461 [INFO] kopf.objects - Creation is processed: 1 succeeded; 0 failed.
2025-07-30 09:03:02,483 [INFO] kopf.objects - Handler 'handle_new_pod/spec.nodeName' succeeded.
2025-07-30 09:03:02,483 [INFO] kopf.objects - Creation is processed: 1 succeeded; 0 failed.
2025-07-30 09:03:02,502 [INFO] kopf.objects - Handler 'handle_new_pod/spec.nodeName' succeeded.
2025-07-30 09:03:02,502 [INFO] kopf.objects - Creation is processed: 1 succeeded; 0 failed.
2025-07-30 09:03:02,519 [INFO] kopf.objects - Handler 'handle_new_pod/spec.nodeName' succeeded.
2025-07-30 09:03:02,520 [INFO] kopf.objects - Creation is processed: 1 succeeded; 0 failed.
2025-07-30 09:03:02,535 [INFO] kopf.objects - Handler 'handle_new_pod/spec.nodeName' succeeded.
2025-07-30 09:03:02,536 [INFO] kopf.objects - Creation is processed: 1 succeeded; 0 failed.
Handling the new pod object: Pod(name=test-pod-13, label_set=LabelSet(labels={'app': 'app-b', 'role': 'backend'}), node=Node(name=worker-1)
[132434846807744] Handling pod test-pod-13, locking app:app-brole:database, app:app-brole:backend, app:app-brole:frontend,  ...
New pod test-pod-9! old_node = None, new_node = worker-1.
Handling the new pod object: Pod(name=test-pod-9, label_set=LabelSet(labels={'app': 'app-a', 'role': 'frontend'}), node=Node(name=worker-1)
[132434830022336] Handling pod test-pod-9, locking app:app-arole:frontend, app:app-arole:backend,  ...
New pod test-pod-16! old_node = None, new_node = worker-1.
Handling the new pod object: Pod(name=test-pod-16, label_set=LabelSet(labels={'app': 'app-c', 'role': 'backend'}), node=Node(name=worker-1)
[132434821629632] Handling pod test-pod-16, locking app:app-crole:database, app:app-crole:frontend, app:app-crole:backend,  ...
New pod test-pod-12! old_node = None, new_node = worker-1.
Handling the new pod object: Pod(name=test-pod-12, label_set=LabelSet(labels={'app': 'app-b', 'role': 'frontend'}), node=Node(name=worker-1)
[132434813236928] Handling pod test-pod-12, locking app:app-brole:backend, app:app-brole:frontend,  ...
New pod test-pod-17! old_node = None, new_node = worker-1.
Handling the new pod object: Pod(name=test-pod-17, label_set=LabelSet(labels={'app': 'app-c', 'role': 'database'}), node=Node(name=worker-1)
[132434804844224] Handling pod test-pod-17, locking app:app-crole:database, app:app-crole:backend,  ...
New pod test-pod-11! old_node = None, new_node = worker-1.
Handling the new pod object: Pod(name=test-pod-11, label_set=LabelSet(labels={'app': 'app-a', 'role': 'database'}), node=Node(name=worker-1)
[132434796451520] Handling pod test-pod-11, locking app:app-arole:backend, app:app-arole:database,  ...
New pod test-pod-19! old_node = None, new_node = worker-1.
Handling the new pod object: Pod(name=test-pod-19, label_set=LabelSet(labels={'app': 'app-a', 'role': 'backend'}), node=Node(name=worker-1)
[132434309936832] Handling pod test-pod-19, locking app:app-arole:frontend, app:app-arole:backend, app:app-arole:database,  ...
New pod test-pod-21! old_node = None, new_node = worker-1.
Handling the new pod object: Pod(name=test-pod-21, label_set=LabelSet(labels={'app': 'app-b', 'role': 'frontend'}), node=Node(name=worker-1)
[132434301544128] Handling pod test-pod-21, locking app:app-brole:backend, app:app-brole:frontend,  ...
[132435662923456] Pod test-pod-6 handled. Released locks for: app:app-crole:backend, app:app-crole:frontend, 
New pod test-pod-20! old_node = None, new_node = worker-1.
Handling the new pod object: Pod(name=test-pod-20, label_set=LabelSet(labels={'app': 'app-a', 'role': 'database'}), node=Node(name=worker-1)
[132435662923456] Handling pod test-pod-20, locking app:app-arole:backend, app:app-arole:database,  ...
New pod: test-pod-8, on node: worker-1
[132435679708864] Pod test-pod-3 handled. Released locks for: app:app-brole:backend, app:app-brole:frontend, 
New pod test-pod-22! old_node = None, new_node = worker-1.
Handling the new pod object: Pod(name=test-pod-22, label_set=LabelSet(labels={'app': 'app-b', 'role': 'backend'}), node=Node(name=worker-1)
[132435679708864] Handling pod test-pod-22, locking app:app-brole:database, app:app-brole:backend, app:app-brole:frontend,  ...
New pod: test-pod-5, on node: worker-1
[132435694393024] Pod test-pod-1 handled. Released locks for: app:app-arole:frontend, app:app-arole:backend, app:app-arole:database, 
New pod test-pod-23! old_node = None, new_node = worker-1.
Handling the new pod object: Pod(name=test-pod-23, label_set=LabelSet(labels={'app': 'app-b', 'role': 'database'}), node=Node(name=worker-1)
[132435694393024] Handling pod test-pod-23, locking app:app-brole:database, app:app-brole:backend,  ...
New pod: test-pod-0, on node: worker-1
[132435425609408] Pod test-pod-5 handled. Released locks for: app:app-brole:database, app:app-brole:backend, 
New pod test-pod-27! old_node = None, new_node = worker-1.
Handling the new pod object: Pod(name=test-pod-27, label_set=LabelSet(labels={'app': 'app-a', 'role': 'frontend'}), node=Node(name=worker-1)
[132435425609408] Handling pod test-pod-27, locking app:app-arole:frontend, app:app-arole:backend,  ...
New pod: test-pod-4, on node: worker-1
[132435434002112] Pod test-pod-8 handled. Released locks for: app:app-crole:database, app:app-crole:backend, 
New pod test-pod-25! old_node = None, new_node = worker-1.
Handling the new pod object: Pod(name=test-pod-25, label_set=LabelSet(labels={'app': 'app-c', 'role': 'backend'}), node=Node(name=worker-1)
[132435434002112] Handling pod test-pod-25, locking app:app-crole:database, app:app-crole:frontend, app:app-crole:backend,  ...
New pod: test-pod-7, on node: worker-1
[132435671316160] Pod test-pod-0 handled. Released locks for: app:app-arole:frontend, app:app-arole:backend, 
New pod test-pod-26! old_node = None, new_node = worker-1.
Handling the new pod object: Pod(name=test-pod-26, label_set=LabelSet(labels={'app': 'app-c', 'role': 'database'}), node=Node(name=worker-1)
[132435671316160] Handling pod test-pod-26, locking app:app-crole:database, app:app-crole:backend,  ...
New pod: test-pod-2, on node: worker-1
[132435417216704] Pod test-pod-4 handled. Released locks for: app:app-brole:database, app:app-brole:backend, app:app-brole:frontend, 
New pod test-pod-18! old_node = None, new_node = worker-1.
Handling the new pod object: Pod(name=test-pod-18, label_set=LabelSet(labels={'app': 'app-a', 'role': 'frontend'}), node=Node(name=worker-1)
[132435417216704] Handling pod test-pod-18, locking app:app-arole:frontend, app:app-arole:backend,  ...
New pod: test-pod-14, on node: worker-1
[132435400431296] Pod test-pod-14 handled. Released locks for: app:app-brole:database, app:app-brole:backend, 
New pod test-pod-24! old_node = None, new_node = worker-1.
Handling the new pod object: Pod(name=test-pod-24, label_set=LabelSet(labels={'app': 'app-c', 'role': 'frontend'}), node=Node(name=worker-1)
[132435400431296] Handling pod test-pod-24, locking app:app-crole:backend, app:app-crole:frontend,  ...
New pod: test-pod-13, on node: worker-1
[132434846807744] Pod test-pod-13 handled. Released locks for: app:app-brole:database, app:app-brole:backend, app:app-brole:frontend, 
New pod test-pod-28! old_node = None, new_node = worker-1.
Handling the new pod object: Pod(name=test-pod-28, label_set=LabelSet(labels={'app': 'app-a', 'role': 'backend'}), node=Node(name=worker-1)
[132434846807744] Handling pod test-pod-28, locking app:app-arole:frontend, app:app-arole:backend, app:app-arole:database,  ...
New pod: test-pod-12, on node: worker-1
[132434813236928] Pod test-pod-12 handled. Released locks for: app:app-brole:backend, app:app-brole:frontend, 
New pod test-pod-30! old_node = None, new_node = worker-1.
Handling the new pod object: Pod(name=test-pod-30, label_set=LabelSet(labels={'app': 'app-b', 'role': 'frontend'}), node=Node(name=worker-1)
[132434813236928] Handling pod test-pod-30, locking app:app-brole:backend, app:app-brole:frontend,  ...
New pod: test-pod-21, on node: worker-1
[132434301544128] Pod test-pod-21 handled. Released locks for: app:app-brole:backend, app:app-brole:frontend, 
New pod test-pod-29! old_node = None, new_node = worker-1.
Handling the new pod object: Pod(name=test-pod-29, label_set=LabelSet(labels={'app': 'app-a', 'role': 'database'}), node=Node(name=worker-1)
[132434301544128] Handling pod test-pod-29, locking app:app-arole:backend, app:app-arole:database,  ...
New pod: test-pod-22, on node: worker-1
[132435450787520] Pod test-pod-2 handled. Released locks for: app:app-arole:backend, app:app-arole:database, 
New pod: test-pod-10, on node: worker-1
New pod test-pod-31! old_node = None, new_node = worker-1.
API-Version
x-openstack-request-id: req-61f5da2e-95be-4b96-9de7-65db60ecaded
x-compute-request-id: req-61f5da2e-95be-4b96-9de7-65db60ecaded
connection: close

2025-07-30 09:03:02,545 [INFO] kopf.objects - Handler 'handle_new_pod/spec.nodeName' succeeded.
2025-07-30 09:03:02,545 [INFO] kopf.objects - Creation is processed: 1 succeeded; 0 failed.
2025-07-30 09:03:02,559 [INFO] kopf.objects - Handler 'handle_new_pod/spec.nodeName' succeeded.
2025-07-30 09:03:02,559 [INFO] kopf.objects - Creation is processed: 1 succeeded; 0 failed.
2025-07-30 09:03:02,560 [INFO] kopf.objects - Handler 'handle_new_pod/spec.nodeName' succeeded.
2025-07-30 09:03:02,560 [INFO] kopf.objects - Creation is processed: 1 succeeded; 0 failed.
2025-07-30 09:03:02,611 [INFO] kopf.objects - Handler 'handle_new_pod/spec.nodeName' succeeded.
2025-07-30 09:03:02,611 [INFO] kopf.objects - Creation is processed: 1 succeeded; 0 failed.
2025-07-30 09:03:02,616 [INFO] kopf.objects - Handler 'handle_new_pod/spec.nodeName' succeeded.
2025-07-30 09:03:02,616 [INFO] kopf.objects - Creation is processed: 1 succeeded; 0 failed.
2025-07-30 09:03:02,629 [INFO] kopf.objects - Handler 'handle_new_pod/spec.nodeName' succeeded.
2025-07-30 09:03:02,629 [INFO] kopf.objects - Creation is processed: 1 succeeded; 0 failed.
2025-07-30 09:03:02,640 [INFO] kopf.objects - Handler 'handle_new_pod/spec.nodeName' succeeded.
2025-07-30 09:03:02,640 [INFO] kopf.objects - Creation is processed: 1 succeeded; 0 failed.
2025-07-30 09:03:02,650 [INFO] kopf.objects - Handler 'handle_new_pod/spec.nodeName' succeeded.
2025-07-30 09:03:02,651 [INFO] kopf.objects - Creation is processed: 1 succeeded; 0 failed.
2025-07-30 09:03:02,666 [INFO] kopf.objects - Handler 'handle_new_pod/spec.nodeName' succeeded.
2025-07-30 09:03:02,667 [INFO] kopf.objects - Creation is processed: 1 succeeded; 0 failed.
2025-07-30 09:03:02,678 [INFO] kopf.objects - Handler 'handle_new_pod/spec.nodeName' succeeded.
2025-07-30 09:03:02,679 [INFO] kopf.objects - Creation is processed: 1 succeeded; 0 failed.
2025-07-30 09:03:02,691 [INFO] kopf.objects - Handler 'handle_new_pod/spec.nodeName' succeeded.
2025-07-30 09:03:02,691 [INFO] kopf.objects - Creation is processed: 1 succeeded; 0 failed.
2025-07-30 09:03:02,698 [INFO] kopf.objects - Handler 'handle_new_pod/spec.nodeName' succeeded.
2025-07-30 09:03:02,699 [INFO] kopf.objects - Creation is processed: 1 succeeded; 0 failed.
2025-07-30 09:03:02,712 [INFO] kopf.objects - Handler 'handle_new_pod/spec.nodeName' succeeded.
2025-07-30 09:03:02,714 [INFO] kopf.objects - Creation is processed: 1 succeeded; 0 failed.
2025-07-30 09:03:02,719 [INFO] kopf.objects - Handler 'handle_new_pod/spec.nodeName' succeeded.
2025-07-30 09:03:02,719 [INFO] kopf.objects - Creation is processed: 1 succeeded; 0 failed.
2025-07-30 09:03:02,731 [INFO] kopf.objects - Handler 'handle_new_pod/spec.nodeName' succeeded.
2025-07-30 09:03:02,731 [INFO] kopf.objects - Creation is processed: 1 succeeded; 0 failed.
2025-07-30 09:03:02,745 [INFO] kopf.objects - Handler 'handle_new_pod/spec.nodeName' succeeded.
2025-07-30 09:03:02,746 [INFO] kopf.objects - Creation is processed: 1 succeeded; 0 failed.
2025-07-30 09:03:02,765 [INFO] kopf.objects - Handler 'handle_new_pod/spec.nodeName' succeeded.
2025-07-30 09:03:02,766 [INFO] kopf.objects - Creation is processed: 1 succeeded; 0 failed.
                                                                                                                                            Handling the new pod object: Pod(name=test-pod-31, label_set=LabelSet(labels={'app': 'app-b', 'role': 'backend'}), node=Node(name=worker-1)
[132435450787520] Handling pod test-pod-31, locking app:app-brole:database, app:app-brole:backend, app:app-brole:frontend,  ...
[132435679708864] Pod test-pod-22 handled. Released locks for: app:app-brole:database, app:app-brole:backend, app:app-brole:frontend, 
New pod test-pod-36! old_node = None, new_node = worker-1.
Handling the new pod object: Pod(name=test-pod-36, label_set=LabelSet(labels={'app': 'app-a', 'role': 'frontend'}), node=Node(name=worker-1)
[132435679708864] Handling pod test-pod-36, locking app:app-arole:frontend, app:app-arole:backend,  ...
New pod: test-pod-23, on node: worker-1
[132435442394816] Pod test-pod-10 handled. Released locks for: app:app-arole:frontend, app:app-arole:backend, app:app-arole:database, 
New pod: test-pod-9, on node: worker-1
New pod test-pod-33! old_node = None, new_node = worker-1.
Handling the new pod object: Pod(name=test-pod-33, label_set=LabelSet(labels={'app': 'app-c', 'role': 'frontend'}), node=Node(name=worker-1)
[132435442394816] Handling pod test-pod-33, locking app:app-crole:backend, app:app-crole:frontend,  ...
[132434830022336] Pod test-pod-9 handled. Released locks for: app:app-arole:frontend, app:app-arole:backend, 
New pod test-pod-34! old_node = None, new_node = worker-1.
Handling the new pod object: Pod(name=test-pod-34, label_set=LabelSet(labels={'app': 'app-c', 'role': 'backend'}), node=Node(name=worker-1)
[132434830022336] Handling pod test-pod-34, locking app:app-crole:database, app:app-crole:frontend, app:app-crole:backend,  ...
[132435694393024] Pod test-pod-23 handled. Released locks for: app:app-brole:database, app:app-brole:backend, 
New pod test-pod-39! old_node = None, new_node = worker-1.
Handling the new pod object: Pod(name=test-pod-39, label_set=LabelSet(labels={'app': 'app-b', 'role': 'frontend'}), node=Node(name=worker-1)
New pod: test-pod-30, on node: worker-1
New pod: test-pod-11, on node: worker-1
[132435694393024] Handling pod test-pod-39, locking app:app-brole:backend, app:app-brole:frontend,  ...
[132434813236928] Pod test-pod-30 handled. Released locks for: app:app-brole:backend, app:app-brole:frontend, 
New pod test-pod-35! old_node = None, new_node = worker-1.
Handling the new pod object: Pod(name=test-pod-35, label_set=LabelSet(labels={'app': 'app-c', 'role': 'database'}), node=Node(name=worker-1)
[132434813236928] Handling pod test-pod-35, locking app:app-crole:database, app:app-crole:backend,  ...
New pod: test-pod-31, on node: worker-1
[132434796451520] Pod test-pod-11 handled. Released locks for: app:app-arole:backend, app:app-arole:database, 
New pod test-pod-38! old_node = None, new_node = worker-1.
Handling the new pod object: Pod(name=test-pod-38, label_set=LabelSet(labels={'app': 'app-a', 'role': 'database'}), node=Node(name=worker-1)
[132434796451520] Handling pod test-pod-38, locking app:app-arole:backend, app:app-arole:database,  ...
New pod: test-pod-38, on node: worker-1
[132435450787520] Pod test-pod-31 handled. Released locks for: app:app-brole:database, app:app-brole:backend, app:app-brole:frontend, 
New pod test-pod-37! old_node = None, new_node = worker-1.
Handling the new pod object: Pod(name=test-pod-37, label_set=LabelSet(labels={'app': 'app-a', 'role': 'backend'}), node=Node(name=worker-1)
[132435450787520] Handling pod test-pod-37, locking app:app-arole:frontend, app:app-arole:backend, app:app-arole:database,  ...
New pod: test-pod-39, on node: worker-1
[132434796451520] Pod test-pod-38 handled. Released locks for: app:app-arole:backend, app:app-arole:database, 
New pod test-pod-40! old_node = None, new_node = worker-1.
Handling the new pod object: Pod(name=test-pod-40, label_set=LabelSet(labels={'app': 'app-b', 'role': 'backend'}), node=Node(name=worker-1)
[132434796451520] Handling pod test-pod-40, locking app:app-brole:database, app:app-brole:backend, app:app-brole:frontend,  ...
New pod: test-pod-20, on node: worker-1
[132435694393024] Pod test-pod-39 handled. Released locks for: app:app-brole:backend, app:app-brole:frontend, 
New pod test-pod-32! old_node = None, new_node = worker-1.
Handling the new pod object: Pod(name=test-pod-32, label_set=LabelSet(labels={'app': 'app-b', 'role': 'database'}), node=Node(name=worker-1)
[132435694393024] Handling pod test-pod-32, locking app:app-brole:database, app:app-brole:backend,  ...
New pod: test-pod-40, on node: worker-1
[132435662923456] Pod test-pod-20 handled. Released locks for: app:app-arole:backend, app:app-arole:database, 
New pod test-pod-41! old_node = None, new_node = worker-1.
Handling the new pod object: Pod(name=test-pod-41, label_set=LabelSet(labels={'app': 'app-b', 'role': 'database'}), node=Node(name=worker-1)
[132435662923456] Handling pod test-pod-41, locking app:app-brole:database, app:app-brole:backend,  ...
[132434796451520] Pod test-pod-40 handled. Released locks for: app:app-brole:database, app:app-brole:backend, app:app-brole:frontend, 
New pod test-pod-42! old_node = None, new_node = worker-1.
Handling the new pod object: Pod(name=test-pod-42, label_set=LabelSet(labels={'app': 'app-c', 'role': 'frontend'}), node=Node(name=worker-1)
[132434796451520] Handling pod test-pod-42, locking app:app-crole:backend, app:app-crole:frontend,  ...
New pod: test-pod-32, on node: worker-1
New pod: test-pod-27, on node: worker-1
[132435694393024] Pod test-pod-32 handled. Released locks for: app:app-brole:database, app:app-brole:backend, 
New pod test-pod-43! old_node = None, new_node = worker-1.
Handling the new pod object: Pod(name=test-pod-43, label_set=LabelSet(labels={'app': 'app-c', 'role': 'backend'}), node=Node(name=worker-1)
[132435694393024] Handling pod test-pod-43, locking app:app-crole:database, app:app-crole:frontend, app:app-crole:backend,  ...
New pod: test-pod-41, on node: worker-1
[132435425609408] Pod test-pod-27 handled. Released locks for: app:app-arole:frontend, app:app-arole:backend, 
New pod test-pod-44! old_node = None, new_node = worker-1.
Handling the new pod object: Pod(name=test-pod-44, label_set=LabelSet(labels={'app': 'app-c', 'role': 'database'}), node=Node(name=worker-1)
[132435425609408] Handling pod test-pod-44, locking app:app-crole:database, app:app-crole:backend,  ...
New pod: test-pod-18, on node: worker-1
[132435662923456] Pod test-pod-41 handled. Released locks for: app:app-brole:database, app:app-brole:backend, 
New pod test-pod-45! old_node = None, new_node = worker-1.
Handling the new pod object: Pod(name=test-pod-45, label_set=LabelSet(labels={'app': 'app-a', 'role': 'frontend'}), node=Node(name=worker-1)
[132435662923456] Handling pod test-pod-45, locking app:app-arole:frontend, app:app-arole:backend,  ...
[132435417216704] Pod test-pod-18 handled. Released locks for: app:app-arole:frontend, app:app-arole:backend, 
New pod test-pod-46! old_node = None, new_node = worker-1.
Handling the new pod object: Pod(name=test-pod-46, label_set=LabelSet(labels={'app': 'app-a', 'role': 'backend'}), node=Node(name=worker-1)
[132435417216704] Handling pod test-pod-46, locking app:app-arole:frontend, app:app-arole:backend, app:app-arole:database,  ...
New pod: test-pod-46, on node: worker-1
[132435417216704] Pod test-pod-46 handled. Released locks for: app:app-arole:frontend, app:app-arole:backend, app:app-arole:database, 
New pod test-pod-47! old_node = None, new_node = worker-1.
Handling the new pod object: Pod(name=test-pod-47, label_set=LabelSet(labels={'app': 'app-a', 'role': 'database'}), node=Node(name=worker-1)
[132435417216704] Handling pod test-pod-47, locking app:app-arole:backend, app:app-arole:database,  ...
New pod: test-pod-47, on node: worker-1
[132435417216704] Pod test-pod-47 handled. Released locks for: app:app-arole:backend, app:app-arole:database, 
New pod: test-pod-36, on node: worker-1
New pod test-pod-48! old_node = None, new_node = worker-1.
Handling the new pod object: Pod(name=test-pod-48, label_set=LabelSet(labels={'app': 'app-b', 'role': 'frontend'}), node=Node(name=worker-1)
2025-07-30 09:03:02,794 [INFO] kopf.objects - Handler 'handle_new_pod/spec.nodeName' succeeded.
2025-07-30 09:03:02,795 [INFO] kopf.objects - Creation is processed: 1 succeeded; 0 failed.
2025-07-30 09:03:02,802 [INFO] kopf.objects - Handler 'handle_new_pod/spec.nodeName' succeeded.
2025-07-30 09:03:02,802 [INFO] kopf.objects - Creation is processed: 1 succeeded; 0 failed.
2025-07-30 09:03:02,804 [INFO] kopf.objects - Handler 'handle_new_pod/spec.nodeName' succeeded.
2025-07-30 09:03:02,804 [INFO] kopf.objects - Creation is processed: 1 succeeded; 0 failed.
2025-07-30 09:03:02,831 [INFO] kopf.objects - Handler 'handle_new_pod/spec.nodeName' succeeded.
2025-07-30 09:03:02,831 [INFO] kopf.objects - Creation is processed: 1 succeeded; 0 failed.
2025-07-30 09:03:02,840 [INFO] kopf.objects - Handler 'handle_new_pod/spec.nodeName' succeeded.
2025-07-30 09:03:02,840 [INFO] kopf.objects - Creation is processed: 1 succeeded; 0 failed.
2025-07-30 09:03:02,864 [INFO] kopf.objects - Handler 'handle_new_pod/spec.nodeName' succeeded.
2025-07-30 09:03:02,864 [INFO] kopf.objects - Creation is processed: 1 succeeded; 0 failed.
2025-07-30 09:03:02,865 [INFO] kopf.objects - Handler 'handle_new_pod/spec.nodeName' succeeded.
2025-07-30 09:03:02,866 [INFO] kopf.objects - Creation is processed: 1 succeeded; 0 failed.
2025-07-30 09:03:02,884 [INFO] kopf.objects - Handler 'handle_new_pod/spec.nodeName' succeeded.
2025-07-30 09:03:02,884 [INFO] kopf.objects - Creation is processed: 1 succeeded; 0 failed.
2025-07-30 09:03:02,900 [INFO] kopf.objects - Handler 'handle_new_pod/spec.nodeName' succeeded.
2025-07-30 09:03:02,900 [INFO] kopf.objects - Creation is processed: 1 succeeded; 0 failed.
2025-07-30 09:03:02,913 [INFO] kopf.objects - Handler 'handle_new_pod/spec.nodeName' succeeded.
2025-07-30 09:03:02,913 [INFO] kopf.objects - Creation is processed: 1 succeeded; 0 failed.
2025-07-30 09:03:02,930 [INFO] kopf.objects - Handler 'handle_new_pod/spec.nodeName' succeeded.
2025-07-30 09:03:02,931 [INFO] kopf.objects - Creation is processed: 1 succeeded; 0 failed.
2025-07-30 09:03:02,940 [INFO] kopf.objects - Handler 'handle_new_pod/spec.nodeName' succeeded.
2025-07-30 09:03:02,940 [INFO] kopf.objects - Creation is processed: 1 succeeded; 0 failed.
2025-07-30 09:03:02,956 [INFO] kopf.objects - Handler 'handle_new_pod/spec.nodeName' succeeded.
2025-07-30 09:03:02,957 [INFO] kopf.objects - Creation is processed: 1 succeeded; 0 failed.
2025-07-30 09:03:02,983 [INFO] kopf.objects - Handler 'handle_new_pod/spec.nodeName' succeeded.
2025-07-30 09:03:02,983 [INFO] kopf.objects - Creation is processed: 1 succeeded; 0 failed.
2025-07-30 09:03:02,988 [INFO] kopf.objects - Handler 'handle_new_pod/spec.nodeName' succeeded.
2025-07-30 09:03:02,988 [INFO] kopf.objects - Creation is processed: 1 succeeded; 0 failed.
2025-07-30 09:03:03,001 [INFO] kopf.objects - Handler 'handle_new_pod/spec.nodeName' succeeded.
2025-07-30 09:03:03,003 [INFO] kopf.objects - Creation is processed: 1 succeeded; 0 failed.
2025-07-30 09:03:03,028 [INFO] kopf.objects - Handler 'handle_new_pod/spec.nodeName' succeeded.
2025-07-30 09:03:03,028 [INFO] kopf.objects - Creation is processed: 1 succeeded; 0 failed.
2025-07-30 09:03:03,050 [INFO] kopf.objects - Handler 'handle_new_pod/spec.nodeName' succeeded.
2025-07-30 09:03:03,050 [INFO] kopf.objects - Creation is processed: 1 succeeded; 0 failed.
[132435417216704] Handling pod test-pod-48, locking app:app-brole:backend, app:app-brole:frontend,  ...
New pod: test-pod-48, on node: worker-1
[132435679708864] Pod test-pod-36 handled. Released locks for: app:app-arole:frontend, app:app-arole:backend, 
New pod test-pod-50! old_node = None, new_node = worker-1.
Handling the new pod object: Pod(name=test-pod-50, label_set=LabelSet(labels={'app': 'app-b', 'role': 'database'}), node=Node(name=worker-1)
[132435679708864] Handling pod test-pod-50, locking app:app-brole:database, app:app-brole:backend,  ...
New pod: test-pod-19, on node: worker-1
[132435417216704] Pod test-pod-48 handled. Released locks for: app:app-brole:backend, app:app-brole:frontend, 
New pod test-pod-49! old_node = None, new_node = worker-1.
Handling the new pod object: Pod(name=test-pod-49, label_set=LabelSet(labels={'app': 'app-b', 'role': 'backend'}), node=Node(name=worker-1)
[132435417216704] Handling pod test-pod-49, locking app:app-brole:database, app:app-brole:backend, app:app-brole:frontend,  ...
New pod: test-pod-49, on node: worker-1
[132434309936832] Pod test-pod-19 handled. Released locks for: app:app-arole:frontend, app:app-arole:backend, app:app-arole:database, 
New pod test-pod-51! old_node = None, new_node = worker-1.
Handling the new pod object: Pod(name=test-pod-51, label_set=LabelSet(labels={'app': 'app-c', 'role': 'frontend'}), node=Node(name=worker-1)
[132434309936832] Handling pod test-pod-51, locking app:app-crole:backend, app:app-crole:frontend,  ...
New pod: test-pod-37, on node: worker-1
[132435417216704] Pod test-pod-49 handled. Released locks for: app:app-brole:database, app:app-brole:backend, app:app-brole:frontend, 
New pod test-pod-52! old_node = None, new_node = worker-1.
Handling the new pod object: Pod(name=test-pod-52, label_set=LabelSet(labels={'app': 'app-c', 'role': 'backend'}), node=Node(name=worker-1)
[132435417216704] Handling pod test-pod-52, locking app:app-crole:database, app:app-crole:frontend, app:app-crole:backend,  ...
New pod: test-pod-50, on node: worker-1
[132435679708864] Pod test-pod-50 handled. Released locks for: app:app-brole:database, app:app-brole:backend, 
[132435450787520] Pod test-pod-37 handled. Released locks for: app:app-arole:frontend, app:app-arole:backend, app:app-arole:database, 
New pod test-pod-53! old_node = None, new_node = worker-1.
Handling the new pod object: Pod(name=test-pod-53, label_set=LabelSet(labels={'app': 'app-c', 'role': 'database'}), node=Node(name=worker-1)
[132435450787520] Handling pod test-pod-53, locking app:app-crole:database, app:app-crole:backend,  ...
New pod: test-pod-45, on node: worker-1
New pod test-pod-54! old_node = None, new_node = worker-1.
Handling the new pod object: Pod(name=test-pod-54, label_set=LabelSet(labels={'app': 'app-a', 'role': 'frontend'}), node=Node(name=worker-1)
[132435679708864] Handling pod test-pod-54, locking app:app-arole:frontend, app:app-arole:backend,  ...
[132435662923456] Pod test-pod-45 handled. Released locks for: app:app-arole:frontend, app:app-arole:backend, 
New pod: test-pod-28, on node: worker-1
New pod test-pod-55! old_node = None, new_node = worker-1.
Handling the new pod object: Pod(name=test-pod-55, label_set=LabelSet(labels={'app': 'app-a', 'role': 'backend'}), node=Node(name=worker-1)
[132435662923456] Handling pod test-pod-55, locking app:app-arole:frontend, app:app-arole:backend, app:app-arole:database,  ...
[132434846807744] Pod test-pod-28 handled. Released locks for: app:app-arole:frontend, app:app-arole:backend, app:app-arole:database, 
New pod test-pod-56! old_node = None, new_node = worker-1.
Handling the new pod object: Pod(name=test-pod-56, label_set=LabelSet(labels={'app': 'app-a', 'role': 'database'}), node=Node(name=worker-1)
[132434846807744] Handling pod test-pod-56, locking app:app-arole:backend, app:app-arole:database,  ...
New pod: test-pod-29, on node: worker-1
[132434301544128] Pod test-pod-29 handled. Released locks for: app:app-arole:backend, app:app-arole:database, 
New pod test-pod-57! old_node = None, new_node = worker-1.
Handling the new pod object: Pod(name=test-pod-57, label_set=LabelSet(labels={'app': 'app-b', 'role': 'frontend'}), node=Node(name=worker-1)
[132434301544128] Handling pod test-pod-57, locking app:app-brole:backend, app:app-brole:frontend,  ...
New pod: test-pod-57, on node: worker-1
New pod: test-pod-54, on node: worker-1
[132434301544128] Pod test-pod-57 handled. Released locks for: app:app-brole:backend, app:app-brole:frontend, 
New pod test-pod-58! old_node = None, new_node = worker-1.
Handling the new pod object: Pod(name=test-pod-58, label_set=LabelSet(labels={'app': 'app-b', 'role': 'backend'}), node=Node(name=worker-1)
[132434301544128] Handling pod test-pod-58, locking app:app-brole:database, app:app-brole:backend, app:app-brole:frontend,  ...
New pod: test-pod-58, on node: worker-1
[132435679708864] Pod test-pod-54 handled. Released locks for: app:app-arole:frontend, app:app-arole:backend, 
New pod test-pod-59! old_node = None, new_node = worker-1.
Handling the new pod object: Pod(name=test-pod-59, label_set=LabelSet(labels={'app': 'app-b', 'role': 'database'}), node=Node(name=worker-1)
[132435679708864] Handling pod test-pod-59, locking app:app-brole:database, app:app-brole:backend,  ...
New pod: test-pod-55, on node: worker-1
[132434301544128] Pod test-pod-58 handled. Released locks for: app:app-brole:database, app:app-brole:backend, app:app-brole:frontend, 
New pod test-pod-60! old_node = None, new_node = worker-1.
Handling the new pod object: Pod(name=test-pod-60, label_set=LabelSet(labels={'app': 'app-c', 'role': 'frontend'}), node=Node(name=worker-1)
[132434301544128] Handling pod test-pod-60, locking app:app-crole:backend, app:app-crole:frontend,  ...
New pod: test-pod-59, on node: worker-1
[132435662923456] Pod test-pod-55 handled. Released locks for: app:app-arole:frontend, app:app-arole:backend, app:app-arole:database, 
New pod: test-pod-56, on node: worker-1
[132435679708864] Pod test-pod-59 handled. Released locks for: app:app-brole:database, app:app-brole:backend, 
New pod test-pod-61! old_node = None, new_node = worker-1.
Handling the new pod object: Pod(name=test-pod-61, label_set=LabelSet(labels={'app': 'app-c', 'role': 'backend'}), node=Node(name=worker-1)
[132435679708864] Handling pod test-pod-61, locking app:app-crole:database, app:app-crole:frontend, app:app-crole:backend,  ...
New pod test-pod-62! old_node = None, new_node = worker-1.
Handling the new pod object: Pod(name=test-pod-62, label_set=LabelSet(labels={'app': 'app-c', 'role': 'database'}), node=Node(name=worker-1)
[132435662923456] Handling pod test-pod-62, locking app:app-crole:database, app:app-crole:backend,  ...
[132434846807744] Pod test-pod-56 handled. Released locks for: app:app-arole:backend, app:app-arole:database, 
New pod test-pod-64! old_node = None, new_node = worker-1.
Handling the new pod object: Pod(name=test-pod-64, label_set=LabelSet(labels={'app': 'app-a', 'role': 'backend'}), node=Node(name=worker-1)
[132434846807744] Handling pod test-pod-64, locking app:app-arole:frontend, app:app-arole:backend, app:app-arole:database,  ...
New pod: test-pod-64, on node: worker-1
[132434846807744] Pod test-pod-64 handled. Released locks for: app:app-arole:frontend, app:app-arole:backend, app:app-arole:database, 
New pod test-pod-63! old_node = None, new_node = worker-1.
Handling the new pod object: Pod(name=test-pod-63, label_set=LabelSet(labels={'app': 'app-a', 'role': 'frontend'}), node=Node(name=worker-1)
[132434846807744] Handling pod test-pod-63, locking app:app-arole:frontend, app:app-arole:backend,  ...
New pod: test-pod-63, on node: worker-1
[132434846807744] Pod test-pod-63 handled. Released locks for: app:app-arole:frontend, app:app-arole:backend, 
New pod test-pod-65! old_node = None, new_node = worker-1.
Handling the new pod object: Pod(name=test-pod-65, label_set=LabelSet(labels={'app': 'app-a', 'role': 'database'}), node=Node(name=worker-1)
[132434846807744] Handling pod test-pod-65, locking app:app-arole:backend, app:app-arole:database,  ...
New pod: test-pod-65, on node: worker-1
2025-07-30 09:03:03,072 [INFO] kopf.objects - Handler 'handle_new_pod/spec.nodeName' succeeded.
2025-07-30 09:03:03,073 [INFO] kopf.objects - Creation is processed: 1 succeeded; 0 failed.
2025-07-30 09:03:03,094 [INFO] kopf.objects - Handler 'handle_new_pod/spec.nodeName' succeeded.
2025-07-30 09:03:03,094 [INFO] kopf.objects - Creation is processed: 1 succeeded; 0 failed.
2025-07-30 09:03:03,108 [INFO] kopf.objects - Handler 'handle_new_pod/spec.nodeName' succeeded.
2025-07-30 09:03:03,108 [INFO] kopf.objects - Creation is processed: 1 succeeded; 0 failed.
2025-07-30 09:03:03,119 [INFO] kopf.objects - Handler 'handle_new_pod/spec.nodeName' succeeded.
2025-07-30 09:03:03,119 [INFO] kopf.objects - Creation is processed: 1 succeeded; 0 failed.
2025-07-30 09:03:03,130 [INFO] kopf.objects - Handler 'handle_new_pod/spec.nodeName' succeeded.
2025-07-30 09:03:03,130 [INFO] kopf.objects - Creation is processed: 1 succeeded; 0 failed.
2025-07-30 09:03:03,138 [INFO] kopf.objects - Handler 'handle_new_pod/spec.nodeName' succeeded.
2025-07-30 09:03:03,139 [INFO] kopf.objects - Creation is processed: 1 succeeded; 0 failed.
2025-07-30 09:03:03,155 [INFO] kopf.objects - Handler 'handle_new_pod/spec.nodeName' succeeded.
2025-07-30 09:03:03,156 [INFO] kopf.objects - Creation is processed: 1 succeeded; 0 failed.
2025-07-30 09:03:03,170 [INFO] kopf.objects - Handler 'handle_new_pod/spec.nodeName' succeeded.
2025-07-30 09:03:03,171 [INFO] kopf.objects - Creation is processed: 1 succeeded; 0 failed.
2025-07-30 09:03:03,182 [INFO] kopf.objects - Handler 'handle_new_pod/spec.nodeName' succeeded.
2025-07-30 09:03:03,183 [INFO] kopf.objects - Creation is processed: 1 succeeded; 0 failed.
2025-07-30 09:03:03,200 [INFO] kopf.objects - Handler 'handle_new_pod/spec.nodeName' succeeded.
2025-07-30 09:03:03,200 [INFO] kopf.objects - Creation is processed: 1 succeeded; 0 failed.
2025-07-30 09:03:03,201 [INFO] kopf.objects - Handler 'handle_new_pod/spec.nodeName' succeeded.
2025-07-30 09:03:03,201 [INFO] kopf.objects - Creation is processed: 1 succeeded; 0 failed.
2025-07-30 09:03:03,216 [INFO] kopf.objects - Handler 'handle_new_pod/spec.nodeName' succeeded.
2025-07-30 09:03:03,216 [INFO] kopf.objects - Creation is processed: 1 succeeded; 0 failed.
2025-07-30 09:03:03,225 [INFO] kopf.objects - Handler 'handle_new_pod/spec.nodeName' succeeded.
2025-07-30 09:03:03,225 [INFO] kopf.objects - Creation is processed: 1 succeeded; 0 failed.
2025-07-30 09:03:03,233 [INFO] kopf.objects - Handler 'handle_new_pod/spec.nodeName' succeeded.
2025-07-30 09:03:03,234 [INFO] kopf.objects - Creation is processed: 1 succeeded; 0 failed.
2025-07-30 09:03:03,257 [INFO] kopf.objects - Handler 'handle_new_pod/spec.nodeName' succeeded.
2025-07-30 09:03:03,257 [INFO] kopf.objects - Creation is processed: 1 succeeded; 0 failed.
2025-07-30 09:03:03,268 [INFO] kopf.objects - Handler 'handle_new_pod/spec.nodeName' succeeded.
2025-07-30 09:03:03,268 [INFO] kopf.objects - Creation is processed: 1 succeeded; 0 failed.
2025-07-30 09:03:03,287 [INFO] kopf.objects - Handler 'handle_new_pod/spec.nodeName' succeeded.
2025-07-30 09:03:03,287 [INFO] kopf.objects - Creation is processed: 1 succeeded; 0 failed.
[132434846807744] Pod test-pod-65 handled. Released locks for: app:app-arole:backend, app:app-arole:database, 
New pod test-pod-66! old_node = None, new_node = worker-1.
Handling the new pod object: Pod(name=test-pod-66, label_set=LabelSet(labels={'app': 'app-b', 'role': 'frontend'}), node=Node(name=worker-1)
[132434846807744] Handling pod test-pod-66, locking app:app-brole:backend, app:app-brole:frontend,  ...
New pod: test-pod-66, on node: worker-1
[132434846807744] Pod test-pod-66 handled. Released locks for: app:app-brole:backend, app:app-brole:frontend, 
New pod test-pod-67! old_node = None, new_node = worker-1.
Handling the new pod object: Pod(name=test-pod-67, label_set=LabelSet(labels={'app': 'app-b', 'role': 'backend'}), node=Node(name=worker-1)
[132434846807744] Handling pod test-pod-67, locking app:app-brole:database, app:app-brole:backend, app:app-brole:frontend,  ...
New pod: test-pod-67, on node: worker-1
[132434846807744] Pod test-pod-67 handled. Released locks for: app:app-brole:database, app:app-brole:backend, app:app-brole:frontend, 
New pod test-pod-68! old_node = None, new_node = worker-1.
Handling the new pod object: Pod(name=test-pod-68, label_set=LabelSet(labels={'app': 'app-b', 'role': 'database'}), node=Node(name=worker-1)
[132434846807744] Handling pod test-pod-68, locking app:app-brole:database, app:app-brole:backend,  ...
New pod: test-pod-68, on node: worker-1
[132435408824000] Pod test-pod-7 handled. Released locks for: app:app-crole:database, app:app-crole:frontend, app:app-crole:backend, 
New pod test-pod-69! old_node = None, new_node = worker-1.
Handling the new pod object: Pod(name=test-pod-69, label_set=LabelSet(labels={'app': 'app-c', 'role': 'frontend'}), node=Node(name=worker-1)
[132435408824000] Handling pod test-pod-69, locking app:app-crole:backend, app:app-crole:frontend,  ...
New pod: test-pod-15, on node: worker-1
[132434846807744] Pod test-pod-68 handled. Released locks for: app:app-brole:database, app:app-brole:backend, 
New pod test-pod-70! old_node = None, new_node = worker-1.
Handling the new pod object: Pod(name=test-pod-70, label_set=LabelSet(labels={'app': 'app-c', 'role': 'backend'}), node=Node(name=worker-1)
[132434846807744] Handling pod test-pod-70, locking app:app-crole:database, app:app-crole:frontend, app:app-crole:backend,  ...
[132434838415040] Pod test-pod-15 handled. Released locks for: app:app-crole:backend, app:app-crole:frontend, 
New pod: test-pod-16, on node: worker-1
New pod test-pod-71! old_node = None, new_node = worker-1.
Handling the new pod object: Pod(name=test-pod-71, label_set=LabelSet(labels={'app': 'app-c', 'role': 'database'}), node=Node(name=worker-1)
[132434838415040] Handling pod test-pod-71, locking app:app-crole:database, app:app-crole:backend,  ...
[132434821629632] Pod test-pod-16 handled. Released locks for: app:app-crole:database, app:app-crole:frontend, app:app-crole:backend, 
New pod test-pod-72! old_node = None, new_node = worker-1.
Handling the new pod object: Pod(name=test-pod-72, label_set=LabelSet(labels={'app': 'app-a', 'role': 'frontend'}), node=Node(name=worker-1)
[132434821629632] Handling pod test-pod-72, locking app:app-arole:frontend, app:app-arole:backend,  ...
New pod: test-pod-72, on node: worker-1
New pod: test-pod-17, on node: worker-1
[132434804844224] Pod test-pod-17 handled. Released locks for: app:app-crole:database, app:app-crole:backend, 
New pod test-pod-73! old_node = None, new_node = worker-1.
Handling the new pod object: Pod(name=test-pod-73, label_set=LabelSet(labels={'app': 'app-a', 'role': 'backend'}), node=Node(name=worker-1)
[132434804844224] Handling pod test-pod-73, locking app:app-arole:frontend, app:app-arole:backend, app:app-arole:database,  ...
New pod: test-pod-25, on node: worker-1
[132434821629632] Pod test-pod-72 handled. Released locks for: app:app-arole:frontend, app:app-arole:backend, 
New pod: test-pod-73, on node: worker-1
New pod test-pod-74! old_node = None, new_node = worker-1.
Handling the new pod object: Pod(name=test-pod-74, label_set=LabelSet(labels={'app': 'app-a', 'role': 'database'}), node=Node(name=worker-1)
[132434821629632] Handling pod test-pod-74, locking app:app-arole:backend, app:app-arole:database,  ...
[132434804844224] Pod test-pod-73 handled. Released locks for: app:app-arole:frontend, app:app-arole:backend, app:app-arole:database, 
New pod test-pod-76! old_node = None, new_node = worker-1.
Handling the new pod object: Pod(name=test-pod-76, label_set=LabelSet(labels={'app': 'app-b', 'role': 'backend'}), node=Node(name=worker-1)
[132434804844224] Handling pod test-pod-76, locking app:app-brole:database, app:app-brole:backend, app:app-brole:frontend,  ...
New pod: test-pod-76, on node: worker-1
New pod: test-pod-74, on node: worker-1
[132435434002112] Pod test-pod-25 handled. Released locks for: app:app-crole:database, app:app-crole:frontend, app:app-crole:backend, 
New pod: test-pod-26, on node: worker-1
New pod test-pod-75! old_node = None, new_node = worker-1.
Handling the new pod object: Pod(name=test-pod-75, label_set=LabelSet(labels={'app': 'app-b', 'role': 'frontend'}), node=Node(name=worker-1)
[132435434002112] Handling pod test-pod-75, locking app:app-brole:backend, app:app-brole:frontend,  ...
[132434821629632] Pod test-pod-74 handled. Released locks for: app:app-arole:backend, app:app-arole:database, 
New pod test-pod-77! old_node = None, new_node = worker-1.
Handling the new pod object: Pod(name=test-pod-77, label_set=LabelSet(labels={'app': 'app-b', 'role': 'database'}), node=Node(name=worker-1)
[132434821629632] Handling pod test-pod-77, locking app:app-brole:database, app:app-brole:backend,  ...
[132434804844224] Pod test-pod-76 handled. Released locks for: app:app-brole:database, app:app-brole:backend, app:app-brole:frontend, 
New pod test-pod-78! old_node = None, new_node = worker-1.
Handling the new pod object: Pod(name=test-pod-78, label_set=LabelSet(labels={'app': 'app-c', 'role': 'frontend'}), node=Node(name=worker-1)
[132434804844224] Handling pod test-pod-78, locking app:app-crole:backend, app:app-crole:frontend,  ...
New pod: test-pod-75, on node: worker-1
[132435671316160] Pod test-pod-26 handled. Released locks for: app:app-crole:database, app:app-crole:backend, 
New pod test-pod-79! old_node = None, new_node = worker-1.
Handling the new pod object: Pod(name=test-pod-79, label_set=LabelSet(labels={'app': 'app-c', 'role': 'backend'}), node=Node(name=worker-1)
[132435671316160] Handling pod test-pod-79, locking app:app-crole:database, app:app-crole:frontend, app:app-crole:backend,  ...
New pod: test-pod-24, on node: worker-1
[132435434002112] Pod test-pod-75 handled. Released locks for: app:app-brole:backend, app:app-brole:frontend, 
New pod test-pod-81! old_node = None, new_node = worker-1.
Handling the new pod object: Pod(name=test-pod-81, label_set=LabelSet(labels={'app': 'app-a', 'role': 'frontend'}), node=Node(name=worker-1)
[132435434002112] Handling pod test-pod-81, locking app:app-arole:frontend, app:app-arole:backend,  ...
New pod: test-pod-81, on node: worker-1
New pod: test-pod-77, on node: worker-1
[132435400431296] Pod test-pod-24 handled. Released locks for: app:app-crole:backend, app:app-crole:frontend, 
New pod test-pod-80! old_node = None, new_node = worker-1.
Handling the new pod object: Pod(name=test-pod-80, label_set=LabelSet(labels={'app': 'app-c', 'role': 'database'}), node=Node(name=worker-1)
[132435400431296] Handling pod test-pod-80, locking app:app-crole:database, app:app-crole:backend,  ...
New pod: test-pod-33, on node: worker-1
[132434821629632] Pod test-pod-77 handled. Released locks for: app:app-brole:database, app:app-brole:backend, 
New pod test-pod-82! old_node = None, new_node = worker-1.
Handling the new pod object: Pod(name=test-pod-82, label_set=LabelSet(labels={'app': 'app-a', 'role': 'backend'}), node=Node(name=worker-1)
[132434821629632] Handling pod test-pod-82, locking app:app-arole:frontend, app:app-arole:backend, app:app-arole:database,  ...
[132435442394816] Pod test-pod-33 handled. Released locks for: app:app-crole:backend, app:app-crole:frontend, 
New pod test-pod-83! old_node = None, new_node = worker-1.
2025-07-30 09:03:03,298 [INFO] kopf.objects - Handler 'handle_new_pod/spec.nodeName' succeeded.
2025-07-30 09:03:03,298 [INFO] kopf.objects - Creation is processed: 1 succeeded; 0 failed.
2025-07-30 09:03:03,307 [INFO] kopf.objects - Handler 'handle_new_pod/spec.nodeName' succeeded.
2025-07-30 09:03:03,307 [INFO] kopf.objects - Creation is processed: 1 succeeded; 0 failed.
2025-07-30 09:03:03,326 [INFO] kopf.objects - Handler 'handle_new_pod/spec.nodeName' succeeded.
2025-07-30 09:03:03,326 [INFO] kopf.objects - Creation is processed: 1 succeeded; 0 failed.
2025-07-30 09:03:03,327 [INFO] kopf.objects - Handler 'handle_new_pod/spec.nodeName' succeeded.
2025-07-30 09:03:03,328 [INFO] kopf.objects - Creation is processed: 1 succeeded; 0 failed.
2025-07-30 09:03:03,328 [INFO] kopf.objects - Handler 'handle_new_pod/spec.nodeName' succeeded.
2025-07-30 09:03:03,329 [INFO] kopf.objects - Creation is processed: 1 succeeded; 0 failed.
2025-07-30 09:03:03,347 [INFO] kopf.objects - Handler 'handle_new_pod/spec.nodeName' succeeded.
2025-07-30 09:03:03,348 [INFO] kopf.objects - Creation is processed: 1 succeeded; 0 failed.
2025-07-30 09:03:03,358 [INFO] kopf.objects - Handler 'handle_new_pod/spec.nodeName' succeeded.
2025-07-30 09:03:03,359 [INFO] kopf.objects - Creation is processed: 1 succeeded; 0 failed.
2025-07-30 09:03:03,368 [INFO] kopf.objects - Handler 'handle_new_pod/spec.nodeName' succeeded.
2025-07-30 09:03:03,369 [INFO] kopf.objects - Creation is processed: 1 succeeded; 0 failed.
2025-07-30 09:03:03,379 [INFO] kopf.objects - Handler 'handle_new_pod/spec.nodeName' succeeded.
2025-07-30 09:03:03,379 [INFO] kopf.objects - Creation is processed: 1 succeeded; 0 failed.
2025-07-30 09:03:03,396 [INFO] kopf.objects - Handler 'handle_new_pod/spec.nodeName' succeeded.
2025-07-30 09:03:03,397 [INFO] kopf.objects - Creation is processed: 1 succeeded; 0 failed.
2025-07-30 09:03:03,398 [INFO] kopf.objects - Handler 'handle_new_pod/spec.nodeName' succeeded.
2025-07-30 09:03:03,399 [INFO] kopf.objects - Creation is processed: 1 succeeded; 0 failed.
2025-07-30 09:03:03,412 [INFO] kopf.objects - Handler 'handle_new_pod/spec.nodeName' succeeded.
2025-07-30 09:03:03,412 [INFO] kopf.objects - Creation is processed: 1 succeeded; 0 failed.
2025-07-30 09:03:03,426 [INFO] kopf.objects - Handler 'handle_new_pod/spec.nodeName' succeeded.
2025-07-30 09:03:03,427 [INFO] kopf.objects - Creation is processed: 1 succeeded; 0 failed.
2025-07-30 09:03:03,428 [INFO] kopf.objects - Handler 'handle_new_pod/spec.nodeName' succeeded.
2025-07-30 09:03:03,429 [INFO] kopf.objects - Creation is processed: 1 succeeded; 0 failed.
2025-07-30 09:03:03,435 [INFO] kopf.objects - Handler 'handle_new_pod/spec.nodeName' succeeded.
2025-07-30 09:03:03,435 [INFO] kopf.objects - Creation is processed: 1 succeeded; 0 failed.
2025-07-30 09:03:03,437 [INFO] kopf.objects - Handler 'handle_new_pod/spec.nodeName' succeeded.
2025-07-30 09:03:03,437 [INFO] kopf.objects - Creation is processed: 1 succeeded; 0 failed.
2025-07-30 09:03:03,438 [INFO] kopf.objects - Handler 'handle_new_pod/spec.nodeName' succeeded.
2025-07-30 09:03:03,439 [INFO] kopf.objects - Creation is processed: 1 succeeded; 0 failed.
2025-07-30 09:03:03,451 [INFO] kopf.objects - Handler 'handle_new_pod/spec.nodeName' succeeded.
2025-07-30 09:03:03,456 [INFO] kopf.objects - Creation is processed: 1 succeeded; 0 failed.
2025-07-30 09:03:03,470 [INFO] kopf.objects - Handler 'handle_new_pod/spec.nodeName' succeeded.
2025-07-30 09:03:03,472 [INFO] kopf.objects - Creation is processed: 1 succeeded; 0 failed.
2025-07-30 09:03:03,482 [INFO] kopf.objects - Handler 'handle_new_pod/spec.nodeName' succeeded.
2025-07-30 09:03:03,482 [INFO] kopf.objects - Creation is processed: 1 succeeded; 0 failed.
2025-07-30 09:03:03,496 [INFO] kopf.objects - Handler 'handle_new_pod/spec.nodeName' succeeded.
2025-07-30 09:03:03,497 [INFO] kopf.objects - Creation is processed: 1 succeeded; 0 failed.
Handling the new pod object: Pod(name=test-pod-83, label_set=LabelSet(labels={'app': 'app-a', 'role': 'database'}), node=Node(name=worker-1)
[132435442394816] Handling pod test-pod-83, locking app:app-arole:backend, app:app-arole:database,  ...
New pod: test-pod-34, on node: worker-1
[132435434002112] Pod test-pod-81 handled. Released locks for: app:app-arole:frontend, app:app-arole:backend, 
New pod: test-pod-82, on node: worker-1
New pod test-pod-84! old_node = None, new_node = worker-1.
Handling the new pod object: Pod(name=test-pod-84, label_set=LabelSet(labels={'app': 'app-b', 'role': 'frontend'}), node=Node(name=worker-1)
[132435434002112] Handling pod test-pod-84, locking app:app-brole:backend, app:app-brole:frontend,  ...
New pod: test-pod-84, on node: worker-1
[132434821629632] Pod test-pod-82 handled. Released locks for: app:app-arole:frontend, app:app-arole:backend, app:app-arole:database, 
New pod test-pod-85! old_node = None, new_node = worker-1.
Handling the new pod object: Pod(name=test-pod-85, label_set=LabelSet(labels={'app': 'app-b', 'role': 'backend'}), node=Node(name=worker-1)
[132434821629632] Handling pod test-pod-85, locking app:app-brole:database, app:app-brole:backend, app:app-brole:frontend,  ...
[132434830022336] Pod test-pod-34 handled. Released locks for: app:app-crole:database, app:app-crole:frontend, app:app-crole:backend, 
New pod test-pod-86! old_node = None, new_node = worker-1.
Handling the new pod object: Pod(name=test-pod-86, label_set=LabelSet(labels={'app': 'app-b', 'role': 'database'}), node=Node(name=worker-1)
[132434830022336] Handling pod test-pod-86, locking app:app-brole:database, app:app-brole:backend,  ...
[132435434002112] Pod test-pod-84 handled. Released locks for: app:app-brole:backend, app:app-brole:frontend, 
New pod: test-pod-85, on node: worker-1
New pod: test-pod-83, on node: worker-1
New pod test-pod-87! old_node = None, new_node = worker-1.
Handling the new pod object: Pod(name=test-pod-87, label_set=LabelSet(labels={'app': 'app-c', 'role': 'frontend'}), node=Node(name=worker-1)
[132435434002112] Handling pod test-pod-87, locking app:app-crole:backend, app:app-crole:frontend,  ...
New pod: test-pod-35, on node: worker-1
[132434821629632] Pod test-pod-85 handled. Released locks for: app:app-brole:database, app:app-brole:backend, app:app-brole:frontend, 
New pod test-pod-88! old_node = None, new_node = worker-1.
Handling the new pod object: Pod(name=test-pod-88, label_set=LabelSet(labels={'app': 'app-c', 'role': 'backend'}), node=Node(name=worker-1)
[132434821629632] Handling pod test-pod-88, locking app:app-crole:database, app:app-crole:frontend, app:app-crole:backend,  ...
New pod: test-pod-86, on node: worker-1
[132435442394816] Pod test-pod-83 handled. Released locks for: app:app-arole:backend, app:app-arole:database, 
New pod test-pod-89! old_node = None, new_node = worker-1.
Handling the new pod object: Pod(name=test-pod-89, label_set=LabelSet(labels={'app': 'app-c', 'role': 'database'}), node=Node(name=worker-1)
[132435442394816] Handling pod test-pod-89, locking app:app-crole:database, app:app-crole:backend,  ...
[132434813236928] Pod test-pod-35 handled. Released locks for: app:app-crole:database, app:app-crole:backend, 
New pod test-pod-90! old_node = None, new_node = worker-1.
Handling the new pod object: Pod(name=test-pod-90, label_set=LabelSet(labels={'app': 'app-a', 'role': 'frontend'}), node=Node(name=worker-1)
[132434813236928] Handling pod test-pod-90, locking app:app-arole:frontend, app:app-arole:backend,  ...
New pod: test-pod-90, on node: worker-1
New pod: test-pod-42, on node: worker-1
[132434830022336] Pod test-pod-86 handled. Released locks for: app:app-brole:database, app:app-brole:backend, 
New pod test-pod-91! old_node = None, new_node = worker-1.
Handling the new pod object: Pod(name=test-pod-91, label_set=LabelSet(labels={'app': 'app-a', 'role': 'backend'}), node=Node(name=worker-1)
[132434830022336] Handling pod test-pod-91, locking app:app-arole:frontend, app:app-arole:backend, app:app-arole:database,  ...
[132434813236928] Pod test-pod-90 handled. Released locks for: app:app-arole:frontend, app:app-arole:backend, 
New pod test-pod-92! old_node = None, new_node = worker-1.
Handling the new pod object: Pod(name=test-pod-92, label_set=LabelSet(labels={'app': 'app-a', 'role': 'database'}), node=Node(name=worker-1)
[132434813236928] Handling pod test-pod-92, locking app:app-arole:backend, app:app-arole:database,  ...
New pod: test-pod-91, on node: worker-1
[132434796451520] Pod test-pod-42 handled. Released locks for: app:app-crole:backend, app:app-crole:frontend, 
New pod test-pod-93! old_node = None, new_node = worker-1.
Handling the new pod object: Pod(name=test-pod-93, label_set=LabelSet(labels={'app': 'app-b', 'role': 'frontend'}), node=Node(name=worker-1)
[132434796451520] Handling pod test-pod-93, locking app:app-brole:backend, app:app-brole:frontend,  ...
New pod: test-pod-93, on node: worker-1
New pod: test-pod-43, on node: worker-1
[132434796451520] Pod test-pod-93 handled. Released locks for: app:app-brole:backend, app:app-brole:frontend, 
New pod test-pod-94! old_node = None, new_node = worker-1.
Handling the new pod object: Pod(name=test-pod-94, label_set=LabelSet(labels={'app': 'app-b', 'role': 'backend'}), node=Node(name=worker-1)
[132434796451520] Handling pod test-pod-94, locking app:app-brole:database, app:app-brole:backend, app:app-brole:frontend,  ...
New pod: test-pod-94, on node: worker-1
[132434830022336] Pod test-pod-91 handled. Released locks for: app:app-arole:frontend, app:app-arole:backend, app:app-arole:database, 
New pod test-pod-95! old_node = None, new_node = worker-1.
Handling the new pod object: Pod(name=test-pod-95, label_set=LabelSet(labels={'app': 'app-b', 'role': 'database'}), node=Node(name=worker-1)
[132434830022336] Handling pod test-pod-95, locking app:app-brole:database, app:app-brole:backend,  ...
New pod: test-pod-92, on node: worker-1
[132435694393024] Pod test-pod-43 handled. Released locks for: app:app-crole:database, app:app-crole:frontend, app:app-crole:backend, 
New pod test-pod-96! old_node = None, new_node = worker-1.
Handling the new pod object: Pod(name=test-pod-96, label_set=LabelSet(labels={'app': 'app-c', 'role': 'frontend'}), node=Node(name=worker-1)
[132435694393024] Handling pod test-pod-96, locking app:app-crole:backend, app:app-crole:frontend,  ...
New pod: test-pod-96, on node: worker-1
[132435694393024] Pod test-pod-96 handled. Released locks for: app:app-crole:backend, app:app-crole:frontend, 
New pod test-pod-97! old_node = None, new_node = worker-1.
Handling the new pod object: Pod(name=test-pod-97, label_set=LabelSet(labels={'app': 'app-c', 'role': 'backend'}), node=Node(name=worker-1)
[132435694393024] Handling pod test-pod-97, locking app:app-crole:database, app:app-crole:frontend, app:app-crole:backend,  ...
[132434796451520] Pod test-pod-94 handled. Released locks for: app:app-brole:database, app:app-brole:backend, app:app-brole:frontend, 
New pod test-pod-98! old_node = None, new_node = worker-1.
Handling the new pod object: Pod(name=test-pod-98, label_set=LabelSet(labels={'app': 'app-c', 'role': 'database'}), node=Node(name=worker-1)
[132434796451520] Handling pod test-pod-98, locking app:app-crole:database, app:app-crole:backend,  ...
[132434813236928] Pod test-pod-92 handled. Released locks for: app:app-arole:backend, app:app-arole:database, 
New pod: test-pod-95, on node: worker-1
New pod: test-pod-51, on node: worker-1
[132434309936832] Pod test-pod-51 handled. Released locks for: app:app-crole:backend, app:app-crole:frontend, 
New pod: test-pod-52, on node: worker-1
[132434830022336] Pod test-pod-95 handled. Released locks for: app:app-brole:database, app:app-brole:backend, 
[132435417216704] Pod test-pod-52 handled. Released locks for: app:app-crole:database, app:app-crole:frontend, app:app-crole:backend, 
New pod: test-pod-53, on node: worker-1
[132435450787520] Pod test-pod-53 handled. Released locks for: app:app-crole:database, app:app-crole:backend, 
New pod: test-pod-60, on node: worker-1
2025-07-30 09:03:03,513 [INFO] kopf.objects - Handler 'handle_new_pod/spec.nodeName' succeeded.
2025-07-30 09:03:03,513 [INFO] kopf.objects - Creation is processed: 1 succeeded; 0 failed.
2025-07-30 09:03:03,527 [INFO] kopf.objects - Handler 'handle_new_pod/spec.nodeName' succeeded.
2025-07-30 09:03:03,528 [INFO] kopf.objects - Creation is processed: 1 succeeded; 0 failed.
2025-07-30 09:03:03,542 [INFO] kopf.objects - Handler 'handle_new_pod/spec.nodeName' succeeded.
2025-07-30 09:03:03,542 [INFO] kopf.objects - Creation is processed: 1 succeeded; 0 failed.
2025-07-30 09:03:03,556 [INFO] kopf.objects - Handler 'handle_new_pod/spec.nodeName' succeeded.
2025-07-30 09:03:03,557 [INFO] kopf.objects - Creation is processed: 1 succeeded; 0 failed.
2025-07-30 09:03:03,578 [INFO] kopf.objects - Handler 'handle_new_pod/spec.nodeName' succeeded.
2025-07-30 09:03:03,579 [INFO] kopf.objects - Creation is processed: 1 succeeded; 0 failed.
2025-07-30 09:03:03,599 [INFO] kopf.objects - Handler 'handle_new_pod/spec.nodeName' succeeded.
2025-07-30 09:03:03,599 [INFO] kopf.objects - Creation is processed: 1 succeeded; 0 failed.
2025-07-30 09:03:03,614 [INFO] kopf.objects - Handler 'handle_new_pod/spec.nodeName' succeeded.
2025-07-30 09:03:03,614 [INFO] kopf.objects - Creation is processed: 1 succeeded; 0 failed.
2025-07-30 09:03:03,639 [INFO] kopf.objects - Handler 'handle_new_pod/spec.nodeName' succeeded.
2025-07-30 09:03:03,640 [INFO] kopf.objects - Creation is processed: 1 succeeded; 0 failed.
2025-07-30 09:03:03,659 [INFO] kopf.objects - Handler 'handle_new_pod/spec.nodeName' succeeded.
2025-07-30 09:03:03,660 [INFO] kopf.objects - Creation is processed: 1 succeeded; 0 failed.
2025-07-30 09:03:03,677 [INFO] kopf.objects - Handler 'handle_new_pod/spec.nodeName' succeeded.
2025-07-30 09:03:03,678 [INFO] kopf.objects - Creation is processed: 1 succeeded; 0 failed.
2025-07-30 09:03:03,691 [INFO] kopf.objects - Handler 'handle_new_pod/spec.nodeName' succeeded.
2025-07-30 09:03:03,692 [INFO] kopf.objects - Creation is processed: 1 succeeded; 0 failed.
2025-07-30 09:03:03,707 [INFO] kopf.objects - Handler 'handle_new_pod/spec.nodeName' succeeded.
2025-07-30 09:03:03,708 [INFO] kopf.objects - Creation is processed: 1 succeeded; 0 failed.
2025-07-30 09:03:03,725 [INFO] kopf.objects - Handler 'handle_new_pod/spec.nodeName' succeeded.
2025-07-30 09:03:03,725 [INFO] kopf.objects - Creation is processed: 1 succeeded; 0 failed.
2025-07-30 09:03:03,740 [INFO] kopf.objects - Handler 'handle_new_pod/spec.nodeName' succeeded.
2025-07-30 09:03:03,741 [INFO] kopf.objects - Creation is processed: 1 succeeded; 0 failed.
2025-07-30 09:03:03,758 [INFO] kopf.objects - Handler 'handle_new_pod/spec.nodeName' succeeded.
2025-07-30 09:03:03,758 [INFO] kopf.objects - Creation is processed: 1 succeeded; 0 failed.
