2025-07-30 13:14:33,179 [INFO] /app/code/main_operator_latency.py - Starting Operator with 20 workers.
2025-07-30 13:14:33,269 [INFO] root - Initializing Openstack Client!
2025-07-30 13:14:33,480 [INFO] root - ================================= FRESH INITIALISATION DONE =====================================
2025-07-30 13:14:33,482 [INFO] operator_code.watcher_operator - Watcher class for Kopf Operator!
2025-07-30 13:14:33,482 [INFO] kopf.activities.startup - Activity 'startup_handler' succeeded.
2025-07-30 13:14:33,484 [INFO] kopf._core.engines.activities - Initial authentication has been initiated.
2025-07-30 13:14:33,486 [INFO] kopf.activities.authentication - Activity 'login_via_client' succeeded.
2025-07-30 13:14:33,487 [INFO] kopf._core.engines.activities - Initial authentication has finished.
2025-07-30 13:14:33,515 [WARNING] kopf._core.reactor.observation - Not enough permissions to list namespaces. Falling back to a list of namespaces which are assumed to exist: {'test-thesis'}
2025-07-30 13:14:33,518 [WARNING] kopf._core.reactor.observation - Not enough permissions to watch for namespaces: changes (deletion/creation) will not be noticed; the namespaces are only refreshed on operator restarts.
2025-07-30 13:14:37,751 [INFO] kopf.objects - Handler 'handle_new_policy' succeeded.
2025-07-30 13:14:37,755 [INFO] kopf.objects - Creation is processed: 1 succeeded; 0 failed.
2025-07-30 13:14:37,914 [INFO] matcher - PLS: Configuring new spol Policy(name=app-c-allow-frontend-backend, sel=LabelSet(labels={'app': 'app-c', 'role': 'frontend'}), allow=[
(LabelSet(labels={'app': 'app-c', 'role': 'backend'}), Traffic(direction=ingress, port=80, protocol=TCP)) 
])
2025-07-30 13:14:37,926 [INFO] matcher - PLS: Configuring new spol Policy(name=app-c-allow-frontend-backend, sel=LabelSet(labels={'app': 'app-c', 'role': 'frontend'}), allow=[
(LabelSet(labels={'app': 'app-c', 'role': 'backend'}), Traffic(direction=egress, port=80, protocol=TCP)) 
])
2025-07-30 13:14:37,939 [INFO] kopf.objects - Handler 'handle_new_policy' succeeded.
2025-07-30 13:14:37,939 [INFO] kopf.objects - Creation is processed: 1 succeeded; 0 failed.
2025-07-30 13:14:37,969 [INFO] matcher - PLS: Configuring new spol Policy(name=app-c-allow-database-backend, sel=LabelSet(labels={'app': 'app-c', 'role': 'database'}), allow=[
(LabelSet(labels={'app': 'app-c', 'role': 'backend'}), Traffic(direction=ingress, port=80, protocol=TCP)) 
])
2025-07-30 13:14:37,987 [INFO] matcher - PLS: Configuring new spol Policy(name=app-c-allow-database-backend, sel=LabelSet(labels={'app': 'app-c', 'role': 'database'}), allow=[
(LabelSet(labels={'app': 'app-c', 'role': 'backend'}), Traffic(direction=egress, port=80, protocol=TCP)) 
])
2025-07-30 13:14:38,005 [INFO] kopf.objects - Handler 'handle_new_policy' succeeded.
2025-07-30 13:14:38,006 [INFO] kopf.objects - Creation is processed: 1 succeeded; 0 failed.
2025-07-30 13:14:38,043 [INFO] matcher - PLS: Configuring new spol Policy(name=app-c-allow-backend-frontend, sel=LabelSet(labels={'app': 'app-c', 'role': 'backend'}), allow=[
(LabelSet(labels={'app': 'app-c', 'role': 'frontend'}), Traffic(direction=ingress, port=80, protocol=TCP)) 
])
2025-07-30 13:14:38,061 [INFO] matcher - PLS: Configuring new spol Policy(name=app-c-allow-backend-frontend, sel=LabelSet(labels={'app': 'app-c', 'role': 'backend'}), allow=[
(LabelSet(labels={'app': 'app-c', 'role': 'frontend'}), Traffic(direction=egress, port=80, protocol=TCP)) 
])
2025-07-30 13:14:38,077 [INFO] kopf.objects - Handler 'handle_new_policy' succeeded.
2025-07-30 13:14:38,078 [INFO] kopf.objects - Creation is processed: 1 succeeded; 0 failed.
2025-07-30 13:14:38,179 [INFO] matcher - PLS: Configuring new spol Policy(name=app-c-allow-backend-database, sel=LabelSet(labels={'app': 'app-c', 'role': 'backend'}), allow=[
(LabelSet(labels={'app': 'app-c', 'role': 'database'}), Traffic(direction=ingress, port=80, protocol=TCP)) 
])
2025-07-30 13:14:38,193 [INFO] matcher - PLS: Configuring new spol Policy(name=app-c-allow-backend-database, sel=LabelSet(labels={'app': 'app-c', 'role': 'backend'}), allow=[
(LabelSet(labels={'app': 'app-c', 'role': 'database'}), Traffic(direction=egress, port=80, protocol=TCP)) 
])
2025-07-30 13:14:38,205 [INFO] kopf.objects - Handler 'handle_new_policy' succeeded.
2025-07-30 13:14:38,206 [INFO] kopf.objects - Creation is processed: 1 succeeded; 0 failed.
2025-07-30 13:14:38,298 [INFO] matcher - PLS: Configuring new spol Policy(name=app-b-allow-backend-database, sel=LabelSet(labels={'app': 'app-b', 'role': 'backend'}), allow=[
(LabelSet(labels={'app': 'app-b', 'role': 'database'}), Traffic(direction=ingress, port=80, protocol=TCP)) 
])
2025-07-30 13:14:38,320 [INFO] matcher - PLS: Configuring new spol Policy(name=app-b-allow-backend-database, sel=LabelSet(labels={'app': 'app-b', 'role': 'backend'}), allow=[
(LabelSet(labels={'app': 'app-b', 'role': 'database'}), Traffic(direction=egress, port=80, protocol=TCP)) 
])
2025-07-30 13:14:38,342 [INFO] kopf.objects - Handler 'handle_new_policy' succeeded.
2025-07-30 13:14:38,343 [INFO] kopf.objects - Creation is processed: 1 succeeded; 0 failed.
2025-07-30 13:14:38,380 [INFO] matcher - PLS: Configuring new spol Policy(name=app-b-allow-database-backend, sel=LabelSet(labels={'app': 'app-b', 'role': 'database'}), allow=[
(LabelSet(labels={'app': 'app-b', 'role': 'backend'}), Traffic(direction=ingress, port=80, protocol=TCP)) 
])
2025-07-30 13:14:38,399 [INFO] matcher - PLS: Configuring new spol Policy(name=app-b-allow-database-backend, sel=LabelSet(labels={'app': 'app-b', 'role': 'database'}), allow=[
(LabelSet(labels={'app': 'app-b', 'role': 'backend'}), Traffic(direction=egress, port=80, protocol=TCP)) 
])
2025-07-30 13:14:38,417 [INFO] kopf.objects - Handler 'handle_new_policy' succeeded.
2025-07-30 13:14:38,418 [INFO] kopf.objects - Creation is processed: 1 succeeded; 0 failed.
2025-07-30 13:14:38,499 [INFO] matcher - PLS: Configuring new spol Policy(name=app-b-allow-frontend-backend, sel=LabelSet(labels={'app': 'app-b', 'role': 'frontend'}), allow=[
(LabelSet(labels={'app': 'app-b', 'role': 'backend'}), Traffic(direction=ingress, port=80, protocol=TCP)) 
])
2025-07-30 13:14:38,514 [INFO] matcher - PLS: Configuring new spol Policy(name=app-b-allow-frontend-backend, sel=LabelSet(labels={'app': 'app-b', 'role': 'frontend'}), allow=[
(LabelSet(labels={'app': 'app-b', 'role': 'backend'}), Traffic(direction=egress, port=80, protocol=TCP)) 
])
2025-07-30 13:14:38,525 [INFO] kopf.objects - Handler 'handle_new_policy' succeeded.
2025-07-30 13:14:38,526 [INFO] kopf.objects - Creation is processed: 1 succeeded; 0 failed.
2025-07-30 13:14:38,593 [INFO] kopf.objects - Handler 'handle_new_policy' succeeded.
2025-07-30 13:14:38,595 [INFO] kopf.objects - Creation is processed: 1 succeeded; 0 failed.
2025-07-30 13:14:38,723 [INFO] matcher - PLS: Configuring new spol Policy(name=app-b-allow-backend-frontend, sel=LabelSet(labels={'app': 'app-b', 'role': 'backend'}), allow=[
(LabelSet(labels={'app': 'app-b', 'role': 'frontend'}), Traffic(direction=ingress, port=80, protocol=TCP)) 
])
2025-07-30 13:14:38,735 [INFO] matcher - PLS: Configuring new spol Policy(name=app-b-allow-backend-frontend, sel=LabelSet(labels={'app': 'app-b', 'role': 'backend'}), allow=[
(LabelSet(labels={'app': 'app-b', 'role': 'frontend'}), Traffic(direction=egress, port=80, protocol=TCP)) 
])
2025-07-30 13:14:38,752 [INFO] kopf.objects - Handler 'handle_new_policy' succeeded.
2025-07-30 13:14:38,752 [INFO] kopf.objects - Creation is processed: 1 succeeded; 0 failed.
2025-07-30 13:14:38,874 [INFO] matcher - PLS: Configuring new spol Policy(name=app-a-allow-backend-database, sel=LabelSet(labels={'app': 'app-a', 'role': 'backend'}), allow=[
(LabelSet(labels={'app': 'app-a', 'role': 'database'}), Traffic(direction=ingress, port=80, protocol=TCP)) 
])
2025-07-30 13:14:38,887 [INFO] matcher - PLS: Configuring new spol Policy(name=app-a-allow-backend-database, sel=LabelSet(labels={'app': 'app-a', 'role': 'backend'}), allow=[
(LabelSet(labels={'app': 'app-a', 'role': 'database'}), Traffic(direction=egress, port=80, protocol=TCP)) 
])
2025-07-30 13:14:38,899 [INFO] kopf.objects - Handler 'handle_new_policy' succeeded.
2025-07-30 13:14:38,900 [INFO] kopf.objects - Creation is processed: 1 succeeded; 0 failed.
2025-07-30 13:14:38,999 [INFO] matcher - PLS: Configuring new spol Policy(name=app-a-allow-frontend-backend, sel=LabelSet(labels={'app': 'app-a', 'role': 'frontend'}), allow=[
(LabelSet(labels={'app': 'app-a', 'role': 'backend'}), Traffic(direction=ingress, port=80, protocol=TCP)) 
])
2025-07-30 13:14:39,013 [INFO] matcher - PLS: Configuring new spol Policy(name=app-a-allow-frontend-backend, sel=LabelSet(labels={'app': 'app-a', 'role': 'frontend'}), allow=[
(LabelSet(labels={'app': 'app-a', 'role': 'backend'}), Traffic(direction=egress, port=80, protocol=TCP)) 
])
2025-07-30 13:14:39,026 [INFO] kopf.objects - Handler 'handle_new_policy' succeeded.
2025-07-30 13:14:39,027 [INFO] kopf.objects - Creation is processed: 1 succeeded; 0 failed.
2025-07-30 13:14:39,102 [INFO] matcher - PLS: Configuring new spol Policy(name=app-a-allow-backend-frontend, sel=LabelSet(labels={'app': 'app-a', 'role': 'backend'}), allow=[
(LabelSet(labels={'app': 'app-a', 'role': 'frontend'}), Traffic(direction=ingress, port=80, protocol=TCP)) 
])
2025-07-30 13:14:39,118 [INFO] matcher - PLS: Configuring new spol Policy(name=app-a-allow-backend-frontend, sel=LabelSet(labels={'app': 'app-a', 'role': 'backend'}), allow=[
(LabelSet(labels={'app': 'app-a', 'role': 'frontend'}), Traffic(direction=egress, port=80, protocol=TCP)) 
])
2025-07-30 13:14:39,132 [INFO] kopf.objects - Handler 'handle_new_policy' succeeded.
2025-07-30 13:14:39,133 [INFO] kopf.objects - Creation is processed: 1 succeeded; 0 failed.
2025-07-30 13:14:39,226 [INFO] kopf.objects - Handler 'handle_new_policy' succeeded.
2025-07-30 13:14:39,227 [INFO] kopf.objects - Creation is processed: 1 succeeded; 0 failed.
2025-07-30 13:14:39,382 [INFO] matcher - PLS: Configuring new spol Policy(name=app-a-allow-database-backend, sel=LabelSet(labels={'app': 'app-a', 'role': 'database'}), allow=[
(LabelSet(labels={'app': 'app-a', 'role': 'backend'}), Traffic(direction=ingress, port=80, protocol=TCP)) 
])
2025-07-30 13:14:39,399 [INFO] matcher - PLS: Configuring new spol Policy(name=app-a-allow-database-backend, sel=LabelSet(labels={'app': 'app-a', 'role': 'database'}), allow=[
(LabelSet(labels={'app': 'app-a', 'role': 'backend'}), Traffic(direction=egress, port=80, protocol=TCP)) 
])
2025-07-30 13:14:39,435 [INFO] kopf.objects - Handler 'handle_new_policy' succeeded.
2025-07-30 13:14:39,438 [INFO] kopf.objects - Creation is processed: 1 succeeded; 0 failed.
2025-07-30 13:14:40,135 [INFO] matcher - PLS: Configuring new pod with labelset: {L}
2025-07-30 13:14:40,135 [INFO] matcher - PLS: Configuring new spol Policy(name=app-a-allow-frontend-backend, sel=LabelSet(labels={'app': 'app-a', 'role': 'frontend'}), allow=[
(LabelSet(labels={'app': 'app-a', 'role': 'backend'}), Traffic(direction=ingress, port=80, protocol=TCP)) 
])
2025-07-30 13:14:40,135 [INFO] matcher - PLS: Configuring new spol Policy(name=app-a-allow-frontend-backend, sel=LabelSet(labels={'app': 'app-a', 'role': 'frontend'}), allow=[
(LabelSet(labels={'app': 'app-a', 'role': 'backend'}), Traffic(direction=egress, port=80, protocol=TCP)) 
])
2025-07-30 13:14:40,135 [INFO] matcher - PLS: Configuring new spol Policy(name=app-a-allow-database-backend, sel=LabelSet(labels={'app': 'app-a', 'role': 'database'}), allow=[
(LabelSet(labels={'app': 'app-a', 'role': 'backend'}), Traffic(direction=egress, port=80, protocol=TCP)) 
])
2025-07-30 13:14:40,135 [INFO] matcher - PLS: Configuring new spol Policy(name=app-a-allow-backend-frontend, sel=LabelSet(labels={'app': 'app-a', 'role': 'backend'}), allow=[
(LabelSet(labels={'app': 'app-a', 'role': 'frontend'}), Traffic(direction=egress, port=80, protocol=TCP)) 
])
2025-07-30 13:14:40,135 [INFO] matcher - Adding Security Group for select labelset: LabelSet(labels={'app': 'app-a', 'role': 'backend'})
2025-07-30 13:14:40,153 [INFO] matcher - PLS: Configuring new pod with labelset: {L}
2025-07-30 13:14:40,228 [INFO] matcher - PLS: Configuring new spol Policy(name=app-b-allow-backend-frontend, sel=LabelSet(labels={'app': 'app-b', 'role': 'backend'}), allow=[
(LabelSet(labels={'app': 'app-b', 'role': 'frontend'}), Traffic(direction=ingress, port=80, protocol=TCP)) 
])
2025-07-30 13:14:40,243 [INFO] matcher - PLS: Configuring new spol Policy(name=app-b-allow-frontend-backend, sel=LabelSet(labels={'app': 'app-b', 'role': 'frontend'}), allow=[
(LabelSet(labels={'app': 'app-b', 'role': 'backend'}), Traffic(direction=egress, port=80, protocol=TCP)) 
])
2025-07-30 13:14:40,243 [INFO] matcher - Adding Security Group for select labelset: LabelSet(labels={'app': 'app-b', 'role': 'frontend'})
ðŸš€ Starting Kopf operator in mode: PLS, watching the test-thesis namespace.
Initialising latency-results.csv file
[139372593809088] Handling new policy app-c-deny-all, locking app:app-c,  ...
Successfully added policy app-c-deny-all to ClusterState
[139372593809088] Handled new policy app-c-deny-all, Released app:app-c,  ...
[139372593809088] Handling new policy app-c-allow-frontend-backend, locking app:app-crole:backend, app:app-crole:frontend,  ...
Successfully added policy app-c-allow-frontend-backend to ClusterState
[139372593809088] Handled new policy app-c-allow-frontend-backend, Released app:app-crole:backend, app:app-crole:frontend,  ...
[139372593809088] Handling new policy app-c-allow-database-backend, locking app:app-crole:backend, app:app-crole:database,  ...
Successfully added policy app-c-allow-database-backend to ClusterState
[139372593809088] Handled new policy app-c-allow-database-backend, Released app:app-crole:backend, app:app-crole:database,  ...
[139372593809088] Handling new policy app-c-allow-backend-frontend, locking app:app-crole:backend, app:app-crole:frontend,  ...
Successfully added policy app-c-allow-backend-frontend to ClusterState
[139372593809088] Handled new policy app-c-allow-backend-frontend, Released app:app-crole:backend, app:app-crole:frontend,  ...
[139372593809088] Handling new policy app-c-allow-backend-database, locking app:app-crole:backend, app:app-crole:database,  ...
Successfully added policy app-c-allow-backend-database to ClusterState
[139372593809088] Handled new policy app-c-allow-backend-database, Released app:app-crole:backend, app:app-crole:database,  ...
[139372593809088] Handling new policy app-b-allow-backend-database, locking app:app-brole:database, app:app-brole:backend,  ...
Successfully added policy app-b-allow-backend-database to ClusterState
[139372593809088] Handled new policy app-b-allow-backend-database, Released app:app-brole:database, app:app-brole:backend,  ...
[139372593809088] Handling new policy app-b-allow-database-backend, locking app:app-brole:database, app:app-brole:backend,  ...
Successfully added policy app-b-allow-database-backend to ClusterState
[139372593809088] Handled new policy app-b-allow-database-backend, Released app:app-brole:database, app:app-brole:backend,  ...
[139372593809088] Handling new policy app-b-allow-frontend-backend, locking app:app-brole:backend, app:app-brole:frontend,  ...
Successfully added policy app-b-allow-frontend-backend to ClusterState
[139372593809088] Handled new policy app-b-allow-frontend-backend, Released app:app-brole:backend, app:app-brole:frontend,  ...
[139372593809088] Handling new policy app-b-deny-all, locking app:app-b,  ...
Successfully added policy app-b-deny-all to ClusterState
[139372593809088] Handled new policy app-b-deny-all, Released app:app-b,  ...
[139372593809088] Handling new policy app-b-allow-backend-frontend, locking app:app-brole:backend, app:app-brole:frontend,  ...
Successfully added policy app-b-allow-backend-frontend to ClusterState
[139372593809088] Handled new policy app-b-allow-backend-frontend, Released app:app-brole:backend, app:app-brole:frontend,  ...
[139372593809088] Handling new policy app-a-allow-backend-database, locking app:app-arole:backend, app:app-arole:database,  ...
Successfully added policy app-a-allow-backend-database to ClusterState
[139372593809088] Handled new policy app-a-allow-backend-database, Released app:app-arole:backend, app:app-arole:database,  ...
[139372593809088] Handling new policy app-a-allow-frontend-backend, locking app:app-arole:backend, app:app-arole:frontend,  ...
Successfully added policy app-a-allow-frontend-backend to ClusterState
[139372593809088] Handled new policy app-a-allow-frontend-backend, Released app:app-arole:backend, app:app-arole:frontend,  ...
[139372593809088] Handling new policy app-a-allow-backend-frontend, locking app:app-arole:backend, app:app-arole:frontend,  ...
Successfully added policy app-a-allow-backend-frontend to ClusterState
[139372593809088] Handled new policy app-a-allow-backend-frontend, Released app:app-arole:backend, app:app-arole:frontend,  ...
[139372593809088] Handling new policy app-a-deny-all, locking app:app-a,  ...
Successfully added policy app-a-deny-all to ClusterState
[139372593809088] Handled new policy app-a-deny-all, Released app:app-a,  ...
[139372593809088] Handling new policy app-a-allow-database-backend, locking app:app-arole:backend, app:app-arole:database,  ...
Successfully added policy app-a-allow-database-backend to ClusterState
[139372593809088] Handled new policy app-a-allow-database-backend, Released app:app-arole:backend, app:app-arole:database,  ...
Registering time when event comes in for test-pod-1: 1753881280.0854902
New pod test-pod-1! old_node = None, new_node = worker-1.
Handling the new pod object: Pod(name=test-pod-1, label_set=LabelSet(labels={'app': 'app-a', 'role': 'backend'}), node=Node(name=worker-1)
[139372593809088] Handling pod test-pod-1, locking app:app-arole:backend, app:app-arole:database, app:app-arole:frontend,  ...
New pod: test-pod-1, on node: worker-1
Registering time when event comes in for test-pod-3: 1753881280.1035743
New pod test-pod-3! old_node = None, new_node = worker-1.
Handling the new pod object: Pod(name=test-pod-3, label_set=LabelSet(labels={'app': 'app-b', 'role': 'frontend'}), node=Node(name=worker-1)
[139372579124928] Handling pod test-pod-3, locking app:app-brole:backend, app:app-brole:frontend,  ...
New pod: test-pod-3, on node: worker-1
Registering time when event comes in for test-pod-2: 1753881280.128335
New pod test-pod-2! old_node = None, new_node = worker-1.
Handling the new pod object: Pod(name=test-pod-2, label_set=LabelSet(labels={'app': 'app-a', 'role': 'database'}), node=Node(name=worker-1)
[139372570732224] Handling pod test-pod-2, locking app:app-arole:backend, app:app-arole:database,  ...
Registering time when event comes in for test-pod-0: 1753881280.1351733
New pod test-pod-0! old_node = None, new_node = worker-1.
Handling the new pod object: Pod(name=test-pod-0, label_set=LabelSet(labels={'app': 'app-a', 'role': 'frontend'}), node=Node(name=worker-1)
[139372359841472] Handling pod test-pod-0, locking app:app-arole:backend, app:app-arole:frontend,  ...
Registering time when event comes in for test-pod-5: 1753881280.1459832
New pod test-pod-5! old_node = None, new_node = worker-1.
Handling the new pod object: Pod(name=test-pod-5, label_set=LabelSet(labels={'app': 'app-b', 'role': 'database'}), node=Node(name=worker-1)
[139372351448768] Handling pod test-pod-5, locking app:app-brole:database, app:app-brole:backend,  ...
Registering time when event comes in for test-pod-7: 1753881280.234009
New pod test-pod-7! old_node = None, new_node = worker-1.
Handling the new pod object: Pod(name=test-pod-7, label_set=LabelSet(labels={'app': 'app-c', 'role': 'backend'}), node=Node(name=worker-1)
[139372343056064] Handling pod test-pod-7, locking app:app-crole:backend, app:app-crole:database, app:app-crole:frontend,  ...
New pod: test-pod-7, on node: worker-1
Registering time when event comes in for test-pod-4: 1753881280.2394927
New pod test-pod-4! old_node = None, new_node = worker-1.
Handling the new pod object: Pod(name=test-pod-4, label_set=LabelSet(labels={'app': 'app-b', 'role': 'backend'}), node=Node(name=worker-1)
[139372334663360] Handling pod test-pod-4, locking app:app-brole:database, app:app-brole:backend, app:app-brole:frontend,  ...
Registering time when event comes in for test-pod-6: 1753881280.2420332
New pod test-pod-6! old_node = None, new_node = worker-1.
Handling the new pod object: Pod(name=test-pod-6, label_set=LabelSet(labels={'app': 'app-c', 'role': 'frontend'}), node=Node(name=worker-1)
[139372326270656] Handling pod test-pod-6, locking app:app-crole:backend, app:app-crole:frontend,  ...
Registering time when event comes in for test-pod-10: 1753881280.24448
New pod test-pod-10! old_node = None, new_node = worker-1.
Handling the new pod object: Pod(name=test-pod-10, label_set=LabelSet(labels={'app': 'app-a', 'role': 'backend'}), node=Node(name=worker-1)
2025-07-30 13:14:40,285 [INFO] matcher - PLS: Configuring new pod with labelset: {L}
2025-07-30 13:14:40,286 [INFO] matcher - PLS: Configuring new spol Policy(name=app-c-allow-backend-database, sel=LabelSet(labels={'app': 'app-c', 'role': 'backend'}), allow=[
(LabelSet(labels={'app': 'app-c', 'role': 'database'}), Traffic(direction=egress, port=80, protocol=TCP)) 
])
2025-07-30 13:14:40,286 [INFO] matcher - Adding Security Group for select labelset: LabelSet(labels={'app': 'app-c', 'role': 'backend'})
2025-07-30 13:14:40,824 [INFO] root - Creating security group: SG-app:app-arole:backend
2025-07-30 13:14:40,845 [INFO] root - Creating security group: SG-app:app-brole:frontend
2025-07-30 13:14:40,858 [INFO] root - Creating security group: SG-app:app-crole:backend
2025-07-30 13:14:41,470 [INFO] security_group_module - Attaching security group SG-app:app-brole:frontend to instance worker-1
2025-07-30 13:14:41,472 [INFO] security_group_module - Attaching security group SG-app:app-arole:backend to instance worker-1
2025-07-30 13:14:41,587 [INFO] security_group_module - Attaching security group SG-app:app-crole:backend to instance worker-1
2025-07-30 13:14:41,954 [INFO] matcher - Adding Security Group for allow labelset: LabelSet(labels={'app': 'app-a', 'role': 'frontend'})
2025-07-30 13:14:42,028 [INFO] matcher - Adding Security Group for allow labelset: LabelSet(labels={'app': 'app-c', 'role': 'database'})
2025-07-30 13:14:42,052 [INFO] root - Creating security group: SG-app:app-arole:frontend
2025-07-30 13:14:42,084 [INFO] root - Creating security group: SG-app:app-crole:database
2025-07-30 13:14:42,191 [INFO] security_group_module - SGMod: Adding rule to SG-app:app-arole:backend, remote SG-app:app-arole:frontend, port 80, type egress
2025-07-30 13:14:42,318 [INFO] security_group_module - SGMod: Adding rule to SG-app:app-crole:backend, remote SG-app:app-crole:database, port 80, type egress
2025-07-30 13:14:42,327 [INFO] matcher - PLS: Configuring new spol Policy(name=app-a-allow-database-backend, sel=LabelSet(labels={'app': 'app-a', 'role': 'database'}), allow=[
(LabelSet(labels={'app': 'app-a', 'role': 'backend'}), Traffic(direction=ingress, port=80, protocol=TCP)) 
])
2025-07-30 13:14:42,327 [INFO] matcher - PLS: Configuring new spol Policy(name=app-a-allow-backend-database, sel=LabelSet(labels={'app': 'app-a', 'role': 'backend'}), allow=[
(LabelSet(labels={'app': 'app-a', 'role': 'database'}), Traffic(direction=ingress, port=80, protocol=TCP)) 
])
2025-07-30 13:14:42,327 [INFO] matcher - Adding Security Group for select labelset: LabelSet(labels={'app': 'app-a', 'role': 'backend'})
2025-07-30 13:14:42,328 [INFO] matcher - Adding Security Group for allow labelset: LabelSet(labels={'app': 'app-a', 'role': 'database'})
2025-07-30 13:14:42,400 [INFO] root - Creating security group: SG-app:app-arole:database
2025-07-30 13:14:42,439 [INFO] matcher - PLS: Configuring new spol Policy(name=app-c-allow-backend-frontend, sel=LabelSet(labels={'app': 'app-c', 'role': 'backend'}), allow=[
(LabelSet(labels={'app': 'app-c', 'role': 'frontend'}), Traffic(direction=egress, port=80, protocol=TCP)) 
])
2025-07-30 13:14:42,439 [INFO] matcher - Adding Security Group for select labelset: LabelSet(labels={'app': 'app-c', 'role': 'backend'})
2025-07-30 13:14:42,439 [INFO] matcher - Adding Security Group for allow labelset: LabelSet(labels={'app': 'app-c', 'role': 'frontend'})
2025-07-30 13:14:42,481 [INFO] root - Creating security group: SG-app:app-crole:frontend
2025-07-30 13:14:42,542 [INFO] security_group_module - SGMod: Adding rule to SG-app:app-arole:backend, remote SG-app:app-arole:database, port 80, type ingress
2025-07-30 13:14:42,558 [INFO] matcher - Adding Security Group for allow labelset: LabelSet(labels={'app': 'app-b', 'role': 'backend'})
2025-07-30 13:14:42,613 [INFO] security_group_module - SGMod: Adding rule to SG-app:app-crole:backend, remote SG-app:app-crole:frontend, port 80, type egress
2025-07-30 13:14:42,644 [INFO] root - Creating security group: SG-app:app-brole:backend
2025-07-30 13:14:42,735 [INFO] matcher - PLS: Configuring new spol Policy(name=app-a-allow-backend-frontend, sel=LabelSet(labels={'app': 'app-a', 'role': 'backend'}), allow=[
(LabelSet(labels={'app': 'app-a', 'role': 'frontend'}), Traffic(direction=ingress, port=80, protocol=TCP)) 
])
2025-07-30 13:14:42,736 [INFO] matcher - Adding Security Group for select labelset: LabelSet(labels={'app': 'app-a', 'role': 'backend'})
2025-07-30 13:14:42,736 [INFO] matcher - Adding Security Group for allow labelset: LabelSet(labels={'app': 'app-a', 'role': 'frontend'})
2025-07-30 13:14:42,736 [INFO] security_group_module - SGMod: Adding rule to SG-app:app-arole:backend, remote SG-app:app-arole:frontend, port 80, type ingress
2025-07-30 13:14:42,777 [INFO] security_group_module - SGMod: Adding rule to SG-app:app-brole:frontend, remote SG-app:app-brole:backend, port 80, type egress
2025-07-30 13:14:42,833 [INFO] matcher - PLS: Configuring new spol Policy(name=app-a-allow-backend-database, sel=LabelSet(labels={'app': 'app-a', 'role': 'backend'}), allow=[
(LabelSet(labels={'app': 'app-a', 'role': 'database'}), Traffic(direction=egress, port=80, protocol=TCP)) 
])
2025-07-30 13:14:42,833 [INFO] matcher - Adding Security Group for select labelset: LabelSet(labels={'app': 'app-a', 'role': 'backend'})
2025-07-30 13:14:42,833 [INFO] matcher - Adding Security Group for allow labelset: LabelSet(labels={'app': 'app-a', 'role': 'database'})
2025-07-30 13:14:42,834 [INFO] security_group_module - SGMod: Adding rule to SG-app:app-arole:backend, remote SG-app:app-arole:database, port 80, type egress
2025-07-30 13:14:42,909 [INFO] matcher - PLS: Configuring new spol Policy(name=app-c-allow-frontend-backend, sel=LabelSet(labels={'app': 'app-c', 'role': 'frontend'}), allow=[
(LabelSet(labels={'app': 'app-c', 'role': 'backend'}), Traffic(direction=ingress, port=80, protocol=TCP)) 
])
2025-07-30 13:14:42,909 [INFO] matcher - PLS: Configuring new spol Policy(name=app-c-allow-database-backend, sel=LabelSet(labels={'app': 'app-c', 'role': 'database'}), allow=[
(LabelSet(labels={'app': 'app-c', 'role': 'backend'}), Traffic(direction=ingress, port=80, protocol=TCP)) 
])
2025-07-30 13:14:42,909 [INFO] matcher - PLS: Configuring new spol Policy(name=app-c-allow-backend-frontend, sel=LabelSet(labels={'app': 'app-c', 'role': 'backend'}), allow=[
(LabelSet(labels={'app': 'app-c', 'role': 'frontend'}), Traffic(direction=ingress, port=80, protocol=TCP)) 
])
2025-07-30 13:14:42,909 [INFO] matcher - Adding Security Group for select labelset: LabelSet(labels={'app': 'app-c', 'role': 'backend'})
2025-07-30 13:14:42,909 [INFO] matcher - Adding Security Group for allow labelset: LabelSet(labels={'app': 'app-c', 'role': 'frontend'})
2025-07-30 13:14:42,909 [INFO] security_group_module - SGMod: Adding rule to SG-app:app-crole:backend, remote SG-app:app-crole:frontend, port 80, type ingress
2025-07-30 13:14:42,929 [INFO] matcher - PLS: Configuring new spol Policy(name=app-b-allow-frontend-backend, sel=LabelSet(labels={'app': 'app-b', 'role': 'frontend'}), allow=[
(LabelSet(labels={'app': 'app-b', 'role': 'backend'}), Traffic(direction=ingress, port=80, protocol=TCP)) 
])
2025-07-30 13:14:42,929 [INFO] matcher - Adding Security Group for select labelset: LabelSet(labels={'app': 'app-b', 'role': 'frontend'})
2025-07-30 13:14:42,929 [INFO] matcher - Adding Security Group for allow labelset: LabelSet(labels={'app': 'app-b', 'role': 'backend'})
2025-07-30 13:14:42,929 [INFO] security_group_module - SGMod: Adding rule to SG-app:app-brole:frontend, remote SG-app:app-brole:backend, port 80, type ingress
2025-07-30 13:14:43,064 [INFO] matcher - PLS: Configuring new spol Policy(name=app-b-allow-backend-frontend, sel=LabelSet(labels={'app': 'app-b', 'role': 'backend'}), allow=[
(LabelSet(labels={'app': 'app-b', 'role': 'frontend'}), Traffic(direction=egress, port=80, protocol=TCP)) 
])
2025-07-30 13:14:43,072 [INFO] matcher - PLS: Configuring new spol Policy(name=app-c-allow-frontend-backend, sel=LabelSet(labels={'app': 'app-c', 'role': 'frontend'}), allow=[
(LabelSet(labels={'app': 'app-c', 'role': 'backend'}), Traffic(direction=egress, port=80, protocol=TCP)) 
])
2025-07-30 13:14:43,072 [INFO] matcher - PLS: Configuring new spol Policy(name=app-c-allow-database-backend, sel=LabelSet(labels={'app': 'app-c', 'role': 'database'}), allow=[
(LabelSet(labels={'app': 'app-c', 'role': 'backend'}), Traffic(direction=egress, port=80, protocol=TCP)) 
])
2025-07-30 13:14:43,072 [INFO] matcher - PLS: Configuring new spol Policy(name=app-c-allow-backend-database, sel=LabelSet(labels={'app': 'app-c', 'role': 'backend'}), allow=[
(LabelSet(labels={'app': 'app-c', 'role': 'database'}), Traffic(direction=ingress, port=80, protocol=TCP)) 
])
2025-07-30 13:14:43,072 [INFO] matcher - Adding Security Group for select labelset: LabelSet(labels={'app': 'app-c', 'role': 'backend'})
2025-07-30 13:14:43,072 [INFO] matcher - Adding Security Group for allow labelset: LabelSet(labels={'app': 'app-c', 'role': 'database'})
2025-07-30 13:14:43,073 [INFO] security_group_module - SGMod: Adding rule to SG-app:app-crole:backend, remote SG-app:app-crole:database, port 80, type ingress
2025-07-30 13:14:43,281 [INFO] security_group_module - SG-app:app-arole:backend already attached to worker-1
2025-07-30 13:14:43,305 [INFO] kopf.objects - Handler 'handle_new_pod/spec.nodeName' succeeded.
2025-07-30 13:14:43,306 [INFO] kopf.objects - Creation is processed: 1 succeeded; 0 failed.
2025-07-30 13:14:43,320 [INFO] matcher - PLS: Configuring new pod with labelset: {L}
2025-07-30 13:14:43,320 [INFO] matcher - PLS: Configuring new spol Policy(name=app-a-allow-backend-database, sel=LabelSet(labels={'app': 'app-a', 'role': 'backend'}), allow=[
(LabelSet(labels={'app': 'app-a', 'role': 'database'}), Traffic(direction=ingress, port=80, protocol=TCP)) 
])
2025-07-30 13:14:43,320 [INFO] matcher - Adding Security Group for select labelset: LabelSet(labels={'app': 'app-a', 'role': 'backend'})
2025-07-30 13:14:43,320 [INFO] matcher - Adding Security Group for allow labelset: LabelSet(labels={'app': 'app-a', 'role': 'database'})
2025-07-30 13:14:43,320 [INFO] security_group_module - SGMod: Adding rule to SG-app:app-arole:backend, remote SG-app:app-arole:database, port 80, type ingress
2025-07-30 13:14:43,451 [INFO] security_group_module - Cannot add rule to remotes: Security group rule already exists. Rule id is 0dbfb554-3c2d-43fb-a8e0-6b80679fa3ae.
Neutron server returns request_ids: ['req-ab84b27e-dcbf-4615-96de-92b2b1d51f2d']
2025-07-30 13:14:43,452 [INFO] matcher - PLS: Configuring new spol Policy(name=app-a-allow-database-backend, sel=LabelSet(labels={'app': 'app-a', 'role': 'database'}), allow=[
(LabelSet(labels={'app': 'app-a', 'role': 'backend'}), Traffic(direction=ingress, port=80, protocol=TCP)) 
])
2025-07-30 13:14:43,452 [INFO] matcher - Adding Security Group for select labelset: LabelSet(labels={'app': 'app-a', 'role': 'database'})
2025-07-30 13:14:43,452 [INFO] matcher - Adding Security Group for allow labelset: LabelSet(labels={'app': 'app-a', 'role': 'backend'})
2025-07-30 13:14:43,452 [INFO] security_group_module - SGMod: Adding rule to SG-app:app-arole:database, remote SG-app:app-arole:backend, port 80, type ingress
2025-07-30 13:14:43,535 [INFO] security_group_module - SG-app:app-crole:backend already attached to worker-1
2025-07-30 13:14:43,551 [INFO] kopf.objects - Handler 'handle_new_pod/spec.nodeName' succeeded.
2025-07-30 13:14:43,552 [INFO] kopf.objects - Creation is processed: 1 succeeded; 0 failed.
2025-07-30 13:14:43,574 [INFO] matcher - PLS: Configuring new pod with labelset: {L}
2025-07-30 13:14:43,575 [INFO] matcher - PLS: Configuring new spol Policy(name=app-c-allow-frontend-backend, sel=LabelSet(labels={'app': 'app-c', 'role': 'frontend'}), allow=[
(LabelSet(labels={'app': 'app-c', 'role': 'backend'}), Traffic(direction=ingress, port=80, protocol=TCP)) 
])
2025-07-30 13:14:43,575 [INFO] matcher - Adding Security Group for select labelset: LabelSet(labels={'app': 'app-c', 'role': 'frontend'})
2025-07-30 13:14:43,575 [INFO] matcher - Adding Security Group for allow labelset: LabelSet(labels={'app': 'app-c', 'role': 'backend'})
2025-07-30 13:14:43,575 [INFO] security_group_module - SGMod: Adding rule to SG-app:app-crole:frontend, remote SG-app:app-crole:backend, port 80, type ingress
2025-07-30 13:14:43,599 [INFO] matcher - PLS: Configuring new spol Policy(name=app-a-allow-database-backend, sel=LabelSet(labels={'app': 'app-a', 'role': 'database'}), allow=[
(LabelSet(labels={'app': 'app-a', 'role': 'backend'}), Traffic(direction=egress, port=80, protocol=TCP)) 
])
2025-07-30 13:14:43,599 [INFO] matcher - Adding Security Group for select labelset: LabelSet(labels={'app': 'app-a', 'role': 'database'})
2025-07-30 13:14:43,601 [INFO] matcher - Adding Security Group for allow labelset: LabelSet(labels={'app': 'app-a', 'role': 'backend'})
2025-07-30 13:14:43,602 [INFO] security_group_module - SGMod: Adding rule to SG-app:app-arole:database, remote SG-app:app-arole:backend, port 80, type egress
2025-07-30 13:14:43,699 [INFO] security_group_module - SG-app:app-brole:frontend already attached to worker-1
2025-07-30 13:14:43,710 [INFO] kopf.objects - Handler 'handle_new_pod/spec.nodeName' succeeded.
2025-07-30 13:14:43,711 [INFO] kopf.objects - Creation is processed: 1 succeeded; 0 failed.
2025-07-30 13:14:43,721 [INFO] matcher - PLS: Configuring new spol Policy(name=app-c-allow-frontend-backend, sel=LabelSet(labels={'app': 'app-c', 'role': 'frontend'}), allow=[
(LabelSet(labels={'app': 'app-c', 'role': 'backend'}), Traffic(direction=egress, port=80, protocol=TCP)) 
])
2025-07-30 13:14:43,721 [INFO] matcher - Adding Security Group for select labelset: LabelSet(labels={'app': 'app-c', 'role': 'frontend'})
2025-07-30 13:14:43,722 [INFO] matcher - Adding Security Group for allow labelset: LabelSet(labels={'app': 'app-c', 'role': 'backend'})
2025-07-30 13:14:43,722 [INFO] security_group_module - SGMod: Adding rule to SG-app:app-crole:frontend, remote SG-app:app-crole:backend, port 80, type egress
2025-07-30 13:14:43,729 [INFO] matcher - PLS: Configuring new spol Policy(name=app-a-allow-backend-database, sel=LabelSet(labels={'app': 'app-a', 'role': 'backend'}), allow=[
(LabelSet(labels={'app': 'app-a', 'role': 'database'}), Traffic(direction=egress, port=80, protocol=TCP)) 
])
2025-07-30 13:14:43,729 [INFO] matcher - Adding Security Group for select labelset: LabelSet(labels={'app': 'app-a', 'role': 'backend'})
2025-07-30 13:14:43,729 [INFO] matcher - Adding Security Group for allow labelset: LabelSet(labels={'app': 'app-a', 'role': 'database'})
2025-07-30 13:14:43,729 [INFO] security_group_module - SGMod: Adding rule to SG-app:app-arole:backend, remote SG-app:app-arole:database, port 80, type egress
2025-07-30 13:14:43,739 [INFO] matcher - PLS: Configuring new pod with labelset: {L}
2025-07-30 13:14:43,740 [INFO] matcher - PLS: Configuring new spol Policy(name=app-b-allow-backend-database, sel=LabelSet(labels={'app': 'app-b', 'role': 'backend'}), allow=[
(LabelSet(labels={'app': 'app-b', 'role': 'database'}), Traffic(direction=ingress, port=80, protocol=TCP)) 
])
2025-07-30 13:14:43,740 [INFO] matcher - PLS: Configuring new spol Policy(name=app-b-allow-backend-database, sel=LabelSet(labels={'app': 'app-b', 'role': 'backend'}), allow=[
(LabelSet(labels={'app': 'app-b', 'role': 'database'}), Traffic(direction=egress, port=80, protocol=TCP)) 
])
2025-07-30 13:14:43,741 [INFO] matcher - PLS: Configuring new spol Policy(name=app-b-allow-database-backend, sel=LabelSet(labels={'app': 'app-b', 'role': 'database'}), allow=[
(LabelSet(labels={'app': 'app-b', 'role': 'backend'}), Traffic(direction=egress, port=80, protocol=TCP)) 
])
2025-07-30 13:14:43,742 [INFO] matcher - Adding Security Group for select labelset: LabelSet(labels={'app': 'app-b', 'role': 'database'})
2025-07-30 13:14:43,786 [INFO] root - Creating security group: SG-app:app-brole:database
2025-07-30 13:14:43,818 [INFO] security_group_module - Cannot add rule to remotes: Security group rule already exists. Rule id is 4c24f47c-3ab5-4de7-bdc7-a6aaa0c9100d.
Neutron server returns request_ids: ['req-a202166f-7992-43cb-9aeb-970201aa95e3']
2025-07-30 13:14:43,897 [INFO] matcher - PLS: Configuring new spol Policy(name=app-c-allow-backend-frontend, sel=LabelSet(labels={'app': 'app-c', 'role': 'backend'}), allow=[
(LabelSet(labels={'app': 'app-c', 'role': 'frontend'}), Traffic(direction=egress, port=80, protocol=TCP)) 
])
2025-07-30 13:14:43,897 [INFO] matcher - Adding Security Group for select labelset: LabelSet(labels={'app': 'app-c', 'role': 'backend'})
2025-07-30 13:14:43,897 [INFO] matcher - Adding Security Group for allow labelset: LabelSet(labels={'app': 'app-c', 'role': 'frontend'})
2025-07-30 13:14:43,897 [INFO] security_group_module - SGMod: Adding rule to SG-app:app-crole:backend, remote SG-app:app-crole:frontend, port 80, type egress
2025-07-30 13:14:44,015 [INFO] security_group_module - Cannot add rule to remotes: Security group rule already exists. Rule id is a02b7961-05a3-4551-babf-b5d7bb5f7db1.
Neutron server returns request_ids: ['req-19c75aad-1502-4e33-9a58-5f1c41da2def']
2025-07-30 13:14:44,015 [INFO] matcher - PLS: Configuring new spol Policy(name=app-c-allow-backend-frontend, sel=LabelSet(labels={'app': 'app-c', 'role': 'backend'}), allow=[
(LabelSet(labels={'app': 'app-c', 'role': 'frontend'}), Traffic(direction=ingress, port=80, protocol=TCP)) 
])
2025-07-30 13:14:44,015 [INFO] matcher - Adding Security Group for select labelset: LabelSet(labels={'app': 'app-c', 'role': 'backend'})
2025-07-30 13:14:44,015 [INFO] matcher - Adding Security Group for allow labelset: LabelSet(labels={'app': 'app-c', 'role': 'frontend'})
2025-07-30 13:14:44,016 [INFO] security_group_module - SGMod: Adding rule to SG-app:app-crole:backend, remote SG-app:app-crole:frontend, port 80, type ingress
2025-07-30 13:14:44,124 [INFO] security_group_module - Cannot add rule to remotes: Security group rule already exists. Rule id is 1a420505-001a-41a9-8be8-07e9f34d88e1.
Neutron server returns request_ids: ['req-d6702d5b-cfa3-41b0-87ed-f6116b8bc3db']
2025-07-30 13:14:44,148 [INFO] security_group_module - Attaching security group SG-app:app-arole:database to instance worker-1
2025-07-30 13:14:44,473 [INFO] security_group_module - Attaching security group SG-app:app-crole:frontend to instance worker-1
2025-07-30 13:14:44,494 [INFO] security_group_module - Attaching security group SG-app:app-brole:database to instance worker-1
2025-07-30 13:14:44,533 [INFO] kopf.objects - Handler 'handle_new_pod/spec.nodeName' succeeded.
2025-07-30 13:14:44,534 [INFO] kopf.objects - Creation is processed: 1 succeeded; 0 failed.
2025-07-30 13:14:44,556 [INFO] matcher - PLS: Configuring new pod with labelset: {L}
2025-07-30 13:14:44,558 [INFO] matcher - PLS: Configuring new spol Policy(name=app-a-allow-backend-frontend, sel=LabelSet(labels={'app': 'app-a', 'role': 'backend'}), allow=[
(LabelSet(labels={'app': 'app-a', 'role': 'frontend'}), Traffic(direction=ingress, port=80, protocol=TCP)) 
])
2025-07-30 13:14:44,558 [INFO] matcher - Adding Security Group for select labelset: LabelSet(labels={'app': 'app-a', 'role': 'backend'})
2025-07-30 13:14:44,558 [INFO] matcher - Adding Security Group for allow labelset: LabelSet(labels={'app': 'app-a', 'role': 'frontend'})
2025-07-30 13:14:44,558 [INFO] security_group_module - SGMod: Adding rule to SG-app:app-arole:backend, remote SG-app:app-arole:frontend, port 80, type ingress
2025-07-30 13:14:44,674 [INFO] security_group_module - Cannot add rule to remotes: Security group rule already exists. Rule id is 4eaaa4de-7d70-47db-8874-74c31cbf2092.
Neutron server returns request_ids: ['req-2f85f434-8404-4a71-88f7-9649d62ac7bf']
2025-07-30 13:14:44,675 [INFO] matcher - PLS: Configuring new spol Policy(name=app-a-allow-backend-frontend, sel=LabelSet(labels={'app': 'app-a', 'role': 'backend'}), allow=[
(LabelSet(labels={'app': 'app-a', 'role': 'frontend'}), Traffic(direction=egress, port=80, protocol=TCP)) 
])
2025-07-30 13:14:44,678 [INFO] matcher - Adding Security Group for select labelset: LabelSet(labels={'app': 'app-a', 'role': 'backend'})
2025-07-30 13:14:44,680 [INFO] matcher - Adding Security Group for allow labelset: LabelSet(labels={'app': 'app-a', 'role': 'frontend'})
2025-07-30 13:14:44,680 [INFO] security_group_module - SGMod: Adding rule to SG-app:app-arole:backend, remote SG-app:app-arole:frontend, port 80, type egress
2025-07-30 13:14:44,770 [INFO] security_group_module - Cannot add rule to remotes: Security group rule already exists. Rule id is 6af7a527-8978-4a54-ba54-44617d08be3a.
Neutron server returns request_ids: ['req-e5759c6a-d401-41ac-83b0-adf4e411e123']
2025-07-30 13:14:44,770 [INFO] matcher - PLS: Configuring new spol Policy(name=app-a-allow-frontend-backend, sel=LabelSet(labels={'app': 'app-a', 'role': 'frontend'}), allow=[
(LabelSet(labels={'app': 'app-a', 'role': 'backend'}), Traffic(direction=ingress, port=80, protocol=TCP)) 
])
2025-07-30 13:14:44,771 [INFO] matcher - Adding Security Group for select labelset: LabelSet(labels={'app': 'app-a', 'role': 'frontend'})
2025-07-30 13:14:44,771 [INFO] matcher - Adding Security Group for allow labelset: LabelSet(labels={'app': 'app-a', 'role': 'backend'})
2025-07-30 13:14:44,771 [INFO] security_group_module - SGMod: Adding rule to SG-app:app-arole:frontend, remote SG-app:app-arole:backend, port 80, type ingress
2025-07-30 13:14:44,920 [INFO] matcher - PLS: Configuring new spol Policy(name=app-a-allow-frontend-backend, sel=LabelSet(labels={'app': 'app-a', 'role': 'frontend'}), allow=[
(LabelSet(labels={'app': 'app-a', 'role': 'backend'}), Traffic(direction=egress, port=80, protocol=TCP)) 
])
2025-07-30 13:14:44,920 [INFO] matcher - Adding Security Group for select labelset: LabelSet(labels={'app': 'app-a', 'role': 'frontend'})
2025-07-30 13:14:44,920 [INFO] matcher - Adding Security Group for allow labelset: LabelSet(labels={'app': 'app-a', 'role': 'backend'})
2025-07-30 13:14:44,920 [INFO] security_group_module - SGMod: Adding rule to SG-app:app-arole:frontend, remote SG-app:app-arole:backend, port 80, type egress
2025-07-30 13:14:45,174 [INFO] matcher - Adding Security Group for allow labelset: LabelSet(labels={'app': 'app-b', 'role': 'backend'})
2025-07-30 13:14:45,175 [INFO] security_group_module - SGMod: Adding rule to SG-app:app-brole:database, remote SG-app:app-brole:backend, port 80, type egress
2025-07-30 13:14:45,282 [INFO] kopf.objects - Handler 'handle_new_pod/spec.nodeName' succeeded.
2025-07-30 13:14:45,283 [INFO] kopf.objects - Creation is processed: 1 succeeded; 0 failed.
2025-07-30 13:14:45,298 [INFO] matcher - PLS: Configuring new spol Policy(name=app-b-allow-database-backend, sel=LabelSet(labels={'app': 'app-b', 'role': 'database'}), allow=[
(LabelSet(labels={'app': 'app-b', 'role': 'backend'}), Traffic(direction=ingress, port=80, protocol=TCP)) 
])
2025-07-30 13:14:45,299 [INFO] matcher - Adding Security Group for select labelset: LabelSet(labels={'app': 'app-b', 'role': 'database'})
2025-07-30 13:14:45,299 [INFO] matcher - Adding Security Group for allow labelset: LabelSet(labels={'app': 'app-b', 'role': 'backend'})
2025-07-30 13:14:45,300 [INFO] security_group_module - SGMod: Adding rule to SG-app:app-brole:database, remote SG-app:app-brole:backend, port 80, type ingress
2025-07-30 13:14:45,319 [INFO] matcher - PLS: Configuring new pod with labelset: {L}
2025-07-30 13:14:45,320 [INFO] matcher - PLS: Configuring new spol Policy(name=app-c-allow-backend-database, sel=LabelSet(labels={'app': 'app-c', 'role': 'backend'}), allow=[
(LabelSet(labels={'app': 'app-c', 'role': 'database'}), Traffic(direction=ingress, port=80, protocol=TCP)) 
])
2025-07-30 13:14:45,320 [INFO] matcher - Adding Security Group for select labelset: LabelSet(labels={'app': 'app-c', 'role': 'backend'})
2025-07-30 13:14:45,320 [INFO] matcher - Adding Security Group for allow labelset: LabelSet(labels={'app': 'app-c', 'role': 'database'})
2025-07-30 13:14:45,320 [INFO] security_group_module - SGMod: Adding rule to SG-app:app-crole:backend, remote SG-app:app-crole:database, port 80, type ingress
2025-07-30 13:14:45,351 [INFO] security_group_module - Attaching security group SG-app:app-arole:frontend to instance worker-1
2025-07-30 13:14:45,451 [INFO] security_group_module - Cannot add rule to remotes: Security group rule already exists. Rule id is 424af8c5-57ff-458a-bf5f-e89184eba99c.
Neutron server returns request_ids: ['req-6bb0966a-22a0-46d3-bafa-7db7ce6b9715']
2025-07-30 13:14:45,451 [INFO] matcher - PLS: Configuring new spol Policy(name=app-c-allow-database-backend, sel=LabelSet(labels={'app': 'app-c', 'role': 'database'}), allow=[
(LabelSet(labels={'app': 'app-c', 'role': 'backend'}), Traffic(direction=ingress, port=80, protocol=TCP)) 
])
2025-07-30 13:14:45,451 [INFO] matcher - Adding Security Group for select labelset: LabelSet(labels={'app': 'app-c', 'role': 'database'})
2025-07-30 13:14:45,452 [INFO] matcher - Adding Security Group for allow labelset: LabelSet(labels={'app': 'app-c', 'role': 'backend'})
2025-07-30 13:14:45,452 [INFO] security_group_module - SGMod: Adding rule to SG-app:app-crole:database, remote SG-app:app-crole:backend, port 80, type ingress
2025-07-30 13:14:45,565 [INFO] matcher - PLS: Configuring new spol Policy(name=app-c-allow-backend-database, sel=LabelSet(labels={'app': 'app-c', 'role': 'backend'}), allow=[
(LabelSet(labels={'app': 'app-c', 'role': 'database'}), Traffic(direction=egress, port=80, protocol=TCP)) 
])
2025-07-30 13:14:45,565 [INFO] matcher - Adding Security Group for select labelset: LabelSet(labels={'app': 'app-c', 'role': 'backend'})
2025-07-30 13:14:45,566 [INFO] matcher - Adding Security Group for allow labelset: LabelSet(labels={'app': 'app-c', 'role': 'database'})
2025-07-30 13:14:45,566 [INFO] security_group_module - SGMod: Adding rule to SG-app:app-crole:backend, remote SG-app:app-crole:database, port 80, type egress
2025-07-30 13:14:45,673 [INFO] security_group_module - Cannot add rule to remotes: Security group rule already exists. Rule id is 262dad7e-6389-4ef0-9f13-9cbd82819267.
Neutron server returns request_ids: ['req-0393af5c-bfc9-4e27-b246-3a01692b4b27']
2025-07-30 13:14:45,674 [INFO] matcher - PLS: Configuring new spol Policy(name=app-c-allow-database-backend, sel=LabelSet(labels={'app': 'app-c', 'role': 'database'}), allow=[
(LabelSet(labels={'app': 'app-c', 'role': 'backend'}), Traffic(direction=egress, port=80, protocol=TCP)) 
])
2025-07-30 13:14:45,674 [INFO] matcher - Adding Security Group for select labelset: LabelSet(labels={'app': 'app-c', 'role': 'database'})
2025-07-30 13:14:45,675 [INFO] matcher - Adding Security Group for allow labelset: LabelSet(labels={'app': 'app-c', 'role': 'backend'})
2025-07-30 13:14:45,677 [INFO] security_group_module - SGMod: Adding rule to SG-app:app-crole:database, remote SG-app:app-crole:backend, port 80, type egress
2025-07-30 13:14:45,787 [INFO] security_group_module - SG-app:app-brole:database already attached to worker-1
2025-07-30 13:14:45,810 [INFO] kopf.objects - Handler 'handle_new_pod/spec.nodeName' succeeded.
2025-07-30 13:14:45,811 [INFO] kopf.objects - Creation is processed: 1 succeeded; 0 failed.
2025-07-30 13:14:45,838 [INFO] matcher - PLS: Configuring new pod with labelset: {L}
2025-07-30 13:14:45,840 [INFO] matcher - PLS: Configuring new spol Policy(name=app-b-allow-backend-frontend, sel=LabelSet(labels={'app': 'app-b', 'role': 'backend'}), allow=[
(LabelSet(labels={'app': 'app-b', 'role': 'frontend'}), Traffic(direction=ingress, port=80, protocol=TCP)) 
])
2025-07-30 13:14:45,841 [INFO] matcher - Adding Security Group for select labelset: LabelSet(labels={'app': 'app-b', 'role': 'backend'})
2025-07-30 13:14:45,841 [INFO] matcher - Adding Security Group for allow labelset: LabelSet(labels={'app': 'app-b', 'role': 'frontend'})
2025-07-30 13:14:45,842 [INFO] security_group_module - SGMod: Adding rule to SG-app:app-brole:backend, remote SG-app:app-brole:frontend, port 80, type ingress
[139372317877952] Handling pod test-pod-10, locking app:app-arole:backend, app:app-arole:database, app:app-arole:frontend,  ...
Registering time when event comes in for test-pod-9: 1753881280.251799
New pod test-pod-9! old_node = None, new_node = worker-1.
Handling the new pod object: Pod(name=test-pod-9, label_set=LabelSet(labels={'app': 'app-a', 'role': 'frontend'}), node=Node(name=worker-1)
[139372309485248] Handling pod test-pod-9, locking app:app-arole:backend, app:app-arole:frontend,  ...
Registering time when event comes in for test-pod-11: 1753881280.259238
New pod test-pod-11! old_node = None, new_node = worker-1.
Handling the new pod object: Pod(name=test-pod-11, label_set=LabelSet(labels={'app': 'app-a', 'role': 'database'}), node=Node(name=worker-1)
[139371822970560] Handling pod test-pod-11, locking app:app-arole:backend, app:app-arole:database,  ...
Registering time when event comes in for test-pod-8: 1753881280.3350213
New pod test-pod-8! old_node = None, new_node = worker-1.
Handling the new pod object: Pod(name=test-pod-8, label_set=LabelSet(labels={'app': 'app-c', 'role': 'database'}), node=Node(name=worker-1)
[139371814577856] Handling pod test-pod-8, locking app:app-crole:backend, app:app-crole:database,  ...
Registering time when event comes in for test-pod-13: 1753881280.3805132
New pod test-pod-13! old_node = None, new_node = worker-1.
Handling the new pod object: Pod(name=test-pod-13, label_set=LabelSet(labels={'app': 'app-b', 'role': 'backend'}), node=Node(name=worker-1)
[139371806185152] Handling pod test-pod-13, locking app:app-brole:database, app:app-brole:backend, app:app-brole:frontend,  ...
Registering time when event comes in for test-pod-14: 1753881280.38343
New pod test-pod-14! old_node = None, new_node = worker-1.
Handling the new pod object: Pod(name=test-pod-14, label_set=LabelSet(labels={'app': 'app-b', 'role': 'database'}), node=Node(name=worker-1)
[139371797792448] Handling pod test-pod-14, locking app:app-brole:database, app:app-brole:backend,  ...
Registering time when event comes in for test-pod-15: 1753881280.3847344
New pod test-pod-15! old_node = None, new_node = worker-1.
Handling the new pod object: Pod(name=test-pod-15, label_set=LabelSet(labels={'app': 'app-c', 'role': 'frontend'}), node=Node(name=worker-1)
[139371789399744] Handling pod test-pod-15, locking app:app-crole:backend, app:app-crole:frontend,  ...
Registering time when event comes in for test-pod-17: 1753881280.3862498
New pod test-pod-17! old_node = None, new_node = worker-1.
Handling the new pod object: Pod(name=test-pod-17, label_set=LabelSet(labels={'app': 'app-c', 'role': 'database'}), node=Node(name=worker-1)
[139371781007040] Handling pod test-pod-17, locking app:app-crole:backend, app:app-crole:database,  ...
Registering time when event comes in for test-pod-12: 1753881280.3888159
New pod test-pod-12! old_node = None, new_node = worker-1.
Handling the new pod object: Pod(name=test-pod-12, label_set=LabelSet(labels={'app': 'app-b', 'role': 'frontend'}), node=Node(name=worker-1)
[139371772614336] Handling pod test-pod-12, locking app:app-brole:backend, app:app-brole:frontend,  ...
Registering time when event comes in for test-pod-18: 1753881280.4265938
New pod test-pod-18! old_node = None, new_node = worker-1.
Handling the new pod object: Pod(name=test-pod-18, label_set=LabelSet(labels={'app': 'app-a', 'role': 'frontend'}), node=Node(name=worker-1)
[139371286099648] Handling pod test-pod-18, locking app:app-arole:backend, app:app-arole:frontend,  ...
Registering time when event comes in for test-pod-19: 1753881280.456185
New pod test-pod-19! old_node = None, new_node = worker-1.
Handling the new pod object: Pod(name=test-pod-19, label_set=LabelSet(labels={'app': 'app-a', 'role': 'backend'}), node=Node(name=worker-1)
[139371277706944] Handling pod test-pod-19, locking app:app-arole:backend, app:app-arole:database, app:app-arole:frontend,  ...
Registering time when event comes in for test-pod-16: 1753881280.4812734
New pod test-pod-16! old_node = None, new_node = worker-1.
Handling the new pod object: Pod(name=test-pod-16, label_set=LabelSet(labels={'app': 'app-c', 'role': 'backend'}), node=Node(name=worker-1)
[139371269314240] Handling pod test-pod-16, locking app:app-crole:backend, app:app-crole:database, app:app-crole:frontend,  ...
[139372593809088] Pod test-pod-1 handled. Released locks for: app:app-arole:backend, app:app-arole:database, app:app-arole:frontend, 
Registering time when event is handled for test-pod-1: 1753881283.2820354
New pod: test-pod-2, on node: worker-1
Registering time when event comes in for test-pod-21: 1753881283.3031118
New pod test-pod-21! old_node = None, new_node = worker-1.
Handling the new pod object: Pod(name=test-pod-21, label_set=LabelSet(labels={'app': 'app-b', 'role': 'frontend'}), node=Node(name=worker-1)
[139372593809088] Handling pod test-pod-21, locking app:app-brole:backend, app:app-brole:frontend,  ...
[139372343056064] Pod test-pod-7 handled. Released locks for: app:app-crole:backend, app:app-crole:database, app:app-crole:frontend, 
Registering time when event is handled for test-pod-7: 1753881283.536956
New pod: test-pod-6, on node: worker-1
Registering time when event comes in for test-pod-23: 1753881283.5511959
New pod test-pod-23! old_node = None, new_node = worker-1.
Handling the new pod object: Pod(name=test-pod-23, label_set=LabelSet(labels={'app': 'app-b', 'role': 'database'}), node=Node(name=worker-1)
[139372343056064] Handling pod test-pod-23, locking app:app-brole:database, app:app-brole:backend,  ...
[139372579124928] Pod test-pod-3 handled. Released locks for: app:app-brole:backend, app:app-brole:frontend, 
Registering time when event is handled for test-pod-3: 1753881283.699368
New pod: test-pod-5, on node: worker-1
Registering time when event comes in for test-pod-22: 1753881283.7094052
New pod test-pod-22! old_node = None, new_node = worker-1.
Handling the new pod object: Pod(name=test-pod-22, label_set=LabelSet(labels={'app': 'app-b', 'role': 'backend'}), node=Node(name=worker-1)
[139372579124928] Handling pod test-pod-22, locking app:app-brole:database, app:app-brole:backend, app:app-brole:frontend,  ...
[139372570732224] Pod test-pod-2 handled. Released locks for: app:app-arole:backend, app:app-arole:database, 
Registering time when event is handled for test-pod-2: 1753881284.516283
New pod: test-pod-0, on node: worker-1
Registering time when event comes in for test-pod-26: 1753881284.5321643
New pod test-pod-26! old_node = None, new_node = worker-1.
Handling the new pod object: Pod(name=test-pod-26, label_set=LabelSet(labels={'app': 'app-c', 'role': 'database'}), node=Node(name=worker-1)
[139372570732224] Handling pod test-pod-26, locking app:app-crole:backend, app:app-crole:database,  ...
[139372326270656] Pod test-pod-6 handled. Released locks for: app:app-crole:backend, app:app-crole:frontend, 
Registering time when event is handled for test-pod-6: 1753881285.2655182
New pod: test-pod-8, on node: worker-1
Registering time when event comes in for test-pod-27: 1753881285.2816458
New pod test-pod-27! old_node = None, new_node = worker-1.
Handling the new pod object: Pod(name=test-pod-27, label_set=LabelSet(labels={'app': 'app-a', 'role': 'frontend'}), node=Node(name=worker-1)
[139372326270656] Handling pod test-pod-27, locking app:app-arole:backend, app:app-arole:frontend,  ...
[139372351448768] Pod test-pod-5 handled. Released locks for: app:app-brole:database, app:app-brole:backend, 
Registering time when event is handled for test-pod-5: 1753881285.787501
New pod: test-pod-4, on node: worker-1
Registering time when event comes in for test-pod-28: 1753881285.809991
New pod test-pod-28! old_node = None, new_node = worker-1.
Handling the new pod object: Pod(name=test-pod-28, label_set=LabelSet(labels={'app': 'app-a', 'role': 'backend'}), node=Node(name=worker-1)
[139372351448768] Handling pod test-pod-28, locking app:app-arole:backend, app:app-arole:database, app:app-arole:frontend,  ...
[139372359841472] Pod test-pod-0 handled. Released locks for: app:app-arole:backend, app:app-arole:frontend, 
2025-07-30 13:14:45,961 [INFO] kopf.objects - Handler 'handle_new_pod/spec.nodeName' succeeded.
2025-07-30 13:14:45,965 [INFO] kopf.objects - Creation is processed: 1 succeeded; 0 failed.
2025-07-30 13:14:45,986 [INFO] matcher - PLS: Configuring new spol Policy(name=app-b-allow-backend-frontend, sel=LabelSet(labels={'app': 'app-b', 'role': 'backend'}), allow=[
(LabelSet(labels={'app': 'app-b', 'role': 'frontend'}), Traffic(direction=egress, port=80, protocol=TCP)) 
])
2025-07-30 13:14:45,991 [INFO] matcher - Adding Security Group for select labelset: LabelSet(labels={'app': 'app-b', 'role': 'backend'})
2025-07-30 13:14:45,991 [INFO] matcher - Adding Security Group for allow labelset: LabelSet(labels={'app': 'app-b', 'role': 'frontend'})
2025-07-30 13:14:45,991 [INFO] security_group_module - SGMod: Adding rule to SG-app:app-brole:backend, remote SG-app:app-brole:frontend, port 80, type egress
2025-07-30 13:14:45,996 [INFO] kopf.objects - Handler 'handle_new_pod/spec.nodeName' succeeded.
2025-07-30 13:14:45,998 [INFO] kopf.objects - Creation is processed: 1 succeeded; 0 failed.
2025-07-30 13:14:46,009 [INFO] kopf.objects - Handler 'handle_new_pod/spec.nodeName' succeeded.
2025-07-30 13:14:46,010 [INFO] kopf.objects - Creation is processed: 1 succeeded; 0 failed.
2025-07-30 13:14:46,030 [INFO] kopf.objects - Handler 'handle_new_pod/spec.nodeName' succeeded.
2025-07-30 13:14:46,031 [INFO] kopf.objects - Creation is processed: 1 succeeded; 0 failed.
2025-07-30 13:14:46,046 [INFO] kopf.objects - Handler 'handle_new_pod/spec.nodeName' succeeded.
2025-07-30 13:14:46,047 [INFO] kopf.objects - Creation is processed: 1 succeeded; 0 failed.
2025-07-30 13:14:46,068 [INFO] kopf.objects - Handler 'handle_new_pod/spec.nodeName' succeeded.
2025-07-30 13:14:46,069 [INFO] kopf.objects - Creation is processed: 1 succeeded; 0 failed.
2025-07-30 13:14:46,081 [INFO] kopf.objects - Handler 'handle_new_pod/spec.nodeName' succeeded.
2025-07-30 13:14:46,081 [INFO] kopf.objects - Creation is processed: 1 succeeded; 0 failed.
2025-07-30 13:14:46,093 [INFO] kopf.objects - Handler 'handle_new_pod/spec.nodeName' succeeded.
2025-07-30 13:14:46,094 [INFO] kopf.objects - Creation is processed: 1 succeeded; 0 failed.
2025-07-30 13:14:46,114 [INFO] kopf.objects - Handler 'handle_new_pod/spec.nodeName' succeeded.
2025-07-30 13:14:46,114 [INFO] kopf.objects - Creation is processed: 1 succeeded; 0 failed.
2025-07-30 13:14:46,126 [INFO] kopf.objects - Handler 'handle_new_pod/spec.nodeName' succeeded.
2025-07-30 13:14:46,127 [INFO] kopf.objects - Creation is processed: 1 succeeded; 0 failed.
2025-07-30 13:14:46,163 [INFO] matcher - PLS: Configuring new spol Policy(name=app-b-allow-backend-database, sel=LabelSet(labels={'app': 'app-b', 'role': 'backend'}), allow=[
(LabelSet(labels={'app': 'app-b', 'role': 'database'}), Traffic(direction=egress, port=80, protocol=TCP)) 
])
2025-07-30 13:14:46,177 [INFO] security_group_module - Attaching security group SG-app:app-crole:database to instance worker-1
2025-07-30 13:14:46,163 [INFO] matcher - Adding Security Group for select labelset: LabelSet(labels={'app': 'app-b', 'role': 'backend'})
2025-07-30 13:14:46,183 [INFO] matcher - Adding Security Group for allow labelset: LabelSet(labels={'app': 'app-b', 'role': 'database'})
2025-07-30 13:14:46,184 [INFO] security_group_module - SGMod: Adding rule to SG-app:app-brole:backend, remote SG-app:app-brole:database, port 80, type egress
2025-07-30 13:14:46,367 [INFO] matcher - PLS: Configuring new spol Policy(name=app-b-allow-frontend-backend, sel=LabelSet(labels={'app': 'app-b', 'role': 'frontend'}), allow=[
(LabelSet(labels={'app': 'app-b', 'role': 'backend'}), Traffic(direction=egress, port=80, protocol=TCP)) 
])
2025-07-30 13:14:46,367 [INFO] matcher - Adding Security Group for select labelset: LabelSet(labels={'app': 'app-b', 'role': 'frontend'})
2025-07-30 13:14:46,367 [INFO] matcher - Adding Security Group for allow labelset: LabelSet(labels={'app': 'app-b', 'role': 'backend'})
2025-07-30 13:14:46,367 [INFO] security_group_module - SGMod: Adding rule to SG-app:app-brole:frontend, remote SG-app:app-brole:backend, port 80, type egress
2025-07-30 13:14:46,485 [INFO] security_group_module - Cannot add rule to remotes: Security group rule already exists. Rule id is 4b280cc7-668e-4484-8d11-16f13c8ebb2d.
Neutron server returns request_ids: ['req-fc73fc77-5328-4b16-8fbc-6dd31e1a9b6d']
2025-07-30 13:14:46,486 [INFO] matcher - PLS: Configuring new spol Policy(name=app-b-allow-database-backend, sel=LabelSet(labels={'app': 'app-b', 'role': 'database'}), allow=[
(LabelSet(labels={'app': 'app-b', 'role': 'backend'}), Traffic(direction=egress, port=80, protocol=TCP)) 
])
2025-07-30 13:14:46,486 [INFO] matcher - Adding Security Group for select labelset: LabelSet(labels={'app': 'app-b', 'role': 'database'})
2025-07-30 13:14:46,486 [INFO] matcher - Adding Security Group for allow labelset: LabelSet(labels={'app': 'app-b', 'role': 'backend'})
2025-07-30 13:14:46,486 [INFO] security_group_module - SGMod: Adding rule to SG-app:app-brole:database, remote SG-app:app-brole:backend, port 80, type egress
2025-07-30 13:14:46,700 [INFO] security_group_module - Cannot add rule to remotes: Security group rule already exists. Rule id is 52feb69d-6b36-4011-9991-4cbe3d5145c7.
Neutron server returns request_ids: ['req-89b513cb-e740-467e-a4c9-b934586815cf']
2025-07-30 13:14:46,700 [INFO] matcher - PLS: Configuring new spol Policy(name=app-b-allow-database-backend, sel=LabelSet(labels={'app': 'app-b', 'role': 'database'}), allow=[
(LabelSet(labels={'app': 'app-b', 'role': 'backend'}), Traffic(direction=ingress, port=80, protocol=TCP)) 
])
2025-07-30 13:14:46,700 [INFO] matcher - Adding Security Group for select labelset: LabelSet(labels={'app': 'app-b', 'role': 'database'})
2025-07-30 13:14:46,700 [INFO] matcher - Adding Security Group for allow labelset: LabelSet(labels={'app': 'app-b', 'role': 'backend'})
2025-07-30 13:14:46,700 [INFO] security_group_module - SGMod: Adding rule to SG-app:app-brole:database, remote SG-app:app-brole:backend, port 80, type ingress
2025-07-30 13:14:46,728 [INFO] kopf.objects - Handler 'handle_new_pod/spec.nodeName' succeeded.
2025-07-30 13:14:46,730 [INFO] kopf.objects - Creation is processed: 1 succeeded; 0 failed.
2025-07-30 13:14:46,754 [INFO] kopf.objects - Handler 'handle_new_pod/spec.nodeName' succeeded.
2025-07-30 13:14:46,759 [INFO] kopf.objects - Creation is processed: 1 succeeded; 0 failed.
2025-07-30 13:14:46,783 [INFO] kopf.objects - Handler 'handle_new_pod/spec.nodeName' succeeded.
2025-07-30 13:14:46,783 [INFO] kopf.objects - Creation is processed: 1 succeeded; 0 failed.
Registering time when event is handled for test-pod-0: 1753881285.9341283
New pod: test-pod-10, on node: worker-1
Registering time when event comes in for test-pod-29: 1753881285.9609082
New pod test-pod-29! old_node = None, new_node = worker-1.
Handling the new pod object: Pod(name=test-pod-29, label_set=LabelSet(labels={'app': 'app-a', 'role': 'database'}), node=Node(name=worker-1)
[139372359841472] Handling pod test-pod-29, locking app:app-arole:backend, app:app-arole:database,  ...
[139372317877952] Pod test-pod-10 handled. Released locks for: app:app-arole:backend, app:app-arole:database, app:app-arole:frontend, 
Registering time when event is handled for test-pod-10: 1753881285.968371
New pod: test-pod-9, on node: worker-1
Registering time when event comes in for test-pod-20: 1753881285.9865673
New pod test-pod-20! old_node = None, new_node = worker-1.
Handling the new pod object: Pod(name=test-pod-20, label_set=LabelSet(labels={'app': 'app-a', 'role': 'database'}), node=Node(name=worker-1)
[139372317877952] Handling pod test-pod-20, locking app:app-arole:backend, app:app-arole:database,  ...
[139372309485248] Pod test-pod-9 handled. Released locks for: app:app-arole:backend, app:app-arole:frontend, 
Registering time when event is handled for test-pod-9: 1753881285.9963584
New pod: test-pod-11, on node: worker-1
Registering time when event comes in for test-pod-30: 1753881286.0090272
New pod test-pod-30! old_node = None, new_node = worker-1.
Handling the new pod object: Pod(name=test-pod-30, label_set=LabelSet(labels={'app': 'app-b', 'role': 'frontend'}), node=Node(name=worker-1)
[139372309485248] Handling pod test-pod-30, locking app:app-brole:backend, app:app-brole:frontend,  ...
[139371822970560] Pod test-pod-11 handled. Released locks for: app:app-arole:backend, app:app-arole:database, 
Registering time when event is handled for test-pod-11: 1753881286.015555
New pod: test-pod-18, on node: worker-1
Registering time when event comes in for test-pod-31: 1753881286.0283093
New pod test-pod-31! old_node = None, new_node = worker-1.
Handling the new pod object: Pod(name=test-pod-31, label_set=LabelSet(labels={'app': 'app-b', 'role': 'backend'}), node=Node(name=worker-1)
[139371822970560] Handling pod test-pod-31, locking app:app-brole:database, app:app-brole:backend, app:app-brole:frontend,  ...
[139371286099648] Pod test-pod-18 handled. Released locks for: app:app-arole:backend, app:app-arole:frontend, 
Registering time when event is handled for test-pod-18: 1753881286.0356011
New pod: test-pod-19, on node: worker-1
Registering time when event comes in for test-pod-25: 1753881286.0465438
New pod test-pod-25! old_node = None, new_node = worker-1.
Handling the new pod object: Pod(name=test-pod-25, label_set=LabelSet(labels={'app': 'app-c', 'role': 'backend'}), node=Node(name=worker-1)
[139371286099648] Handling pod test-pod-25, locking app:app-crole:backend, app:app-crole:database, app:app-crole:frontend,  ...
[139371277706944] Pod test-pod-19 handled. Released locks for: app:app-arole:backend, app:app-arole:database, app:app-arole:frontend, 
Registering time when event is handled for test-pod-19: 1753881286.0514872
New pod: test-pod-27, on node: worker-1
[139372326270656] Pod test-pod-27 handled. Released locks for: app:app-arole:backend, app:app-arole:frontend, 
Registering time when event is handled for test-pod-27: 1753881286.0659688
New pod: test-pod-28, on node: worker-1
Registering time when event comes in for test-pod-32: 1753881286.0669203
New pod test-pod-32! old_node = None, new_node = worker-1.
Handling the new pod object: Pod(name=test-pod-32, label_set=LabelSet(labels={'app': 'app-b', 'role': 'database'}), node=Node(name=worker-1)
[139371277706944] Handling pod test-pod-32, locking app:app-brole:database, app:app-brole:backend,  ...
Registering time when event comes in for test-pod-24: 1753881286.0806973
New pod test-pod-24! old_node = None, new_node = worker-1.
Handling the new pod object: Pod(name=test-pod-24, label_set=LabelSet(labels={'app': 'app-c', 'role': 'frontend'}), node=Node(name=worker-1)
[139372326270656] Handling pod test-pod-24, locking app:app-crole:backend, app:app-crole:frontend,  ...
[139372351448768] Pod test-pod-28 handled. Released locks for: app:app-arole:backend, app:app-arole:database, app:app-arole:frontend, 
Registering time when event is handled for test-pod-28: 1753881286.0837562
New pod: test-pod-29, on node: worker-1
Registering time when event comes in for test-pod-33: 1753881286.0935273
New pod test-pod-33! old_node = None, new_node = worker-1.
Handling the new pod object: Pod(name=test-pod-33, label_set=LabelSet(labels={'app': 'app-c', 'role': 'frontend'}), node=Node(name=worker-1)
[139372351448768] Handling pod test-pod-33, locking app:app-crole:backend, app:app-crole:frontend,  ...
[139372359841472] Pod test-pod-29 handled. Released locks for: app:app-arole:backend, app:app-arole:database, 
Registering time when event is handled for test-pod-29: 1753881286.0995746
New pod: test-pod-20, on node: worker-1
Registering time when event comes in for test-pod-34: 1753881286.1139498
New pod test-pod-34! old_node = None, new_node = worker-1.
Handling the new pod object: Pod(name=test-pod-34, label_set=LabelSet(labels={'app': 'app-c', 'role': 'backend'}), node=Node(name=worker-1)
[139372359841472] Handling pod test-pod-34, locking app:app-crole:backend, app:app-crole:database, app:app-crole:frontend,  ...
[139372317877952] Pod test-pod-20 handled. Released locks for: app:app-arole:backend, app:app-arole:database, 
Registering time when event is handled for test-pod-20: 1753881286.1143894
Registering time when event comes in for test-pod-35: 1753881286.126112
New pod test-pod-35! old_node = None, new_node = worker-1.
Handling the new pod object: Pod(name=test-pod-35, label_set=LabelSet(labels={'app': 'app-c', 'role': 'database'}), node=Node(name=worker-1)
[139372317877952] Handling pod test-pod-35, locking app:app-crole:backend, app:app-crole:database,  ...
[139371814577856] Pod test-pod-8 handled. Released locks for: app:app-crole:backend, app:app-crole:database, 
Registering time when event is handled for test-pod-8: 1753881286.7143664
New pod: test-pod-15, on node: worker-1
Registering time when event comes in for test-pod-36: 1753881286.7276707
New pod test-pod-36! old_node = None, new_node = worker-1.
Handling the new pod object: Pod(name=test-pod-36, label_set=LabelSet(labels={'app': 'app-a', 'role': 'frontend'}), node=Node(name=worker-1)
[139371814577856] Handling pod test-pod-36, locking app:app-arole:backend, app:app-arole:frontend,  ...
New pod: test-pod-36, on node: worker-1
[139371789399744] Pod test-pod-15 handled. Released locks for: app:app-crole:backend, app:app-crole:frontend, 
Registering time when event is handled for test-pod-15: 1753881286.7358158
New pod: test-pod-17, on node: worker-1
Registering time when event comes in for test-pod-37: 1753881286.753606
New pod test-pod-37! old_node = None, new_node = worker-1.
Handling the new pod object: Pod(name=test-pod-37, label_set=LabelSet(labels={'app': 'app-a', 'role': 'backend'}), node=Node(name=worker-1)
[139371789399744] Handling pod test-pod-37, locking app:app-arole:backend, app:app-arole:database, app:app-arole:frontend,  ...
[139371814577856] Pod test-pod-36 handled. Released locks for: app:app-arole:backend, app:app-arole:frontend, 
Registering time when event is handled for test-pod-36: 1753881286.7614489
New pod: test-pod-37, on node: worker-1
Registering time when event comes in for test-pod-38: 1753881286.7807076
New pod test-pod-38! old_node = None, new_node = worker-1.
Handling the new pod object: Pod(name=test-pod-38, label_set=LabelSet(labels={'app': 'app-a', 'role': 'database'}), node=Node(name=worker-1)
[139371814577856] Handling pod test-pod-38, locking app:app-arole:backend, app:app-arole:database,  ...
[139371781007040] Pod test-pod-17 handled. Released locks for: app:app-crole:backend, app:app-crole:database, 
Registering time when event is handled for test-pod-17: 1753881286.789998
New pod: test-pod-16, on node: worker-1
2025-07-30 13:14:46,801 [INFO] kopf.objects - Handler 'handle_new_pod/spec.nodeName' succeeded.
2025-07-30 13:14:46,806 [INFO] kopf.objects - Creation is processed: 1 succeeded; 0 failed.
2025-07-30 13:14:46,809 [INFO] security_group_module - Cannot add rule to remotes: Security group rule already exists. Rule id is e69d556b-a81b-4132-9a3d-9f9e023b2a3a.
Neutron server returns request_ids: ['req-17b55356-afd1-45ea-a7f8-a34ba26ee3d1']
2025-07-30 13:14:46,810 [INFO] matcher - PLS: Configuring new spol Policy(name=app-b-allow-backend-database, sel=LabelSet(labels={'app': 'app-b', 'role': 'backend'}), allow=[
(LabelSet(labels={'app': 'app-b', 'role': 'database'}), Traffic(direction=ingress, port=80, protocol=TCP)) 
])
2025-07-30 13:14:46,810 [INFO] matcher - Adding Security Group for select labelset: LabelSet(labels={'app': 'app-b', 'role': 'backend'})
2025-07-30 13:14:46,810 [INFO] matcher - Adding Security Group for allow labelset: LabelSet(labels={'app': 'app-b', 'role': 'database'})
2025-07-30 13:14:46,811 [INFO] security_group_module - SGMod: Adding rule to SG-app:app-brole:backend, remote SG-app:app-brole:database, port 80, type ingress
2025-07-30 13:14:46,818 [INFO] kopf.objects - Handler 'handle_new_pod/spec.nodeName' succeeded.
2025-07-30 13:14:46,820 [INFO] kopf.objects - Creation is processed: 1 succeeded; 0 failed.
2025-07-30 13:14:46,832 [INFO] kopf.objects - Handler 'handle_new_pod/spec.nodeName' succeeded.
2025-07-30 13:14:46,833 [INFO] kopf.objects - Creation is processed: 1 succeeded; 0 failed.
2025-07-30 13:14:46,851 [INFO] kopf.objects - Handler 'handle_new_pod/spec.nodeName' succeeded.
2025-07-30 13:14:46,852 [INFO] kopf.objects - Creation is processed: 1 succeeded; 0 failed.
2025-07-30 13:14:46,861 [INFO] kopf.objects - Handler 'handle_new_pod/spec.nodeName' succeeded.
2025-07-30 13:14:46,862 [INFO] kopf.objects - Creation is processed: 1 succeeded; 0 failed.
2025-07-30 13:14:46,883 [INFO] kopf.objects - Handler 'handle_new_pod/spec.nodeName' succeeded.
2025-07-30 13:14:46,883 [INFO] kopf.objects - Creation is processed: 1 succeeded; 0 failed.
2025-07-30 13:14:46,901 [INFO] kopf.objects - Handler 'handle_new_pod/spec.nodeName' succeeded.
2025-07-30 13:14:46,902 [INFO] kopf.objects - Creation is processed: 1 succeeded; 0 failed.
2025-07-30 13:14:46,922 [INFO] kopf.objects - Handler 'handle_new_pod/spec.nodeName' succeeded.
2025-07-30 13:14:46,922 [INFO] kopf.objects - Creation is processed: 1 succeeded; 0 failed.
2025-07-30 13:14:46,937 [INFO] kopf.objects - Handler 'handle_new_pod/spec.nodeName' succeeded.
2025-07-30 13:14:46,937 [INFO] kopf.objects - Creation is processed: 1 succeeded; 0 failed.
2025-07-30 13:14:46,948 [INFO] kopf.objects - Handler 'handle_new_pod/spec.nodeName' succeeded.
2025-07-30 13:14:46,948 [INFO] kopf.objects - Creation is processed: 1 succeeded; 0 failed.
2025-07-30 13:14:46,966 [INFO] kopf.objects - Handler 'handle_new_pod/spec.nodeName' succeeded.
2025-07-30 13:14:46,968 [INFO] kopf.objects - Creation is processed: 1 succeeded; 0 failed.
2025-07-30 13:14:46,982 [INFO] kopf.objects - Handler 'handle_new_pod/spec.nodeName' succeeded.
2025-07-30 13:14:46,982 [INFO] kopf.objects - Creation is processed: 1 succeeded; 0 failed.
2025-07-30 13:14:46,991 [INFO] kopf.objects - Handler 'handle_new_pod/spec.nodeName' succeeded.
2025-07-30 13:14:46,991 [INFO] kopf.objects - Creation is processed: 1 succeeded; 0 failed.
[139371789399744] Pod test-pod-37 handled. Released locks for: app:app-arole:backend, app:app-arole:database, app:app-arole:frontend, 
Registering time when event is handled for test-pod-37: 1753881286.7996676
Registering time when event comes in for test-pod-39: 1753881286.7999427
New pod test-pod-39! old_node = None, new_node = worker-1.
Handling the new pod object: Pod(name=test-pod-39, label_set=LabelSet(labels={'app': 'app-b', 'role': 'frontend'}), node=Node(name=worker-1)
[139371781007040] Handling pod test-pod-39, locking app:app-brole:backend, app:app-brole:frontend,  ...
Registering time when event comes in for test-pod-40: 1753881286.8166811
New pod test-pod-40! old_node = None, new_node = worker-1.
Handling the new pod object: Pod(name=test-pod-40, label_set=LabelSet(labels={'app': 'app-b', 'role': 'backend'}), node=Node(name=worker-1)
[139371789399744] Handling pod test-pod-40, locking app:app-brole:database, app:app-brole:backend, app:app-brole:frontend,  ...
[139371814577856] Pod test-pod-38 handled. Released locks for: app:app-arole:backend, app:app-arole:database, 
Registering time when event is handled for test-pod-38: 1753881286.8185453
[139371269314240] Pod test-pod-16 handled. Released locks for: app:app-crole:backend, app:app-crole:database, app:app-crole:frontend, 
Registering time when event is handled for test-pod-16: 1753881286.831053
New pod: test-pod-26, on node: worker-1
Registering time when event comes in for test-pod-41: 1753881286.8315315
New pod test-pod-41! old_node = None, new_node = worker-1.
Handling the new pod object: Pod(name=test-pod-41, label_set=LabelSet(labels={'app': 'app-b', 'role': 'database'}), node=Node(name=worker-1)
[139371814577856] Handling pod test-pod-41, locking app:app-brole:database, app:app-brole:backend,  ...
Registering time when event comes in for test-pod-42: 1753881286.8454528
New pod test-pod-42! old_node = None, new_node = worker-1.
Handling the new pod object: Pod(name=test-pod-42, label_set=LabelSet(labels={'app': 'app-c', 'role': 'frontend'}), node=Node(name=worker-1)
[139371269314240] Handling pod test-pod-42, locking app:app-crole:backend, app:app-crole:frontend,  ...
[139372570732224] Pod test-pod-26 handled. Released locks for: app:app-crole:backend, app:app-crole:database, 
Registering time when event is handled for test-pod-26: 1753881286.8467543
New pod: test-pod-25, on node: worker-1
Registering time when event comes in for test-pod-43: 1753881286.861247
New pod test-pod-43! old_node = None, new_node = worker-1.
Handling the new pod object: Pod(name=test-pod-43, label_set=LabelSet(labels={'app': 'app-c', 'role': 'backend'}), node=Node(name=worker-1)
[139372570732224] Handling pod test-pod-43, locking app:app-crole:backend, app:app-crole:database, app:app-crole:frontend,  ...
[139371286099648] Pod test-pod-25 handled. Released locks for: app:app-crole:backend, app:app-crole:database, app:app-crole:frontend, 
Registering time when event is handled for test-pod-25: 1753881286.8686874
New pod: test-pod-24, on node: worker-1
Registering time when event comes in for test-pod-44: 1753881286.881938
New pod test-pod-44! old_node = None, new_node = worker-1.
Handling the new pod object: Pod(name=test-pod-44, label_set=LabelSet(labels={'app': 'app-c', 'role': 'database'}), node=Node(name=worker-1)
[139371286099648] Handling pod test-pod-44, locking app:app-crole:backend, app:app-crole:database,  ...
[139372326270656] Pod test-pod-24 handled. Released locks for: app:app-crole:backend, app:app-crole:frontend, 
Registering time when event is handled for test-pod-24: 1753881286.8893805
New pod: test-pod-33, on node: worker-1
Registering time when event comes in for test-pod-46: 1753881286.9011474
New pod test-pod-46! old_node = None, new_node = worker-1.
Handling the new pod object: Pod(name=test-pod-46, label_set=LabelSet(labels={'app': 'app-a', 'role': 'backend'}), node=Node(name=worker-1)
[139372326270656] Handling pod test-pod-46, locking app:app-arole:backend, app:app-arole:database, app:app-arole:frontend,  ...
New pod: test-pod-46, on node: worker-1
[139372351448768] Pod test-pod-33 handled. Released locks for: app:app-crole:backend, app:app-crole:frontend, 
Registering time when event is handled for test-pod-33: 1753881286.9065485
New pod: test-pod-34, on node: worker-1
[139372326270656] Pod test-pod-46 handled. Released locks for: app:app-arole:backend, app:app-arole:database, app:app-arole:frontend, 
Registering time when event is handled for test-pod-46: 1753881286.9166837
Registering time when event comes in for test-pod-45: 1753881286.9243417
New pod test-pod-45! old_node = None, new_node = worker-1.
Handling the new pod object: Pod(name=test-pod-45, label_set=LabelSet(labels={'app': 'app-a', 'role': 'frontend'}), node=Node(name=worker-1)
[139372351448768] Handling pod test-pod-45, locking app:app-arole:backend, app:app-arole:frontend,  ...
New pod: test-pod-45, on node: worker-1
[139372359841472] Pod test-pod-34 handled. Released locks for: app:app-crole:backend, app:app-crole:database, app:app-crole:frontend, 
Registering time when event is handled for test-pod-34: 1753881286.9271963
New pod: test-pod-35, on node: worker-1
Registering time when event comes in for test-pod-47: 1753881286.936161
New pod test-pod-47! old_node = None, new_node = worker-1.
Handling the new pod object: Pod(name=test-pod-47, label_set=LabelSet(labels={'app': 'app-a', 'role': 'database'}), node=Node(name=worker-1)
[139372326270656] Handling pod test-pod-47, locking app:app-arole:backend, app:app-arole:database,  ...
[139372351448768] Pod test-pod-45 handled. Released locks for: app:app-arole:backend, app:app-arole:frontend, 
Registering time when event is handled for test-pod-45: 1753881286.9408653
New pod: test-pod-47, on node: worker-1
Registering time when event comes in for test-pod-48: 1753881286.94766
New pod test-pod-48! old_node = None, new_node = worker-1.
Handling the new pod object: Pod(name=test-pod-48, label_set=LabelSet(labels={'app': 'app-b', 'role': 'frontend'}), node=Node(name=worker-1)
[139372359841472] Handling pod test-pod-48, locking app:app-brole:backend, app:app-brole:frontend,  ...
[139372326270656] Pod test-pod-47 handled. Released locks for: app:app-arole:backend, app:app-arole:database, 
Registering time when event is handled for test-pod-47: 1753881286.9601495
[139372317877952] Pod test-pod-35 handled. Released locks for: app:app-crole:backend, app:app-crole:database, 
Registering time when event is handled for test-pod-35: 1753881286.9609497
New pod: test-pod-42, on node: worker-1
Registering time when event comes in for test-pod-49: 1753881286.9671612
New pod test-pod-49! old_node = None, new_node = worker-1.
Handling the new pod object: Pod(name=test-pod-49, label_set=LabelSet(labels={'app': 'app-b', 'role': 'backend'}), node=Node(name=worker-1)
[139372351448768] Handling pod test-pod-49, locking app:app-brole:database, app:app-brole:backend, app:app-brole:frontend,  ...
Registering time when event comes in for test-pod-50: 1753881286.9802198
New pod test-pod-50! old_node = None, new_node = worker-1.
Handling the new pod object: Pod(name=test-pod-50, label_set=LabelSet(labels={'app': 'app-b', 'role': 'database'}), node=Node(name=worker-1)
[139372326270656] Handling pod test-pod-50, locking app:app-brole:database, app:app-brole:backend,  ...
[139371269314240] Pod test-pod-42 handled. Released locks for: app:app-crole:backend, app:app-crole:frontend, 
Registering time when event is handled for test-pod-42: 1753881286.9820974
New pod: test-pod-43, on node: worker-1
Registering time when event comes in for test-pod-51: 1753881286.990719
New pod test-pod-51! old_node = None, new_node = worker-1.
Handling the new pod object: Pod(name=test-pod-51, label_set=LabelSet(labels={'app': 'app-c', 'role': 'frontend'}), node=Node(name=worker-1)
[139372317877952] Handling pod test-pod-51, locking app:app-crole:backend, app:app-crole:frontend,  ...
[139372570732224] Pod test-pod-43 handled. Released locks for: app:app-crole:backend, app:app-crole:database, app:app-crole:frontend, 
2025-07-30 13:14:47,013 [INFO] kopf.objects - Handler 'handle_new_pod/spec.nodeName' succeeded.
2025-07-30 13:14:47,016 [INFO] kopf.objects - Creation is processed: 1 succeeded; 0 failed.
2025-07-30 13:14:47,025 [INFO] matcher - PLS: Configuring new spol Policy(name=app-b-allow-frontend-backend, sel=LabelSet(labels={'app': 'app-b', 'role': 'frontend'}), allow=[
(LabelSet(labels={'app': 'app-b', 'role': 'backend'}), Traffic(direction=ingress, port=80, protocol=TCP)) 
])
2025-07-30 13:14:47,027 [INFO] matcher - Adding Security Group for select labelset: LabelSet(labels={'app': 'app-b', 'role': 'frontend'})
2025-07-30 13:14:47,028 [INFO] matcher - Adding Security Group for allow labelset: LabelSet(labels={'app': 'app-b', 'role': 'backend'})
2025-07-30 13:14:47,028 [INFO] security_group_module - SGMod: Adding rule to SG-app:app-brole:frontend, remote SG-app:app-brole:backend, port 80, type ingress
2025-07-30 13:14:47,031 [INFO] kopf.objects - Handler 'handle_new_pod/spec.nodeName' succeeded.
2025-07-30 13:14:47,032 [INFO] kopf.objects - Creation is processed: 1 succeeded; 0 failed.
2025-07-30 13:14:47,048 [INFO] kopf.objects - Handler 'handle_new_pod/spec.nodeName' succeeded.
2025-07-30 13:14:47,049 [INFO] kopf.objects - Creation is processed: 1 succeeded; 0 failed.
2025-07-30 13:14:47,067 [INFO] kopf.objects - Handler 'handle_new_pod/spec.nodeName' succeeded.
2025-07-30 13:14:47,068 [INFO] kopf.objects - Creation is processed: 1 succeeded; 0 failed.
2025-07-30 13:14:47,101 [INFO] kopf.objects - Handler 'handle_new_pod/spec.nodeName' succeeded.
2025-07-30 13:14:47,101 [INFO] kopf.objects - Creation is processed: 1 succeeded; 0 failed.
2025-07-30 13:14:47,104 [INFO] kopf.objects - Handler 'handle_new_pod/spec.nodeName' succeeded.
2025-07-30 13:14:47,105 [INFO] kopf.objects - Creation is processed: 1 succeeded; 0 failed.
2025-07-30 13:14:47,116 [INFO] security_group_module - Cannot add rule to remotes: Security group rule already exists. Rule id is b8081847-a040-4577-90cc-1394dbd8b765.
Neutron server returns request_ids: ['req-cb6cfcb0-9b58-46c8-9756-add49802fa34']
2025-07-30 13:14:47,121 [INFO] kopf.objects - Handler 'handle_new_pod/spec.nodeName' succeeded.
2025-07-30 13:14:47,121 [INFO] kopf.objects - Creation is processed: 1 succeeded; 0 failed.
2025-07-30 13:14:47,139 [INFO] kopf.objects - Handler 'handle_new_pod/spec.nodeName' succeeded.
2025-07-30 13:14:47,140 [INFO] kopf.objects - Creation is processed: 1 succeeded; 0 failed.
2025-07-30 13:14:47,152 [INFO] kopf.objects - Handler 'handle_new_pod/spec.nodeName' succeeded.
2025-07-30 13:14:47,153 [INFO] kopf.objects - Creation is processed: 1 succeeded; 0 failed.
2025-07-30 13:14:47,182 [INFO] kopf.objects - Handler 'handle_new_pod/spec.nodeName' succeeded.
2025-07-30 13:14:47,182 [INFO] kopf.objects - Creation is processed: 1 succeeded; 0 failed.
2025-07-30 13:14:47,223 [INFO] kopf.objects - Handler 'handle_new_pod/spec.nodeName' succeeded.
2025-07-30 13:14:47,223 [INFO] kopf.objects - Creation is processed: 1 succeeded; 0 failed.
2025-07-30 13:14:47,260 [INFO] kopf.objects - Handler 'handle_new_pod/spec.nodeName' succeeded.
2025-07-30 13:14:47,260 [INFO] kopf.objects - Creation is processed: 1 succeeded; 0 failed.
2025-07-30 13:14:47,287 [INFO] kopf.objects - Handler 'handle_new_pod/spec.nodeName' succeeded.
2025-07-30 13:14:47,287 [INFO] kopf.objects - Creation is processed: 1 succeeded; 0 failed.
5Â~  J                       ðOGÂ~    Registering time when event is handled for test-pod-43: 1753881286.9952736
Registering time when event comes in for test-pod-52: 1753881287.0090704
New pod test-pod-52! old_node = None, new_node = worker-1.
Handling the new pod object: Pod(name=test-pod-52, label_set=LabelSet(labels={'app': 'app-c', 'role': 'backend'}), node=Node(name=worker-1)
[139371269314240] Handling pod test-pod-52, locking app:app-crole:backend, app:app-crole:database, app:app-crole:frontend,  ...
[139371286099648] Pod test-pod-44 handled. Released locks for: app:app-crole:backend, app:app-crole:database, 
Registering time when event is handled for test-pod-44: 1753881287.0165312
New pod: test-pod-51, on node: worker-1
Registering time when event comes in for test-pod-53: 1753881287.030664
New pod test-pod-53! old_node = None, new_node = worker-1.
Handling the new pod object: Pod(name=test-pod-53, label_set=LabelSet(labels={'app': 'app-c', 'role': 'database'}), node=Node(name=worker-1)
[139372570732224] Handling pod test-pod-53, locking app:app-crole:backend, app:app-crole:database,  ...
[139372317877952] Pod test-pod-51 handled. Released locks for: app:app-crole:backend, app:app-crole:frontend, 
Registering time when event is handled for test-pod-51: 1753881287.040928
New pod: test-pod-52, on node: worker-1
Registering time when event comes in for test-pod-54: 1753881287.048579
New pod test-pod-54! old_node = None, new_node = worker-1.
Handling the new pod object: Pod(name=test-pod-54, label_set=LabelSet(labels={'app': 'app-a', 'role': 'frontend'}), node=Node(name=worker-1)
[139371286099648] Handling pod test-pod-54, locking app:app-arole:backend, app:app-arole:frontend,  ...
New pod: test-pod-54, on node: worker-1
Registering time when event comes in for test-pod-55: 1753881287.0673344
New pod test-pod-55! old_node = None, new_node = worker-1.
Handling the new pod object: Pod(name=test-pod-55, label_set=LabelSet(labels={'app': 'app-a', 'role': 'backend'}), node=Node(name=worker-1)
[139372317877952] Handling pod test-pod-55, locking app:app-arole:backend, app:app-arole:database, app:app-arole:frontend,  ...
[139371269314240] Pod test-pod-52 handled. Released locks for: app:app-crole:backend, app:app-crole:database, app:app-crole:frontend, 
Registering time when event is handled for test-pod-52: 1753881287.0712085
[139371286099648] Pod test-pod-54 handled. Released locks for: app:app-arole:backend, app:app-arole:frontend, 
Registering time when event is handled for test-pod-54: 1753881287.0719998
New pod: test-pod-55, on node: worker-1
New pod: test-pod-53, on node: worker-1
[139372317877952] Pod test-pod-55 handled. Released locks for: app:app-arole:backend, app:app-arole:database, app:app-arole:frontend, 
Registering time when event is handled for test-pod-55: 1753881287.0938716
Registering time when event comes in for test-pod-56: 1753881287.0941548
New pod test-pod-56! old_node = None, new_node = worker-1.
Handling the new pod object: Pod(name=test-pod-56, label_set=LabelSet(labels={'app': 'app-a', 'role': 'database'}), node=Node(name=worker-1)
[139371269314240] Handling pod test-pod-56, locking app:app-arole:backend, app:app-arole:database,  ...
New pod: test-pod-56, on node: worker-1
[139372570732224] Pod test-pod-53 handled. Released locks for: app:app-crole:backend, app:app-crole:database, 
Registering time when event is handled for test-pod-53: 1753881287.094511
Registering time when event comes in for test-pod-57: 1753881287.103245
New pod test-pod-57! old_node = None, new_node = worker-1.
Handling the new pod object: Pod(name=test-pod-57, label_set=LabelSet(labels={'app': 'app-b', 'role': 'frontend'}), node=Node(name=worker-1)
[139372570732224] Handling pod test-pod-57, locking app:app-brole:backend, app:app-brole:frontend,  ...
[139371269314240] Pod test-pod-56 handled. Released locks for: app:app-arole:backend, app:app-arole:database, 
Registering time when event is handled for test-pod-56: 1753881287.108668
Registering time when event comes in for test-pod-59: 1753881287.1199071
New pod test-pod-59! old_node = None, new_node = worker-1.
Handling the new pod object: Pod(name=test-pod-59, label_set=LabelSet(labels={'app': 'app-b', 'role': 'database'}), node=Node(name=worker-1)
[139372317877952] Handling pod test-pod-59, locking app:app-brole:database, app:app-brole:backend,  ...
Registering time when event comes in for test-pod-58: 1753881287.139114
New pod test-pod-58! old_node = None, new_node = worker-1.
Handling the new pod object: Pod(name=test-pod-58, label_set=LabelSet(labels={'app': 'app-b', 'role': 'backend'}), node=Node(name=worker-1)
[139371286099648] Handling pod test-pod-58, locking app:app-brole:database, app:app-brole:backend, app:app-brole:frontend,  ...
Registering time when event comes in for test-pod-60: 1753881287.1501207
New pod test-pod-60! old_node = None, new_node = worker-1.
Handling the new pod object: Pod(name=test-pod-60, label_set=LabelSet(labels={'app': 'app-c', 'role': 'frontend'}), node=Node(name=worker-1)
[139371269314240] Handling pod test-pod-60, locking app:app-crole:backend, app:app-crole:frontend,  ...
New pod: test-pod-60, on node: worker-1
[139371269314240] Pod test-pod-60 handled. Released locks for: app:app-crole:backend, app:app-crole:frontend, 
Registering time when event is handled for test-pod-60: 1753881287.1674783
Registering time when event comes in for test-pod-61: 1753881287.1817987
New pod test-pod-61! old_node = None, new_node = worker-1.
Handling the new pod object: Pod(name=test-pod-61, label_set=LabelSet(labels={'app': 'app-c', 'role': 'backend'}), node=Node(name=worker-1)
[139371269314240] Handling pod test-pod-61, locking app:app-crole:backend, app:app-crole:database, app:app-crole:frontend,  ...
New pod: test-pod-61, on node: worker-1
[139371269314240] Pod test-pod-61 handled. Released locks for: app:app-crole:backend, app:app-crole:database, app:app-crole:frontend, 
Registering time when event is handled for test-pod-61: 1753881287.2054172
Registering time when event comes in for test-pod-62: 1753881287.2223353
New pod test-pod-62! old_node = None, new_node = worker-1.
Handling the new pod object: Pod(name=test-pod-62, label_set=LabelSet(labels={'app': 'app-c', 'role': 'database'}), node=Node(name=worker-1)
[139371269314240] Handling pod test-pod-62, locking app:app-crole:backend, app:app-crole:database,  ...
New pod: test-pod-62, on node: worker-1
[139371269314240] Pod test-pod-62 handled. Released locks for: app:app-crole:backend, app:app-crole:database, 
Registering time when event is handled for test-pod-62: 1753881287.238198
Registering time when event comes in for test-pod-63: 1753881287.2594938
New pod test-pod-63! old_node = None, new_node = worker-1.
Handling the new pod object: Pod(name=test-pod-63, label_set=LabelSet(labels={'app': 'app-a', 'role': 'frontend'}), node=Node(name=worker-1)
[139371269314240] Handling pod test-pod-63, locking app:app-arole:backend, app:app-arole:frontend,  ...
New pod: test-pod-63, on node: worker-1
[139371269314240] Pod test-pod-63 handled. Released locks for: app:app-arole:backend, app:app-arole:frontend, 
Registering time when event is handled for test-pod-63: 1753881287.276624
Registering time when event comes in for test-pod-64: 1753881287.287164
New pod test-pod-64! old_node = None, new_node = worker-1.
Handling the new pod object: Pod(name=test-pod-64, label_set=LabelSet(labels={'app': 'app-a', 'role': 'backend'}), node=Node(name=worker-1)
[139371269314240] Handling pod test-pod-64, locking app:app-arole:backend, app:app-arole:database, app:app-arole:frontend,  ...
New pod: test-pod-64, on node: worker-1
[139371269314240] Pod test-pod-64 handled. Released locks for: app:app-arole:backend, app:app-arole:database, app:app-arole:frontend, 
Registering time when event is handled for test-pod-64: 1753881287.2983286
Registering time when event comes in for test-pod-65: 1753881287.307469
New pod test-pod-65! old_node = None, new_node = worker-1.
Handling the new pod object: Pod(name=test-pod-65, label_set=LabelSet(labels={'app': 'app-a', 'role': 'database'}), node=Node(name=worker-1)
2025-07-30 13:14:47,308 [INFO] kopf.objects - Handler 'handle_new_pod/spec.nodeName' succeeded.
2025-07-30 13:14:47,310 [INFO] kopf.objects - Creation is processed: 1 succeeded; 0 failed.
2025-07-30 13:14:47,337 [INFO] kopf.objects - Handler 'handle_new_pod/spec.nodeName' succeeded.
2025-07-30 13:14:47,338 [INFO] kopf.objects - Creation is processed: 1 succeeded; 0 failed.
2025-07-30 13:14:47,442 [INFO] security_group_module - Attaching security group SG-app:app-brole:backend to instance worker-1
2025-07-30 13:14:48,180 [INFO] kopf.objects - Handler 'handle_new_pod/spec.nodeName' succeeded.
2025-07-30 13:14:48,181 [INFO] kopf.objects - Creation is processed: 1 succeeded; 0 failed.
2025-07-30 13:14:48,195 [INFO] kopf.objects - Handler 'handle_new_pod/spec.nodeName' succeeded.
2025-07-30 13:14:48,196 [INFO] kopf.objects - Creation is processed: 1 succeeded; 0 failed.
2025-07-30 13:14:48,216 [INFO] kopf.objects - Handler 'handle_new_pod/spec.nodeName' succeeded.
2025-07-30 13:14:48,218 [INFO] kopf.objects - Creation is processed: 1 succeeded; 0 failed.
2025-07-30 13:14:48,236 [INFO] kopf.objects - Handler 'handle_new_pod/spec.nodeName' succeeded.
2025-07-30 13:14:48,239 [INFO] kopf.objects - Creation is processed: 1 succeeded; 0 failed.
2025-07-30 13:14:48,248 [INFO] kopf.objects - Handler 'handle_new_pod/spec.nodeName' succeeded.
2025-07-30 13:14:48,249 [INFO] kopf.objects - Creation is processed: 1 succeeded; 0 failed.
2025-07-30 13:14:48,258 [INFO] kopf.objects - Handler 'handle_new_pod/spec.nodeName' succeeded.
2025-07-30 13:14:48,258 [INFO] kopf.objects - Creation is processed: 1 succeeded; 0 failed.
2025-07-30 13:14:48,270 [INFO] kopf.objects - Handler 'handle_new_pod/spec.nodeName' succeeded.
2025-07-30 13:14:48,270 [INFO] kopf.objects - Creation is processed: 1 succeeded; 0 failed.
2025-07-30 13:14:48,284 [INFO] kopf.objects - Handler 'handle_new_pod/spec.nodeName' succeeded.
2025-07-30 13:14:48,284 [INFO] kopf.objects - Creation is processed: 1 succeeded; 0 failed.
2025-07-30 13:14:48,309 [INFO] kopf.objects - Handler 'handle_new_pod/spec.nodeName' succeeded.
2025-07-30 13:14:48,310 [INFO] kopf.objects - Creation is processed: 1 succeeded; 0 failed.
2025-07-30 13:14:48,329 [INFO] kopf.objects - Handler 'handle_new_pod/spec.nodeName' succeeded.
2025-07-30 13:14:48,329 [INFO] kopf.objects - Creation is processed: 1 succeeded; 0 failed.
2025-07-30 13:14:48,347 [INFO] kopf.objects - Handler 'handle_new_pod/spec.nodeName' succeeded.
2025-07-30 13:14:48,347 [INFO] kopf.objects - Creation is processed: 1 succeeded; 0 failed.
                                        [139371269314240] Handling pod test-pod-65, locking app:app-arole:backend, app:app-arole:database,  ...
New pod: test-pod-65, on node: worker-1
[139371269314240] Pod test-pod-65 handled. Released locks for: app:app-arole:backend, app:app-arole:database, 
Registering time when event is handled for test-pod-65: 1753881287.3252788
Registering time when event comes in for test-pod-66: 1753881287.3372746
New pod test-pod-66! old_node = None, new_node = worker-1.
Handling the new pod object: Pod(name=test-pod-66, label_set=LabelSet(labels={'app': 'app-b', 'role': 'frontend'}), node=Node(name=worker-1)
[139371269314240] Handling pod test-pod-66, locking app:app-brole:backend, app:app-brole:frontend,  ...
[139372334663360] Pod test-pod-4 handled. Released locks for: app:app-brole:database, app:app-brole:backend, app:app-brole:frontend, 
Registering time when event is handled for test-pod-4: 1753881288.1708014
New pod: test-pod-13, on node: worker-1
Registering time when event comes in for test-pod-67: 1753881288.1796482
New pod test-pod-67! old_node = None, new_node = worker-1.
Handling the new pod object: Pod(name=test-pod-67, label_set=LabelSet(labels={'app': 'app-b', 'role': 'backend'}), node=Node(name=worker-1)
[139372334663360] Handling pod test-pod-67, locking app:app-brole:database, app:app-brole:backend, app:app-brole:frontend,  ...
[139371806185152] Pod test-pod-13 handled. Released locks for: app:app-brole:database, app:app-brole:backend, app:app-brole:frontend, 
Registering time when event is handled for test-pod-13: 1753881288.184902
New pod: test-pod-14, on node: worker-1
Registering time when event comes in for test-pod-68: 1753881288.1944623
New pod test-pod-68! old_node = None, new_node = worker-1.
Handling the new pod object: Pod(name=test-pod-68, label_set=LabelSet(labels={'app': 'app-b', 'role': 'database'}), node=Node(name=worker-1)
[139371806185152] Handling pod test-pod-68, locking app:app-brole:database, app:app-brole:backend,  ...
[139371797792448] Pod test-pod-14 handled. Released locks for: app:app-brole:database, app:app-brole:backend, 
Registering time when event is handled for test-pod-14: 1753881288.2012823
New pod: test-pod-12, on node: worker-1
Registering time when event comes in for test-pod-69: 1753881288.21397
New pod test-pod-69! old_node = None, new_node = worker-1.
Handling the new pod object: Pod(name=test-pod-69, label_set=LabelSet(labels={'app': 'app-c', 'role': 'frontend'}), node=Node(name=worker-1)
[139371797792448] Handling pod test-pod-69, locking app:app-crole:backend, app:app-crole:frontend,  ...
New pod: test-pod-69, on node: worker-1
[139371772614336] Pod test-pod-12 handled. Released locks for: app:app-brole:backend, app:app-brole:frontend, 
Registering time when event is handled for test-pod-12: 1753881288.2187119
New pod: test-pod-21, on node: worker-1
[139372593809088] Pod test-pod-21 handled. Released locks for: app:app-brole:backend, app:app-brole:frontend, 
Registering time when event is handled for test-pod-21: 1753881288.2355223
New pod: test-pod-23, on node: worker-1
[139371797792448] Pod test-pod-69 handled. Released locks for: app:app-crole:backend, app:app-crole:frontend, 
Registering time when event is handled for test-pod-69: 1753881288.235883
Registering time when event comes in for test-pod-70: 1753881288.2360704
New pod test-pod-70! old_node = None, new_node = worker-1.
Handling the new pod object: Pod(name=test-pod-70, label_set=LabelSet(labels={'app': 'app-c', 'role': 'backend'}), node=Node(name=worker-1)
[139371772614336] Handling pod test-pod-70, locking app:app-crole:backend, app:app-crole:database, app:app-crole:frontend,  ...
New pod: test-pod-70, on node: worker-1
Registering time when event comes in for test-pod-71: 1753881288.2476466
New pod test-pod-71! old_node = None, new_node = worker-1.
Handling the new pod object: Pod(name=test-pod-71, label_set=LabelSet(labels={'app': 'app-c', 'role': 'database'}), node=Node(name=worker-1)
[139372593809088] Handling pod test-pod-71, locking app:app-crole:backend, app:app-crole:database,  ...
[139372343056064] Pod test-pod-23 handled. Released locks for: app:app-brole:database, app:app-brole:backend, 
Registering time when event is handled for test-pod-23: 1753881288.2559426
New pod: test-pod-22, on node: worker-1
Registering time when event comes in for test-pod-73: 1753881288.2568731
New pod test-pod-73! old_node = None, new_node = worker-1.
Handling the new pod object: Pod(name=test-pod-73, label_set=LabelSet(labels={'app': 'app-a', 'role': 'backend'}), node=Node(name=worker-1)
[139371797792448] Handling pod test-pod-73, locking app:app-arole:backend, app:app-arole:database, app:app-arole:frontend,  ...
New pod: test-pod-73, on node: worker-1
[139371772614336] Pod test-pod-70 handled. Released locks for: app:app-crole:backend, app:app-crole:database, app:app-crole:frontend, 
Registering time when event is handled for test-pod-70: 1753881288.2652168
New pod: test-pod-71, on node: worker-1
Registering time when event comes in for test-pod-72: 1753881288.2697952
New pod test-pod-72! old_node = None, new_node = worker-1.
Handling the new pod object: Pod(name=test-pod-72, label_set=LabelSet(labels={'app': 'app-a', 'role': 'frontend'}), node=Node(name=worker-1)
[139372343056064] Handling pod test-pod-72, locking app:app-arole:backend, app:app-arole:frontend,  ...
Registering time when event comes in for test-pod-74: 1753881288.2840152
New pod test-pod-74! old_node = None, new_node = worker-1.
Handling the new pod object: Pod(name=test-pod-74, label_set=LabelSet(labels={'app': 'app-a', 'role': 'database'}), node=Node(name=worker-1)
[139371772614336] Handling pod test-pod-74, locking app:app-arole:backend, app:app-arole:database,  ...
[139372579124928] Pod test-pod-22 handled. Released locks for: app:app-brole:database, app:app-brole:backend, app:app-brole:frontend, 
Registering time when event is handled for test-pod-22: 1753881288.2985537
New pod: test-pod-30, on node: worker-1
[139372593809088] Pod test-pod-71 handled. Released locks for: app:app-crole:backend, app:app-crole:database, 
Registering time when event is handled for test-pod-71: 1753881288.3008738
[139371797792448] Pod test-pod-73 handled. Released locks for: app:app-arole:backend, app:app-arole:database, app:app-arole:frontend, 
Registering time when event is handled for test-pod-73: 1753881288.3081756
New pod: test-pod-72, on node: worker-1
Registering time when event comes in for test-pod-75: 1753881288.3086112
New pod test-pod-75! old_node = None, new_node = worker-1.
Handling the new pod object: Pod(name=test-pod-75, label_set=LabelSet(labels={'app': 'app-b', 'role': 'frontend'}), node=Node(name=worker-1)
[139372579124928] Handling pod test-pod-75, locking app:app-brole:backend, app:app-brole:frontend,  ...
[139372309485248] Pod test-pod-30 handled. Released locks for: app:app-brole:backend, app:app-brole:frontend, 
Registering time when event is handled for test-pod-30: 1753881288.3278747
Registering time when event comes in for test-pod-76: 1753881288.3279934
New pod test-pod-76! old_node = None, new_node = worker-1.
Handling the new pod object: Pod(name=test-pod-76, label_set=LabelSet(labels={'app': 'app-b', 'role': 'backend'}), node=Node(name=worker-1)
[139372593809088] Handling pod test-pod-76, locking app:app-brole:database, app:app-brole:backend, app:app-brole:frontend,  ...
New pod: test-pod-31, on node: worker-1
[139372343056064] Pod test-pod-72 handled. Released locks for: app:app-arole:backend, app:app-arole:frontend, 
Registering time when event is handled for test-pod-72: 1753881288.338676
New pod: test-pod-74, on node: worker-1
Registering time when event comes in for test-pod-77: 1753881288.3446577
New pod test-pod-77! old_node = None, new_node = worker-1.
Handling the new pod object: Pod(name=test-pod-77, label_set=LabelSet(labels={'app': 'app-b', 'role': 'database'}), node=Node(name=worker-1)
[139371797792448] Handling pod test-pod-77, locking app:app-brole:database, app:app-brole:backend,  ...
[139371772614336] Pod test-pod-74 handled. Released locks for: app:app-arole:backend, app:app-arole:database, 
2025-07-30 13:14:48,366 [INFO] kopf.objects - Handler 'handle_new_pod/spec.nodeName' succeeded.
2025-07-30 13:14:48,367 [INFO] kopf.objects - Creation is processed: 1 succeeded; 0 failed.
2025-07-30 13:14:48,373 [INFO] kopf.objects - Handler 'handle_new_pod/spec.nodeName' succeeded.
2025-07-30 13:14:48,373 [INFO] kopf.objects - Creation is processed: 1 succeeded; 0 failed.
2025-07-30 13:14:48,398 [INFO] kopf.objects - Handler 'handle_new_pod/spec.nodeName' succeeded.
2025-07-30 13:14:48,399 [INFO] kopf.objects - Creation is processed: 1 succeeded; 0 failed.
2025-07-30 13:14:48,409 [INFO] kopf.objects - Handler 'handle_new_pod/spec.nodeName' succeeded.
2025-07-30 13:14:48,409 [INFO] kopf.objects - Creation is processed: 1 succeeded; 0 failed.
2025-07-30 13:14:48,417 [INFO] kopf.objects - Handler 'handle_new_pod/spec.nodeName' succeeded.
2025-07-30 13:14:48,417 [INFO] kopf.objects - Creation is processed: 1 succeeded; 0 failed.
2025-07-30 13:14:48,427 [INFO] kopf.objects - Handler 'handle_new_pod/spec.nodeName' succeeded.
2025-07-30 13:14:48,428 [INFO] kopf.objects - Creation is processed: 1 succeeded; 0 failed.
2025-07-30 13:14:48,437 [INFO] kopf.objects - Handler 'handle_new_pod/spec.nodeName' succeeded.
2025-07-30 13:14:48,437 [INFO] kopf.objects - Creation is processed: 1 succeeded; 0 failed.
2025-07-30 13:14:48,451 [INFO] kopf.objects - Handler 'handle_new_pod/spec.nodeName' succeeded.
2025-07-30 13:14:48,452 [INFO] kopf.objects - Creation is processed: 1 succeeded; 0 failed.
2025-07-30 13:14:48,468 [INFO] kopf.objects - Handler 'handle_new_pod/spec.nodeName' succeeded.
2025-07-30 13:14:48,468 [INFO] kopf.objects - Creation is processed: 1 succeeded; 0 failed.
2025-07-30 13:14:48,489 [INFO] kopf.objects - Handler 'handle_new_pod/spec.nodeName' succeeded.
2025-07-30 13:14:48,489 [INFO] kopf.objects - Creation is processed: 1 succeeded; 0 failed.
2025-07-30 13:14:48,502 [INFO] kopf.objects - Handler 'handle_new_pod/spec.nodeName' succeeded.
2025-07-30 13:14:48,502 [INFO] kopf.objects - Creation is processed: 1 succeeded; 0 failed.
2025-07-30 13:14:48,522 [INFO] kopf.objects - Handler 'handle_new_pod/spec.nodeName' succeeded.
2025-07-30 13:14:48,522 [INFO] kopf.objects - Creation is processed: 1 succeeded; 0 failed.
2025-07-30 13:14:48,538 [INFO] kopf.objects - Handler 'handle_new_pod/spec.nodeName' succeeded.
2025-07-30 13:14:48,538 [INFO] kopf.objects - Creation is processed: 1 succeeded; 0 failed.
Registering time when event is handled for test-pod-74: 1753881288.3555992
Registering time when event comes in for test-pod-78: 1753881288.3574889
New pod test-pod-78! old_node = None, new_node = worker-1.
Handling the new pod object: Pod(name=test-pod-78, label_set=LabelSet(labels={'app': 'app-c', 'role': 'frontend'}), node=Node(name=worker-1)
[139372309485248] Handling pod test-pod-78, locking app:app-crole:backend, app:app-crole:frontend,  ...
New pod: test-pod-78, on node: worker-1
[139371822970560] Pod test-pod-31 handled. Released locks for: app:app-brole:database, app:app-brole:backend, app:app-brole:frontend, 
Registering time when event is handled for test-pod-31: 1753881288.3644109
New pod: test-pod-32, on node: worker-1
Registering time when event comes in for test-pod-79: 1753881288.372483
New pod test-pod-79! old_node = None, new_node = worker-1.
Handling the new pod object: Pod(name=test-pod-79, label_set=LabelSet(labels={'app': 'app-c', 'role': 'backend'}), node=Node(name=worker-1)
[139372343056064] Handling pod test-pod-79, locking app:app-crole:backend, app:app-crole:database, app:app-crole:frontend,  ...
[139371277706944] Pod test-pod-32 handled. Released locks for: app:app-brole:database, app:app-brole:backend, 
Registering time when event is handled for test-pod-32: 1753881288.381365
New pod: test-pod-39, on node: worker-1
Registering time when event comes in for test-pod-80: 1753881288.395285
New pod test-pod-80! old_node = None, new_node = worker-1.
Handling the new pod object: Pod(name=test-pod-80, label_set=LabelSet(labels={'app': 'app-c', 'role': 'database'}), node=Node(name=worker-1)
[139371772614336] Handling pod test-pod-80, locking app:app-crole:backend, app:app-crole:database,  ...
[139372309485248] Pod test-pod-78 handled. Released locks for: app:app-crole:backend, app:app-crole:frontend, 
Registering time when event is handled for test-pod-78: 1753881288.396899
New pod: test-pod-79, on node: worker-1
Registering time when event comes in for test-pod-82: 1753881288.4088778
New pod test-pod-82! old_node = None, new_node = worker-1.
Handling the new pod object: Pod(name=test-pod-82, label_set=LabelSet(labels={'app': 'app-a', 'role': 'backend'}), node=Node(name=worker-1)
[139372309485248] Handling pod test-pod-82, locking app:app-arole:backend, app:app-arole:database, app:app-arole:frontend,  ...
New pod: test-pod-82, on node: worker-1
[139372343056064] Pod test-pod-79 handled. Released locks for: app:app-crole:backend, app:app-crole:database, app:app-crole:frontend, 
Registering time when event is handled for test-pod-79: 1753881288.4142613
[139371781007040] Pod test-pod-39 handled. Released locks for: app:app-brole:backend, app:app-brole:frontend, 
Registering time when event is handled for test-pod-39: 1753881288.4143245
New pod: test-pod-40, on node: worker-1
New pod: test-pod-80, on node: worker-1
Registering time when event comes in for test-pod-81: 1753881288.417255
New pod test-pod-81! old_node = None, new_node = worker-1.
Handling the new pod object: Pod(name=test-pod-81, label_set=LabelSet(labels={'app': 'app-a', 'role': 'frontend'}), node=Node(name=worker-1)
[139371277706944] Handling pod test-pod-81, locking app:app-arole:backend, app:app-arole:frontend,  ...
Registering time when event comes in for test-pod-89: 1753881288.427401
New pod test-pod-89! old_node = None, new_node = worker-1.
Handling the new pod object: Pod(name=test-pod-89, label_set=LabelSet(labels={'app': 'app-c', 'role': 'database'}), node=Node(name=worker-1)
[139371822970560] Handling pod test-pod-89, locking app:app-crole:backend, app:app-crole:database,  ...
[139372309485248] Pod test-pod-82 handled. Released locks for: app:app-arole:backend, app:app-arole:database, app:app-arole:frontend, 
Registering time when event is handled for test-pod-82: 1753881288.4314303
New pod: test-pod-81, on node: worker-1
Registering time when event comes in for test-pod-90: 1753881288.4370406
New pod test-pod-90! old_node = None, new_node = worker-1.
Handling the new pod object: Pod(name=test-pod-90, label_set=LabelSet(labels={'app': 'app-a', 'role': 'frontend'}), node=Node(name=worker-1)
[139372343056064] Handling pod test-pod-90, locking app:app-arole:backend, app:app-arole:frontend,  ...
[139371789399744] Pod test-pod-40 handled. Released locks for: app:app-brole:database, app:app-brole:backend, app:app-brole:frontend, 
Registering time when event is handled for test-pod-40: 1753881288.4455743
New pod: test-pod-41, on node: worker-1
Registering time when event comes in for test-pod-85: 1753881288.4513488
New pod test-pod-85! old_node = None, new_node = worker-1.
Handling the new pod object: Pod(name=test-pod-85, label_set=LabelSet(labels={'app': 'app-b', 'role': 'backend'}), node=Node(name=worker-1)
[139371781007040] Handling pod test-pod-85, locking app:app-brole:database, app:app-brole:backend, app:app-brole:frontend,  ...
[139371772614336] Pod test-pod-80 handled. Released locks for: app:app-crole:backend, app:app-crole:database, 
Registering time when event is handled for test-pod-80: 1753881288.4592397
New pod: test-pod-89, on node: worker-1
[139371277706944] Pod test-pod-81 handled. Released locks for: app:app-arole:backend, app:app-arole:frontend, 
Registering time when event is handled for test-pod-81: 1753881288.4672723
Registering time when event comes in for test-pod-88: 1753881288.467423
New pod test-pod-88! old_node = None, new_node = worker-1.
Handling the new pod object: Pod(name=test-pod-88, label_set=LabelSet(labels={'app': 'app-c', 'role': 'backend'}), node=Node(name=worker-1)
[139372309485248] Handling pod test-pod-88, locking app:app-crole:backend, app:app-crole:database, app:app-crole:frontend,  ...
New pod: test-pod-90, on node: worker-1
[139371814577856] Pod test-pod-41 handled. Released locks for: app:app-brole:database, app:app-brole:backend, 
Registering time when event is handled for test-pod-41: 1753881288.4874945
Registering time when event comes in for test-pod-83: 1753881288.487638
New pod test-pod-83! old_node = None, new_node = worker-1.
Handling the new pod object: Pod(name=test-pod-83, label_set=LabelSet(labels={'app': 'app-a', 'role': 'database'}), node=Node(name=worker-1)
[139371789399744] Handling pod test-pod-83, locking app:app-arole:backend, app:app-arole:database,  ...
New pod: test-pod-48, on node: worker-1
[139371822970560] Pod test-pod-89 handled. Released locks for: app:app-crole:backend, app:app-crole:database, 
Registering time when event is handled for test-pod-89: 1753881288.4982355
New pod: test-pod-88, on node: worker-1
Registering time when event comes in for test-pod-84: 1753881288.5021322
New pod test-pod-84! old_node = None, new_node = worker-1.
Handling the new pod object: Pod(name=test-pod-84, label_set=LabelSet(labels={'app': 'app-b', 'role': 'frontend'}), node=Node(name=worker-1)
[139371772614336] Handling pod test-pod-84, locking app:app-brole:backend, app:app-brole:frontend,  ...
[139372343056064] Pod test-pod-90 handled. Released locks for: app:app-arole:backend, app:app-arole:frontend, 
Registering time when event is handled for test-pod-90: 1753881288.5080016
New pod: test-pod-83, on node: worker-1
Registering time when event comes in for test-pod-92: 1753881288.5217812
New pod test-pod-92! old_node = None, new_node = worker-1.
Handling the new pod object: Pod(name=test-pod-92, label_set=LabelSet(labels={'app': 'app-a', 'role': 'database'}), node=Node(name=worker-1)
[139371277706944] Handling pod test-pod-92, locking app:app-arole:backend, app:app-arole:database,  ...
[139372359841472] Pod test-pod-48 handled. Released locks for: app:app-brole:backend, app:app-brole:frontend, 
Registering time when event is handled for test-pod-48: 1753881288.5260553
New pod: test-pod-49, on node: worker-1
Registering time when event comes in for test-pod-86: 1753881288.5377734
New pod test-pod-86! old_node = None, new_node = worker-1.
Handling the new pod object: Pod(name=test-pod-86, label_set=LabelSet(labels={'app': 'app-b', 'role': 'database'}), node=Node(name=worker-1)
[139371814577856] Handling pod test-pod-86, locking app:app-brole:database, app:app-brole:backend,  ...
2025-07-30 13:14:48,553 [INFO] kopf.objects - Handler 'handle_new_pod/spec.nodeName' succeeded.
2025-07-30 13:14:48,553 [INFO] kopf.objects - Creation is processed: 1 succeeded; 0 failed.
2025-07-30 13:14:48,604 [INFO] kopf.objects - Handler 'handle_new_pod/spec.nodeName' succeeded.
2025-07-30 13:14:48,604 [INFO] kopf.objects - Creation is processed: 1 succeeded; 0 failed.
2025-07-30 13:14:48,619 [INFO] kopf.objects - Handler 'handle_new_pod/spec.nodeName' succeeded.
2025-07-30 13:14:48,620 [INFO] kopf.objects - Creation is processed: 1 succeeded; 0 failed.
2025-07-30 13:14:48,629 [INFO] kopf.objects - Handler 'handle_new_pod/spec.nodeName' succeeded.
2025-07-30 13:14:48,630 [INFO] kopf.objects - Creation is processed: 1 succeeded; 0 failed.
2025-07-30 13:14:48,643 [INFO] kopf.objects - Handler 'handle_new_pod/spec.nodeName' succeeded.
2025-07-30 13:14:48,643 [INFO] kopf.objects - Creation is processed: 1 succeeded; 0 failed.
2025-07-30 13:14:48,658 [INFO] kopf.objects - Handler 'handle_new_pod/spec.nodeName' succeeded.
2025-07-30 13:14:48,659 [INFO] kopf.objects - Creation is processed: 1 succeeded; 0 failed.
2025-07-30 13:14:48,668 [INFO] kopf.objects - Handler 'handle_new_pod/spec.nodeName' succeeded.
2025-07-30 13:14:48,668 [INFO] kopf.objects - Creation is processed: 1 succeeded; 0 failed.
2025-07-30 13:14:48,684 [INFO] kopf.objects - Handler 'handle_new_pod/spec.nodeName' succeeded.
2025-07-30 13:14:48,685 [INFO] kopf.objects - Creation is processed: 1 succeeded; 0 failed.
2025-07-30 13:14:48,708 [INFO] kopf.objects - Handler 'handle_new_pod/spec.nodeName' succeeded.
2025-07-30 13:14:48,708 [INFO] kopf.objects - Creation is processed: 1 succeeded; 0 failed.
2025-07-30 13:14:48,726 [INFO] kopf.objects - Handler 'handle_new_pod/spec.nodeName' succeeded.
2025-07-30 13:14:48,726 [INFO] kopf.objects - Creation is processed: 1 succeeded; 0 failed.
2025-07-30 13:14:48,744 [INFO] kopf.objects - Handler 'handle_new_pod/spec.nodeName' succeeded.
2025-07-30 13:14:48,744 [INFO] kopf.objects - Creation is processed: 1 succeeded; 0 failed.
2025-07-30 13:14:48,759 [INFO] kopf.objects - Handler 'handle_new_pod/spec.nodeName' succeeded.
2025-07-30 13:14:48,759 [INFO] kopf.objects - Creation is processed: 1 succeeded; 0 failed.
2025-07-30 13:14:48,769 [INFO] kopf.objects - Handler 'handle_new_pod/spec.nodeName' succeeded.
2025-07-30 13:14:48,770 [INFO] kopf.objects - Creation is processed: 1 succeeded; 0 failed.
2025-07-30 13:14:48,784 [INFO] kopf.objects - Handler 'handle_new_pod/spec.nodeName' succeeded.
2025-07-30 13:14:48,784 [INFO] kopf.objects - Creation is processed: 1 succeeded; 0 failed.
2025-07-30 13:14:48,798 [INFO] kopf.objects - Handler 'handle_new_pod/spec.nodeName' succeeded.
2025-07-30 13:14:48,799 [INFO] kopf.objects - Creation is processed: 1 succeeded; 0 failed.
2025-07-30 13:14:48,818 [INFO] kopf.objects - Handler 'handle_new_pod/spec.nodeName' succeeded.
2025-07-30 13:14:48,818 [INFO] kopf.objects - Creation is processed: 1 succeeded; 0 failed.
2025-07-30 13:14:48,832 [INFO] kopf.objects - Handler 'handle_new_pod/spec.nodeName' succeeded.
2025-07-30 13:14:48,833 [INFO] kopf.objects - Creation is processed: 1 succeeded; 0 failed.
2025-07-30 13:14:48,842 [INFO] kopf.objects - Handler 'handle_new_pod/spec.nodeName' succeeded.
2025-07-30 13:14:48,842 [INFO] kopf.objects - Creation is processed: 1 succeeded; 0 failed.
2025-07-30 13:14:48,859 [INFO] kopf.objects - Handler 'handle_new_pod/spec.nodeName' succeeded.
2025-07-30 13:14:48,859 [INFO] kopf.objects - Creation is processed: 1 succeeded; 0 failed.
2025-07-30 13:14:48,874 [INFO] kopf.objects - Handler 'handle_new_pod/spec.nodeName' succeeded.
2025-07-30 13:14:48,875 [INFO] kopf.objects - Creation is processed: 1 succeeded; 0 failed.
2025-07-30 13:14:48,885 [INFO] kopf.objects - Handler 'handle_new_pod/spec.nodeName' succeeded.
2025-07-30 13:14:48,886 [INFO] kopf.objects - Creation is processed: 1 succeeded; 0 failed.
2025-07-30 13:14:48,897 [INFO] kopf.objects - Handler 'handle_new_pod/spec.nodeName' succeeded.
2025-07-30 13:14:48,897 [INFO] kopf.objects - Creation is processed: 1 succeeded; 0 failed.
2025-07-30 13:14:48,916 [INFO] kopf.objects - Handler 'handle_new_pod/spec.nodeName' succeeded.
2025-07-30 13:14:48,916 [INFO] kopf.objects - Creation is processed: 1 succeeded; 0 failed.
2025-07-30 13:14:48,933 [INFO] kopf.objects - Handler 'handle_new_pod/spec.nodeName' succeeded.
2025-07-30 13:14:48,935 [INFO] kopf.objects - Creation is processed: 1 succeeded; 0 failed.
2025-07-30 13:14:48,959 [INFO] kopf.objects - Handler 'handle_new_pod/spec.nodeName' succeeded.
2025-07-30 13:14:48,959 [INFO] kopf.objects - Creation is processed: 1 succeeded; 0 failed.
[139372309485248] Pod test-pod-88 handled. Released locks for: app:app-crole:backend, app:app-crole:database, app:app-crole:frontend, 
Registering time when event is handled for test-pod-88: 1753881288.5439386
[139372351448768] Pod test-pod-49 handled. Released locks for: app:app-brole:database, app:app-brole:backend, app:app-brole:frontend, 
Registering time when event is handled for test-pod-49: 1753881288.5502856
New pod: test-pod-50, on node: worker-1
[139371789399744] Pod test-pod-83 handled. Released locks for: app:app-arole:backend, app:app-arole:database, 
Registering time when event is handled for test-pod-83: 1753881288.5514808
Registering time when event comes in for test-pod-87: 1753881288.5529208
New pod test-pod-87! old_node = None, new_node = worker-1.
Handling the new pod object: Pod(name=test-pod-87, label_set=LabelSet(labels={'app': 'app-c', 'role': 'frontend'}), node=Node(name=worker-1)
[139371822970560] Handling pod test-pod-87, locking app:app-crole:backend, app:app-crole:frontend,  ...
New pod: test-pod-87, on node: worker-1
New pod: test-pod-92, on node: worker-1
[139371822970560] Pod test-pod-87 handled. Released locks for: app:app-crole:backend, app:app-crole:frontend, 
Registering time when event is handled for test-pod-87: 1753881288.6011076
Registering time when event comes in for test-pod-91: 1753881288.6012597
New pod test-pod-91! old_node = None, new_node = worker-1.
Handling the new pod object: Pod(name=test-pod-91, label_set=LabelSet(labels={'app': 'app-a', 'role': 'backend'}), node=Node(name=worker-1)
[139372343056064] Handling pod test-pod-91, locking app:app-arole:backend, app:app-arole:database, app:app-arole:frontend,  ...
[139372326270656] Pod test-pod-50 handled. Released locks for: app:app-brole:database, app:app-brole:backend, 
Registering time when event is handled for test-pod-50: 1753881288.608068
New pod: test-pod-57, on node: worker-1
[139371277706944] Pod test-pod-92 handled. Released locks for: app:app-arole:backend, app:app-arole:database, 
Registering time when event is handled for test-pod-92: 1753881288.6178577
New pod: test-pod-91, on node: worker-1
Registering time when event comes in for test-pod-96: 1753881288.6191301
New pod test-pod-96! old_node = None, new_node = worker-1.
Handling the new pod object: Pod(name=test-pod-96, label_set=LabelSet(labels={'app': 'app-c', 'role': 'frontend'}), node=Node(name=worker-1)
[139372359841472] Handling pod test-pod-96, locking app:app-crole:backend, app:app-crole:frontend,  ...
New pod: test-pod-96, on node: worker-1
Registering time when event comes in for test-pod-97: 1753881288.629593
New pod test-pod-97! old_node = None, new_node = worker-1.
Handling the new pod object: Pod(name=test-pod-97, label_set=LabelSet(labels={'app': 'app-c', 'role': 'backend'}), node=Node(name=worker-1)
[139372309485248] Handling pod test-pod-97, locking app:app-crole:backend, app:app-crole:database, app:app-crole:frontend,  ...
[139372570732224] Pod test-pod-57 handled. Released locks for: app:app-brole:backend, app:app-brole:frontend, 
Registering time when event is handled for test-pod-57: 1753881288.635267
New pod: test-pod-59, on node: worker-1
Registering time when event comes in for test-pod-93: 1753881288.6429162
New pod test-pod-93! old_node = None, new_node = worker-1.
Handling the new pod object: Pod(name=test-pod-93, label_set=LabelSet(labels={'app': 'app-b', 'role': 'frontend'}), node=Node(name=worker-1)
[139372351448768] Handling pod test-pod-93, locking app:app-brole:backend, app:app-brole:frontend,  ...
[139372359841472] Pod test-pod-96 handled. Released locks for: app:app-crole:backend, app:app-crole:frontend, 
Registering time when event is handled for test-pod-96: 1753881288.6517925
New pod: test-pod-97, on node: worker-1
Registering time when event comes in for test-pod-94: 1753881288.6577415
New pod test-pod-94! old_node = None, new_node = worker-1.
Handling the new pod object: Pod(name=test-pod-94, label_set=LabelSet(labels={'app': 'app-b', 'role': 'backend'}), node=Node(name=worker-1)
[139371789399744] Handling pod test-pod-94, locking app:app-brole:database, app:app-brole:backend, app:app-brole:frontend,  ...
[139372343056064] Pod test-pod-91 handled. Released locks for: app:app-arole:backend, app:app-arole:database, app:app-arole:frontend, 
Registering time when event is handled for test-pod-91: 1753881288.6626923
[139372317877952] Pod test-pod-59 handled. Released locks for: app:app-brole:database, app:app-brole:backend, 
Registering time when event is handled for test-pod-59: 1753881288.6629238
New pod: test-pod-58, on node: worker-1
Registering time when event comes in for test-pod-95: 1753881288.6673112
New pod test-pod-95! old_node = None, new_node = worker-1.
Handling the new pod object: Pod(name=test-pod-95, label_set=LabelSet(labels={'app': 'app-b', 'role': 'database'}), node=Node(name=worker-1)
[139371822970560] Handling pod test-pod-95, locking app:app-brole:database, app:app-brole:backend,  ...
[139371286099648] Pod test-pod-58 handled. Released locks for: app:app-brole:database, app:app-brole:backend, app:app-brole:frontend, 
Registering time when event is handled for test-pod-58: 1753881288.6832259
Registering time when event comes in for test-pod-98: 1753881288.6840599
New pod test-pod-98! old_node = None, new_node = worker-1.
Handling the new pod object: Pod(name=test-pod-98, label_set=LabelSet(labels={'app': 'app-c', 'role': 'database'}), node=Node(name=worker-1)
[139372326270656] Handling pod test-pod-98, locking app:app-crole:backend, app:app-crole:database,  ...
New pod: test-pod-66, on node: worker-1
[139372309485248] Pod test-pod-97 handled. Released locks for: app:app-crole:backend, app:app-crole:database, app:app-crole:frontend, 
Registering time when event is handled for test-pod-97: 1753881288.696372
New pod: test-pod-98, on node: worker-1
[139372326270656] Pod test-pod-98 handled. Released locks for: app:app-crole:backend, app:app-crole:database, 
Registering time when event is handled for test-pod-98: 1753881288.7378097
[139371269314240] Pod test-pod-66 handled. Released locks for: app:app-brole:backend, app:app-brole:frontend, 
Registering time when event is handled for test-pod-66: 1753881288.7379262
New pod: test-pod-67, on node: worker-1
[139372334663360] Pod test-pod-67 handled. Released locks for: app:app-brole:database, app:app-brole:backend, app:app-brole:frontend, 
Registering time when event is handled for test-pod-67: 1753881288.7684743
New pod: test-pod-68, on node: worker-1
[139371806185152] Pod test-pod-68 handled. Released locks for: app:app-brole:database, app:app-brole:backend, 
Registering time when event is handled for test-pod-68: 1753881288.7889662
New pod: test-pod-75, on node: worker-1
[139372579124928] Pod test-pod-75 handled. Released locks for: app:app-brole:backend, app:app-brole:frontend, 
Registering time when event is handled for test-pod-75: 1753881288.8313882
New pod: test-pod-76, on node: worker-1
[139372593809088] Pod test-pod-76 handled. Released locks for: app:app-brole:database, app:app-brole:backend, app:app-brole:frontend, 
Registering time when event is handled for test-pod-76: 1753881288.8631945
New pod: test-pod-77, on node: worker-1
[139371797792448] Pod test-pod-77 handled. Released locks for: app:app-brole:database, app:app-brole:backend, 
Registering time when event is handled for test-pod-77: 1753881288.8814394
New pod: test-pod-85, on node: worker-1
[139371781007040] Pod test-pod-85 handled. Released locks for: app:app-brole:database, app:app-brole:backend, app:app-brole:frontend, 
Registering time when event is handled for test-pod-85: 1753881288.9027162
New pod: test-pod-84, on node: worker-1
[139371772614336] Pod test-pod-84 handled. Released locks for: app:app-brole:backend, app:app-brole:frontend, 
Registering time when event is handled for test-pod-84: 1753881288.918185
New pod: test-pod-86, on node: worker-1
[139371814577856] Pod test-pod-86 handled. Released locks for: app:app-brole:database, app:app-brole:backend, 
Registering time when event is handled for test-pod-86: 1753881288.940663
New pod: test-pod-93, on node: worker-1
2025-07-30 13:14:48,978 [INFO] kopf.objects - Handler 'handle_new_pod/spec.nodeName' succeeded.
2025-07-30 13:14:48,978 [INFO] kopf.objects - Creation is processed: 1 succeeded; 0 failed.
2025-07-30 13:14:48,999 [INFO] kopf.objects - Handler 'handle_new_pod/spec.nodeName' succeeded.
2025-07-30 13:14:49,000 [INFO] kopf.objects - Creation is processed: 1 succeeded; 0 failed.
2025-07-30 13:14:49,018 [INFO] kopf.objects - Handler 'handle_new_pod/spec.nodeName' succeeded.
2025-07-30 13:14:49,018 [INFO] kopf.objects - Creation is processed: 1 succeeded; 0 failed.
