2025-07-30 13:17:51,103 [INFO] /app/code/main_operator_latency.py - Starting Operator with 20 workers.
2025-07-30 13:17:51,135 [INFO] root - Initializing Openstack Client!
2025-07-30 13:17:51,373 [INFO] root - ================================= FRESH INITIALISATION DONE =====================================
2025-07-30 13:17:51,374 [INFO] operator_code.watcher_operator - Watcher class for Kopf Operator!
2025-07-30 13:17:51,375 [INFO] kopf.activities.startup - Activity 'startup_handler' succeeded.
2025-07-30 13:17:51,378 [INFO] kopf._core.engines.activities - Initial authentication has been initiated.
2025-07-30 13:17:51,385 [INFO] kopf.activities.authentication - Activity 'login_via_client' succeeded.
2025-07-30 13:17:51,385 [INFO] kopf._core.engines.activities - Initial authentication has finished.
2025-07-30 13:17:51,428 [WARNING] kopf._core.reactor.observation - Not enough permissions to list namespaces. Falling back to a list of namespaces which are assumed to exist: {'test-thesis'}
2025-07-30 13:17:51,433 [WARNING] kopf._core.reactor.observation - Not enough permissions to watch for namespaces: changes (deletion/creation) will not be noticed; the namespaces are only refreshed on operator restarts.
2025-07-30 13:17:55,552 [INFO] kopf.objects - Handler 'handle_new_policy' succeeded.
2025-07-30 13:17:55,554 [INFO] kopf.objects - Creation is processed: 1 succeeded; 0 failed.
2025-07-30 13:17:55,740 [INFO] matcher - PLS: Configuring new spol Policy(name=app-c-allow-frontend-backend, sel=LabelSet(labels={'app': 'app-c', 'role': 'frontend'}), allow=[
(LabelSet(labels={'app': 'app-c', 'role': 'backend'}), Traffic(direction=ingress, port=80, protocol=TCP)) 
])
2025-07-30 13:17:55,759 [INFO] matcher - PLS: Configuring new spol Policy(name=app-c-allow-frontend-backend, sel=LabelSet(labels={'app': 'app-c', 'role': 'frontend'}), allow=[
(LabelSet(labels={'app': 'app-c', 'role': 'backend'}), Traffic(direction=egress, port=80, protocol=TCP)) 
])
2025-07-30 13:17:55,774 [INFO] kopf.objects - Handler 'handle_new_policy' succeeded.
2025-07-30 13:17:55,776 [INFO] kopf.objects - Creation is processed: 1 succeeded; 0 failed.
2025-07-30 13:17:55,847 [INFO] matcher - PLS: Configuring new spol Policy(name=app-c-allow-database-backend, sel=LabelSet(labels={'app': 'app-c', 'role': 'database'}), allow=[
(LabelSet(labels={'app': 'app-c', 'role': 'backend'}), Traffic(direction=ingress, port=80, protocol=TCP)) 
])
2025-07-30 13:17:55,864 [INFO] matcher - PLS: Configuring new spol Policy(name=app-c-allow-database-backend, sel=LabelSet(labels={'app': 'app-c', 'role': 'database'}), allow=[
(LabelSet(labels={'app': 'app-c', 'role': 'backend'}), Traffic(direction=egress, port=80, protocol=TCP)) 
])
2025-07-30 13:17:55,880 [INFO] kopf.objects - Handler 'handle_new_policy' succeeded.
2025-07-30 13:17:55,880 [INFO] kopf.objects - Creation is processed: 1 succeeded; 0 failed.
2025-07-30 13:17:55,951 [INFO] matcher - PLS: Configuring new spol Policy(name=app-c-allow-backend-frontend, sel=LabelSet(labels={'app': 'app-c', 'role': 'backend'}), allow=[
(LabelSet(labels={'app': 'app-c', 'role': 'frontend'}), Traffic(direction=ingress, port=80, protocol=TCP)) 
])
2025-07-30 13:17:55,974 [INFO] matcher - PLS: Configuring new spol Policy(name=app-c-allow-backend-frontend, sel=LabelSet(labels={'app': 'app-c', 'role': 'backend'}), allow=[
(LabelSet(labels={'app': 'app-c', 'role': 'frontend'}), Traffic(direction=egress, port=80, protocol=TCP)) 
])
2025-07-30 13:17:55,998 [INFO] kopf.objects - Handler 'handle_new_policy' succeeded.
2025-07-30 13:17:55,998 [INFO] kopf.objects - Creation is processed: 1 succeeded; 0 failed.
2025-07-30 13:17:56,087 [INFO] matcher - PLS: Configuring new spol Policy(name=app-c-allow-backend-database, sel=LabelSet(labels={'app': 'app-c', 'role': 'backend'}), allow=[
(LabelSet(labels={'app': 'app-c', 'role': 'database'}), Traffic(direction=ingress, port=80, protocol=TCP)) 
])
2025-07-30 13:17:56,101 [INFO] matcher - PLS: Configuring new spol Policy(name=app-c-allow-backend-database, sel=LabelSet(labels={'app': 'app-c', 'role': 'backend'}), allow=[
(LabelSet(labels={'app': 'app-c', 'role': 'database'}), Traffic(direction=egress, port=80, protocol=TCP)) 
])
2025-07-30 13:17:56,114 [INFO] kopf.objects - Handler 'handle_new_policy' succeeded.
2025-07-30 13:17:56,115 [INFO] kopf.objects - Creation is processed: 1 succeeded; 0 failed.
2025-07-30 13:17:56,245 [INFO] matcher - PLS: Configuring new spol Policy(name=app-b-allow-backend-database, sel=LabelSet(labels={'app': 'app-b', 'role': 'backend'}), allow=[
(LabelSet(labels={'app': 'app-b', 'role': 'database'}), Traffic(direction=ingress, port=80, protocol=TCP)) 
])
2025-07-30 13:17:56,258 [INFO] matcher - PLS: Configuring new spol Policy(name=app-b-allow-backend-database, sel=LabelSet(labels={'app': 'app-b', 'role': 'backend'}), allow=[
(LabelSet(labels={'app': 'app-b', 'role': 'database'}), Traffic(direction=egress, port=80, protocol=TCP)) 
])
2025-07-30 13:17:56,273 [INFO] kopf.objects - Handler 'handle_new_policy' succeeded.
2025-07-30 13:17:56,275 [INFO] kopf.objects - Creation is processed: 1 succeeded; 0 failed.
2025-07-30 13:17:56,321 [INFO] matcher - PLS: Configuring new spol Policy(name=app-b-allow-database-backend, sel=LabelSet(labels={'app': 'app-b', 'role': 'database'}), allow=[
(LabelSet(labels={'app': 'app-b', 'role': 'backend'}), Traffic(direction=ingress, port=80, protocol=TCP)) 
])
2025-07-30 13:17:56,345 [INFO] matcher - PLS: Configuring new spol Policy(name=app-b-allow-database-backend, sel=LabelSet(labels={'app': 'app-b', 'role': 'database'}), allow=[
(LabelSet(labels={'app': 'app-b', 'role': 'backend'}), Traffic(direction=egress, port=80, protocol=TCP)) 
])
2025-07-30 13:17:56,362 [INFO] kopf.objects - Handler 'handle_new_policy' succeeded.
2025-07-30 13:17:56,364 [INFO] kopf.objects - Creation is processed: 1 succeeded; 0 failed.
2025-07-30 13:17:56,476 [INFO] matcher - PLS: Configuring new spol Policy(name=app-b-allow-frontend-backend, sel=LabelSet(labels={'app': 'app-b', 'role': 'frontend'}), allow=[
(LabelSet(labels={'app': 'app-b', 'role': 'backend'}), Traffic(direction=ingress, port=80, protocol=TCP)) 
])
2025-07-30 13:17:56,494 [INFO] matcher - PLS: Configuring new spol Policy(name=app-b-allow-frontend-backend, sel=LabelSet(labels={'app': 'app-b', 'role': 'frontend'}), allow=[
(LabelSet(labels={'app': 'app-b', 'role': 'backend'}), Traffic(direction=egress, port=80, protocol=TCP)) 
])
2025-07-30 13:17:56,515 [INFO] kopf.objects - Handler 'handle_new_policy' succeeded.
2025-07-30 13:17:56,516 [INFO] kopf.objects - Creation is processed: 1 succeeded; 0 failed.
2025-07-30 13:17:56,628 [INFO] kopf.objects - Handler 'handle_new_policy' succeeded.
2025-07-30 13:17:56,629 [INFO] kopf.objects - Creation is processed: 1 succeeded; 0 failed.
2025-07-30 13:17:56,756 [INFO] matcher - PLS: Configuring new spol Policy(name=app-b-allow-backend-frontend, sel=LabelSet(labels={'app': 'app-b', 'role': 'backend'}), allow=[
(LabelSet(labels={'app': 'app-b', 'role': 'frontend'}), Traffic(direction=ingress, port=80, protocol=TCP)) 
])
2025-07-30 13:17:56,775 [INFO] matcher - PLS: Configuring new spol Policy(name=app-b-allow-backend-frontend, sel=LabelSet(labels={'app': 'app-b', 'role': 'backend'}), allow=[
(LabelSet(labels={'app': 'app-b', 'role': 'frontend'}), Traffic(direction=egress, port=80, protocol=TCP)) 
])
2025-07-30 13:17:56,792 [INFO] kopf.objects - Handler 'handle_new_policy' succeeded.
2025-07-30 13:17:56,793 [INFO] kopf.objects - Creation is processed: 1 succeeded; 0 failed.
2025-07-30 13:17:56,909 [INFO] matcher - PLS: Configuring new spol Policy(name=app-a-allow-backend-database, sel=LabelSet(labels={'app': 'app-a', 'role': 'backend'}), allow=[
(LabelSet(labels={'app': 'app-a', 'role': 'database'}), Traffic(direction=ingress, port=80, protocol=TCP)) 
])
2025-07-30 13:17:56,927 [INFO] matcher - PLS: Configuring new spol Policy(name=app-a-allow-backend-database, sel=LabelSet(labels={'app': 'app-a', 'role': 'backend'}), allow=[
(LabelSet(labels={'app': 'app-a', 'role': 'database'}), Traffic(direction=egress, port=80, protocol=TCP)) 
])
2025-07-30 13:17:56,940 [INFO] kopf.objects - Handler 'handle_new_policy' succeeded.
2025-07-30 13:17:56,941 [INFO] kopf.objects - Creation is processed: 1 succeeded; 0 failed.
2025-07-30 13:17:57,033 [INFO] matcher - PLS: Configuring new spol Policy(name=app-a-allow-frontend-backend, sel=LabelSet(labels={'app': 'app-a', 'role': 'frontend'}), allow=[
(LabelSet(labels={'app': 'app-a', 'role': 'backend'}), Traffic(direction=ingress, port=80, protocol=TCP)) 
])
2025-07-30 13:17:57,048 [INFO] matcher - PLS: Configuring new spol Policy(name=app-a-allow-frontend-backend, sel=LabelSet(labels={'app': 'app-a', 'role': 'frontend'}), allow=[
(LabelSet(labels={'app': 'app-a', 'role': 'backend'}), Traffic(direction=egress, port=80, protocol=TCP)) 
])
2025-07-30 13:17:57,067 [INFO] kopf.objects - Handler 'handle_new_policy' succeeded.
2025-07-30 13:17:57,067 [INFO] kopf.objects - Creation is processed: 1 succeeded; 0 failed.
2025-07-30 13:17:57,104 [INFO] matcher - PLS: Configuring new spol Policy(name=app-a-allow-backend-frontend, sel=LabelSet(labels={'app': 'app-a', 'role': 'backend'}), allow=[
(LabelSet(labels={'app': 'app-a', 'role': 'frontend'}), Traffic(direction=ingress, port=80, protocol=TCP)) 
])
2025-07-30 13:17:57,120 [INFO] matcher - PLS: Configuring new spol Policy(name=app-a-allow-backend-frontend, sel=LabelSet(labels={'app': 'app-a', 'role': 'backend'}), allow=[
(LabelSet(labels={'app': 'app-a', 'role': 'frontend'}), Traffic(direction=egress, port=80, protocol=TCP)) 
])
2025-07-30 13:17:57,140 [INFO] kopf.objects - Handler 'handle_new_policy' succeeded.
2025-07-30 13:17:57,141 [INFO] kopf.objects - Creation is processed: 1 succeeded; 0 failed.
2025-07-30 13:17:57,213 [INFO] kopf.objects - Handler 'handle_new_policy' succeeded.
2025-07-30 13:17:57,214 [INFO] kopf.objects - Creation is processed: 1 succeeded; 0 failed.
2025-07-30 13:17:57,319 [INFO] matcher - PLS: Configuring new spol Policy(name=app-a-allow-database-backend, sel=LabelSet(labels={'app': 'app-a', 'role': 'database'}), allow=[
(LabelSet(labels={'app': 'app-a', 'role': 'backend'}), Traffic(direction=ingress, port=80, protocol=TCP)) 
])
2025-07-30 13:17:57,333 [INFO] matcher - PLS: Configuring new spol Policy(name=app-a-allow-database-backend, sel=LabelSet(labels={'app': 'app-a', 'role': 'database'}), allow=[
(LabelSet(labels={'app': 'app-a', 'role': 'backend'}), Traffic(direction=egress, port=80, protocol=TCP)) 
])
2025-07-30 13:17:57,348 [INFO] kopf.objects - Handler 'handle_new_policy' succeeded.
2025-07-30 13:17:57,349 [INFO] kopf.objects - Creation is processed: 1 succeeded; 0 failed.
2025-07-30 13:17:58,179 [INFO] matcher - PLS: Configuring new pod with labelset: {L}
2025-07-30 13:17:58,186 [INFO] matcher - PLS: Configuring new spol Policy(name=app-a-allow-backend-frontend, sel=LabelSet(labels={'app': 'app-a', 'role': 'backend'}), allow=[
(LabelSet(labels={'app': 'app-a', 'role': 'frontend'}), Traffic(direction=egress, port=80, protocol=TCP)) 
])
2025-07-30 13:17:58,187 [INFO] matcher - PLS: Configuring new spol Policy(name=app-a-allow-frontend-backend, sel=LabelSet(labels={'app': 'app-a', 'role': 'frontend'}), allow=[
(LabelSet(labels={'app': 'app-a', 'role': 'backend'}), Traffic(direction=ingress, port=80, protocol=TCP)) 
])
2025-07-30 13:17:58,188 [INFO] matcher - Adding Security Group for select labelset: LabelSet(labels={'app': 'app-a', 'role': 'frontend'})
2025-07-30 13:17:58,322 [INFO] matcher - PLS: Configuring new pod with labelset: {L}
üöÄ Starting Kopf operator in mode: PLS, watching the test-thesis namespace.
Initialising latency-results.csv file
[127474471524032] Handling new policy app-c-deny-all, locking app:app-c,  ...
Successfully added policy app-c-deny-all to ClusterState
[127474471524032] Handled new policy app-c-deny-all, Released app:app-c,  ...
[127474471524032] Handling new policy app-c-allow-frontend-backend, locking app:app-crole:backend, app:app-crole:frontend,  ...
Successfully added policy app-c-allow-frontend-backend to ClusterState
[127474471524032] Handled new policy app-c-allow-frontend-backend, Released app:app-crole:backend, app:app-crole:frontend,  ...
[127474471524032] Handling new policy app-c-allow-database-backend, locking app:app-crole:backend, app:app-crole:database,  ...
Successfully added policy app-c-allow-database-backend to ClusterState
[127474471524032] Handled new policy app-c-allow-database-backend, Released app:app-crole:backend, app:app-crole:database,  ...
[127474471524032] Handling new policy app-c-allow-backend-frontend, locking app:app-crole:backend, app:app-crole:frontend,  ...
Successfully added policy app-c-allow-backend-frontend to ClusterState
[127474471524032] Handled new policy app-c-allow-backend-frontend, Released app:app-crole:backend, app:app-crole:frontend,  ...
[127474471524032] Handling new policy app-c-allow-backend-database, locking app:app-crole:backend, app:app-crole:database,  ...
Successfully added policy app-c-allow-backend-database to ClusterState
[127474471524032] Handled new policy app-c-allow-backend-database, Released app:app-crole:backend, app:app-crole:database,  ...
[127474471524032] Handling new policy app-b-allow-backend-database, locking app:app-brole:database, app:app-brole:backend,  ...
Successfully added policy app-b-allow-backend-database to ClusterState
[127474471524032] Handled new policy app-b-allow-backend-database, Released app:app-brole:database, app:app-brole:backend,  ...
[127474471524032] Handling new policy app-b-allow-database-backend, locking app:app-brole:database, app:app-brole:backend,  ...
Successfully added policy app-b-allow-database-backend to ClusterState
[127474471524032] Handled new policy app-b-allow-database-backend, Released app:app-brole:database, app:app-brole:backend,  ...
[127474471524032] Handling new policy app-b-allow-frontend-backend, locking app:app-brole:backend, app:app-brole:frontend,  ...
Successfully added policy app-b-allow-frontend-backend to ClusterState
[127474471524032] Handled new policy app-b-allow-frontend-backend, Released app:app-brole:backend, app:app-brole:frontend,  ...
[127474471524032] Handling new policy app-b-deny-all, locking app:app-b,  ...
Successfully added policy app-b-deny-all to ClusterState
[127474471524032] Handled new policy app-b-deny-all, Released app:app-b,  ...
[127474471524032] Handling new policy app-b-allow-backend-frontend, locking app:app-brole:frontend, app:app-brole:backend,  ...
Successfully added policy app-b-allow-backend-frontend to ClusterState
[127474471524032] Handled new policy app-b-allow-backend-frontend, Released app:app-brole:frontend, app:app-brole:backend,  ...
[127474471524032] Handling new policy app-a-allow-backend-database, locking app:app-arole:backend, app:app-arole:database,  ...
Successfully added policy app-a-allow-backend-database to ClusterState
[127474471524032] Handled new policy app-a-allow-backend-database, Released app:app-arole:backend, app:app-arole:database,  ...
[127474471524032] Handling new policy app-a-allow-frontend-backend, locking app:app-arole:backend, app:app-arole:frontend,  ...
Successfully added policy app-a-allow-frontend-backend to ClusterState
[127474471524032] Handled new policy app-a-allow-frontend-backend, Released app:app-arole:backend, app:app-arole:frontend,  ...
[127474471524032] Handling new policy app-a-allow-backend-frontend, locking app:app-arole:backend, app:app-arole:frontend,  ...
Successfully added policy app-a-allow-backend-frontend to ClusterState
[127474471524032] Handled new policy app-a-allow-backend-frontend, Released app:app-arole:backend, app:app-arole:frontend,  ...
[127474471524032] Handling new policy app-a-deny-all, locking app:app-a,  ...
Successfully added policy app-a-deny-all to ClusterState
[127474471524032] Handled new policy app-a-deny-all, Released app:app-a,  ...
[127474471524032] Handling new policy app-a-allow-database-backend, locking app:app-arole:backend, app:app-arole:database,  ...
Successfully added policy app-a-allow-database-backend to ClusterState
[127474471524032] Handled new policy app-a-allow-database-backend, Released app:app-arole:backend, app:app-arole:database,  ...
Registering time when event comes in for test-pod-0: 1753881478.137538
New pod test-pod-0! old_node = None, new_node = worker-1.
Handling the new pod object: Pod(name=test-pod-0, label_set=LabelSet(labels={'app': 'app-a', 'role': 'frontend'}), node=Node(name=worker-1)
[127474471524032] Handling pod test-pod-0, locking app:app-arole:backend, app:app-arole:frontend,  ...
New pod: test-pod-0, on node: worker-1
Registering time when event comes in for test-pod-1: 1753881478.1539006
New pod test-pod-1! old_node = None, new_node = worker-1.
Handling the new pod object: Pod(name=test-pod-1, label_set=LabelSet(labels={'app': 'app-a', 'role': 'backend'}), node=Node(name=worker-1)
[127474457888448] Handling pod test-pod-1, locking app:app-arole:backend, app:app-arole:frontend, app:app-arole:database,  ...
Registering time when event comes in for test-pod-3: 1753881478.1789844
New pod test-pod-3! old_node = None, new_node = worker-1.
Handling the new pod object: Pod(name=test-pod-3, label_set=LabelSet(labels={'app': 'app-b', 'role': 'frontend'}), node=Node(name=worker-1)
[127474448447168] Handling pod test-pod-3, locking app:app-brole:backend, app:app-brole:frontend,  ...
New pod: test-pod-3, on node: worker-1
Registering time when event comes in for test-pod-2: 1753881478.199093
New pod test-pod-2! old_node = None, new_node = worker-1.
Handling the new pod object: Pod(name=test-pod-2, label_set=LabelSet(labels={'app': 'app-a', 'role': 'database'}), node=Node(name=worker-1)
[127474440054464] Handling pod test-pod-2, locking app:app-arole:backend, app:app-arole:database,  ...
Registering time when event comes in for test-pod-4: 1753881478.3034208
New pod test-pod-4! old_node = None, new_node = worker-1.
Handling the new pod object: Pod(name=test-pod-4, label_set=LabelSet(labels={'app': 'app-b', 'role': 'backend'}), node=Node(name=worker-1)
[127474226689728] Handling pod test-pod-4, locking app:app-brole:database, app:app-brole:frontend, app:app-brole:backend,  ...
Registering time when event comes in for test-pod-5: 1753881478.30602
New pod test-pod-5! old_node = None, new_node = worker-1.
Handling the new pod object: Pod(name=test-pod-5, label_set=LabelSet(labels={'app': 'app-b', 'role': 'database'}), node=Node(name=worker-1)
[127474218297024] Handling pod test-pod-5, locking app:app-brole:database, app:app-brole:backend,  ...
Registering time when event comes in for test-pod-8: 1753881478.308065
New pod test-pod-8! old_node = None, new_node = worker-1.
Handling the new pod object: Pod(name=test-pod-8, label_set=LabelSet(labels={'app': 'app-c', 'role': 'database'}), node=Node(name=worker-1)
[127474209904320] Handling pod test-pod-8, locking app:app-crole:backend, app:app-crole:database,  ...
New pod: test-pod-8, on node: worker-1
Registering time when event comes in for test-pod-6: 1753881478.3142884
New pod test-pod-6! old_node = None, new_node = worker-1.
Handling the new pod object: Pod(name=test-pod-6, label_set=LabelSet(labels={'app': 'app-c', 'role': 'frontend'}), node=Node(name=worker-1)
[127474201511616] Handling pod test-pod-6, locking app:app-crole:backend, app:app-crole:frontend,  ...
Registering time when event comes in for test-pod-7: 1753881478.322638
New pod test-pod-7! old_node = None, new_node = worker-1.
Handling the new pod object: Pod(name=test-pod-7, label_set=LabelSet(labels={'app': 'app-c', 'role': 'backend'}), node=Node(name=worker-1)
2025-07-30 13:17:58,341 [INFO] matcher - PLS: Configuring new spol Policy(name=app-b-allow-backend-frontend, sel=LabelSet(labels={'app': 'app-b', 'role': 'backend'}), allow=[
(LabelSet(labels={'app': 'app-b', 'role': 'frontend'}), Traffic(direction=ingress, port=80, protocol=TCP)) 
])
2025-07-30 13:17:58,341 [INFO] matcher - PLS: Configuring new spol Policy(name=app-b-allow-frontend-backend, sel=LabelSet(labels={'app': 'app-b', 'role': 'frontend'}), allow=[
(LabelSet(labels={'app': 'app-b', 'role': 'backend'}), Traffic(direction=egress, port=80, protocol=TCP)) 
])
2025-07-30 13:17:58,343 [INFO] matcher - Adding Security Group for select labelset: LabelSet(labels={'app': 'app-b', 'role': 'frontend'})
2025-07-30 13:17:58,413 [INFO] matcher - PLS: Configuring new pod with labelset: {L}
2025-07-30 13:17:58,413 [INFO] matcher - PLS: Configuring new spol Policy(name=app-c-allow-backend-database, sel=LabelSet(labels={'app': 'app-c', 'role': 'backend'}), allow=[
(LabelSet(labels={'app': 'app-c', 'role': 'database'}), Traffic(direction=ingress, port=80, protocol=TCP)) 
])
2025-07-30 13:17:58,413 [INFO] matcher - PLS: Configuring new spol Policy(name=app-c-allow-database-backend, sel=LabelSet(labels={'app': 'app-c', 'role': 'database'}), allow=[
(LabelSet(labels={'app': 'app-c', 'role': 'backend'}), Traffic(direction=ingress, port=80, protocol=TCP)) 
])
2025-07-30 13:17:58,413 [INFO] matcher - Adding Security Group for select labelset: LabelSet(labels={'app': 'app-c', 'role': 'database'})
2025-07-30 13:17:58,792 [INFO] root - Creating security group: SG-app:app-arole:frontend
2025-07-30 13:17:58,793 [INFO] root - Creating security group: SG-app:app-crole:database
2025-07-30 13:17:58,928 [INFO] root - Creating security group: SG-app:app-brole:frontend
2025-07-30 13:17:59,450 [INFO] security_group_module - Attaching security group SG-app:app-arole:frontend to instance worker-1
2025-07-30 13:17:59,515 [INFO] security_group_module - Attaching security group SG-app:app-crole:database to instance worker-1
2025-07-30 13:17:59,996 [INFO] matcher - Adding Security Group for allow labelset: LabelSet(labels={'app': 'app-a', 'role': 'backend'})
2025-07-30 13:18:00,038 [INFO] root - Creating security group: SG-app:app-arole:backend
2025-07-30 13:18:00,080 [INFO] security_group_module - Attaching security group SG-app:app-brole:frontend to instance worker-1
2025-07-30 13:18:00,169 [INFO] security_group_module - SGMod: Adding rule to SG-app:app-arole:frontend, remote SG-app:app-arole:backend, port 80, type ingress
2025-07-30 13:18:00,314 [INFO] matcher - PLS: Configuring new spol Policy(name=app-a-allow-frontend-backend, sel=LabelSet(labels={'app': 'app-a', 'role': 'frontend'}), allow=[
(LabelSet(labels={'app': 'app-a', 'role': 'backend'}), Traffic(direction=egress, port=80, protocol=TCP)) 
])
2025-07-30 13:18:00,315 [INFO] matcher - Adding Security Group for select labelset: LabelSet(labels={'app': 'app-a', 'role': 'frontend'})
2025-07-30 13:18:00,315 [INFO] matcher - Adding Security Group for allow labelset: LabelSet(labels={'app': 'app-a', 'role': 'backend'})
2025-07-30 13:18:00,315 [INFO] security_group_module - SGMod: Adding rule to SG-app:app-arole:frontend, remote SG-app:app-arole:backend, port 80, type egress
2025-07-30 13:18:00,403 [INFO] matcher - Adding Security Group for allow labelset: LabelSet(labels={'app': 'app-c', 'role': 'backend'})
2025-07-30 13:18:00,458 [INFO] matcher - PLS: Configuring new spol Policy(name=app-a-allow-backend-frontend, sel=LabelSet(labels={'app': 'app-a', 'role': 'backend'}), allow=[
(LabelSet(labels={'app': 'app-a', 'role': 'frontend'}), Traffic(direction=ingress, port=80, protocol=TCP)) 
])
2025-07-30 13:18:00,469 [INFO] root - Creating security group: SG-app:app-crole:backend
2025-07-30 13:18:00,572 [INFO] matcher - Adding Security Group for allow labelset: LabelSet(labels={'app': 'app-b', 'role': 'backend'})
2025-07-30 13:18:00,616 [INFO] security_group_module - SGMod: Adding rule to SG-app:app-crole:database, remote SG-app:app-crole:backend, port 80, type ingress
2025-07-30 13:18:00,629 [INFO] root - Creating security group: SG-app:app-brole:backend
2025-07-30 13:18:00,768 [INFO] matcher - PLS: Configuring new spol Policy(name=app-c-allow-backend-database, sel=LabelSet(labels={'app': 'app-c', 'role': 'backend'}), allow=[
(LabelSet(labels={'app': 'app-c', 'role': 'database'}), Traffic(direction=egress, port=80, protocol=TCP)) 
])
2025-07-30 13:18:00,768 [INFO] matcher - PLS: Configuring new spol Policy(name=app-c-allow-database-backend, sel=LabelSet(labels={'app': 'app-c', 'role': 'database'}), allow=[
(LabelSet(labels={'app': 'app-c', 'role': 'backend'}), Traffic(direction=egress, port=80, protocol=TCP)) 
])
2025-07-30 13:18:00,768 [INFO] matcher - Adding Security Group for select labelset: LabelSet(labels={'app': 'app-c', 'role': 'database'})
2025-07-30 13:18:00,769 [INFO] matcher - Adding Security Group for allow labelset: LabelSet(labels={'app': 'app-c', 'role': 'backend'})
2025-07-30 13:18:00,769 [INFO] security_group_module - SGMod: Adding rule to SG-app:app-crole:database, remote SG-app:app-crole:backend, port 80, type egress
2025-07-30 13:18:00,802 [INFO] security_group_module - SG-app:app-arole:frontend already attached to worker-1
2025-07-30 13:18:00,823 [INFO] kopf.objects - Handler 'handle_new_pod/spec.nodeName' succeeded.
2025-07-30 13:18:00,825 [INFO] kopf.objects - Creation is processed: 1 succeeded; 0 failed.
2025-07-30 13:18:00,840 [INFO] matcher - PLS: Configuring new pod with labelset: {L}
2025-07-30 13:18:00,841 [INFO] matcher - PLS: Configuring new spol Policy(name=app-a-allow-database-backend, sel=LabelSet(labels={'app': 'app-a', 'role': 'database'}), allow=[
(LabelSet(labels={'app': 'app-a', 'role': 'backend'}), Traffic(direction=egress, port=80, protocol=TCP)) 
])
2025-07-30 13:18:00,841 [INFO] matcher - PLS: Configuring new spol Policy(name=app-a-allow-backend-frontend, sel=LabelSet(labels={'app': 'app-a', 'role': 'backend'}), allow=[
(LabelSet(labels={'app': 'app-a', 'role': 'frontend'}), Traffic(direction=egress, port=80, protocol=TCP)) 
])
2025-07-30 13:18:00,841 [INFO] matcher - Adding Security Group for select labelset: LabelSet(labels={'app': 'app-a', 'role': 'backend'})
2025-07-30 13:18:00,841 [INFO] matcher - Adding Security Group for allow labelset: LabelSet(labels={'app': 'app-a', 'role': 'frontend'})
2025-07-30 13:18:00,841 [INFO] security_group_module - SGMod: Adding rule to SG-app:app-arole:backend, remote SG-app:app-arole:frontend, port 80, type egress
2025-07-30 13:18:00,918 [INFO] security_group_module - SGMod: Adding rule to SG-app:app-brole:frontend, remote SG-app:app-brole:backend, port 80, type egress
2025-07-30 13:18:01,021 [INFO] matcher - PLS: Configuring new spol Policy(name=app-b-allow-frontend-backend, sel=LabelSet(labels={'app': 'app-b', 'role': 'frontend'}), allow=[
(LabelSet(labels={'app': 'app-b', 'role': 'backend'}), Traffic(direction=ingress, port=80, protocol=TCP)) 
])
2025-07-30 13:18:01,022 [INFO] matcher - Adding Security Group for select labelset: LabelSet(labels={'app': 'app-b', 'role': 'frontend'})
2025-07-30 13:18:01,022 [INFO] matcher - Adding Security Group for allow labelset: LabelSet(labels={'app': 'app-b', 'role': 'backend'})
2025-07-30 13:18:01,022 [INFO] security_group_module - SGMod: Adding rule to SG-app:app-brole:frontend, remote SG-app:app-brole:backend, port 80, type ingress
2025-07-30 13:18:01,043 [INFO] matcher - PLS: Configuring new spol Policy(name=app-a-allow-backend-database, sel=LabelSet(labels={'app': 'app-a', 'role': 'backend'}), allow=[
(LabelSet(labels={'app': 'app-a', 'role': 'database'}), Traffic(direction=ingress, port=80, protocol=TCP)) 
])
2025-07-30 13:18:01,043 [INFO] matcher - Adding Security Group for select labelset: LabelSet(labels={'app': 'app-a', 'role': 'backend'})
2025-07-30 13:18:01,043 [INFO] matcher - Adding Security Group for allow labelset: LabelSet(labels={'app': 'app-a', 'role': 'database'})
2025-07-30 13:18:01,097 [INFO] root - Creating security group: SG-app:app-arole:database
2025-07-30 13:18:01,126 [INFO] matcher - PLS: Configuring new spol Policy(name=app-b-allow-backend-frontend, sel=LabelSet(labels={'app': 'app-b', 'role': 'backend'}), allow=[
(LabelSet(labels={'app': 'app-b', 'role': 'frontend'}), Traffic(direction=egress, port=80, protocol=TCP)) 
])
2025-07-30 13:18:01,230 [INFO] security_group_module - Attaching security group SG-app:app-crole:database to instance worker-1
2025-07-30 13:18:01,298 [INFO] security_group_module - SGMod: Adding rule to SG-app:app-arole:backend, remote SG-app:app-arole:database, port 80, type ingress
2025-07-30 13:18:01,444 [INFO] matcher - PLS: Configuring new spol Policy(name=app-a-allow-frontend-backend, sel=LabelSet(labels={'app': 'app-a', 'role': 'frontend'}), allow=[
(LabelSet(labels={'app': 'app-a', 'role': 'backend'}), Traffic(direction=ingress, port=80, protocol=TCP)) 
])
2025-07-30 13:18:01,445 [INFO] matcher - Adding Security Group for select labelset: LabelSet(labels={'app': 'app-a', 'role': 'frontend'})
2025-07-30 13:18:01,445 [INFO] matcher - Adding Security Group for allow labelset: LabelSet(labels={'app': 'app-a', 'role': 'backend'})
2025-07-30 13:18:01,445 [INFO] security_group_module - SGMod: Adding rule to SG-app:app-arole:frontend, remote SG-app:app-arole:backend, port 80, type ingress
2025-07-30 13:18:01,566 [INFO] security_group_module - SG-app:app-brole:frontend already attached to worker-1
2025-07-30 13:18:01,584 [INFO] security_group_module - Cannot add rule to remotes: Security group rule already exists. Rule id is daeda965-ce71-44e3-b0d1-157418ab2a61.
Neutron server returns request_ids: ['req-4fd6717f-723d-4eda-9d73-0a067b08c68a']
2025-07-30 13:18:01,584 [INFO] matcher - PLS: Configuring new spol Policy(name=app-a-allow-frontend-backend, sel=LabelSet(labels={'app': 'app-a', 'role': 'frontend'}), allow=[
(LabelSet(labels={'app': 'app-a', 'role': 'backend'}), Traffic(direction=egress, port=80, protocol=TCP)) 
])
2025-07-30 13:18:01,584 [INFO] matcher - Adding Security Group for select labelset: LabelSet(labels={'app': 'app-a', 'role': 'frontend'})
2025-07-30 13:18:01,585 [INFO] matcher - Adding Security Group for allow labelset: LabelSet(labels={'app': 'app-a', 'role': 'backend'})
2025-07-30 13:18:01,585 [INFO] security_group_module - SGMod: Adding rule to SG-app:app-arole:frontend, remote SG-app:app-arole:backend, port 80, type egress
2025-07-30 13:18:01,593 [INFO] kopf.objects - Handler 'handle_new_pod/spec.nodeName' succeeded.
2025-07-30 13:18:01,596 [INFO] kopf.objects - Creation is processed: 1 succeeded; 0 failed.
2025-07-30 13:18:01,613 [INFO] matcher - PLS: Configuring new pod with labelset: {L}
2025-07-30 13:18:01,614 [INFO] matcher - PLS: Configuring new spol Policy(name=app-b-allow-database-backend, sel=LabelSet(labels={'app': 'app-b', 'role': 'database'}), allow=[
(LabelSet(labels={'app': 'app-b', 'role': 'backend'}), Traffic(direction=ingress, port=80, protocol=TCP)) 
])
2025-07-30 13:18:01,614 [INFO] matcher - PLS: Configuring new spol Policy(name=app-b-allow-backend-frontend, sel=LabelSet(labels={'app': 'app-b', 'role': 'backend'}), allow=[
(LabelSet(labels={'app': 'app-b', 'role': 'frontend'}), Traffic(direction=ingress, port=80, protocol=TCP)) 
])
2025-07-30 13:18:01,614 [INFO] matcher - Adding Security Group for select labelset: LabelSet(labels={'app': 'app-b', 'role': 'backend'})
2025-07-30 13:18:01,615 [INFO] matcher - Adding Security Group for allow labelset: LabelSet(labels={'app': 'app-b', 'role': 'frontend'})
2025-07-30 13:18:01,620 [INFO] security_group_module - SGMod: Adding rule to SG-app:app-brole:backend, remote SG-app:app-brole:frontend, port 80, type ingress
2025-07-30 13:18:01,682 [INFO] security_group_module - Cannot add rule to remotes: Security group rule already exists. Rule id is 52389a89-f57d-4eb2-a17e-dc53b66e8443.
Neutron server returns request_ids: ['req-58c10f2a-65f2-4701-8b22-182604465fcd']
2025-07-30 13:18:01,684 [INFO] matcher - PLS: Configuring new spol Policy(name=app-a-allow-backend-frontend, sel=LabelSet(labels={'app': 'app-a', 'role': 'backend'}), allow=[
(LabelSet(labels={'app': 'app-a', 'role': 'frontend'}), Traffic(direction=ingress, port=80, protocol=TCP)) 
])
2025-07-30 13:18:01,684 [INFO] matcher - Adding Security Group for select labelset: LabelSet(labels={'app': 'app-a', 'role': 'backend'})
2025-07-30 13:18:01,684 [INFO] matcher - Adding Security Group for allow labelset: LabelSet(labels={'app': 'app-a', 'role': 'frontend'})
2025-07-30 13:18:01,685 [INFO] security_group_module - SGMod: Adding rule to SG-app:app-arole:backend, remote SG-app:app-arole:frontend, port 80, type ingress
2025-07-30 13:18:01,778 [INFO] matcher - PLS: Configuring new spol Policy(name=app-b-allow-backend-frontend, sel=LabelSet(labels={'app': 'app-b', 'role': 'backend'}), allow=[
(LabelSet(labels={'app': 'app-b', 'role': 'frontend'}), Traffic(direction=egress, port=80, protocol=TCP)) 
])
2025-07-30 13:18:01,778 [INFO] matcher - Adding Security Group for select labelset: LabelSet(labels={'app': 'app-b', 'role': 'backend'})
2025-07-30 13:18:01,779 [INFO] matcher - Adding Security Group for allow labelset: LabelSet(labels={'app': 'app-b', 'role': 'frontend'})
2025-07-30 13:18:01,779 [INFO] security_group_module - SGMod: Adding rule to SG-app:app-brole:backend, remote SG-app:app-brole:frontend, port 80, type egress
2025-07-30 13:18:01,830 [INFO] matcher - PLS: Configuring new spol Policy(name=app-a-allow-database-backend, sel=LabelSet(labels={'app': 'app-a', 'role': 'database'}), allow=[
(LabelSet(labels={'app': 'app-a', 'role': 'backend'}), Traffic(direction=ingress, port=80, protocol=TCP)) 
])
2025-07-30 13:18:01,830 [INFO] matcher - PLS: Configuring new spol Policy(name=app-a-allow-backend-database, sel=LabelSet(labels={'app': 'app-a', 'role': 'backend'}), allow=[
(LabelSet(labels={'app': 'app-a', 'role': 'database'}), Traffic(direction=egress, port=80, protocol=TCP)) 
])
2025-07-30 13:18:01,830 [INFO] matcher - Adding Security Group for select labelset: LabelSet(labels={'app': 'app-a', 'role': 'backend'})
2025-07-30 13:18:01,831 [INFO] matcher - Adding Security Group for allow labelset: LabelSet(labels={'app': 'app-a', 'role': 'database'})
2025-07-30 13:18:01,831 [INFO] security_group_module - SGMod: Adding rule to SG-app:app-arole:backend, remote SG-app:app-arole:database, port 80, type egress
2025-07-30 13:18:01,907 [INFO] matcher - PLS: Configuring new spol Policy(name=app-b-allow-backend-database, sel=LabelSet(labels={'app': 'app-b', 'role': 'backend'}), allow=[
(LabelSet(labels={'app': 'app-b', 'role': 'database'}), Traffic(direction=egress, port=80, protocol=TCP)) 
])
2025-07-30 13:18:01,908 [INFO] matcher - Adding Security Group for select labelset: LabelSet(labels={'app': 'app-b', 'role': 'backend'})
2025-07-30 13:18:01,908 [INFO] matcher - Adding Security Group for allow labelset: LabelSet(labels={'app': 'app-b', 'role': 'database'})
2025-07-30 13:18:01,964 [INFO] root - Creating security group: SG-app:app-brole:database
2025-07-30 13:18:02,117 [INFO] security_group_module - SGMod: Adding rule to SG-app:app-brole:backend, remote SG-app:app-brole:database, port 80, type egress
2025-07-30 13:18:02,138 [INFO] kopf.objects - Handler 'handle_new_pod/spec.nodeName' succeeded.
2025-07-30 13:18:02,141 [INFO] kopf.objects - Creation is processed: 1 succeeded; 0 failed.
2025-07-30 13:18:02,159 [INFO] matcher - PLS: Configuring new pod with labelset: {L}
2025-07-30 13:18:02,159 [INFO] matcher - PLS: Configuring new spol Policy(name=app-c-allow-backend-frontend, sel=LabelSet(labels={'app': 'app-c', 'role': 'backend'}), allow=[
(LabelSet(labels={'app': 'app-c', 'role': 'frontend'}), Traffic(direction=ingress, port=80, protocol=TCP)) 
])
2025-07-30 13:18:02,159 [INFO] matcher - PLS: Configuring new spol Policy(name=app-c-allow-frontend-backend, sel=LabelSet(labels={'app': 'app-c', 'role': 'frontend'}), allow=[
(LabelSet(labels={'app': 'app-c', 'role': 'backend'}), Traffic(direction=ingress, port=80, protocol=TCP)) 
])
2025-07-30 13:18:02,159 [INFO] matcher - Adding Security Group for select labelset: LabelSet(labels={'app': 'app-c', 'role': 'frontend'})
2025-07-30 13:18:02,229 [INFO] matcher - PLS: Configuring new spol Policy(name=app-b-allow-frontend-backend, sel=LabelSet(labels={'app': 'app-b', 'role': 'frontend'}), allow=[
(LabelSet(labels={'app': 'app-b', 'role': 'backend'}), Traffic(direction=egress, port=80, protocol=TCP)) 
])
2025-07-30 13:18:02,230 [INFO] matcher - Adding Security Group for select labelset: LabelSet(labels={'app': 'app-b', 'role': 'frontend'})
2025-07-30 13:18:02,230 [INFO] matcher - Adding Security Group for allow labelset: LabelSet(labels={'app': 'app-b', 'role': 'backend'})
2025-07-30 13:18:02,230 [INFO] security_group_module - SGMod: Adding rule to SG-app:app-brole:frontend, remote SG-app:app-brole:backend, port 80, type egress
2025-07-30 13:18:02,243 [INFO] root - Creating security group: SG-app:app-crole:frontend
2025-07-30 13:18:02,377 [INFO] security_group_module - Cannot add rule to remotes: Security group rule already exists. Rule id is 47eab4ed-0530-4e4e-97da-76cbf561988d.
Neutron server returns request_ids: ['req-7d50d674-f490-4fdc-a777-4d92c250c3b9']
2025-07-30 13:18:02,377 [INFO] matcher - PLS: Configuring new spol Policy(name=app-b-allow-backend-database, sel=LabelSet(labels={'app': 'app-b', 'role': 'backend'}), allow=[
(LabelSet(labels={'app': 'app-b', 'role': 'database'}), Traffic(direction=ingress, port=80, protocol=TCP)) 
])
2025-07-30 13:18:02,377 [INFO] matcher - Adding Security Group for select labelset: LabelSet(labels={'app': 'app-b', 'role': 'backend'})
2025-07-30 13:18:02,378 [INFO] matcher - Adding Security Group for allow labelset: LabelSet(labels={'app': 'app-b', 'role': 'database'})
2025-07-30 13:18:02,379 [INFO] security_group_module - SGMod: Adding rule to SG-app:app-brole:backend, remote SG-app:app-brole:database, port 80, type ingress
2025-07-30 13:18:02,508 [INFO] matcher - PLS: Configuring new spol Policy(name=app-b-allow-frontend-backend, sel=LabelSet(labels={'app': 'app-b', 'role': 'frontend'}), allow=[
(LabelSet(labels={'app': 'app-b', 'role': 'backend'}), Traffic(direction=ingress, port=80, protocol=TCP)) 
])
2025-07-30 13:18:02,508 [INFO] matcher - Adding Security Group for select labelset: LabelSet(labels={'app': 'app-b', 'role': 'frontend'})
2025-07-30 13:18:02,508 [INFO] matcher - Adding Security Group for allow labelset: LabelSet(labels={'app': 'app-b', 'role': 'backend'})
2025-07-30 13:18:02,508 [INFO] security_group_module - SGMod: Adding rule to SG-app:app-brole:frontend, remote SG-app:app-brole:backend, port 80, type ingress
2025-07-30 13:18:02,602 [INFO] security_group_module - Cannot add rule to remotes: Security group rule already exists. Rule id is 995b4c3c-4ebf-4100-a397-b0df884264d5.
Neutron server returns request_ids: ['req-511aca2d-c0d5-4212-aeff-c80b46649174']
2025-07-30 13:18:02,603 [INFO] matcher - PLS: Configuring new spol Policy(name=app-b-allow-database-backend, sel=LabelSet(labels={'app': 'app-b', 'role': 'database'}), allow=[
(LabelSet(labels={'app': 'app-b', 'role': 'backend'}), Traffic(direction=egress, port=80, protocol=TCP)) 
])
2025-07-30 13:18:02,613 [INFO] security_group_module - Attaching security group SG-app:app-crole:frontend to instance worker-1
2025-07-30 13:18:02,626 [INFO] security_group_module - Attaching security group SG-app:app-arole:backend to instance worker-1
2025-07-30 13:18:02,968 [INFO] security_group_module - Attaching security group SG-app:app-brole:backend to instance worker-1
2025-07-30 13:18:03,333 [INFO] matcher - Adding Security Group for allow labelset: LabelSet(labels={'app': 'app-c', 'role': 'backend'})
2025-07-30 13:18:03,333 [INFO] security_group_module - SGMod: Adding rule to SG-app:app-crole:frontend, remote SG-app:app-crole:backend, port 80, type ingress
2025-07-30 13:18:03,567 [INFO] kopf.objects - Handler 'handle_new_pod/spec.nodeName' succeeded.
2025-07-30 13:18:03,568 [INFO] kopf.objects - Creation is processed: 1 succeeded; 0 failed.
2025-07-30 13:18:03,598 [INFO] matcher - PLS: Configuring new pod with labelset: {L}
2025-07-30 13:18:03,599 [INFO] matcher - PLS: Configuring new spol Policy(name=app-a-allow-backend-database, sel=LabelSet(labels={'app': 'app-a', 'role': 'backend'}), allow=[
(LabelSet(labels={'app': 'app-a', 'role': 'database'}), Traffic(direction=ingress, port=80, protocol=TCP)) 
])
2025-07-30 13:18:03,599 [INFO] matcher - Adding Security Group for select labelset: LabelSet(labels={'app': 'app-a', 'role': 'backend'})
2025-07-30 13:18:03,600 [INFO] matcher - Adding Security Group for allow labelset: LabelSet(labels={'app': 'app-a', 'role': 'database'})
2025-07-30 13:18:03,600 [INFO] security_group_module - SGMod: Adding rule to SG-app:app-arole:backend, remote SG-app:app-arole:database, port 80, type ingress
2025-07-30 13:18:03,677 [INFO] matcher - PLS: Configuring new spol Policy(name=app-c-allow-frontend-backend, sel=LabelSet(labels={'app': 'app-c', 'role': 'frontend'}), allow=[
(LabelSet(labels={'app': 'app-c', 'role': 'backend'}), Traffic(direction=egress, port=80, protocol=TCP)) 
])
2025-07-30 13:18:03,678 [INFO] matcher - Adding Security Group for select labelset: LabelSet(labels={'app': 'app-c', 'role': 'frontend'})
2025-07-30 13:18:03,678 [INFO] matcher - Adding Security Group for allow labelset: LabelSet(labels={'app': 'app-c', 'role': 'backend'})
2025-07-30 13:18:03,678 [INFO] security_group_module - SGMod: Adding rule to SG-app:app-crole:frontend, remote SG-app:app-crole:backend, port 80, type egress
2025-07-30 13:18:03,699 [INFO] kopf.objects - Handler 'handle_new_pod/spec.nodeName' succeeded.
2025-07-30 13:18:03,700 [INFO] kopf.objects - Creation is processed: 1 succeeded; 0 failed.
2025-07-30 13:18:03,707 [INFO] security_group_module - Cannot add rule to remotes: Security group rule already exists. Rule id is f6e68e58-079e-42d4-bd29-1eb011e75442.
Neutron server returns request_ids: ['req-483892c4-e65c-40f5-a96c-ec8b42596c97']
2025-07-30 13:18:03,707 [INFO] matcher - PLS: Configuring new spol Policy(name=app-a-allow-database-backend, sel=LabelSet(labels={'app': 'app-a', 'role': 'database'}), allow=[
(LabelSet(labels={'app': 'app-a', 'role': 'backend'}), Traffic(direction=egress, port=80, protocol=TCP)) 
])
2025-07-30 13:18:03,707 [INFO] matcher - Adding Security Group for select labelset: LabelSet(labels={'app': 'app-a', 'role': 'database'})
2025-07-30 13:18:03,707 [INFO] matcher - Adding Security Group for allow labelset: LabelSet(labels={'app': 'app-a', 'role': 'backend'})
2025-07-30 13:18:03,707 [INFO] security_group_module - SGMod: Adding rule to SG-app:app-arole:database, remote SG-app:app-arole:backend, port 80, type egress
2025-07-30 13:18:03,722 [INFO] matcher - PLS: Configuring new pod with labelset: {L}
2025-07-30 13:18:03,722 [INFO] matcher - PLS: Configuring new spol Policy(name=app-b-allow-database-backend, sel=LabelSet(labels={'app': 'app-b', 'role': 'database'}), allow=[
(LabelSet(labels={'app': 'app-b', 'role': 'backend'}), Traffic(direction=ingress, port=80, protocol=TCP)) 
])
2025-07-30 13:18:03,722 [INFO] matcher - Adding Security Group for select labelset: LabelSet(labels={'app': 'app-b', 'role': 'database'})
2025-07-30 13:18:03,722 [INFO] matcher - Adding Security Group for allow labelset: LabelSet(labels={'app': 'app-b', 'role': 'backend'})
2025-07-30 13:18:03,722 [INFO] security_group_module - SGMod: Adding rule to SG-app:app-brole:database, remote SG-app:app-brole:backend, port 80, type ingress
2025-07-30 13:18:03,815 [INFO] matcher - PLS: Configuring new spol Policy(name=app-c-allow-backend-frontend, sel=LabelSet(labels={'app': 'app-c', 'role': 'backend'}), allow=[
(LabelSet(labels={'app': 'app-c', 'role': 'frontend'}), Traffic(direction=egress, port=80, protocol=TCP)) 
])
2025-07-30 13:18:03,839 [INFO] matcher - PLS: Configuring new spol Policy(name=app-a-allow-database-backend, sel=LabelSet(labels={'app': 'app-a', 'role': 'database'}), allow=[
(LabelSet(labels={'app': 'app-a', 'role': 'backend'}), Traffic(direction=ingress, port=80, protocol=TCP)) 
])
2025-07-30 13:18:03,839 [INFO] matcher - Adding Security Group for select labelset: LabelSet(labels={'app': 'app-a', 'role': 'database'})
2025-07-30 13:18:03,839 [INFO] matcher - Adding Security Group for allow labelset: LabelSet(labels={'app': 'app-a', 'role': 'backend'})
2025-07-30 13:18:03,839 [INFO] security_group_module - SGMod: Adding rule to SG-app:app-arole:database, remote SG-app:app-arole:backend, port 80, type ingress
2025-07-30 13:18:03,887 [INFO] matcher - PLS: Configuring new spol Policy(name=app-b-allow-backend-database, sel=LabelSet(labels={'app': 'app-b', 'role': 'backend'}), allow=[
(LabelSet(labels={'app': 'app-b', 'role': 'database'}), Traffic(direction=egress, port=80, protocol=TCP)) 
])
2025-07-30 13:18:03,887 [INFO] matcher - Adding Security Group for select labelset: LabelSet(labels={'app': 'app-b', 'role': 'backend'})
2025-07-30 13:18:03,887 [INFO] matcher - Adding Security Group for allow labelset: LabelSet(labels={'app': 'app-b', 'role': 'database'})
2025-07-30 13:18:03,887 [INFO] security_group_module - SGMod: Adding rule to SG-app:app-brole:backend, remote SG-app:app-brole:database, port 80, type egress
2025-07-30 13:18:04,002 [INFO] matcher - PLS: Configuring new spol Policy(name=app-a-allow-backend-database, sel=LabelSet(labels={'app': 'app-a', 'role': 'backend'}), allow=[
(LabelSet(labels={'app': 'app-a', 'role': 'database'}), Traffic(direction=egress, port=80, protocol=TCP)) 
])
2025-07-30 13:18:04,003 [INFO] matcher - Adding Security Group for select labelset: LabelSet(labels={'app': 'app-a', 'role': 'backend'})
2025-07-30 13:18:04,003 [INFO] matcher - Adding Security Group for allow labelset: LabelSet(labels={'app': 'app-a', 'role': 'database'})
2025-07-30 13:18:04,004 [INFO] security_group_module - SGMod: Adding rule to SG-app:app-arole:backend, remote SG-app:app-arole:database, port 80, type egress
2025-07-30 13:18:04,015 [INFO] security_group_module - Cannot add rule to remotes: Security group rule already exists. Rule id is 3090acdd-ba56-4c49-be38-071a4d5fab56.
Neutron server returns request_ids: ['req-79956f61-766f-45eb-aa11-16d7889ebf16']
2025-07-30 13:18:04,016 [INFO] matcher - PLS: Configuring new spol Policy(name=app-b-allow-database-backend, sel=LabelSet(labels={'app': 'app-b', 'role': 'database'}), allow=[
(LabelSet(labels={'app': 'app-b', 'role': 'backend'}), Traffic(direction=egress, port=80, protocol=TCP)) 
])
2025-07-30 13:18:04,016 [INFO] matcher - Adding Security Group for select labelset: LabelSet(labels={'app': 'app-b', 'role': 'database'})
2025-07-30 13:18:04,016 [INFO] matcher - Adding Security Group for allow labelset: LabelSet(labels={'app': 'app-b', 'role': 'backend'})
2025-07-30 13:18:04,016 [INFO] security_group_module - SGMod: Adding rule to SG-app:app-brole:database, remote SG-app:app-brole:backend, port 80, type egress
2025-07-30 13:18:04,103 [INFO] security_group_module - SG-app:app-crole:frontend already attached to worker-1
2025-07-30 13:18:04,112 [INFO] matcher - PLS: Configuring new spol Policy(name=app-b-allow-backend-database, sel=LabelSet(labels={'app': 'app-b', 'role': 'backend'}), allow=[
(LabelSet(labels={'app': 'app-b', 'role': 'database'}), Traffic(direction=ingress, port=80, protocol=TCP)) 
])
2025-07-30 13:18:04,113 [INFO] matcher - Adding Security Group for select labelset: LabelSet(labels={'app': 'app-b', 'role': 'backend'})
2025-07-30 13:18:04,114 [INFO] matcher - Adding Security Group for allow labelset: LabelSet(labels={'app': 'app-b', 'role': 'database'})
2025-07-30 13:18:04,114 [INFO] security_group_module - SGMod: Adding rule to SG-app:app-brole:backend, remote SG-app:app-brole:database, port 80, type ingress
2025-07-30 13:18:04,123 [INFO] security_group_module - Cannot add rule to remotes: Security group rule already exists. Rule id is 8992bac7-d2d9-4187-a1dd-d0554cd83aa7.
Neutron server returns request_ids: ['req-77616f24-c35f-4cc2-88ab-8cb94376573e']
2025-07-30 13:18:04,130 [INFO] kopf.objects - Handler 'handle_new_pod/spec.nodeName' succeeded.
2025-07-30 13:18:04,131 [INFO] kopf.objects - Creation is processed: 1 succeeded; 0 failed.
2025-07-30 13:18:04,160 [INFO] matcher - PLS: Configuring new pod with labelset: {L}
2025-07-30 13:18:04,160 [INFO] matcher - PLS: Configuring new spol Policy(name=app-c-allow-frontend-backend, sel=LabelSet(labels={'app': 'app-c', 'role': 'frontend'}), allow=[
(LabelSet(labels={'app': 'app-c', 'role': 'backend'}), Traffic(direction=ingress, port=80, protocol=TCP)) 
])
2025-07-30 13:18:04,162 [INFO] matcher - Adding Security Group for select labelset: LabelSet(labels={'app': 'app-c', 'role': 'frontend'})
2025-07-30 13:18:04,162 [INFO] matcher - Adding Security Group for allow labelset: LabelSet(labels={'app': 'app-c', 'role': 'backend'})
2025-07-30 13:18:04,162 [INFO] security_group_module - SGMod: Adding rule to SG-app:app-crole:frontend, remote SG-app:app-crole:backend, port 80, type ingress
2025-07-30 13:18:04,234 [INFO] security_group_module - Cannot add rule to remotes: Security group rule already exists. Rule id is 7ed216bd-643a-4a3f-9db4-80e3d21905d9.
Neutron server returns request_ids: ['req-49abec54-f1e9-44ac-86b1-221759c8ba92']
2025-07-30 13:18:04,248 [INFO] security_group_module - Cannot add rule to remotes: Security group rule already exists. Rule id is f06ebd4f-2619-4f88-ab16-0190716db618.
Neutron server returns request_ids: ['req-2c46bae1-3302-4f55-a7f7-e52756f7b4b2']
2025-07-30 13:18:04,248 [INFO] matcher - PLS: Configuring new spol Policy(name=app-c-allow-frontend-backend, sel=LabelSet(labels={'app': 'app-c', 'role': 'frontend'}), allow=[
(LabelSet(labels={'app': 'app-c', 'role': 'backend'}), Traffic(direction=egress, port=80, protocol=TCP)) 
])
2025-07-30 13:18:04,249 [INFO] matcher - Adding Security Group for select labelset: LabelSet(labels={'app': 'app-c', 'role': 'frontend'})
2025-07-30 13:18:04,249 [INFO] matcher - Adding Security Group for allow labelset: LabelSet(labels={'app': 'app-c', 'role': 'backend'})
2025-07-30 13:18:04,249 [INFO] security_group_module - SGMod: Adding rule to SG-app:app-crole:frontend, remote SG-app:app-crole:backend, port 80, type egress
2025-07-30 13:18:04,351 [INFO] security_group_module - Cannot add rule to remotes: Security group rule already exists. Rule id is b4397485-e1ff-4b34-b431-11abdf5278d8.
Neutron server returns request_ids: ['req-bf0e7718-7357-45da-be1f-f919e75508a0']
2025-07-30 13:18:04,351 [INFO] matcher - PLS: Configuring new spol Policy(name=app-c-allow-backend-frontend, sel=LabelSet(labels={'app': 'app-c', 'role': 'backend'}), allow=[
(LabelSet(labels={'app': 'app-c', 'role': 'frontend'}), Traffic(direction=ingress, port=80, protocol=TCP)) 
])
2025-07-30 13:18:04,351 [INFO] matcher - Adding Security Group for select labelset: LabelSet(labels={'app': 'app-c', 'role': 'backend'})
2025-07-30 13:18:04,351 [INFO] matcher - Adding Security Group for allow labelset: LabelSet(labels={'app': 'app-c', 'role': 'frontend'})
2025-07-30 13:18:04,351 [INFO] security_group_module - SGMod: Adding rule to SG-app:app-crole:backend, remote SG-app:app-crole:frontend, port 80, type ingress
2025-07-30 13:18:04,472 [INFO] security_group_module - Attaching security group SG-app:app-arole:database to instance worker-1
2025-07-30 13:18:04,487 [INFO] security_group_module - Attaching security group SG-app:app-brole:database to instance worker-1
2025-07-30 13:18:04,521 [INFO] matcher - PLS: Configuring new spol Policy(name=app-c-allow-backend-database, sel=LabelSet(labels={'app': 'app-c', 'role': 'backend'}), allow=[
(LabelSet(labels={'app': 'app-c', 'role': 'database'}), Traffic(direction=ingress, port=80, protocol=TCP)) 
])
2025-07-30 13:18:04,522 [INFO] matcher - Adding Security Group for select labelset: LabelSet(labels={'app': 'app-c', 'role': 'backend'})
2025-07-30 13:18:04,522 [INFO] matcher - Adding Security Group for allow labelset: LabelSet(labels={'app': 'app-c', 'role': 'database'})
2025-07-30 13:18:04,523 [INFO] security_group_module - SGMod: Adding rule to SG-app:app-crole:backend, remote SG-app:app-crole:database, port 80, type ingress
2025-07-30 13:18:04,703 [INFO] matcher - PLS: Configuring new spol Policy(name=app-c-allow-backend-database, sel=LabelSet(labels={'app': 'app-c', 'role': 'backend'}), allow=[
(LabelSet(labels={'app': 'app-c', 'role': 'database'}), Traffic(direction=egress, port=80, protocol=TCP)) 
])
2025-07-30 13:18:04,703 [INFO] matcher - Adding Security Group for select labelset: LabelSet(labels={'app': 'app-c', 'role': 'backend'})
2025-07-30 13:18:04,703 [INFO] matcher - Adding Security Group for allow labelset: LabelSet(labels={'app': 'app-c', 'role': 'database'})
2025-07-30 13:18:04,703 [INFO] security_group_module - SGMod: Adding rule to SG-app:app-crole:backend, remote SG-app:app-crole:database, port 80, type egress
2025-07-30 13:18:04,814 [INFO] matcher - PLS: Configuring new spol Policy(name=app-c-allow-database-backend, sel=LabelSet(labels={'app': 'app-c', 'role': 'database'}), allow=[
(LabelSet(labels={'app': 'app-c', 'role': 'backend'}), Traffic(direction=egress, port=80, protocol=TCP)) 
])
2025-07-30 13:18:04,814 [INFO] matcher - Adding Security Group for select labelset: LabelSet(labels={'app': 'app-c', 'role': 'database'})
2025-07-30 13:18:04,814 [INFO] matcher - Adding Security Group for allow labelset: LabelSet(labels={'app': 'app-c', 'role': 'backend'})
2025-07-30 13:18:04,814 [INFO] security_group_module - SGMod: Adding rule to SG-app:app-crole:database, remote SG-app:app-crole:backend, port 80, type egress
2025-07-30 13:18:05,014 [INFO] security_group_module - Cannot add rule to remotes: Security group rule already exists. Rule id is a317ccdc-feec-499f-8444-9f835d8665a3.
Neutron server returns request_ids: ['req-d1ddc09d-55f5-4a65-84ad-be6bcce19a7a']
2025-07-30 13:18:05,015 [INFO] matcher - PLS: Configuring new spol Policy(name=app-c-allow-database-backend, sel=LabelSet(labels={'app': 'app-c', 'role': 'database'}), allow=[
(LabelSet(labels={'app': 'app-c', 'role': 'backend'}), Traffic(direction=ingress, port=80, protocol=TCP)) 
])
2025-07-30 13:18:05,015 [INFO] matcher - Adding Security Group for select labelset: LabelSet(labels={'app': 'app-c', 'role': 'database'})
2025-07-30 13:18:05,015 [INFO] matcher - Adding Security Group for allow labelset: LabelSet(labels={'app': 'app-c', 'role': 'backend'})
2025-07-30 13:18:05,016 [INFO] security_group_module - SGMod: Adding rule to SG-app:app-crole:database, remote SG-app:app-crole:backend, port 80, type ingress
[127474193118912] Handling pod test-pod-7, locking app:app-crole:backend, app:app-crole:frontend, app:app-crole:database,  ...
Registering time when event comes in for test-pod-11: 1753881478.483558
New pod test-pod-11! old_node = None, new_node = worker-1.
Handling the new pod object: Pod(name=test-pod-11, label_set=LabelSet(labels={'app': 'app-a', 'role': 'database'}), node=Node(name=worker-1)
[127474184726208] Handling pod test-pod-11, locking app:app-arole:backend, app:app-arole:database,  ...
Registering time when event comes in for test-pod-9: 1753881478.4865565
New pod test-pod-9! old_node = None, new_node = worker-1.
Handling the new pod object: Pod(name=test-pod-9, label_set=LabelSet(labels={'app': 'app-a', 'role': 'frontend'}), node=Node(name=worker-1)
[127474176333504] Handling pod test-pod-9, locking app:app-arole:backend, app:app-arole:frontend,  ...
Registering time when event comes in for test-pod-12: 1753881478.5029278
New pod test-pod-12! old_node = None, new_node = worker-1.
Handling the new pod object: Pod(name=test-pod-12, label_set=LabelSet(labels={'app': 'app-b', 'role': 'frontend'}), node=Node(name=worker-1)
[127473622709952] Handling pod test-pod-12, locking app:app-brole:backend, app:app-brole:frontend,  ...
Registering time when event comes in for test-pod-13: 1753881478.505334
New pod test-pod-13! old_node = None, new_node = worker-1.
Handling the new pod object: Pod(name=test-pod-13, label_set=LabelSet(labels={'app': 'app-b', 'role': 'backend'}), node=Node(name=worker-1)
[127473614317248] Handling pod test-pod-13, locking app:app-brole:database, app:app-brole:frontend, app:app-brole:backend,  ...
Registering time when event comes in for test-pod-14: 1753881478.5124683
New pod test-pod-14! old_node = None, new_node = worker-1.
Handling the new pod object: Pod(name=test-pod-14, label_set=LabelSet(labels={'app': 'app-b', 'role': 'database'}), node=Node(name=worker-1)
[127473605924544] Handling pod test-pod-14, locking app:app-brole:database, app:app-brole:backend,  ...
Registering time when event comes in for test-pod-10: 1753881478.5202246
New pod test-pod-10! old_node = None, new_node = worker-1.
Handling the new pod object: Pod(name=test-pod-10, label_set=LabelSet(labels={'app': 'app-a', 'role': 'backend'}), node=Node(name=worker-1)
[127473597531840] Handling pod test-pod-10, locking app:app-arole:backend, app:app-arole:frontend, app:app-arole:database,  ...
Registering time when event comes in for test-pod-16: 1753881478.5807848
New pod test-pod-16! old_node = None, new_node = worker-1.
Handling the new pod object: Pod(name=test-pod-16, label_set=LabelSet(labels={'app': 'app-c', 'role': 'backend'}), node=Node(name=worker-1)
[127473589139136] Handling pod test-pod-16, locking app:app-crole:backend, app:app-crole:frontend, app:app-crole:database,  ...
Registering time when event comes in for test-pod-15: 1753881478.5825243
New pod test-pod-15! old_node = None, new_node = worker-1.
Handling the new pod object: Pod(name=test-pod-15, label_set=LabelSet(labels={'app': 'app-c', 'role': 'frontend'}), node=Node(name=worker-1)
[127473580746432] Handling pod test-pod-15, locking app:app-crole:backend, app:app-crole:frontend,  ...
Registering time when event comes in for test-pod-18: 1753881478.5873997
New pod test-pod-18! old_node = None, new_node = worker-1.
Handling the new pod object: Pod(name=test-pod-18, label_set=LabelSet(labels={'app': 'app-a', 'role': 'frontend'}), node=Node(name=worker-1)
[127473572353728] Handling pod test-pod-18, locking app:app-arole:backend, app:app-arole:frontend,  ...
Registering time when event comes in for test-pod-17: 1753881478.6133595
New pod test-pod-17! old_node = None, new_node = worker-1.
Handling the new pod object: Pod(name=test-pod-17, label_set=LabelSet(labels={'app': 'app-c', 'role': 'database'}), node=Node(name=worker-1)
[127473085839040] Handling pod test-pod-17, locking app:app-crole:backend, app:app-crole:database,  ...
Registering time when event comes in for test-pod-20: 1753881478.662194
New pod test-pod-20! old_node = None, new_node = worker-1.
Handling the new pod object: Pod(name=test-pod-20, label_set=LabelSet(labels={'app': 'app-a', 'role': 'database'}), node=Node(name=worker-1)
[127473077446336] Handling pod test-pod-20, locking app:app-arole:backend, app:app-arole:database,  ...
[127474471524032] Pod test-pod-0 handled. Released locks for: app:app-arole:backend, app:app-arole:frontend, 
Registering time when event is handled for test-pod-0: 1753881480.8028147
New pod: test-pod-1, on node: worker-1
Registering time when event comes in for test-pod-23: 1753881480.8211298
New pod test-pod-23! old_node = None, new_node = worker-1.
Handling the new pod object: Pod(name=test-pod-23, label_set=LabelSet(labels={'app': 'app-b', 'role': 'database'}), node=Node(name=worker-1)
[127474471524032] Handling pod test-pod-23, locking app:app-brole:database, app:app-brole:backend,  ...
[127474448447168] Pod test-pod-3 handled. Released locks for: app:app-brole:backend, app:app-brole:frontend, 
Registering time when event is handled for test-pod-3: 1753881481.5664587
New pod: test-pod-4, on node: worker-1
Registering time when event comes in for test-pod-27: 1753881481.596861
New pod test-pod-27! old_node = None, new_node = worker-1.
Handling the new pod object: Pod(name=test-pod-27, label_set=LabelSet(labels={'app': 'app-a', 'role': 'frontend'}), node=Node(name=worker-1)
[127474448447168] Handling pod test-pod-27, locking app:app-arole:backend, app:app-arole:frontend,  ...
[127474209904320] Pod test-pod-8 handled. Released locks for: app:app-crole:backend, app:app-crole:database, 
Registering time when event is handled for test-pod-8: 1753881482.1281414
New pod: test-pod-6, on node: worker-1
Registering time when event comes in for test-pod-22: 1753881482.137627
New pod test-pod-22! old_node = None, new_node = worker-1.
Handling the new pod object: Pod(name=test-pod-22, label_set=LabelSet(labels={'app': 'app-b', 'role': 'backend'}), node=Node(name=worker-1)
[127474209904320] Handling pod test-pod-22, locking app:app-brole:database, app:app-brole:frontend, app:app-brole:backend,  ...
[127474457888448] Pod test-pod-1 handled. Released locks for: app:app-arole:backend, app:app-arole:frontend, app:app-arole:database, 
Registering time when event is handled for test-pod-1: 1753881483.546869
New pod: test-pod-2, on node: worker-1
Registering time when event comes in for test-pod-24: 1753881483.566098
New pod test-pod-24! old_node = None, new_node = worker-1.
Handling the new pod object: Pod(name=test-pod-24, label_set=LabelSet(labels={'app': 'app-c', 'role': 'frontend'}), node=Node(name=worker-1)
[127474457888448] Handling pod test-pod-24, locking app:app-crole:backend, app:app-crole:frontend,  ...
[127474226689728] Pod test-pod-4 handled. Released locks for: app:app-brole:database, app:app-brole:frontend, app:app-brole:backend, 
Registering time when event is handled for test-pod-4: 1753881483.6872554
New pod: test-pod-5, on node: worker-1
Registering time when event comes in for test-pod-19: 1753881483.6989996
New pod test-pod-19! old_node = None, new_node = worker-1.
Handling the new pod object: Pod(name=test-pod-19, label_set=LabelSet(labels={'app': 'app-a', 'role': 'backend'}), node=Node(name=worker-1)
[127474226689728] Handling pod test-pod-19, locking app:app-arole:backend, app:app-arole:frontend, app:app-arole:database,  ...
[127474201511616] Pod test-pod-6 handled. Released locks for: app:app-crole:backend, app:app-crole:frontend, 
Registering time when event is handled for test-pod-6: 1753881484.1038625
New pod: test-pod-7, on node: worker-1
Registering time when event comes in for test-pod-26: 1753881484.1292832
New pod test-pod-26! old_node = None, new_node = worker-1.
Handling the new pod object: Pod(name=test-pod-26, label_set=LabelSet(labels={'app': 'app-c', 'role': 'database'}), node=Node(name=worker-1)
[127474201511616] Handling pod test-pod-26, locking app:app-crole:backend, app:app-crole:database,  ...
[127474440054464] Pod test-pod-2 handled. Released locks for: app:app-arole:backend, app:app-arole:database, 
2025-07-30 13:18:05,057 [INFO] kopf.objects - Handler 'handle_new_pod/spec.nodeName' succeeded.
2025-07-30 13:18:05,058 [INFO] kopf.objects - Creation is processed: 1 succeeded; 0 failed.
2025-07-30 13:18:05,075 [INFO] kopf.objects - Handler 'handle_new_pod/spec.nodeName' succeeded.
2025-07-30 13:18:05,076 [INFO] kopf.objects - Creation is processed: 1 succeeded; 0 failed.
2025-07-30 13:18:05,103 [INFO] kopf.objects - Handler 'handle_new_pod/spec.nodeName' succeeded.
2025-07-30 13:18:05,104 [INFO] kopf.objects - Creation is processed: 1 succeeded; 0 failed.
2025-07-30 13:18:05,116 [INFO] kopf.objects - Handler 'handle_new_pod/spec.nodeName' succeeded.
2025-07-30 13:18:05,116 [INFO] kopf.objects - Creation is processed: 1 succeeded; 0 failed.
2025-07-30 13:18:05,131 [INFO] kopf.objects - Handler 'handle_new_pod/spec.nodeName' succeeded.
2025-07-30 13:18:05,133 [INFO] kopf.objects - Creation is processed: 1 succeeded; 0 failed.
2025-07-30 13:18:05,145 [INFO] kopf.objects - Handler 'handle_new_pod/spec.nodeName' succeeded.
2025-07-30 13:18:05,145 [INFO] kopf.objects - Creation is processed: 1 succeeded; 0 failed.
2025-07-30 13:18:05,154 [INFO] security_group_module - Cannot add rule to remotes: Security group rule already exists. Rule id is 4e77a88a-d7e6-47d1-ba02-fc523a4beceb.
Neutron server returns request_ids: ['req-db40b7fe-5d95-493c-87e2-52c5fc7583ac']
2025-07-30 13:18:05,155 [INFO] matcher - PLS: Configuring new spol Policy(name=app-c-allow-backend-frontend, sel=LabelSet(labels={'app': 'app-c', 'role': 'backend'}), allow=[
(LabelSet(labels={'app': 'app-c', 'role': 'frontend'}), Traffic(direction=egress, port=80, protocol=TCP)) 
])
2025-07-30 13:18:05,156 [INFO] matcher - Adding Security Group for select labelset: LabelSet(labels={'app': 'app-c', 'role': 'backend'})
2025-07-30 13:18:05,156 [INFO] matcher - Adding Security Group for allow labelset: LabelSet(labels={'app': 'app-c', 'role': 'frontend'})
2025-07-30 13:18:05,156 [INFO] security_group_module - SGMod: Adding rule to SG-app:app-crole:backend, remote SG-app:app-crole:frontend, port 80, type egress
2025-07-30 13:18:05,165 [INFO] kopf.objects - Handler 'handle_new_pod/spec.nodeName' succeeded.
2025-07-30 13:18:05,165 [INFO] kopf.objects - Creation is processed: 1 succeeded; 0 failed.
2025-07-30 13:18:05,173 [INFO] kopf.objects - Handler 'handle_new_pod/spec.nodeName' succeeded.
2025-07-30 13:18:05,174 [INFO] kopf.objects - Creation is processed: 1 succeeded; 0 failed.
2025-07-30 13:18:05,184 [INFO] kopf.objects - Handler 'handle_new_pod/spec.nodeName' succeeded.
2025-07-30 13:18:05,184 [INFO] kopf.objects - Creation is processed: 1 succeeded; 0 failed.
2025-07-30 13:18:05,198 [INFO] kopf.objects - Handler 'handle_new_pod/spec.nodeName' succeeded.
2025-07-30 13:18:05,199 [INFO] kopf.objects - Creation is processed: 1 succeeded; 0 failed.
2025-07-30 13:18:05,211 [INFO] kopf.objects - Handler 'handle_new_pod/spec.nodeName' succeeded.
2025-07-30 13:18:05,212 [INFO] kopf.objects - Creation is processed: 1 succeeded; 0 failed.
2025-07-30 13:18:05,224 [INFO] kopf.objects - Handler 'handle_new_pod/spec.nodeName' succeeded.
2025-07-30 13:18:05,225 [INFO] kopf.objects - Creation is processed: 1 succeeded; 0 failed.
2025-07-30 13:18:05,236 [INFO] kopf.objects - Handler 'handle_new_pod/spec.nodeName' succeeded.
2025-07-30 13:18:05,237 [INFO] kopf.objects - Creation is processed: 1 succeeded; 0 failed.
Registering time when event is handled for test-pod-2: 1753881485.0367584
New pod: test-pod-11, on node: worker-1
Registering time when event comes in for test-pod-29: 1753881485.0562563
New pod test-pod-29! old_node = None, new_node = worker-1.
Handling the new pod object: Pod(name=test-pod-29, label_set=LabelSet(labels={'app': 'app-a', 'role': 'database'}), node=Node(name=worker-1)
[127474440054464] Handling pod test-pod-29, locking app:app-arole:backend, app:app-arole:database,  ...
[127474184726208] Pod test-pod-11 handled. Released locks for: app:app-arole:backend, app:app-arole:database, 
Registering time when event is handled for test-pod-11: 1753881485.0621746
New pod: test-pod-9, on node: worker-1
Registering time when event comes in for test-pod-28: 1753881485.0740194
New pod test-pod-28! old_node = None, new_node = worker-1.
Handling the new pod object: Pod(name=test-pod-28, label_set=LabelSet(labels={'app': 'app-a', 'role': 'backend'}), node=Node(name=worker-1)
[127474184726208] Handling pod test-pod-28, locking app:app-arole:backend, app:app-arole:frontend, app:app-arole:database,  ...
[127474176333504] Pod test-pod-9 handled. Released locks for: app:app-arole:backend, app:app-arole:frontend, 
Registering time when event is handled for test-pod-9: 1753881485.0794253
New pod: test-pod-10, on node: worker-1
Registering time when event comes in for test-pod-25: 1753881485.100152
New pod test-pod-25! old_node = None, new_node = worker-1.
Handling the new pod object: Pod(name=test-pod-25, label_set=LabelSet(labels={'app': 'app-c', 'role': 'backend'}), node=Node(name=worker-1)
[127474176333504] Handling pod test-pod-25, locking app:app-crole:backend, app:app-crole:frontend, app:app-crole:database,  ...
[127473597531840] Pod test-pod-10 handled. Released locks for: app:app-arole:backend, app:app-arole:frontend, app:app-arole:database, 
Registering time when event is handled for test-pod-10: 1753881485.1023214
New pod: test-pod-18, on node: worker-1
[127474218297024] Pod test-pod-5 handled. Released locks for: app:app-brole:database, app:app-brole:backend, 
Registering time when event is handled for test-pod-5: 1753881485.112704
New pod: test-pod-12, on node: worker-1
Registering time when event comes in for test-pod-30: 1753881485.1153502
New pod test-pod-30! old_node = None, new_node = worker-1.
Handling the new pod object: Pod(name=test-pod-30, label_set=LabelSet(labels={'app': 'app-b', 'role': 'frontend'}), node=Node(name=worker-1)
[127473597531840] Handling pod test-pod-30, locking app:app-brole:backend, app:app-brole:frontend,  ...
[127473572353728] Pod test-pod-18 handled. Released locks for: app:app-arole:backend, app:app-arole:frontend, 
Registering time when event is handled for test-pod-18: 1753881485.1191716
New pod: test-pod-20, on node: worker-1
Registering time when event comes in for test-pod-21: 1753881485.129564
New pod test-pod-21! old_node = None, new_node = worker-1.
Handling the new pod object: Pod(name=test-pod-21, label_set=LabelSet(labels={'app': 'app-b', 'role': 'frontend'}), node=Node(name=worker-1)
[127474218297024] Handling pod test-pod-21, locking app:app-brole:backend, app:app-brole:frontend,  ...
[127473622709952] Pod test-pod-12 handled. Released locks for: app:app-brole:backend, app:app-brole:frontend, 
Registering time when event is handled for test-pod-12: 1753881485.138091
New pod: test-pod-13, on node: worker-1
Registering time when event comes in for test-pod-31: 1753881485.1442492
New pod test-pod-31! old_node = None, new_node = worker-1.
Handling the new pod object: Pod(name=test-pod-31, label_set=LabelSet(labels={'app': 'app-b', 'role': 'backend'}), node=Node(name=worker-1)
[127473572353728] Handling pod test-pod-31, locking app:app-brole:database, app:app-brole:frontend, app:app-brole:backend,  ...
[127473077446336] Pod test-pod-20 handled. Released locks for: app:app-arole:backend, app:app-arole:database, 
Registering time when event is handled for test-pod-20: 1753881485.1543329
New pod: test-pod-27, on node: worker-1
[127473614317248] Pod test-pod-13 handled. Released locks for: app:app-brole:database, app:app-brole:frontend, app:app-brole:backend, 
Registering time when event is handled for test-pod-13: 1753881485.16293
Registering time when event comes in for test-pod-32: 1753881485.163108
New pod test-pod-32! old_node = None, new_node = worker-1.
Handling the new pod object: Pod(name=test-pod-32, label_set=LabelSet(labels={'app': 'app-b', 'role': 'database'}), node=Node(name=worker-1)
[127473622709952] Handling pod test-pod-32, locking app:app-brole:database, app:app-brole:backend,  ...
New pod: test-pod-14, on node: worker-1
Registering time when event comes in for test-pod-33: 1753881485.1736104
New pod test-pod-33! old_node = None, new_node = worker-1.
Handling the new pod object: Pod(name=test-pod-33, label_set=LabelSet(labels={'app': 'app-c', 'role': 'frontend'}), node=Node(name=worker-1)
[127473077446336] Handling pod test-pod-33, locking app:app-crole:backend, app:app-crole:frontend,  ...
[127474448447168] Pod test-pod-27 handled. Released locks for: app:app-arole:backend, app:app-arole:frontend, 
Registering time when event is handled for test-pod-27: 1753881485.177949
New pod: test-pod-19, on node: worker-1
Registering time when event comes in for test-pod-37: 1753881485.1840703
New pod test-pod-37! old_node = None, new_node = worker-1.
Handling the new pod object: Pod(name=test-pod-37, label_set=LabelSet(labels={'app': 'app-a', 'role': 'backend'}), node=Node(name=worker-1)
[127473614317248] Handling pod test-pod-37, locking app:app-arole:backend, app:app-arole:frontend, app:app-arole:database,  ...
Registering time when event comes in for test-pod-34: 1753881485.1978738
New pod test-pod-34! old_node = None, new_node = worker-1.
Handling the new pod object: Pod(name=test-pod-34, label_set=LabelSet(labels={'app': 'app-c', 'role': 'backend'}), node=Node(name=worker-1)
[127474448447168] Handling pod test-pod-34, locking app:app-crole:backend, app:app-crole:frontend, app:app-crole:database,  ...
[127474226689728] Pod test-pod-19 handled. Released locks for: app:app-arole:backend, app:app-arole:frontend, app:app-arole:database, 
Registering time when event is handled for test-pod-19: 1753881485.2009342
[127473605924544] Pod test-pod-14 handled. Released locks for: app:app-brole:database, app:app-brole:backend, 
Registering time when event is handled for test-pod-14: 1753881485.2021048
New pod: test-pod-29, on node: worker-1
New pod: test-pod-23, on node: worker-1
Registering time when event comes in for test-pod-36: 1753881485.2111657
New pod test-pod-36! old_node = None, new_node = worker-1.
Handling the new pod object: Pod(name=test-pod-36, label_set=LabelSet(labels={'app': 'app-a', 'role': 'frontend'}), node=Node(name=worker-1)
[127474226689728] Handling pod test-pod-36, locking app:app-arole:backend, app:app-arole:frontend,  ...
[127474440054464] Pod test-pod-29 handled. Released locks for: app:app-arole:backend, app:app-arole:database, 
Registering time when event is handled for test-pod-29: 1753881485.217755
New pod: test-pod-28, on node: worker-1
Registering time when event comes in for test-pod-35: 1753881485.2238197
New pod test-pod-35! old_node = None, new_node = worker-1.
Handling the new pod object: Pod(name=test-pod-35, label_set=LabelSet(labels={'app': 'app-c', 'role': 'database'}), node=Node(name=worker-1)
[127473605924544] Handling pod test-pod-35, locking app:app-crole:backend, app:app-crole:database,  ...
Registering time when event comes in for test-pod-39: 1753881485.2361956
New pod test-pod-39! old_node = None, new_node = worker-1.
Handling the new pod object: Pod(name=test-pod-39, label_set=LabelSet(labels={'app': 'app-b', 'role': 'frontend'}), node=Node(name=worker-1)
[127474440054464] Handling pod test-pod-39, locking app:app-brole:backend, app:app-brole:frontend,  ...
[127474184726208] Pod test-pod-28 handled. Released locks for: app:app-arole:backend, app:app-arole:frontend, app:app-arole:database, 
Registering time when event is handled for test-pod-28: 1753881485.2397633
New pod: test-pod-37, on node: worker-1
2025-07-30 13:18:05,252 [INFO] kopf.objects - Handler 'handle_new_pod/spec.nodeName' succeeded.
2025-07-30 13:18:05,252 [INFO] kopf.objects - Creation is processed: 1 succeeded; 0 failed.
2025-07-30 13:18:05,272 [INFO] kopf.objects - Handler 'handle_new_pod/spec.nodeName' succeeded.
2025-07-30 13:18:05,273 [INFO] kopf.objects - Creation is processed: 1 succeeded; 0 failed.
2025-07-30 13:18:05,284 [INFO] kopf.objects - Handler 'handle_new_pod/spec.nodeName' succeeded.
2025-07-30 13:18:05,284 [INFO] kopf.objects - Creation is processed: 1 succeeded; 0 failed.
2025-07-30 13:18:05,294 [INFO] kopf.objects - Handler 'handle_new_pod/spec.nodeName' succeeded.
2025-07-30 13:18:05,295 [INFO] kopf.objects - Creation is processed: 1 succeeded; 0 failed.
2025-07-30 13:18:05,327 [INFO] kopf.objects - Handler 'handle_new_pod/spec.nodeName' succeeded.
2025-07-30 13:18:05,327 [INFO] kopf.objects - Creation is processed: 1 succeeded; 0 failed.
2025-07-30 13:18:05,341 [INFO] kopf.objects - Handler 'handle_new_pod/spec.nodeName' succeeded.
2025-07-30 13:18:05,341 [INFO] kopf.objects - Creation is processed: 1 succeeded; 0 failed.
2025-07-30 13:18:05,351 [INFO] kopf.objects - Handler 'handle_new_pod/spec.nodeName' succeeded.
2025-07-30 13:18:05,352 [INFO] kopf.objects - Creation is processed: 1 succeeded; 0 failed.
2025-07-30 13:18:05,364 [INFO] kopf.objects - Handler 'handle_new_pod/spec.nodeName' succeeded.
2025-07-30 13:18:05,367 [INFO] kopf.objects - Creation is processed: 1 succeeded; 0 failed.
2025-07-30 13:18:05,377 [INFO] kopf.objects - Handler 'handle_new_pod/spec.nodeName' succeeded.
2025-07-30 13:18:05,378 [INFO] kopf.objects - Creation is processed: 1 succeeded; 0 failed.
2025-07-30 13:18:05,399 [INFO] kopf.objects - Handler 'handle_new_pod/spec.nodeName' succeeded.
2025-07-30 13:18:05,401 [INFO] kopf.objects - Creation is processed: 1 succeeded; 0 failed.
2025-07-30 13:18:05,419 [INFO] kopf.objects - Handler 'handle_new_pod/spec.nodeName' succeeded.
2025-07-30 13:18:05,419 [INFO] kopf.objects - Creation is processed: 1 succeeded; 0 failed.
2025-07-30 13:18:05,430 [INFO] kopf.objects - Handler 'handle_new_pod/spec.nodeName' succeeded.
2025-07-30 13:18:05,431 [INFO] kopf.objects - Creation is processed: 1 succeeded; 0 failed.
[127474471524032] Pod test-pod-23 handled. Released locks for: app:app-brole:database, app:app-brole:backend, 
Registering time when event is handled for test-pod-23: 1753881485.2412305
New pod: test-pod-22, on node: worker-1
Registering time when event comes in for test-pod-38: 1753881485.2512136
New pod test-pod-38! old_node = None, new_node = worker-1.
Handling the new pod object: Pod(name=test-pod-38, label_set=LabelSet(labels={'app': 'app-a', 'role': 'database'}), node=Node(name=worker-1)
[127474184726208] Handling pod test-pod-38, locking app:app-arole:backend, app:app-arole:database,  ...
[127474209904320] Pod test-pod-22 handled. Released locks for: app:app-brole:database, app:app-brole:frontend, app:app-brole:backend, 
Registering time when event is handled for test-pod-22: 1753881485.261112
[127473614317248] Pod test-pod-37 handled. Released locks for: app:app-arole:backend, app:app-arole:frontend, app:app-arole:database, 
Registering time when event is handled for test-pod-37: 1753881485.2613342
New pod: test-pod-36, on node: worker-1
New pod: test-pod-30, on node: worker-1
Registering time when event comes in for test-pod-40: 1753881485.262913
New pod test-pod-40! old_node = None, new_node = worker-1.
Handling the new pod object: Pod(name=test-pod-40, label_set=LabelSet(labels={'app': 'app-b', 'role': 'backend'}), node=Node(name=worker-1)
[127474471524032] Handling pod test-pod-40, locking app:app-brole:database, app:app-brole:frontend, app:app-brole:backend,  ...
Registering time when event comes in for test-pod-41: 1753881485.2810857
New pod test-pod-41! old_node = None, new_node = worker-1.
Handling the new pod object: Pod(name=test-pod-41, label_set=LabelSet(labels={'app': 'app-b', 'role': 'database'}), node=Node(name=worker-1)
[127474209904320] Handling pod test-pod-41, locking app:app-brole:database, app:app-brole:backend,  ...
[127474226689728] Pod test-pod-36 handled. Released locks for: app:app-arole:backend, app:app-arole:frontend, 
Registering time when event is handled for test-pod-36: 1753881485.2874525
New pod: test-pod-38, on node: worker-1
Registering time when event comes in for test-pod-42: 1753881485.2943878
New pod test-pod-42! old_node = None, new_node = worker-1.
Handling the new pod object: Pod(name=test-pod-42, label_set=LabelSet(labels={'app': 'app-c', 'role': 'frontend'}), node=Node(name=worker-1)
[127473614317248] Handling pod test-pod-42, locking app:app-crole:backend, app:app-crole:frontend,  ...
[127473597531840] Pod test-pod-30 handled. Released locks for: app:app-brole:backend, app:app-brole:frontend, 
Registering time when event is handled for test-pod-30: 1753881485.2952423
New pod: test-pod-21, on node: worker-1
[127474184726208] Pod test-pod-38 handled. Released locks for: app:app-arole:backend, app:app-arole:database, 
Registering time when event is handled for test-pod-38: 1753881485.3105652
Registering time when event comes in for test-pod-43: 1753881485.3249564
New pod test-pod-43! old_node = None, new_node = worker-1.
Handling the new pod object: Pod(name=test-pod-43, label_set=LabelSet(labels={'app': 'app-c', 'role': 'backend'}), node=Node(name=worker-1)
[127474226689728] Handling pod test-pod-43, locking app:app-crole:backend, app:app-crole:frontend, app:app-crole:database,  ...
[127474218297024] Pod test-pod-21 handled. Released locks for: app:app-brole:backend, app:app-brole:frontend, 
Registering time when event is handled for test-pod-21: 1753881485.3358386
New pod: test-pod-31, on node: worker-1
Registering time when event comes in for test-pod-44: 1753881485.3404074
New pod test-pod-44! old_node = None, new_node = worker-1.
Handling the new pod object: Pod(name=test-pod-44, label_set=LabelSet(labels={'app': 'app-c', 'role': 'database'}), node=Node(name=worker-1)
[127473597531840] Handling pod test-pod-44, locking app:app-crole:backend, app:app-crole:database,  ...
Registering time when event comes in for test-pod-46: 1753881485.3514307
New pod test-pod-46! old_node = None, new_node = worker-1.
Handling the new pod object: Pod(name=test-pod-46, label_set=LabelSet(labels={'app': 'app-a', 'role': 'backend'}), node=Node(name=worker-1)
[127474184726208] Handling pod test-pod-46, locking app:app-arole:backend, app:app-arole:frontend, app:app-arole:database,  ...
New pod: test-pod-46, on node: worker-1
[127473572353728] Pod test-pod-31 handled. Released locks for: app:app-brole:database, app:app-brole:frontend, app:app-brole:backend, 
Registering time when event is handled for test-pod-31: 1753881485.3563263
New pod: test-pod-32, on node: worker-1
Registering time when event comes in for test-pod-45: 1753881485.3649795
New pod test-pod-45! old_node = None, new_node = worker-1.
Handling the new pod object: Pod(name=test-pod-45, label_set=LabelSet(labels={'app': 'app-a', 'role': 'frontend'}), node=Node(name=worker-1)
[127474218297024] Handling pod test-pod-45, locking app:app-arole:backend, app:app-arole:frontend,  ...
[127473622709952] Pod test-pod-32 handled. Released locks for: app:app-brole:database, app:app-brole:backend, 
Registering time when event is handled for test-pod-32: 1753881485.3721566
New pod: test-pod-39, on node: worker-1
Registering time when event comes in for test-pod-47: 1753881485.3770683
New pod test-pod-47! old_node = None, new_node = worker-1.
Handling the new pod object: Pod(name=test-pod-47, label_set=LabelSet(labels={'app': 'app-a', 'role': 'database'}), node=Node(name=worker-1)
[127473572353728] Handling pod test-pod-47, locking app:app-arole:backend, app:app-arole:database,  ...
[127474184726208] Pod test-pod-46 handled. Released locks for: app:app-arole:backend, app:app-arole:frontend, app:app-arole:database, 
Registering time when event is handled for test-pod-46: 1753881485.3782067
New pod: test-pod-45, on node: worker-1
Registering time when event comes in for test-pod-48: 1753881485.3943079
New pod test-pod-48! old_node = None, new_node = worker-1.
Handling the new pod object: Pod(name=test-pod-48, label_set=LabelSet(labels={'app': 'app-b', 'role': 'frontend'}), node=Node(name=worker-1)
[127473622709952] Handling pod test-pod-48, locking app:app-brole:backend, app:app-brole:frontend,  ...
[127474218297024] Pod test-pod-45 handled. Released locks for: app:app-arole:backend, app:app-arole:frontend, 
Registering time when event is handled for test-pod-45: 1753881485.398549
[127474440054464] Pod test-pod-39 handled. Released locks for: app:app-brole:backend, app:app-brole:frontend, 
Registering time when event is handled for test-pod-39: 1753881485.398699
New pod: test-pod-40, on node: worker-1
New pod: test-pod-47, on node: worker-1
Registering time when event comes in for test-pod-51: 1753881485.4151456
New pod test-pod-51! old_node = None, new_node = worker-1.
Handling the new pod object: Pod(name=test-pod-51, label_set=LabelSet(labels={'app': 'app-c', 'role': 'frontend'}), node=Node(name=worker-1)
[127474184726208] Handling pod test-pod-51, locking app:app-crole:backend, app:app-crole:frontend,  ...
[127474471524032] Pod test-pod-40 handled. Released locks for: app:app-brole:database, app:app-brole:frontend, app:app-brole:backend, 
Registering time when event is handled for test-pod-40: 1753881485.4154832
New pod: test-pod-41, on node: worker-1
[127473572353728] Pod test-pod-47 handled. Released locks for: app:app-arole:backend, app:app-arole:database, 
Registering time when event is handled for test-pod-47: 1753881485.4266422
Registering time when event comes in for test-pod-49: 1753881485.4273775
New pod test-pod-49! old_node = None, new_node = worker-1.
Handling the new pod object: Pod(name=test-pod-49, label_set=LabelSet(labels={'app': 'app-b', 'role': 'backend'}), node=Node(name=worker-1)
[127474218297024] Handling pod test-pod-49, locking app:app-brole:database, app:app-brole:frontend, app:app-brole:backend,  ...
[127474209904320] Pod test-pod-41 handled. Released locks for: app:app-brole:database, app:app-brole:backend, 
Registering time when event is handled for test-pod-41: 1753881485.4421892
Registering time when event comes in for test-pod-50: 1753881485.4423501
New pod test-pod-50! old_node = None, new_node = worker-1.
2025-07-30 13:18:05,443 [INFO] kopf.objects - Handler 'handle_new_pod/spec.nodeName' succeeded.
2025-07-30 13:18:05,444 [INFO] kopf.objects - Creation is processed: 1 succeeded; 0 failed.
2025-07-30 13:18:05,457 [INFO] kopf.objects - Handler 'handle_new_pod/spec.nodeName' succeeded.
2025-07-30 13:18:05,458 [INFO] kopf.objects - Creation is processed: 1 succeeded; 0 failed.
2025-07-30 13:18:05,472 [INFO] kopf.objects - Handler 'handle_new_pod/spec.nodeName' succeeded.
2025-07-30 13:18:05,473 [INFO] kopf.objects - Creation is processed: 1 succeeded; 0 failed.
2025-07-30 13:18:05,497 [INFO] kopf.objects - Handler 'handle_new_pod/spec.nodeName' succeeded.
2025-07-30 13:18:05,497 [INFO] kopf.objects - Creation is processed: 1 succeeded; 0 failed.
2025-07-30 13:18:05,540 [INFO] kopf.objects - Handler 'handle_new_pod/spec.nodeName' succeeded.
2025-07-30 13:18:05,541 [INFO] kopf.objects - Creation is processed: 1 succeeded; 0 failed.
2025-07-30 13:18:05,559 [INFO] kopf.objects - Handler 'handle_new_pod/spec.nodeName' succeeded.
2025-07-30 13:18:05,560 [INFO] kopf.objects - Creation is processed: 1 succeeded; 0 failed.
2025-07-30 13:18:05,563 [INFO] kopf.objects - Handler 'handle_new_pod/spec.nodeName' succeeded.
2025-07-30 13:18:05,563 [INFO] kopf.objects - Creation is processed: 1 succeeded; 0 failed.
2025-07-30 13:18:05,570 [INFO] kopf.objects - Handler 'handle_new_pod/spec.nodeName' succeeded.
2025-07-30 13:18:05,571 [INFO] kopf.objects - Creation is processed: 1 succeeded; 0 failed.
2025-07-30 13:18:05,579 [INFO] kopf.objects - Handler 'handle_new_pod/spec.nodeName' succeeded.
2025-07-30 13:18:05,580 [INFO] kopf.objects - Creation is processed: 1 succeeded; 0 failed.
2025-07-30 13:18:05,591 [INFO] kopf.objects - Handler 'handle_new_pod/spec.nodeName' succeeded.
2025-07-30 13:18:05,591 [INFO] kopf.objects - Creation is processed: 1 succeeded; 0 failed.
2025-07-30 13:18:05,605 [INFO] kopf.objects - Handler 'handle_new_pod/spec.nodeName' succeeded.
2025-07-30 13:18:05,606 [INFO] kopf.objects - Creation is processed: 1 succeeded; 0 failed.
2025-07-30 13:18:05,621 [INFO] kopf.objects - Handler 'handle_new_pod/spec.nodeName' succeeded.
2025-07-30 13:18:05,621 [INFO] kopf.objects - Creation is processed: 1 succeeded; 0 failed.
2025-07-30 13:18:05,643 [INFO] kopf.objects - Handler 'handle_new_pod/spec.nodeName' succeeded.
2025-07-30 13:18:05,643 [INFO] kopf.objects - Creation is processed: 1 succeeded; 0 failed.
2025-07-30 13:18:05,668 [INFO] kopf.objects - Handler 'handle_new_pod/spec.nodeName' succeeded.
2025-07-30 13:18:05,668 [INFO] kopf.objects - Creation is processed: 1 succeeded; 0 failed.
Handling the new pod object: Pod(name=test-pod-50, label_set=LabelSet(labels={'app': 'app-b', 'role': 'database'}), node=Node(name=worker-1)
[127474440054464] Handling pod test-pod-50, locking app:app-brole:database, app:app-brole:backend,  ...
Registering time when event comes in for test-pod-52: 1753881485.456141
New pod test-pod-52! old_node = None, new_node = worker-1.
Handling the new pod object: Pod(name=test-pod-52, label_set=LabelSet(labels={'app': 'app-c', 'role': 'backend'}), node=Node(name=worker-1)
[127474471524032] Handling pod test-pod-52, locking app:app-crole:backend, app:app-crole:frontend, app:app-crole:database,  ...
[127473622709952] Pod test-pod-48 handled. Released locks for: app:app-brole:backend, app:app-brole:frontend, 
Registering time when event is handled for test-pod-48: 1753881485.4644208
New pod: test-pod-49, on node: worker-1
Registering time when event comes in for test-pod-53: 1753881485.4723966
New pod test-pod-53! old_node = None, new_node = worker-1.
Handling the new pod object: Pod(name=test-pod-53, label_set=LabelSet(labels={'app': 'app-c', 'role': 'database'}), node=Node(name=worker-1)
[127473572353728] Handling pod test-pod-53, locking app:app-crole:backend, app:app-crole:database,  ...
[127474218297024] Pod test-pod-49 handled. Released locks for: app:app-brole:database, app:app-brole:frontend, app:app-brole:backend, 
Registering time when event is handled for test-pod-49: 1753881485.4787333
New pod: test-pod-50, on node: worker-1
Registering time when event comes in for test-pod-54: 1753881485.494553
New pod test-pod-54! old_node = None, new_node = worker-1.
Handling the new pod object: Pod(name=test-pod-54, label_set=LabelSet(labels={'app': 'app-a', 'role': 'frontend'}), node=Node(name=worker-1)
[127474218297024] Handling pod test-pod-54, locking app:app-arole:backend, app:app-arole:frontend,  ...
New pod: test-pod-54, on node: worker-1
[127474440054464] Pod test-pod-50 handled. Released locks for: app:app-brole:database, app:app-brole:backend, 
Registering time when event is handled for test-pod-50: 1753881485.4980423
Registering time when event comes in for test-pod-55: 1753881485.5349417
New pod test-pod-55! old_node = None, new_node = worker-1.
Handling the new pod object: Pod(name=test-pod-55, label_set=LabelSet(labels={'app': 'app-a', 'role': 'backend'}), node=Node(name=worker-1)
[127473622709952] Handling pod test-pod-55, locking app:app-arole:backend, app:app-arole:frontend, app:app-arole:database,  ...
[127474218297024] Pod test-pod-54 handled. Released locks for: app:app-arole:backend, app:app-arole:frontend, 
Registering time when event is handled for test-pod-54: 1753881485.5378838
New pod: test-pod-55, on node: worker-1
Registering time when event comes in for test-pod-56: 1753881485.5497372
New pod test-pod-56! old_node = None, new_node = worker-1.
Handling the new pod object: Pod(name=test-pod-56, label_set=LabelSet(labels={'app': 'app-a', 'role': 'database'}), node=Node(name=worker-1)
[127474209904320] Handling pod test-pod-56, locking app:app-arole:backend, app:app-arole:database,  ...
[127473622709952] Pod test-pod-55 handled. Released locks for: app:app-arole:backend, app:app-arole:frontend, app:app-arole:database, 
Registering time when event is handled for test-pod-55: 1753881485.5568316
New pod: test-pod-56, on node: worker-1
Registering time when event comes in for test-pod-57: 1753881485.5576866
New pod test-pod-57! old_node = None, new_node = worker-1.
Handling the new pod object: Pod(name=test-pod-57, label_set=LabelSet(labels={'app': 'app-b', 'role': 'frontend'}), node=Node(name=worker-1)
[127474440054464] Handling pod test-pod-57, locking app:app-brole:backend, app:app-brole:frontend,  ...
New pod: test-pod-57, on node: worker-1
Registering time when event comes in for test-pod-59: 1753881485.5667675
New pod test-pod-59! old_node = None, new_node = worker-1.
Handling the new pod object: Pod(name=test-pod-59, label_set=LabelSet(labels={'app': 'app-b', 'role': 'database'}), node=Node(name=worker-1)
[127474218297024] Handling pod test-pod-59, locking app:app-brole:database, app:app-brole:backend,  ...
[127474209904320] Pod test-pod-56 handled. Released locks for: app:app-arole:backend, app:app-arole:database, 
Registering time when event is handled for test-pod-56: 1753881485.5726068
Registering time when event comes in for test-pod-58: 1753881485.5785623
New pod test-pod-58! old_node = None, new_node = worker-1.
Handling the new pod object: Pod(name=test-pod-58, label_set=LabelSet(labels={'app': 'app-b', 'role': 'backend'}), node=Node(name=worker-1)
[127473622709952] Handling pod test-pod-58, locking app:app-brole:database, app:app-brole:frontend, app:app-brole:backend,  ...
[127474440054464] Pod test-pod-57 handled. Released locks for: app:app-brole:backend, app:app-brole:frontend, 
Registering time when event is handled for test-pod-57: 1753881485.5860667
New pod: test-pod-59, on node: worker-1
Registering time when event comes in for test-pod-60: 1753881485.5906005
New pod test-pod-60! old_node = None, new_node = worker-1.
Handling the new pod object: Pod(name=test-pod-60, label_set=LabelSet(labels={'app': 'app-c', 'role': 'frontend'}), node=Node(name=worker-1)
[127474209904320] Handling pod test-pod-60, locking app:app-crole:backend, app:app-crole:frontend,  ...
Registering time when event comes in for test-pod-61: 1753881485.6045554
New pod test-pod-61! old_node = None, new_node = worker-1.
Handling the new pod object: Pod(name=test-pod-61, label_set=LabelSet(labels={'app': 'app-c', 'role': 'backend'}), node=Node(name=worker-1)
[127474440054464] Handling pod test-pod-61, locking app:app-crole:backend, app:app-crole:frontend, app:app-crole:database,  ...
[127474218297024] Pod test-pod-59 handled. Released locks for: app:app-brole:database, app:app-brole:backend, 
Registering time when event is handled for test-pod-59: 1753881485.608425
New pod: test-pod-58, on node: worker-1
Registering time when event comes in for test-pod-62: 1753881485.6206212
New pod test-pod-62! old_node = None, new_node = worker-1.
Handling the new pod object: Pod(name=test-pod-62, label_set=LabelSet(labels={'app': 'app-c', 'role': 'database'}), node=Node(name=worker-1)
[127474218297024] Handling pod test-pod-62, locking app:app-crole:backend, app:app-crole:database,  ...
[127473622709952] Pod test-pod-58 handled. Released locks for: app:app-brole:database, app:app-brole:frontend, app:app-brole:backend, 
Registering time when event is handled for test-pod-58: 1753881485.6293309
Registering time when event comes in for test-pod-63: 1753881485.642419
New pod test-pod-63! old_node = None, new_node = worker-1.
Handling the new pod object: Pod(name=test-pod-63, label_set=LabelSet(labels={'app': 'app-a', 'role': 'frontend'}), node=Node(name=worker-1)
[127473622709952] Handling pod test-pod-63, locking app:app-arole:backend, app:app-arole:frontend,  ...
New pod: test-pod-63, on node: worker-1
[127473622709952] Pod test-pod-63 handled. Released locks for: app:app-arole:backend, app:app-arole:frontend, 
Registering time when event is handled for test-pod-63: 1753881485.6590488
Registering time when event comes in for test-pod-64: 1753881485.6674595
New pod test-pod-64! old_node = None, new_node = worker-1.
Handling the new pod object: Pod(name=test-pod-64, label_set=LabelSet(labels={'app': 'app-a', 'role': 'backend'}), node=Node(name=worker-1)
[127473622709952] Handling pod test-pod-64, locking app:app-arole:backend, app:app-arole:frontend, app:app-arole:database,  ...
New pod: test-pod-64, on node: worker-1
[127473622709952] Pod test-pod-64 handled. Released locks for: app:app-arole:backend, app:app-arole:frontend, app:app-arole:database, 
Registering time when event is handled for test-pod-64: 1753881485.6926749
Registering time when event comes in for test-pod-65: 1753881485.7063804
New pod test-pod-65! old_node = None, new_node = worker-1.
Handling the new pod object: Pod(name=test-pod-65, label_set=LabelSet(labels={'app': 'app-a', 'role': 'database'}), node=Node(name=worker-1)
2025-07-30 13:18:05,707 [INFO] kopf.objects - Handler 'handle_new_pod/spec.nodeName' succeeded.
2025-07-30 13:18:05,707 [INFO] kopf.objects - Creation is processed: 1 succeeded; 0 failed.
2025-07-30 13:18:05,747 [INFO] security_group_module - Attaching security group SG-app:app-crole:backend to instance worker-1
2025-07-30 13:18:05,754 [INFO] kopf.objects - Handler 'handle_new_pod/spec.nodeName' succeeded.
2025-07-30 13:18:05,754 [INFO] kopf.objects - Creation is processed: 1 succeeded; 0 failed.
2025-07-30 13:18:05,788 [INFO] kopf.objects - Handler 'handle_new_pod/spec.nodeName' succeeded.
2025-07-30 13:18:05,789 [INFO] kopf.objects - Creation is processed: 1 succeeded; 0 failed.
2025-07-30 13:18:05,813 [INFO] kopf.objects - Handler 'handle_new_pod/spec.nodeName' succeeded.
2025-07-30 13:18:05,814 [INFO] kopf.objects - Creation is processed: 1 succeeded; 0 failed.
2025-07-30 13:18:05,840 [INFO] kopf.objects - Handler 'handle_new_pod/spec.nodeName' succeeded.
2025-07-30 13:18:05,840 [INFO] kopf.objects - Creation is processed: 1 succeeded; 0 failed.
2025-07-30 13:18:06,412 [INFO] kopf.objects - Handler 'handle_new_pod/spec.nodeName' succeeded.
2025-07-30 13:18:06,413 [INFO] kopf.objects - Creation is processed: 1 succeeded; 0 failed.
2025-07-30 13:18:06,435 [INFO] kopf.objects - Handler 'handle_new_pod/spec.nodeName' succeeded.
2025-07-30 13:18:06,436 [INFO] kopf.objects - Creation is processed: 1 succeeded; 0 failed.
2025-07-30 13:18:06,451 [INFO] kopf.objects - Handler 'handle_new_pod/spec.nodeName' succeeded.
2025-07-30 13:18:06,452 [INFO] kopf.objects - Creation is processed: 1 succeeded; 0 failed.
2025-07-30 13:18:06,471 [INFO] kopf.objects - Handler 'handle_new_pod/spec.nodeName' succeeded.
2025-07-30 13:18:06,472 [INFO] kopf.objects - Creation is processed: 1 succeeded; 0 failed.
2025-07-30 13:18:06,489 [INFO] kopf.objects - Handler 'handle_new_pod/spec.nodeName' succeeded.
2025-07-30 13:18:06,489 [INFO] kopf.objects - Creation is processed: 1 succeeded; 0 failed.
2025-07-30 13:18:06,500 [INFO] kopf.objects - Handler 'handle_new_pod/spec.nodeName' succeeded.
2025-07-30 13:18:06,501 [INFO] kopf.objects - Creation is processed: 1 succeeded; 0 failed.
2025-07-30 13:18:06,512 [INFO] kopf.objects - Handler 'handle_new_pod/spec.nodeName' succeeded.
2025-07-30 13:18:06,512 [INFO] kopf.objects - Creation is processed: 1 succeeded; 0 failed.
2025-07-30 13:18:06,537 [INFO] kopf.objects - Handler 'handle_new_pod/spec.nodeName' succeeded.
2025-07-30 13:18:06,538 [INFO] kopf.objects - Creation is processed: 1 succeeded; 0 failed.
                                        [127473622709952] Handling pod test-pod-65, locking app:app-arole:backend, app:app-arole:database,  ...
New pod: test-pod-65, on node: worker-1
[127473622709952] Pod test-pod-65 handled. Released locks for: app:app-arole:backend, app:app-arole:database, 
Registering time when event is handled for test-pod-65: 1753881485.7322752
Registering time when event comes in for test-pod-66: 1753881485.7534657
New pod test-pod-66! old_node = None, new_node = worker-1.
Handling the new pod object: Pod(name=test-pod-66, label_set=LabelSet(labels={'app': 'app-b', 'role': 'frontend'}), node=Node(name=worker-1)
[127473622709952] Handling pod test-pod-66, locking app:app-brole:backend, app:app-brole:frontend,  ...
New pod: test-pod-66, on node: worker-1
[127473622709952] Pod test-pod-66 handled. Released locks for: app:app-brole:backend, app:app-brole:frontend, 
Registering time when event is handled for test-pod-66: 1753881485.7719352
Registering time when event comes in for test-pod-67: 1753881485.7875826
New pod test-pod-67! old_node = None, new_node = worker-1.
Handling the new pod object: Pod(name=test-pod-67, label_set=LabelSet(labels={'app': 'app-b', 'role': 'backend'}), node=Node(name=worker-1)
[127473622709952] Handling pod test-pod-67, locking app:app-brole:database, app:app-brole:frontend, app:app-brole:backend,  ...
New pod: test-pod-67, on node: worker-1
[127473622709952] Pod test-pod-67 handled. Released locks for: app:app-brole:database, app:app-brole:frontend, app:app-brole:backend, 
Registering time when event is handled for test-pod-67: 1753881485.8009112
Registering time when event comes in for test-pod-68: 1753881485.813313
New pod test-pod-68! old_node = None, new_node = worker-1.
Handling the new pod object: Pod(name=test-pod-68, label_set=LabelSet(labels={'app': 'app-b', 'role': 'database'}), node=Node(name=worker-1)
[127473622709952] Handling pod test-pod-68, locking app:app-brole:database, app:app-brole:backend,  ...
New pod: test-pod-68, on node: worker-1
[127473622709952] Pod test-pod-68 handled. Released locks for: app:app-brole:database, app:app-brole:backend, 
Registering time when event is handled for test-pod-68: 1753881485.825541
Registering time when event comes in for test-pod-69: 1753881485.8365312
New pod test-pod-69! old_node = None, new_node = worker-1.
Handling the new pod object: Pod(name=test-pod-69, label_set=LabelSet(labels={'app': 'app-c', 'role': 'frontend'}), node=Node(name=worker-1)
[127473622709952] Handling pod test-pod-69, locking app:app-crole:backend, app:app-crole:frontend,  ...
[127474193118912] Pod test-pod-7 handled. Released locks for: app:app-crole:backend, app:app-crole:frontend, app:app-crole:database, 
Registering time when event is handled for test-pod-7: 1753881486.4022613
2025-07-30 13:18:06,550 [INFO] kopf.objects - Handler 'handle_new_pod/spec.nodeName' succeeded.
New pod: test-pod-16, on node: worker-1
Registering time when event comes in for test-pod-72: 1753881486.4113746
New pod test-pod-72! old_node = None, new_node = worker-1.
Handling the new pod object: Pod(name=test-pod-72, label_set=LabelSet(labels={'app': 'app-a', 'role': 'frontend'}), node=Node(name=worker-1)
[127474193118912] Handling pod test-pod-72, locking app:app-arole:backend, app:app-arole:frontend,  ...
New pod: test-pod-72, on node: worker-1
[127473589139136] Pod test-pod-16 handled. Released locks for: app:app-crole:backend, app:app-crole:frontend, app:app-crole:database, 
Registering time when event is handled for test-pod-16: 1753881486.4243505
New pod: test-pod-15, on node: worker-1
Registering time when event comes in for test-pod-70: 1753881486.435324
New pod test-pod-70! old_node = None, new_node = worker-1.
Handling the new pod object: Pod(name=test-pod-70, label_set=LabelSet(labels={'app': 'app-c', 'role': 'backend'}), node=Node(name=worker-1)
[127473589139136] Handling pod test-pod-70, locking app:app-crole:backend, app:app-crole:frontend, app:app-crole:database,  ...
[127474193118912] Pod test-pod-72 handled. Released locks for: app:app-arole:backend, app:app-arole:frontend, 
Registering time when event is handled for test-pod-72: 1753881486.4405367
[127473580746432] Pod test-pod-15 handled. Released locks for: app:app-crole:backend, app:app-crole:frontend, 
2025-07-30 13:18:06,550 [INFO] kopf.objects - Creation is processed: 1 succeeded; 0 failed.
Registering time when event is handled for test-pod-15: 1753881486.4411855
New pod: test-pod-17, on node: worker-1
Registering time when event comes in for test-pod-71: 1753881486.4511511
New pod test-pod-71! old_node = None, new_node = worker-1.
Handling the new pod object: Pod(name=test-pod-71, label_set=LabelSet(labels={'app': 'app-c', 'role': 'database'}), node=Node(name=worker-1)
[127474193118912] Handling pod test-pod-71, locking app:app-crole:backend, app:app-crole:database,  ...
[127473085839040] Pod test-pod-17 handled. Released locks for: app:app-crole:backend, app:app-crole:database, 
Registering time when event is handled for test-pod-17: 1753881486.4592884
New pod: test-pod-24, on node: worker-1
Registering time when event comes in for test-pod-73: 1753881486.4691086
New pod test-pod-73! old_node = None, new_node = worker-1.
Handling the new pod object: Pod(name=test-pod-73, label_set=LabelSet(labels={'app': 'app-a', 'role': 'backend'}), node=Node(name=worker-1)
[127473580746432] Handling pod test-pod-73, locking app:app-arole:backend, app:app-arole:frontend, app:app-arole:database,  ...
New pod: test-pod-73, on node: worker-1
[127474457888448] Pod test-pod-24 handled. Released locks for: app:app-crole:backend, app:app-crole:frontend, 
Registering time when event is handled for test-pod-24: 1753881486.4880207
New pod: test-pod-26, on node: worker-1
Registering time when event comes in for test-pod-74: 1753881486.4889357
New pod test-pod-74! old_node = None, new_node = worker-1.
Handling the new pod object: Pod(name=test-pod-74, label_set=LabelSet(labels={'app': 'app-a', 'role': 'database'}), node=Node(name=worker-1)
[127473085839040] Handling pod test-pod-74, locking app:app-arole:backend, app:app-arole:database,  ...
Registering time when event comes in for test-pod-75: 1753881486.4999835
New pod test-pod-75! old_node = None, new_node = worker-1.
Handling the new pod object: Pod(name=test-pod-75, label_set=LabelSet(labels={'app': 'app-b', 'role': 'frontend'}), node=Node(name=worker-1)
[127474457888448] Handling pod test-pod-75, locking app:app-brole:backend, app:app-brole:frontend,  ...
New pod: test-pod-75, on node: worker-1
[127473580746432] Pod test-pod-73 handled. Released locks for: app:app-arole:backend, app:app-arole:frontend, app:app-arole:database, 
Registering time when event is handled for test-pod-73: 1753881486.5003135
New pod: test-pod-74, on node: worker-1
Registering time when event comes in for test-pod-76: 1753881486.5115004
New pod test-pod-76! old_node = None, new_node = worker-1.
Handling the new pod object: Pod(name=test-pod-76, label_set=LabelSet(labels={'app': 'app-b', 'role': 'backend'}), node=Node(name=worker-1)
[127473580746432] Handling pod test-pod-76, locking app:app-brole:database, app:app-brole:frontend, app:app-brole:backend,  ...
[127474457888448] Pod test-pod-75 handled. Released locks for: app:app-brole:backend, app:app-brole:frontend, 
Registering time when event is handled for test-pod-75: 1753881486.5167649
[127474201511616] Pod test-pod-26 handled. Released locks for: app:app-crole:backend, app:app-crole:database, 
Registering time when event is handled for test-pod-26: 1753881486.516842
New pod: test-pod-25, on node: worker-1
New pod: test-pod-76, on node: worker-1
Registering time when event comes in for test-pod-77: 1753881486.529614
New pod test-pod-77! old_node = None, new_node = worker-1.
Handling the new pod object: Pod(name=test-pod-77, label_set=LabelSet(labels={'app': 'app-b', 'role': 'database'}), node=Node(name=worker-1)
[127474457888448] Handling pod test-pod-77, locking app:app-brole:database, app:app-brole:backend,  ...
[127473085839040] Pod test-pod-74 handled. Released locks for: app:app-arole:backend, app:app-arole:database, 
Registering time when event is handled for test-pod-74: 1753881486.5338604
Registering time when event comes in for test-pod-78: 1753881486.5487487
New pod test-pod-78! old_node = None, new_node = worker-1.
2025-07-30 13:18:06,559 [INFO] kopf.objects - Handler 'handle_new_pod/spec.nodeName' succeeded.
2025-07-30 13:18:06,559 [INFO] kopf.objects - Creation is processed: 1 succeeded; 0 failed.
2025-07-30 13:18:06,578 [INFO] kopf.objects - Handler 'handle_new_pod/spec.nodeName' succeeded.
2025-07-30 13:18:06,579 [INFO] kopf.objects - Creation is processed: 1 succeeded; 0 failed.
2025-07-30 13:18:06,584 [INFO] kopf.objects - Handler 'handle_new_pod/spec.nodeName' succeeded.
2025-07-30 13:18:06,585 [INFO] kopf.objects - Creation is processed: 1 succeeded; 0 failed.
2025-07-30 13:18:06,602 [INFO] kopf.objects - Handler 'handle_new_pod/spec.nodeName' succeeded.
2025-07-30 13:18:06,602 [INFO] kopf.objects - Creation is processed: 1 succeeded; 0 failed.
2025-07-30 13:18:06,615 [INFO] kopf.objects - Handler 'handle_new_pod/spec.nodeName' succeeded.
2025-07-30 13:18:06,616 [INFO] kopf.objects - Creation is processed: 1 succeeded; 0 failed.
2025-07-30 13:18:06,636 [INFO] kopf.objects - Handler 'handle_new_pod/spec.nodeName' succeeded.
2025-07-30 13:18:06,637 [INFO] kopf.objects - Creation is processed: 1 succeeded; 0 failed.
2025-07-30 13:18:06,642 [INFO] kopf.objects - Handler 'handle_new_pod/spec.nodeName' succeeded.
2025-07-30 13:18:06,643 [INFO] kopf.objects - Creation is processed: 1 succeeded; 0 failed.
2025-07-30 13:18:06,654 [INFO] kopf.objects - Handler 'handle_new_pod/spec.nodeName' succeeded.
2025-07-30 13:18:06,654 [INFO] kopf.objects - Creation is processed: 1 succeeded; 0 failed.
2025-07-30 13:18:06,664 [INFO] kopf.objects - Handler 'handle_new_pod/spec.nodeName' succeeded.
2025-07-30 13:18:06,665 [INFO] kopf.objects - Creation is processed: 1 succeeded; 0 failed.
2025-07-30 13:18:06,680 [INFO] kopf.objects - Handler 'handle_new_pod/spec.nodeName' succeeded.
2025-07-30 13:18:06,681 [INFO] kopf.objects - Creation is processed: 1 succeeded; 0 failed.
2025-07-30 13:18:06,697 [INFO] kopf.objects - Handler 'handle_new_pod/spec.nodeName' succeeded.
2025-07-30 13:18:06,698 [INFO] kopf.objects - Creation is processed: 1 succeeded; 0 failed.
2025-07-30 13:18:06,710 [INFO] kopf.objects - Handler 'handle_new_pod/spec.nodeName' succeeded.
2025-07-30 13:18:06,710 [INFO] kopf.objects - Creation is processed: 1 succeeded; 0 failed.
Handling the new pod object: Pod(name=test-pod-78, label_set=LabelSet(labels={'app': 'app-c', 'role': 'frontend'}), node=Node(name=worker-1)
[127474201511616] Handling pod test-pod-78, locking app:app-crole:backend, app:app-crole:frontend,  ...
[127474176333504] Pod test-pod-25 handled. Released locks for: app:app-crole:backend, app:app-crole:frontend, app:app-crole:database, 
Registering time when event is handled for test-pod-25: 1753881486.552425
New pod: test-pod-33, on node: worker-1
[127473580746432] Pod test-pod-76 handled. Released locks for: app:app-brole:database, app:app-brole:frontend, app:app-brole:backend, 
Registering time when event is handled for test-pod-76: 1753881486.5529604
New pod: test-pod-77, on node: worker-1
Registering time when event comes in for test-pod-79: 1753881486.558105
New pod test-pod-79! old_node = None, new_node = worker-1.
Handling the new pod object: Pod(name=test-pod-79, label_set=LabelSet(labels={'app': 'app-c', 'role': 'backend'}), node=Node(name=worker-1)
[127473085839040] Handling pod test-pod-79, locking app:app-crole:backend, app:app-crole:frontend, app:app-crole:database,  ...
Registering time when event comes in for test-pod-80: 1753881486.5754552
New pod test-pod-80! old_node = None, new_node = worker-1.
Handling the new pod object: Pod(name=test-pod-80, label_set=LabelSet(labels={'app': 'app-c', 'role': 'database'}), node=Node(name=worker-1)
[127474176333504] Handling pod test-pod-80, locking app:app-crole:backend, app:app-crole:database,  ...
[127474457888448] Pod test-pod-77 handled. Released locks for: app:app-brole:database, app:app-brole:backend, 
Registering time when event is handled for test-pod-77: 1753881486.5765588
Registering time when event comes in for test-pod-81: 1753881486.5837958
New pod test-pod-81! old_node = None, new_node = worker-1.
Handling the new pod object: Pod(name=test-pod-81, label_set=LabelSet(labels={'app': 'app-a', 'role': 'frontend'}), node=Node(name=worker-1)
[127473580746432] Handling pod test-pod-81, locking app:app-arole:backend, app:app-arole:frontend,  ...
New pod: test-pod-81, on node: worker-1
[127473077446336] Pod test-pod-33 handled. Released locks for: app:app-crole:backend, app:app-crole:frontend, 
Registering time when event is handled for test-pod-33: 1753881486.5860436
New pod: test-pod-34, on node: worker-1
[127473580746432] Pod test-pod-81 handled. Released locks for: app:app-arole:backend, app:app-arole:frontend, 
Registering time when event is handled for test-pod-81: 1753881486.5986905
Registering time when event comes in for test-pod-82: 1753881486.5993507
New pod test-pod-82! old_node = None, new_node = worker-1.
Handling the new pod object: Pod(name=test-pod-82, label_set=LabelSet(labels={'app': 'app-a', 'role': 'backend'}), node=Node(name=worker-1)
[127474457888448] Handling pod test-pod-82, locking app:app-arole:backend, app:app-arole:frontend, app:app-arole:database,  ...
New pod: test-pod-82, on node: worker-1
[127474457888448] Pod test-pod-82 handled. Released locks for: app:app-arole:backend, app:app-arole:frontend, app:app-arole:database, 
Registering time when event is handled for test-pod-82: 1753881486.6133504
[127474448447168] Pod test-pod-34 handled. Released locks for: app:app-crole:backend, app:app-crole:frontend, app:app-crole:database, 
Registering time when event is handled for test-pod-34: 1753881486.61373
New pod: test-pod-35, on node: worker-1
Registering time when event comes in for test-pod-83: 1753881486.614505
New pod test-pod-83! old_node = None, new_node = worker-1.
Handling the new pod object: Pod(name=test-pod-83, label_set=LabelSet(labels={'app': 'app-a', 'role': 'database'}), node=Node(name=worker-1)
[127473077446336] Handling pod test-pod-83, locking app:app-arole:backend, app:app-arole:database,  ...
New pod: test-pod-83, on node: worker-1
Registering time when event comes in for test-pod-84: 1753881486.6306944
New pod test-pod-84! old_node = None, new_node = worker-1.
Handling the new pod object: Pod(name=test-pod-84, label_set=LabelSet(labels={'app': 'app-b', 'role': 'frontend'}), node=Node(name=worker-1)
[127473580746432] Handling pod test-pod-84, locking app:app-brole:backend, app:app-brole:frontend,  ...
New pod: test-pod-84, on node: worker-1
[127473605924544] Pod test-pod-35 handled. Released locks for: app:app-crole:backend, app:app-crole:database, 
Registering time when event is handled for test-pod-35: 1753881486.6309586
New pod: test-pod-42, on node: worker-1
Registering time when event comes in for test-pod-85: 1753881486.6403406
New pod test-pod-85! old_node = None, new_node = worker-1.
Handling the new pod object: Pod(name=test-pod-85, label_set=LabelSet(labels={'app': 'app-b', 'role': 'backend'}), node=Node(name=worker-1)
[127474457888448] Handling pod test-pod-85, locking app:app-brole:database, app:app-brole:frontend, app:app-brole:backend,  ...
[127473077446336] Pod test-pod-83 handled. Released locks for: app:app-arole:backend, app:app-arole:database, 
Registering time when event is handled for test-pod-83: 1753881486.6418142
Registering time when event comes in for test-pod-86: 1753881486.6530168
New pod test-pod-86! old_node = None, new_node = worker-1.
Handling the new pod object: Pod(name=test-pod-86, label_set=LabelSet(labels={'app': 'app-b', 'role': 'database'}), node=Node(name=worker-1)
[127474448447168] Handling pod test-pod-86, locking app:app-brole:database, app:app-brole:backend,  ...
[127473614317248] Pod test-pod-42 handled. Released locks for: app:app-crole:backend, app:app-crole:frontend, 
Registering time when event is handled for test-pod-42: 1753881486.6559803
New pod: test-pod-43, on node: worker-1
Registering time when event comes in for test-pod-87: 1753881486.6645658
New pod test-pod-87! old_node = None, new_node = worker-1.
Handling the new pod object: Pod(name=test-pod-87, label_set=LabelSet(labels={'app': 'app-c', 'role': 'frontend'}), node=Node(name=worker-1)
[127473605924544] Handling pod test-pod-87, locking app:app-crole:backend, app:app-crole:frontend,  ...
[127473580746432] Pod test-pod-84 handled. Released locks for: app:app-brole:backend, app:app-brole:frontend, 
Registering time when event is handled for test-pod-84: 1753881486.6671364
New pod: test-pod-85, on node: worker-1
Registering time when event comes in for test-pod-88: 1753881486.6802633
New pod test-pod-88! old_node = None, new_node = worker-1.
Handling the new pod object: Pod(name=test-pod-88, label_set=LabelSet(labels={'app': 'app-c', 'role': 'backend'}), node=Node(name=worker-1)
[127473077446336] Handling pod test-pod-88, locking app:app-crole:backend, app:app-crole:frontend, app:app-crole:database,  ...
[127474457888448] Pod test-pod-85 handled. Released locks for: app:app-brole:database, app:app-brole:frontend, app:app-brole:backend, 
Registering time when event is handled for test-pod-85: 1753881486.6876268
[127474226689728] Pod test-pod-43 handled. Released locks for: app:app-crole:backend, app:app-crole:frontend, app:app-crole:database, 
Registering time when event is handled for test-pod-43: 1753881486.6877382
New pod: test-pod-86, on node: worker-1
New pod: test-pod-44, on node: worker-1
Registering time when event comes in for test-pod-89: 1753881486.6973834
New pod test-pod-89! old_node = None, new_node = worker-1.
Handling the new pod object: Pod(name=test-pod-89, label_set=LabelSet(labels={'app': 'app-c', 'role': 'database'}), node=Node(name=worker-1)
[127473614317248] Handling pod test-pod-89, locking app:app-crole:backend, app:app-crole:database,  ...
[127474448447168] Pod test-pod-86 handled. Released locks for: app:app-brole:database, app:app-brole:backend, 
Registering time when event is handled for test-pod-86: 1753881486.7094996
Registering time when event comes in for test-pod-90: 1753881486.7101023
New pod test-pod-90! old_node = None, new_node = worker-1.
Handling the new pod object: Pod(name=test-pod-90, label_set=LabelSet(labels={'app': 'app-a', 'role': 'frontend'}), node=Node(name=worker-1)
[127473580746432] Handling pod test-pod-90, locking app:app-arole:backend, app:app-arole:frontend,  ...
New pod: test-pod-90, on node: worker-1
2025-07-30 13:18:06,722 [INFO] kopf.objects - Handler 'handle_new_pod/spec.nodeName' succeeded.
2025-07-30 13:18:06,723 [INFO] kopf.objects - Creation is processed: 1 succeeded; 0 failed.
2025-07-30 13:18:06,739 [INFO] kopf.objects - Handler 'handle_new_pod/spec.nodeName' succeeded.
2025-07-30 13:18:06,740 [INFO] kopf.objects - Creation is processed: 1 succeeded; 0 failed.
2025-07-30 13:18:06,754 [INFO] kopf.objects - Handler 'handle_new_pod/spec.nodeName' succeeded.
2025-07-30 13:18:06,754 [INFO] kopf.objects - Creation is processed: 1 succeeded; 0 failed.
2025-07-30 13:18:06,766 [INFO] kopf.objects - Handler 'handle_new_pod/spec.nodeName' succeeded.
2025-07-30 13:18:06,768 [INFO] kopf.objects - Creation is processed: 1 succeeded; 0 failed.
2025-07-30 13:18:06,786 [INFO] kopf.objects - Handler 'handle_new_pod/spec.nodeName' succeeded.
2025-07-30 13:18:06,787 [INFO] kopf.objects - Creation is processed: 1 succeeded; 0 failed.
2025-07-30 13:18:06,804 [INFO] kopf.objects - Handler 'handle_new_pod/spec.nodeName' succeeded.
2025-07-30 13:18:06,805 [INFO] kopf.objects - Creation is processed: 1 succeeded; 0 failed.
2025-07-30 13:18:06,818 [INFO] kopf.objects - Handler 'handle_new_pod/spec.nodeName' succeeded.
2025-07-30 13:18:06,818 [INFO] kopf.objects - Creation is processed: 1 succeeded; 0 failed.
2025-07-30 13:18:06,834 [INFO] kopf.objects - Handler 'handle_new_pod/spec.nodeName' succeeded.
2025-07-30 13:18:06,835 [INFO] kopf.objects - Creation is processed: 1 succeeded; 0 failed.
2025-07-30 13:18:06,846 [INFO] kopf.objects - Handler 'handle_new_pod/spec.nodeName' succeeded.
2025-07-30 13:18:06,847 [INFO] kopf.objects - Creation is processed: 1 succeeded; 0 failed.
2025-07-30 13:18:06,854 [INFO] kopf.objects - Handler 'handle_new_pod/spec.nodeName' succeeded.
2025-07-30 13:18:06,854 [INFO] kopf.objects - Creation is processed: 1 succeeded; 0 failed.
2025-07-30 13:18:06,872 [INFO] kopf.objects - Handler 'handle_new_pod/spec.nodeName' succeeded.
2025-07-30 13:18:06,872 [INFO] kopf.objects - Creation is processed: 1 succeeded; 0 failed.
2025-07-30 13:18:06,887 [INFO] kopf.objects - Handler 'handle_new_pod/spec.nodeName' succeeded.
2025-07-30 13:18:06,889 [INFO] kopf.objects - Creation is processed: 1 succeeded; 0 failed.
2025-07-30 13:18:06,905 [INFO] kopf.objects - Handler 'handle_new_pod/spec.nodeName' succeeded.
2025-07-30 13:18:06,905 [INFO] kopf.objects - Creation is processed: 1 succeeded; 0 failed.
2025-07-30 13:18:06,922 [INFO] kopf.objects - Handler 'handle_new_pod/spec.nodeName' succeeded.
2025-07-30 13:18:06,923 [INFO] kopf.objects - Creation is processed: 1 succeeded; 0 failed.
2025-07-30 13:18:06,940 [INFO] kopf.objects - Handler 'handle_new_pod/spec.nodeName' succeeded.
2025-07-30 13:18:06,940 [INFO] kopf.objects - Creation is processed: 1 succeeded; 0 failed.
2025-07-30 13:18:06,956 [INFO] kopf.objects - Handler 'handle_new_pod/spec.nodeName' succeeded.
2025-07-30 13:18:06,957 [INFO] kopf.objects - Creation is processed: 1 succeeded; 0 failed.
2025-07-30 13:18:06,974 [INFO] kopf.objects - Handler 'handle_new_pod/spec.nodeName' succeeded.
2025-07-30 13:18:06,974 [INFO] kopf.objects - Creation is processed: 1 succeeded; 0 failed.
2025-07-30 13:18:06,989 [INFO] kopf.objects - Handler 'handle_new_pod/spec.nodeName' succeeded.
2025-07-30 13:18:06,989 [INFO] kopf.objects - Creation is processed: 1 succeeded; 0 failed.
2025-07-30 13:18:07,004 [INFO] kopf.objects - Handler 'handle_new_pod/spec.nodeName' succeeded.
2025-07-30 13:18:07,004 [INFO] kopf.objects - Creation is processed: 1 succeeded; 0 failed.
2025-07-30 13:18:07,019 [INFO] kopf.objects - Handler 'handle_new_pod/spec.nodeName' succeeded.
2025-07-30 13:18:07,020 [INFO] kopf.objects - Creation is processed: 1 succeeded; 0 failed.
2025-07-30 13:18:07,041 [INFO] kopf.objects - Handler 'handle_new_pod/spec.nodeName' succeeded.
2025-07-30 13:18:07,042 [INFO] kopf.objects - Creation is processed: 1 succeeded; 0 failed.
2025-07-30 13:18:07,058 [INFO] kopf.objects - Handler 'handle_new_pod/spec.nodeName' succeeded.
2025-07-30 13:18:07,059 [INFO] kopf.objects - Creation is processed: 1 succeeded; 0 failed.
2025-07-30 13:18:07,081 [INFO] kopf.objects - Handler 'handle_new_pod/spec.nodeName' succeeded.
2025-07-30 13:18:07,081 [INFO] kopf.objects - Creation is processed: 1 succeeded; 0 failed.
2025-07-30 13:18:07,101 [INFO] kopf.objects - Handler 'handle_new_pod/spec.nodeName' succeeded.
2025-07-30 13:18:07,102 [INFO] kopf.objects - Creation is processed: 1 succeeded; 0 failed.
2025-07-30 13:18:07,123 [INFO] kopf.objects - Handler 'handle_new_pod/spec.nodeName' succeeded.
2025-07-30 13:18:07,123 [INFO] kopf.objects - Creation is processed: 1 succeeded; 0 failed.
Registering time when event comes in for test-pod-91: 1753881486.7222357
New pod test-pod-91! old_node = None, new_node = worker-1.
Handling the new pod object: Pod(name=test-pod-91, label_set=LabelSet(labels={'app': 'app-a', 'role': 'backend'}), node=Node(name=worker-1)
[127474457888448] Handling pod test-pod-91, locking app:app-arole:backend, app:app-arole:frontend, app:app-arole:database,  ...
New pod: test-pod-51, on node: worker-1
Registering time when event comes in for test-pod-93: 1753881486.739232
New pod test-pod-93! old_node = None, new_node = worker-1.
Handling the new pod object: Pod(name=test-pod-93, label_set=LabelSet(labels={'app': 'app-b', 'role': 'frontend'}), node=Node(name=worker-1)
[127474226689728] Handling pod test-pod-93, locking app:app-brole:backend, app:app-brole:frontend,  ...
New pod: test-pod-93, on node: worker-1
[127473580746432] Pod test-pod-90 handled. Released locks for: app:app-arole:backend, app:app-arole:frontend, 
Registering time when event is handled for test-pod-90: 1753881486.7444892
New pod: test-pod-91, on node: worker-1
Registering time when event comes in for test-pod-92: 1753881486.752534
New pod test-pod-92! old_node = None, new_node = worker-1.
Handling the new pod object: Pod(name=test-pod-92, label_set=LabelSet(labels={'app': 'app-a', 'role': 'database'}), node=Node(name=worker-1)
[127474448447168] Handling pod test-pod-92, locking app:app-arole:backend, app:app-arole:database,  ...
[127474184726208] Pod test-pod-51 handled. Released locks for: app:app-crole:backend, app:app-crole:frontend, 
Registering time when event is handled for test-pod-51: 1753881486.7573786
New pod: test-pod-52, on node: worker-1
Registering time when event comes in for test-pod-94: 1753881486.7665
New pod test-pod-94! old_node = None, new_node = worker-1.
Handling the new pod object: Pod(name=test-pod-94, label_set=LabelSet(labels={'app': 'app-b', 'role': 'backend'}), node=Node(name=worker-1)
[127473597531840] Handling pod test-pod-94, locking app:app-brole:database, app:app-brole:frontend, app:app-brole:backend,  ...
[127474457888448] Pod test-pod-91 handled. Released locks for: app:app-arole:backend, app:app-arole:frontend, app:app-arole:database, 
Registering time when event is handled for test-pod-91: 1753881486.776343
New pod: test-pod-92, on node: worker-1
Registering time when event comes in for test-pod-95: 1753881486.7852905
New pod test-pod-95! old_node = None, new_node = worker-1.
Handling the new pod object: Pod(name=test-pod-95, label_set=LabelSet(labels={'app': 'app-b', 'role': 'database'}), node=Node(name=worker-1)
[127473580746432] Handling pod test-pod-95, locking app:app-brole:database, app:app-brole:backend,  ...
[127474226689728] Pod test-pod-93 handled. Released locks for: app:app-brole:backend, app:app-brole:frontend, 
Registering time when event is handled for test-pod-93: 1753881486.7968862
New pod: test-pod-94, on node: worker-1
Registering time when event comes in for test-pod-96: 1753881486.8041382
New pod test-pod-96! old_node = None, new_node = worker-1.
Handling the new pod object: Pod(name=test-pod-96, label_set=LabelSet(labels={'app': 'app-c', 'role': 'frontend'}), node=Node(name=worker-1)
[127474184726208] Handling pod test-pod-96, locking app:app-crole:backend, app:app-crole:frontend,  ...
Registering time when event comes in for test-pod-97: 1753881486.8174262
New pod test-pod-97! old_node = None, new_node = worker-1.
Handling the new pod object: Pod(name=test-pod-97, label_set=LabelSet(labels={'app': 'app-c', 'role': 'backend'}), node=Node(name=worker-1)
[127474457888448] Handling pod test-pod-97, locking app:app-crole:backend, app:app-crole:frontend, app:app-crole:database,  ...
[127474448447168] Pod test-pod-92 handled. Released locks for: app:app-arole:backend, app:app-arole:database, 
Registering time when event is handled for test-pod-92: 1753881486.822068
[127474471524032] Pod test-pod-52 handled. Released locks for: app:app-crole:backend, app:app-crole:frontend, app:app-crole:database, 
Registering time when event is handled for test-pod-52: 1753881486.8269997
New pod: test-pod-53, on node: worker-1
Registering time when event comes in for test-pod-98: 1753881486.833004
New pod test-pod-98! old_node = None, new_node = worker-1.
Handling the new pod object: Pod(name=test-pod-98, label_set=LabelSet(labels={'app': 'app-c', 'role': 'database'}), node=Node(name=worker-1)
[127474226689728] Handling pod test-pod-98, locking app:app-crole:backend, app:app-crole:database,  ...
[127473597531840] Pod test-pod-94 handled. Released locks for: app:app-brole:database, app:app-brole:frontend, app:app-brole:backend, 
Registering time when event is handled for test-pod-94: 1753881486.8383043
New pod: test-pod-95, on node: worker-1
[127473572353728] Pod test-pod-53 handled. Released locks for: app:app-crole:backend, app:app-crole:database, 
Registering time when event is handled for test-pod-53: 1753881486.8533335
New pod: test-pod-60, on node: worker-1
[127473580746432] Pod test-pod-95 handled. Released locks for: app:app-brole:database, app:app-brole:backend, 
Registering time when event is handled for test-pod-95: 1753881486.8536184
[127474209904320] Pod test-pod-60 handled. Released locks for: app:app-crole:backend, app:app-crole:frontend, 
Registering time when event is handled for test-pod-60: 1753881486.8745513
New pod: test-pod-61, on node: worker-1
[127474440054464] Pod test-pod-61 handled. Released locks for: app:app-crole:backend, app:app-crole:frontend, app:app-crole:database, 
Registering time when event is handled for test-pod-61: 1753881486.8943636
New pod: test-pod-62, on node: worker-1
[127474218297024] Pod test-pod-62 handled. Released locks for: app:app-crole:backend, app:app-crole:database, 
Registering time when event is handled for test-pod-62: 1753881486.9152782
New pod: test-pod-69, on node: worker-1
[127473622709952] Pod test-pod-69 handled. Released locks for: app:app-crole:backend, app:app-crole:frontend, 
Registering time when event is handled for test-pod-69: 1753881486.9394062
New pod: test-pod-70, on node: worker-1
[127473589139136] Pod test-pod-70 handled. Released locks for: app:app-crole:backend, app:app-crole:frontend, app:app-crole:database, 
Registering time when event is handled for test-pod-70: 1753881486.9616692
New pod: test-pod-71, on node: worker-1
[127474193118912] Pod test-pod-71 handled. Released locks for: app:app-crole:backend, app:app-crole:database, 
Registering time when event is handled for test-pod-71: 1753881486.9841168
New pod: test-pod-78, on node: worker-1
[127474201511616] Pod test-pod-78 handled. Released locks for: app:app-crole:backend, app:app-crole:frontend, 
Registering time when event is handled for test-pod-78: 1753881487.0094562
New pod: test-pod-79, on node: worker-1
[127473085839040] Pod test-pod-79 handled. Released locks for: app:app-crole:backend, app:app-crole:frontend, app:app-crole:database, 
Registering time when event is handled for test-pod-79: 1753881487.0274954
New pod: test-pod-80, on node: worker-1
[127474176333504] Pod test-pod-80 handled. Released locks for: app:app-crole:backend, app:app-crole:database, 
Registering time when event is handled for test-pod-80: 1753881487.0458117
New pod: test-pod-87, on node: worker-1
[127473605924544] Pod test-pod-87 handled. Released locks for: app:app-crole:backend, app:app-crole:frontend, 
Registering time when event is handled for test-pod-87: 1753881487.0648673
New pod: test-pod-88, on node: worker-1
[127473077446336] Pod test-pod-88 handled. Released locks for: app:app-crole:backend, app:app-crole:frontend, app:app-crole:database, 
Registering time when event is handled for test-pod-88: 1753881487.0847423
New pod: test-pod-89, on node: worker-1
[127473614317248] Pod test-pod-89 handled. Released locks for: app:app-crole:backend, app:app-crole:database, 
Registering time when event is handled for test-pod-89: 1753881487.1105154
New pod: test-pod-96, on node: worker-1
håworker-1îsbubh)Åî}î(håtest-pod-77îhh
)Åî}î(h}î(åappîåapp-bîåroleîådatabaseîuhåapp:app-brole:databaseîubhh)Åî}îhåworker-1îsbubh)Åî}î(håtest-pod-81îhh
2025-07-30 13:18:07,144 [INFO] kopf.objects - Handler 'handle_new_pod/spec.nodeName' succeeded.
2025-07-30 13:18:07,144 [INFO] kopf.objects - Creation is processed: 1 succeeded; 0 failed.
2025-07-30 13:18:07,160 [INFO] kopf.objects - Handler 'handle_new_pod/spec.nodeName' succeeded.
2025-07-30 13:18:07,161 [INFO] kopf.objects - Creation is processed: 1 succeeded; 0 failed.
2025-07-30 13:18:07,173 [INFO] kopf.objects - Handler 'handle_new_pod/spec.nodeName' succeeded.
2025-07-30 13:18:07,175 [INFO] kopf.objects - Creation is processed: 1 succeeded; 0 failed.
