2025-07-30 13:11:20,342 [INFO] /app/code/main_operator_latency.py - Starting Operator with 20 workers.
2025-07-30 13:11:20,453 [INFO] root - Initializing Openstack Client!
2025-07-30 13:11:20,721 [INFO] root - ================================= FRESH INITIALISATION DONE =====================================
2025-07-30 13:11:20,723 [INFO] operator_code.watcher_operator - Watcher class for Kopf Operator!
2025-07-30 13:11:20,724 [INFO] kopf.activities.startup - Activity 'startup_handler' succeeded.
2025-07-30 13:11:20,725 [INFO] kopf._core.engines.activities - Initial authentication has been initiated.
2025-07-30 13:11:20,730 [INFO] kopf.activities.authentication - Activity 'login_via_client' succeeded.
2025-07-30 13:11:20,730 [INFO] kopf._core.engines.activities - Initial authentication has finished.
2025-07-30 13:11:20,766 [WARNING] kopf._core.reactor.observation - Not enough permissions to list namespaces. Falling back to a list of namespaces which are assumed to exist: {'test-thesis'}
2025-07-30 13:11:20,770 [WARNING] kopf._core.reactor.observation - Not enough permissions to watch for namespaces: changes (deletion/creation) will not be noticed; the namespaces are only refreshed on operator restarts.
2025-07-30 13:11:24,964 [INFO] kopf.objects - Handler 'handle_new_policy' succeeded.
2025-07-30 13:11:24,965 [INFO] kopf.objects - Creation is processed: 1 succeeded; 0 failed.
2025-07-30 13:11:25,092 [INFO] matcher - PLS: Configuring new spol Policy(name=app-c-allow-frontend-backend, sel=LabelSet(labels={'app': 'app-c', 'role': 'frontend'}), allow=[
(LabelSet(labels={'app': 'app-c', 'role': 'backend'}), Traffic(direction=ingress, port=80, protocol=TCP)) 
])
2025-07-30 13:11:25,106 [INFO] matcher - PLS: Configuring new spol Policy(name=app-c-allow-frontend-backend, sel=LabelSet(labels={'app': 'app-c', 'role': 'frontend'}), allow=[
(LabelSet(labels={'app': 'app-c', 'role': 'backend'}), Traffic(direction=egress, port=80, protocol=TCP)) 
])
2025-07-30 13:11:25,118 [INFO] kopf.objects - Handler 'handle_new_policy' succeeded.
2025-07-30 13:11:25,118 [INFO] kopf.objects - Creation is processed: 1 succeeded; 0 failed.
2025-07-30 13:11:25,232 [INFO] matcher - PLS: Configuring new spol Policy(name=app-c-allow-database-backend, sel=LabelSet(labels={'app': 'app-c', 'role': 'database'}), allow=[
(LabelSet(labels={'app': 'app-c', 'role': 'backend'}), Traffic(direction=ingress, port=80, protocol=TCP)) 
])
2025-07-30 13:11:25,244 [INFO] matcher - PLS: Configuring new spol Policy(name=app-c-allow-database-backend, sel=LabelSet(labels={'app': 'app-c', 'role': 'database'}), allow=[
(LabelSet(labels={'app': 'app-c', 'role': 'backend'}), Traffic(direction=egress, port=80, protocol=TCP)) 
])
2025-07-30 13:11:25,255 [INFO] kopf.objects - Handler 'handle_new_policy' succeeded.
2025-07-30 13:11:25,257 [INFO] kopf.objects - Creation is processed: 1 succeeded; 0 failed.
2025-07-30 13:11:25,334 [INFO] matcher - PLS: Configuring new spol Policy(name=app-c-allow-backend-frontend, sel=LabelSet(labels={'app': 'app-c', 'role': 'backend'}), allow=[
(LabelSet(labels={'app': 'app-c', 'role': 'frontend'}), Traffic(direction=ingress, port=80, protocol=TCP)) 
])
2025-07-30 13:11:25,347 [INFO] matcher - PLS: Configuring new spol Policy(name=app-c-allow-backend-frontend, sel=LabelSet(labels={'app': 'app-c', 'role': 'backend'}), allow=[
(LabelSet(labels={'app': 'app-c', 'role': 'frontend'}), Traffic(direction=egress, port=80, protocol=TCP)) 
])
2025-07-30 13:11:25,361 [INFO] kopf.objects - Handler 'handle_new_policy' succeeded.
2025-07-30 13:11:25,362 [INFO] kopf.objects - Creation is processed: 1 succeeded; 0 failed.
2025-07-30 13:11:25,443 [INFO] matcher - PLS: Configuring new spol Policy(name=app-c-allow-backend-database, sel=LabelSet(labels={'app': 'app-c', 'role': 'backend'}), allow=[
(LabelSet(labels={'app': 'app-c', 'role': 'database'}), Traffic(direction=ingress, port=80, protocol=TCP)) 
])
2025-07-30 13:11:25,461 [INFO] matcher - PLS: Configuring new spol Policy(name=app-c-allow-backend-database, sel=LabelSet(labels={'app': 'app-c', 'role': 'backend'}), allow=[
(LabelSet(labels={'app': 'app-c', 'role': 'database'}), Traffic(direction=egress, port=80, protocol=TCP)) 
])
2025-07-30 13:11:25,479 [INFO] kopf.objects - Handler 'handle_new_policy' succeeded.
2025-07-30 13:11:25,484 [INFO] kopf.objects - Creation is processed: 1 succeeded; 0 failed.
2025-07-30 13:11:25,627 [INFO] matcher - PLS: Configuring new spol Policy(name=app-b-allow-backend-database, sel=LabelSet(labels={'app': 'app-b', 'role': 'backend'}), allow=[
(LabelSet(labels={'app': 'app-b', 'role': 'database'}), Traffic(direction=ingress, port=80, protocol=TCP)) 
])
2025-07-30 13:11:25,639 [INFO] matcher - PLS: Configuring new spol Policy(name=app-b-allow-backend-database, sel=LabelSet(labels={'app': 'app-b', 'role': 'backend'}), allow=[
(LabelSet(labels={'app': 'app-b', 'role': 'database'}), Traffic(direction=egress, port=80, protocol=TCP)) 
])
2025-07-30 13:11:25,653 [INFO] kopf.objects - Handler 'handle_new_policy' succeeded.
2025-07-30 13:11:25,654 [INFO] kopf.objects - Creation is processed: 1 succeeded; 0 failed.
2025-07-30 13:11:25,711 [INFO] matcher - PLS: Configuring new spol Policy(name=app-b-allow-database-backend, sel=LabelSet(labels={'app': 'app-b', 'role': 'database'}), allow=[
(LabelSet(labels={'app': 'app-b', 'role': 'backend'}), Traffic(direction=ingress, port=80, protocol=TCP)) 
])
2025-07-30 13:11:25,732 [INFO] matcher - PLS: Configuring new spol Policy(name=app-b-allow-database-backend, sel=LabelSet(labels={'app': 'app-b', 'role': 'database'}), allow=[
(LabelSet(labels={'app': 'app-b', 'role': 'backend'}), Traffic(direction=egress, port=80, protocol=TCP)) 
])
2025-07-30 13:11:25,747 [INFO] kopf.objects - Handler 'handle_new_policy' succeeded.
2025-07-30 13:11:25,748 [INFO] kopf.objects - Creation is processed: 1 succeeded; 0 failed.
2025-07-30 13:11:25,847 [INFO] matcher - PLS: Configuring new spol Policy(name=app-b-allow-frontend-backend, sel=LabelSet(labels={'app': 'app-b', 'role': 'frontend'}), allow=[
(LabelSet(labels={'app': 'app-b', 'role': 'backend'}), Traffic(direction=ingress, port=80, protocol=TCP)) 
])
2025-07-30 13:11:25,857 [INFO] matcher - PLS: Configuring new spol Policy(name=app-b-allow-frontend-backend, sel=LabelSet(labels={'app': 'app-b', 'role': 'frontend'}), allow=[
(LabelSet(labels={'app': 'app-b', 'role': 'backend'}), Traffic(direction=egress, port=80, protocol=TCP)) 
])
2025-07-30 13:11:25,873 [INFO] kopf.objects - Handler 'handle_new_policy' succeeded.
2025-07-30 13:11:25,874 [INFO] kopf.objects - Creation is processed: 1 succeeded; 0 failed.
2025-07-30 13:11:25,974 [INFO] kopf.objects - Handler 'handle_new_policy' succeeded.
2025-07-30 13:11:25,978 [INFO] kopf.objects - Creation is processed: 1 succeeded; 0 failed.
2025-07-30 13:11:26,003 [INFO] matcher - PLS: Configuring new spol Policy(name=app-b-allow-backend-frontend, sel=LabelSet(labels={'app': 'app-b', 'role': 'backend'}), allow=[
(LabelSet(labels={'app': 'app-b', 'role': 'frontend'}), Traffic(direction=ingress, port=80, protocol=TCP)) 
])
2025-07-30 13:11:26,019 [INFO] matcher - PLS: Configuring new spol Policy(name=app-b-allow-backend-frontend, sel=LabelSet(labels={'app': 'app-b', 'role': 'backend'}), allow=[
(LabelSet(labels={'app': 'app-b', 'role': 'frontend'}), Traffic(direction=egress, port=80, protocol=TCP)) 
])
2025-07-30 13:11:26,032 [INFO] kopf.objects - Handler 'handle_new_policy' succeeded.
2025-07-30 13:11:26,032 [INFO] kopf.objects - Creation is processed: 1 succeeded; 0 failed.
2025-07-30 13:11:26,164 [INFO] matcher - PLS: Configuring new spol Policy(name=app-a-allow-backend-database, sel=LabelSet(labels={'app': 'app-a', 'role': 'backend'}), allow=[
(LabelSet(labels={'app': 'app-a', 'role': 'database'}), Traffic(direction=ingress, port=80, protocol=TCP)) 
])
2025-07-30 13:11:26,175 [INFO] matcher - PLS: Configuring new spol Policy(name=app-a-allow-backend-database, sel=LabelSet(labels={'app': 'app-a', 'role': 'backend'}), allow=[
(LabelSet(labels={'app': 'app-a', 'role': 'database'}), Traffic(direction=egress, port=80, protocol=TCP)) 
])
2025-07-30 13:11:26,192 [INFO] kopf.objects - Handler 'handle_new_policy' succeeded.
2025-07-30 13:11:26,192 [INFO] kopf.objects - Creation is processed: 1 succeeded; 0 failed.
2025-07-30 13:11:26,247 [INFO] matcher - PLS: Configuring new spol Policy(name=app-a-allow-frontend-backend, sel=LabelSet(labels={'app': 'app-a', 'role': 'frontend'}), allow=[
(LabelSet(labels={'app': 'app-a', 'role': 'backend'}), Traffic(direction=ingress, port=80, protocol=TCP)) 
])
2025-07-30 13:11:26,260 [INFO] matcher - PLS: Configuring new spol Policy(name=app-a-allow-frontend-backend, sel=LabelSet(labels={'app': 'app-a', 'role': 'frontend'}), allow=[
(LabelSet(labels={'app': 'app-a', 'role': 'backend'}), Traffic(direction=egress, port=80, protocol=TCP)) 
])
2025-07-30 13:11:26,273 [INFO] kopf.objects - Handler 'handle_new_policy' succeeded.
2025-07-30 13:11:26,274 [INFO] kopf.objects - Creation is processed: 1 succeeded; 0 failed.
2025-07-30 13:11:26,319 [INFO] matcher - PLS: Configuring new spol Policy(name=app-a-allow-backend-frontend, sel=LabelSet(labels={'app': 'app-a', 'role': 'backend'}), allow=[
(LabelSet(labels={'app': 'app-a', 'role': 'frontend'}), Traffic(direction=ingress, port=80, protocol=TCP)) 
])
2025-07-30 13:11:26,336 [INFO] matcher - PLS: Configuring new spol Policy(name=app-a-allow-backend-frontend, sel=LabelSet(labels={'app': 'app-a', 'role': 'backend'}), allow=[
(LabelSet(labels={'app': 'app-a', 'role': 'frontend'}), Traffic(direction=egress, port=80, protocol=TCP)) 
])
2025-07-30 13:11:26,352 [INFO] kopf.objects - Handler 'handle_new_policy' succeeded.
2025-07-30 13:11:26,353 [INFO] kopf.objects - Creation is processed: 1 succeeded; 0 failed.
2025-07-30 13:11:26,401 [INFO] kopf.objects - Handler 'handle_new_policy' succeeded.
2025-07-30 13:11:26,401 [INFO] kopf.objects - Creation is processed: 1 succeeded; 0 failed.
2025-07-30 13:11:26,501 [INFO] matcher - PLS: Configuring new spol Policy(name=app-a-allow-database-backend, sel=LabelSet(labels={'app': 'app-a', 'role': 'database'}), allow=[
(LabelSet(labels={'app': 'app-a', 'role': 'backend'}), Traffic(direction=ingress, port=80, protocol=TCP)) 
])
2025-07-30 13:11:26,516 [INFO] matcher - PLS: Configuring new spol Policy(name=app-a-allow-database-backend, sel=LabelSet(labels={'app': 'app-a', 'role': 'database'}), allow=[
(LabelSet(labels={'app': 'app-a', 'role': 'backend'}), Traffic(direction=egress, port=80, protocol=TCP)) 
])
2025-07-30 13:11:26,534 [INFO] kopf.objects - Handler 'handle_new_policy' succeeded.
2025-07-30 13:11:26,536 [INFO] kopf.objects - Creation is processed: 1 succeeded; 0 failed.
2025-07-30 13:11:27,256 [INFO] matcher - PLS: Configuring new pod with labelset: {L}
2025-07-30 13:11:27,256 [INFO] matcher - PLS: Configuring new spol Policy(name=app-b-allow-backend-frontend, sel=LabelSet(labels={'app': 'app-b', 'role': 'backend'}), allow=[
(LabelSet(labels={'app': 'app-b', 'role': 'frontend'}), Traffic(direction=egress, port=80, protocol=TCP)) 
])
2025-07-30 13:11:27,256 [INFO] matcher - PLS: Configuring new spol Policy(name=app-b-allow-frontend-backend, sel=LabelSet(labels={'app': 'app-b', 'role': 'frontend'}), allow=[
(LabelSet(labels={'app': 'app-b', 'role': 'backend'}), Traffic(direction=egress, port=80, protocol=TCP)) 
])
2025-07-30 13:11:27,256 [INFO] matcher - Adding Security Group for select labelset: LabelSet(labels={'app': 'app-b', 'role': 'frontend'})
2025-07-30 13:11:27,375 [INFO] matcher - PLS: Configuring new pod with labelset: {L}
2025-07-30 13:11:27,375 [INFO] matcher - PLS: Configuring new spol Policy(name=app-a-allow-database-backend, sel=LabelSet(labels={'app': 'app-a', 'role': 'database'}), allow=[
(LabelSet(labels={'app': 'app-a', 'role': 'backend'}), Traffic(direction=ingress, port=80, protocol=TCP)) 
])
2025-07-30 13:11:27,375 [INFO] matcher - PLS: Configuring new spol Policy(name=app-a-allow-backend-database, sel=LabelSet(labels={'app': 'app-a', 'role': 'backend'}), allow=[
(LabelSet(labels={'app': 'app-a', 'role': 'database'}), Traffic(direction=ingress, port=80, protocol=TCP)) 
])
2025-07-30 13:11:27,375 [INFO] matcher - Adding Security Group for select labelset: LabelSet(labels={'app': 'app-a', 'role': 'backend'})
🚀 Starting Kopf operator in mode: PLS, watching the test-thesis namespace.
Initialising latency-results.csv file
[130988154721984] Handling new policy app-c-deny-all, locking app:app-c,  ...
Successfully added policy app-c-deny-all to ClusterState
[130988154721984] Handled new policy app-c-deny-all, Released app:app-c,  ...
[130988154721984] Handling new policy app-c-allow-frontend-backend, locking app:app-crole:backend, app:app-crole:frontend,  ...
Successfully added policy app-c-allow-frontend-backend to ClusterState
[130988154721984] Handled new policy app-c-allow-frontend-backend, Released app:app-crole:backend, app:app-crole:frontend,  ...
[130988154721984] Handling new policy app-c-allow-database-backend, locking app:app-crole:database, app:app-crole:backend,  ...
Successfully added policy app-c-allow-database-backend to ClusterState
[130988154721984] Handled new policy app-c-allow-database-backend, Released app:app-crole:database, app:app-crole:backend,  ...
[130988154721984] Handling new policy app-c-allow-backend-frontend, locking app:app-crole:frontend, app:app-crole:backend,  ...
Successfully added policy app-c-allow-backend-frontend to ClusterState
[130988154721984] Handled new policy app-c-allow-backend-frontend, Released app:app-crole:frontend, app:app-crole:backend,  ...
[130988154721984] Handling new policy app-c-allow-backend-database, locking app:app-crole:database, app:app-crole:backend,  ...
Successfully added policy app-c-allow-backend-database to ClusterState
[130988154721984] Handled new policy app-c-allow-backend-database, Released app:app-crole:database, app:app-crole:backend,  ...
[130988154721984] Handling new policy app-b-allow-backend-database, locking app:app-brole:database, app:app-brole:backend,  ...
Successfully added policy app-b-allow-backend-database to ClusterState
[130988154721984] Handled new policy app-b-allow-backend-database, Released app:app-brole:database, app:app-brole:backend,  ...
[130988154721984] Handling new policy app-b-allow-database-backend, locking app:app-brole:database, app:app-brole:backend,  ...
Successfully added policy app-b-allow-database-backend to ClusterState
[130988154721984] Handled new policy app-b-allow-database-backend, Released app:app-brole:database, app:app-brole:backend,  ...
[130988154721984] Handling new policy app-b-allow-frontend-backend, locking app:app-brole:frontend, app:app-brole:backend,  ...
Successfully added policy app-b-allow-frontend-backend to ClusterState
[130988154721984] Handled new policy app-b-allow-frontend-backend, Released app:app-brole:frontend, app:app-brole:backend,  ...
[130988154721984] Handling new policy app-b-deny-all, locking app:app-b,  ...
Successfully added policy app-b-deny-all to ClusterState
[130988154721984] Handled new policy app-b-deny-all, Released app:app-b,  ...
[130988154721984] Handling new policy app-b-allow-backend-frontend, locking app:app-brole:frontend, app:app-brole:backend,  ...
Successfully added policy app-b-allow-backend-frontend to ClusterState
[130988154721984] Handled new policy app-b-allow-backend-frontend, Released app:app-brole:frontend, app:app-brole:backend,  ...
[130988154721984] Handling new policy app-a-allow-backend-database, locking app:app-arole:database, app:app-arole:backend,  ...
Successfully added policy app-a-allow-backend-database to ClusterState
[130988154721984] Handled new policy app-a-allow-backend-database, Released app:app-arole:database, app:app-arole:backend,  ...
[130988154721984] Handling new policy app-a-allow-frontend-backend, locking app:app-arole:frontend, app:app-arole:backend,  ...
Successfully added policy app-a-allow-frontend-backend to ClusterState
[130988154721984] Handled new policy app-a-allow-frontend-backend, Released app:app-arole:frontend, app:app-arole:backend,  ...
[130988154721984] Handling new policy app-a-allow-backend-frontend, locking app:app-arole:frontend, app:app-arole:backend,  ...
Successfully added policy app-a-allow-backend-frontend to ClusterState
[130988154721984] Handled new policy app-a-allow-backend-frontend, Released app:app-arole:frontend, app:app-arole:backend,  ...
[130988154721984] Handling new policy app-a-deny-all, locking app:app-a,  ...
Successfully added policy app-a-deny-all to ClusterState
[130988154721984] Handled new policy app-a-deny-all, Released app:app-a,  ...
[130988154721984] Handling new policy app-a-allow-database-backend, locking app:app-arole:database, app:app-arole:backend,  ...
Successfully added policy app-a-allow-database-backend to ClusterState
[130988154721984] Handled new policy app-a-allow-database-backend, Released app:app-arole:database, app:app-arole:backend,  ...
Registering time when event comes in for test-pod-3: 1753881087.2149222
New pod test-pod-3! old_node = None, new_node = worker-1.
Handling the new pod object: Pod(name=test-pod-3, label_set=LabelSet(labels={'app': 'app-b', 'role': 'frontend'}), node=Node(name=worker-1)
[130988154721984] Handling pod test-pod-3, locking app:app-brole:frontend, app:app-brole:backend,  ...
New pod: test-pod-3, on node: worker-1
Registering time when event comes in for test-pod-1: 1753881087.232462
New pod test-pod-1! old_node = None, new_node = worker-1.
Handling the new pod object: Pod(name=test-pod-1, label_set=LabelSet(labels={'app': 'app-a', 'role': 'backend'}), node=Node(name=worker-1)
[130988140037824] Handling pod test-pod-1, locking app:app-arole:database, app:app-arole:frontend, app:app-arole:backend,  ...
New pod: test-pod-1, on node: worker-1
Registering time when event comes in for test-pod-5: 1753881087.23879
New pod test-pod-5! old_node = None, new_node = worker-1.
Handling the new pod object: Pod(name=test-pod-5, label_set=LabelSet(labels={'app': 'app-b', 'role': 'database'}), node=Node(name=worker-1)
[130988131645120] Handling pod test-pod-5, locking app:app-brole:database, app:app-brole:backend,  ...
Registering time when event comes in for test-pod-9: 1753881087.361466
New pod test-pod-9! old_node = None, new_node = worker-1.
Handling the new pod object: Pod(name=test-pod-9, label_set=LabelSet(labels={'app': 'app-a', 'role': 'frontend'}), node=Node(name=worker-1)
[130988123252416] Handling pod test-pod-9, locking app:app-arole:frontend, app:app-arole:backend,  ...
Registering time when event comes in for test-pod-0: 1753881087.3663971
New pod test-pod-0! old_node = None, new_node = worker-1.
Handling the new pod object: Pod(name=test-pod-0, label_set=LabelSet(labels={'app': 'app-a', 'role': 'frontend'}), node=Node(name=worker-1)
[130987912591040] Handling pod test-pod-0, locking app:app-arole:frontend, app:app-arole:backend,  ...
Registering time when event comes in for test-pod-6: 1753881087.3691628
New pod test-pod-6! old_node = None, new_node = worker-1.
Handling the new pod object: Pod(name=test-pod-6, label_set=LabelSet(labels={'app': 'app-c', 'role': 'frontend'}), node=Node(name=worker-1)
[130987904198336] Handling pod test-pod-6, locking app:app-crole:backend, app:app-crole:frontend,  ...
New pod: test-pod-6, on node: worker-1
Registering time when event comes in for test-pod-2: 1753881087.3705258
New pod test-pod-2! old_node = None, new_node = worker-1.
Handling the new pod object: Pod(name=test-pod-2, label_set=LabelSet(labels={'app': 'app-a', 'role': 'database'}), node=Node(name=worker-1)
[130987895805632] Handling pod test-pod-2, locking app:app-arole:database, app:app-arole:backend,  ...
Registering time when event comes in for test-pod-4: 1753881087.3760443
New pod test-pod-4! old_node = None, new_node = worker-1.
Handling the new pod object: Pod(name=test-pod-4, label_set=LabelSet(labels={'app': 'app-b', 'role': 'backend'}), node=Node(name=worker-1)
[130987887412928] Handling pod test-pod-4, locking app:app-brole:frontend, app:app-brole:database, app:app-brole:backend,  ...
Registering time when event comes in for test-pod-8: 1753881087.380326
New pod test-pod-8! old_node = None, new_node = worker-1.
Handling the new pod object: Pod(name=test-pod-8, label_set=LabelSet(labels={'app': 'app-c', 'role': 'database'}), node=Node(name=worker-1)
2025-07-30 13:11:27,409 [INFO] matcher - PLS: Configuring new pod with labelset: {L}
2025-07-30 13:11:27,410 [INFO] matcher - PLS: Configuring new spol Policy(name=app-c-allow-backend-frontend, sel=LabelSet(labels={'app': 'app-c', 'role': 'backend'}), allow=[
(LabelSet(labels={'app': 'app-c', 'role': 'frontend'}), Traffic(direction=ingress, port=80, protocol=TCP)) 
])
2025-07-30 13:11:27,410 [INFO] matcher - PLS: Configuring new spol Policy(name=app-c-allow-backend-frontend, sel=LabelSet(labels={'app': 'app-c', 'role': 'backend'}), allow=[
(LabelSet(labels={'app': 'app-c', 'role': 'frontend'}), Traffic(direction=egress, port=80, protocol=TCP)) 
])
2025-07-30 13:11:27,410 [INFO] matcher - PLS: Configuring new spol Policy(name=app-c-allow-frontend-backend, sel=LabelSet(labels={'app': 'app-c', 'role': 'frontend'}), allow=[
(LabelSet(labels={'app': 'app-c', 'role': 'backend'}), Traffic(direction=egress, port=80, protocol=TCP)) 
])
2025-07-30 13:11:27,410 [INFO] matcher - Adding Security Group for select labelset: LabelSet(labels={'app': 'app-c', 'role': 'frontend'})
2025-07-30 13:11:27,857 [INFO] root - Creating security group: SG-app:app-brole:frontend
2025-07-30 13:11:27,883 [INFO] root - Creating security group: SG-app:app-crole:frontend
2025-07-30 13:11:27,916 [INFO] root - Creating security group: SG-app:app-arole:backend
2025-07-30 13:11:28,314 [INFO] security_group_module - Attaching security group SG-app:app-brole:frontend to instance worker-1
2025-07-30 13:11:28,421 [INFO] security_group_module - Attaching security group SG-app:app-arole:backend to instance worker-1
2025-07-30 13:11:28,792 [INFO] matcher - Adding Security Group for allow labelset: LabelSet(labels={'app': 'app-b', 'role': 'backend'})
2025-07-30 13:11:28,800 [INFO] security_group_module - Attaching security group SG-app:app-crole:frontend to instance worker-1
2025-07-30 13:11:28,851 [INFO] root - Creating security group: SG-app:app-brole:backend
2025-07-30 13:11:28,987 [INFO] security_group_module - SGMod: Adding rule to SG-app:app-brole:frontend, remote SG-app:app-brole:backend, port 80, type egress
2025-07-30 13:11:29,118 [INFO] matcher - PLS: Configuring new spol Policy(name=app-b-allow-frontend-backend, sel=LabelSet(labels={'app': 'app-b', 'role': 'frontend'}), allow=[
(LabelSet(labels={'app': 'app-b', 'role': 'backend'}), Traffic(direction=ingress, port=80, protocol=TCP)) 
])
2025-07-30 13:11:29,118 [INFO] matcher - Adding Security Group for select labelset: LabelSet(labels={'app': 'app-b', 'role': 'frontend'})
2025-07-30 13:11:29,118 [INFO] matcher - Adding Security Group for allow labelset: LabelSet(labels={'app': 'app-b', 'role': 'backend'})
2025-07-30 13:11:29,118 [INFO] security_group_module - SGMod: Adding rule to SG-app:app-brole:frontend, remote SG-app:app-brole:backend, port 80, type ingress
2025-07-30 13:11:29,200 [INFO] matcher - Adding Security Group for allow labelset: LabelSet(labels={'app': 'app-a', 'role': 'database'})
2025-07-30 13:11:29,252 [INFO] matcher - PLS: Configuring new spol Policy(name=app-b-allow-backend-frontend, sel=LabelSet(labels={'app': 'app-b', 'role': 'backend'}), allow=[
(LabelSet(labels={'app': 'app-b', 'role': 'frontend'}), Traffic(direction=ingress, port=80, protocol=TCP)) 
])
2025-07-30 13:11:29,255 [INFO] root - Creating security group: SG-app:app-arole:database
2025-07-30 13:11:29,289 [INFO] matcher - Adding Security Group for allow labelset: LabelSet(labels={'app': 'app-c', 'role': 'backend'})
2025-07-30 13:11:29,390 [INFO] root - Creating security group: SG-app:app-crole:backend
2025-07-30 13:11:29,524 [INFO] security_group_module - SGMod: Adding rule to SG-app:app-arole:backend, remote SG-app:app-arole:database, port 80, type ingress
2025-07-30 13:11:29,550 [INFO] security_group_module - SG-app:app-brole:frontend already attached to worker-1
2025-07-30 13:11:29,566 [INFO] kopf.objects - Handler 'handle_new_pod/spec.nodeName' succeeded.
2025-07-30 13:11:29,567 [INFO] kopf.objects - Creation is processed: 1 succeeded; 0 failed.
2025-07-30 13:11:29,597 [INFO] matcher - PLS: Configuring new pod with labelset: {L}
2025-07-30 13:11:29,600 [INFO] matcher - PLS: Configuring new spol Policy(name=app-b-allow-backend-database, sel=LabelSet(labels={'app': 'app-b', 'role': 'backend'}), allow=[
(LabelSet(labels={'app': 'app-b', 'role': 'database'}), Traffic(direction=ingress, port=80, protocol=TCP)) 
])
2025-07-30 13:11:29,600 [INFO] matcher - PLS: Configuring new spol Policy(name=app-b-allow-database-backend, sel=LabelSet(labels={'app': 'app-b', 'role': 'database'}), allow=[
(LabelSet(labels={'app': 'app-b', 'role': 'backend'}), Traffic(direction=egress, port=80, protocol=TCP)) 
])
2025-07-30 13:11:29,602 [INFO] matcher - Adding Security Group for select labelset: LabelSet(labels={'app': 'app-b', 'role': 'database'})
2025-07-30 13:11:29,613 [INFO] security_group_module - SGMod: Adding rule to SG-app:app-crole:frontend, remote SG-app:app-crole:backend, port 80, type egress
2025-07-30 13:11:29,625 [INFO] matcher - PLS: Configuring new spol Policy(name=app-a-allow-frontend-backend, sel=LabelSet(labels={'app': 'app-a', 'role': 'frontend'}), allow=[
(LabelSet(labels={'app': 'app-a', 'role': 'backend'}), Traffic(direction=ingress, port=80, protocol=TCP)) 
])
2025-07-30 13:11:29,626 [INFO] matcher - PLS: Configuring new spol Policy(name=app-a-allow-database-backend, sel=LabelSet(labels={'app': 'app-a', 'role': 'database'}), allow=[
(LabelSet(labels={'app': 'app-a', 'role': 'backend'}), Traffic(direction=egress, port=80, protocol=TCP)) 
])
2025-07-30 13:11:29,626 [INFO] matcher - PLS: Configuring new spol Policy(name=app-a-allow-backend-frontend, sel=LabelSet(labels={'app': 'app-a', 'role': 'backend'}), allow=[
(LabelSet(labels={'app': 'app-a', 'role': 'frontend'}), Traffic(direction=ingress, port=80, protocol=TCP)) 
])
2025-07-30 13:11:29,626 [INFO] matcher - Adding Security Group for select labelset: LabelSet(labels={'app': 'app-a', 'role': 'backend'})
2025-07-30 13:11:29,626 [INFO] matcher - Adding Security Group for allow labelset: LabelSet(labels={'app': 'app-a', 'role': 'frontend'})
2025-07-30 13:11:29,658 [INFO] root - Creating security group: SG-app:app-brole:database
2025-07-30 13:11:29,671 [INFO] root - Creating security group: SG-app:app-arole:frontend
2025-07-30 13:11:29,783 [INFO] matcher - PLS: Configuring new spol Policy(name=app-c-allow-frontend-backend, sel=LabelSet(labels={'app': 'app-c', 'role': 'frontend'}), allow=[
(LabelSet(labels={'app': 'app-c', 'role': 'backend'}), Traffic(direction=ingress, port=80, protocol=TCP)) 
])
2025-07-30 13:11:29,783 [INFO] matcher - Adding Security Group for select labelset: LabelSet(labels={'app': 'app-c', 'role': 'frontend'})
2025-07-30 13:11:29,783 [INFO] matcher - Adding Security Group for allow labelset: LabelSet(labels={'app': 'app-c', 'role': 'backend'})
2025-07-30 13:11:29,783 [INFO] security_group_module - SGMod: Adding rule to SG-app:app-crole:frontend, remote SG-app:app-crole:backend, port 80, type ingress
2025-07-30 13:11:29,893 [INFO] security_group_module - SGMod: Adding rule to SG-app:app-arole:backend, remote SG-app:app-arole:frontend, port 80, type ingress
2025-07-30 13:11:30,005 [INFO] matcher - PLS: Configuring new spol Policy(name=app-a-allow-backend-database, sel=LabelSet(labels={'app': 'app-a', 'role': 'backend'}), allow=[
(LabelSet(labels={'app': 'app-a', 'role': 'database'}), Traffic(direction=egress, port=80, protocol=TCP)) 
])
2025-07-30 13:11:30,006 [INFO] matcher - Adding Security Group for select labelset: LabelSet(labels={'app': 'app-a', 'role': 'backend'})
2025-07-30 13:11:30,006 [INFO] matcher - Adding Security Group for allow labelset: LabelSet(labels={'app': 'app-a', 'role': 'database'})
2025-07-30 13:11:30,006 [INFO] security_group_module - SGMod: Adding rule to SG-app:app-arole:backend, remote SG-app:app-arole:database, port 80, type egress
2025-07-30 13:11:30,033 [INFO] security_group_module - Attaching security group SG-app:app-brole:database to instance worker-1
2025-07-30 13:11:30,114 [INFO] matcher - PLS: Configuring new spol Policy(name=app-a-allow-backend-frontend, sel=LabelSet(labels={'app': 'app-a', 'role': 'backend'}), allow=[
(LabelSet(labels={'app': 'app-a', 'role': 'frontend'}), Traffic(direction=egress, port=80, protocol=TCP)) 
])
2025-07-30 13:11:30,114 [INFO] matcher - Adding Security Group for select labelset: LabelSet(labels={'app': 'app-a', 'role': 'backend'})
2025-07-30 13:11:30,114 [INFO] matcher - Adding Security Group for allow labelset: LabelSet(labels={'app': 'app-a', 'role': 'frontend'})
2025-07-30 13:11:30,115 [INFO] security_group_module - SGMod: Adding rule to SG-app:app-arole:backend, remote SG-app:app-arole:frontend, port 80, type egress
2025-07-30 13:11:30,121 [INFO] security_group_module - SG-app:app-crole:frontend already attached to worker-1
2025-07-30 13:11:30,147 [INFO] kopf.objects - Handler 'handle_new_pod/spec.nodeName' succeeded.
2025-07-30 13:11:30,148 [INFO] kopf.objects - Creation is processed: 1 succeeded; 0 failed.
2025-07-30 13:11:30,164 [INFO] matcher - PLS: Configuring new pod with labelset: {L}
2025-07-30 13:11:30,164 [INFO] matcher - PLS: Configuring new spol Policy(name=app-c-allow-database-backend, sel=LabelSet(labels={'app': 'app-c', 'role': 'database'}), allow=[
(LabelSet(labels={'app': 'app-c', 'role': 'backend'}), Traffic(direction=ingress, port=80, protocol=TCP)) 
])
2025-07-30 13:11:30,164 [INFO] matcher - Adding Security Group for select labelset: LabelSet(labels={'app': 'app-c', 'role': 'database'})
2025-07-30 13:11:30,219 [INFO] root - Creating security group: SG-app:app-crole:database
2025-07-30 13:11:30,286 [INFO] matcher - PLS: Configuring new spol Policy(name=app-a-allow-frontend-backend, sel=LabelSet(labels={'app': 'app-a', 'role': 'frontend'}), allow=[
(LabelSet(labels={'app': 'app-a', 'role': 'backend'}), Traffic(direction=egress, port=80, protocol=TCP)) 
])
2025-07-30 13:11:30,460 [INFO] matcher - Adding Security Group for allow labelset: LabelSet(labels={'app': 'app-b', 'role': 'backend'})
2025-07-30 13:11:30,460 [INFO] security_group_module - SGMod: Adding rule to SG-app:app-brole:database, remote SG-app:app-brole:backend, port 80, type egress
2025-07-30 13:11:30,595 [INFO] matcher - PLS: Configuring new spol Policy(name=app-b-allow-backend-database, sel=LabelSet(labels={'app': 'app-b', 'role': 'backend'}), allow=[
(LabelSet(labels={'app': 'app-b', 'role': 'database'}), Traffic(direction=egress, port=80, protocol=TCP)) 
])
2025-07-30 13:11:30,596 [INFO] matcher - PLS: Configuring new spol Policy(name=app-b-allow-database-backend, sel=LabelSet(labels={'app': 'app-b', 'role': 'database'}), allow=[
(LabelSet(labels={'app': 'app-b', 'role': 'backend'}), Traffic(direction=ingress, port=80, protocol=TCP)) 
])
2025-07-30 13:11:30,598 [INFO] matcher - Adding Security Group for select labelset: LabelSet(labels={'app': 'app-b', 'role': 'database'})
2025-07-30 13:11:30,599 [INFO] matcher - Adding Security Group for allow labelset: LabelSet(labels={'app': 'app-b', 'role': 'backend'})
2025-07-30 13:11:30,601 [INFO] security_group_module - SGMod: Adding rule to SG-app:app-brole:database, remote SG-app:app-brole:backend, port 80, type ingress
2025-07-30 13:11:30,609 [INFO] security_group_module - SG-app:app-arole:backend already attached to worker-1
2025-07-30 13:11:30,612 [INFO] security_group_module - Attaching security group SG-app:app-crole:database to instance worker-1
2025-07-30 13:11:30,630 [INFO] kopf.objects - Handler 'handle_new_pod/spec.nodeName' succeeded.
2025-07-30 13:11:30,631 [INFO] kopf.objects - Creation is processed: 1 succeeded; 0 failed.
2025-07-30 13:11:30,645 [INFO] matcher - PLS: Configuring new pod with labelset: {L}
2025-07-30 13:11:30,646 [INFO] matcher - PLS: Configuring new spol Policy(name=app-a-allow-backend-frontend, sel=LabelSet(labels={'app': 'app-a', 'role': 'backend'}), allow=[
(LabelSet(labels={'app': 'app-a', 'role': 'frontend'}), Traffic(direction=egress, port=80, protocol=TCP)) 
])
2025-07-30 13:11:30,646 [INFO] matcher - Adding Security Group for select labelset: LabelSet(labels={'app': 'app-a', 'role': 'backend'})
2025-07-30 13:11:30,646 [INFO] matcher - Adding Security Group for allow labelset: LabelSet(labels={'app': 'app-a', 'role': 'frontend'})
2025-07-30 13:11:30,646 [INFO] security_group_module - SGMod: Adding rule to SG-app:app-arole:backend, remote SG-app:app-arole:frontend, port 80, type egress
2025-07-30 13:11:30,786 [INFO] security_group_module - Cannot add rule to remotes: Security group rule already exists. Rule id is d36210db-1678-44fb-8ab3-042bb94c08a2.
Neutron server returns request_ids: ['req-403571d0-dae1-4e4d-a875-67ede3236708']
2025-07-30 13:11:30,788 [INFO] matcher - PLS: Configuring new spol Policy(name=app-a-allow-frontend-backend, sel=LabelSet(labels={'app': 'app-a', 'role': 'frontend'}), allow=[
(LabelSet(labels={'app': 'app-a', 'role': 'backend'}), Traffic(direction=ingress, port=80, protocol=TCP)) 
])
2025-07-30 13:11:30,788 [INFO] matcher - Adding Security Group for select labelset: LabelSet(labels={'app': 'app-a', 'role': 'frontend'})
2025-07-30 13:11:30,788 [INFO] matcher - Adding Security Group for allow labelset: LabelSet(labels={'app': 'app-a', 'role': 'backend'})
2025-07-30 13:11:30,789 [INFO] security_group_module - SGMod: Adding rule to SG-app:app-arole:frontend, remote SG-app:app-arole:backend, port 80, type ingress
2025-07-30 13:11:30,917 [INFO] matcher - PLS: Configuring new spol Policy(name=app-a-allow-frontend-backend, sel=LabelSet(labels={'app': 'app-a', 'role': 'frontend'}), allow=[
(LabelSet(labels={'app': 'app-a', 'role': 'backend'}), Traffic(direction=egress, port=80, protocol=TCP)) 
])
2025-07-30 13:11:30,917 [INFO] matcher - Adding Security Group for select labelset: LabelSet(labels={'app': 'app-a', 'role': 'frontend'})
2025-07-30 13:11:30,917 [INFO] matcher - Adding Security Group for allow labelset: LabelSet(labels={'app': 'app-a', 'role': 'backend'})
2025-07-30 13:11:30,918 [INFO] security_group_module - SGMod: Adding rule to SG-app:app-arole:frontend, remote SG-app:app-arole:backend, port 80, type egress
2025-07-30 13:11:31,000 [INFO] security_group_module - SG-app:app-brole:database already attached to worker-1
2025-07-30 13:11:31,013 [INFO] kopf.objects - Handler 'handle_new_pod/spec.nodeName' succeeded.
2025-07-30 13:11:31,015 [INFO] kopf.objects - Creation is processed: 1 succeeded; 0 failed.
2025-07-30 13:11:31,038 [INFO] matcher - PLS: Configuring new pod with labelset: {L}
2025-07-30 13:11:31,038 [INFO] matcher - PLS: Configuring new spol Policy(name=app-b-allow-frontend-backend, sel=LabelSet(labels={'app': 'app-b', 'role': 'frontend'}), allow=[
(LabelSet(labels={'app': 'app-b', 'role': 'backend'}), Traffic(direction=ingress, port=80, protocol=TCP)) 
])
2025-07-30 13:11:31,040 [INFO] matcher - Adding Security Group for select labelset: LabelSet(labels={'app': 'app-b', 'role': 'frontend'})
2025-07-30 13:11:31,044 [INFO] matcher - Adding Security Group for allow labelset: LabelSet(labels={'app': 'app-b', 'role': 'backend'})
2025-07-30 13:11:31,044 [INFO] security_group_module - SGMod: Adding rule to SG-app:app-brole:frontend, remote SG-app:app-brole:backend, port 80, type ingress
2025-07-30 13:11:31,053 [INFO] matcher - PLS: Configuring new spol Policy(name=app-a-allow-backend-frontend, sel=LabelSet(labels={'app': 'app-a', 'role': 'backend'}), allow=[
(LabelSet(labels={'app': 'app-a', 'role': 'frontend'}), Traffic(direction=ingress, port=80, protocol=TCP)) 
])
2025-07-30 13:11:31,055 [INFO] matcher - Adding Security Group for select labelset: LabelSet(labels={'app': 'app-a', 'role': 'backend'})
2025-07-30 13:11:31,055 [INFO] matcher - Adding Security Group for allow labelset: LabelSet(labels={'app': 'app-a', 'role': 'frontend'})
2025-07-30 13:11:31,055 [INFO] security_group_module - SGMod: Adding rule to SG-app:app-arole:backend, remote SG-app:app-arole:frontend, port 80, type ingress
2025-07-30 13:11:31,246 [INFO] security_group_module - Cannot add rule to remotes: Security group rule already exists. Rule id is c2a47955-67fa-4b5d-8024-766904680f2d.
Neutron server returns request_ids: ['req-cc8a933d-10a4-43c1-a369-f424e457d497']
2025-07-30 13:11:31,247 [INFO] matcher - PLS: Configuring new spol Policy(name=app-b-allow-backend-database, sel=LabelSet(labels={'app': 'app-b', 'role': 'backend'}), allow=[
(LabelSet(labels={'app': 'app-b', 'role': 'database'}), Traffic(direction=egress, port=80, protocol=TCP)) 
])
2025-07-30 13:11:31,247 [INFO] matcher - Adding Security Group for select labelset: LabelSet(labels={'app': 'app-b', 'role': 'backend'})
2025-07-30 13:11:31,247 [INFO] matcher - Adding Security Group for allow labelset: LabelSet(labels={'app': 'app-b', 'role': 'database'})
2025-07-30 13:11:31,247 [INFO] security_group_module - SGMod: Adding rule to SG-app:app-brole:backend, remote SG-app:app-brole:database, port 80, type egress
2025-07-30 13:11:31,334 [INFO] matcher - Adding Security Group for allow labelset: LabelSet(labels={'app': 'app-c', 'role': 'backend'})
2025-07-30 13:11:31,334 [INFO] security_group_module - SGMod: Adding rule to SG-app:app-crole:database, remote SG-app:app-crole:backend, port 80, type ingress
2025-07-30 13:11:31,374 [INFO] security_group_module - Cannot add rule to remotes: Security group rule already exists. Rule id is 19326c46-0888-463c-bb37-1e0a94519b8d.
Neutron server returns request_ids: ['req-974205a8-e713-4fbf-afe6-b5b80a1c11a8']
2025-07-30 13:11:31,709 [INFO] security_group_module - Attaching security group SG-app:app-arole:frontend to instance worker-1
2025-07-30 13:11:31,848 [INFO] matcher - PLS: Configuring new spol Policy(name=app-b-allow-backend-database, sel=LabelSet(labels={'app': 'app-b', 'role': 'backend'}), allow=[
(LabelSet(labels={'app': 'app-b', 'role': 'database'}), Traffic(direction=ingress, port=80, protocol=TCP)) 
])
2025-07-30 13:11:31,848 [INFO] matcher - Adding Security Group for select labelset: LabelSet(labels={'app': 'app-b', 'role': 'backend'})
2025-07-30 13:11:31,848 [INFO] matcher - Adding Security Group for allow labelset: LabelSet(labels={'app': 'app-b', 'role': 'database'})
2025-07-30 13:11:31,849 [INFO] security_group_module - SGMod: Adding rule to SG-app:app-brole:backend, remote SG-app:app-brole:database, port 80, type ingress
2025-07-30 13:11:31,992 [INFO] matcher - PLS: Configuring new spol Policy(name=app-c-allow-backend-database, sel=LabelSet(labels={'app': 'app-c', 'role': 'backend'}), allow=[
(LabelSet(labels={'app': 'app-c', 'role': 'database'}), Traffic(direction=ingress, port=80, protocol=TCP)) 
])
2025-07-30 13:11:31,993 [INFO] matcher - PLS: Configuring new spol Policy(name=app-c-allow-database-backend, sel=LabelSet(labels={'app': 'app-c', 'role': 'database'}), allow=[
(LabelSet(labels={'app': 'app-c', 'role': 'backend'}), Traffic(direction=egress, port=80, protocol=TCP)) 
])
2025-07-30 13:11:31,993 [INFO] matcher - Adding Security Group for select labelset: LabelSet(labels={'app': 'app-c', 'role': 'database'})
2025-07-30 13:11:31,993 [INFO] matcher - Adding Security Group for allow labelset: LabelSet(labels={'app': 'app-c', 'role': 'backend'})
2025-07-30 13:11:31,993 [INFO] security_group_module - SGMod: Adding rule to SG-app:app-crole:database, remote SG-app:app-crole:backend, port 80, type egress
2025-07-30 13:11:32,213 [INFO] matcher - PLS: Configuring new spol Policy(name=app-b-allow-database-backend, sel=LabelSet(labels={'app': 'app-b', 'role': 'database'}), allow=[
(LabelSet(labels={'app': 'app-b', 'role': 'backend'}), Traffic(direction=ingress, port=80, protocol=TCP)) 
])
2025-07-30 13:11:32,213 [INFO] matcher - Adding Security Group for select labelset: LabelSet(labels={'app': 'app-b', 'role': 'database'})
2025-07-30 13:11:32,213 [INFO] matcher - Adding Security Group for allow labelset: LabelSet(labels={'app': 'app-b', 'role': 'backend'})
2025-07-30 13:11:32,213 [INFO] security_group_module - SGMod: Adding rule to SG-app:app-brole:database, remote SG-app:app-brole:backend, port 80, type ingress
2025-07-30 13:11:32,331 [INFO] matcher - PLS: Configuring new spol Policy(name=app-c-allow-backend-database, sel=LabelSet(labels={'app': 'app-c', 'role': 'backend'}), allow=[
(LabelSet(labels={'app': 'app-c', 'role': 'database'}), Traffic(direction=egress, port=80, protocol=TCP)) 
])
2025-07-30 13:11:32,338 [INFO] kopf.objects - Handler 'handle_new_pod/spec.nodeName' succeeded.
2025-07-30 13:11:32,340 [INFO] kopf.objects - Creation is processed: 1 succeeded; 0 failed.
2025-07-30 13:11:32,362 [INFO] kopf.objects - Handler 'handle_new_pod/spec.nodeName' succeeded.
2025-07-30 13:11:32,363 [INFO] kopf.objects - Creation is processed: 1 succeeded; 0 failed.
2025-07-30 13:11:32,369 [INFO] security_group_module - Cannot add rule to remotes: Security group rule already exists. Rule id is 5ab9594b-1d79-4aa6-8278-046912de5ad8.
Neutron server returns request_ids: ['req-74755009-2357-4641-a30f-d9b8fff6cc83']
2025-07-30 13:11:32,369 [INFO] matcher - PLS: Configuring new spol Policy(name=app-b-allow-backend-frontend, sel=LabelSet(labels={'app': 'app-b', 'role': 'backend'}), allow=[
(LabelSet(labels={'app': 'app-b', 'role': 'frontend'}), Traffic(direction=egress, port=80, protocol=TCP)) 
])
2025-07-30 13:11:32,370 [INFO] matcher - Adding Security Group for select labelset: LabelSet(labels={'app': 'app-b', 'role': 'backend'})
2025-07-30 13:11:32,370 [INFO] matcher - Adding Security Group for allow labelset: LabelSet(labels={'app': 'app-b', 'role': 'frontend'})
2025-07-30 13:11:32,371 [INFO] security_group_module - SGMod: Adding rule to SG-app:app-brole:backend, remote SG-app:app-brole:frontend, port 80, type egress
2025-07-30 13:11:32,375 [INFO] matcher - PLS: Configuring new pod with labelset: {L}
2025-07-30 13:11:32,383 [INFO] matcher - PLS: Configuring new spol Policy(name=app-a-allow-database-backend, sel=LabelSet(labels={'app': 'app-a', 'role': 'database'}), allow=[
(LabelSet(labels={'app': 'app-a', 'role': 'backend'}), Traffic(direction=ingress, port=80, protocol=TCP)) 
])
2025-07-30 13:11:32,383 [INFO] matcher - Adding Security Group for select labelset: LabelSet(labels={'app': 'app-a', 'role': 'database'})
2025-07-30 13:11:32,383 [INFO] matcher - Adding Security Group for allow labelset: LabelSet(labels={'app': 'app-a', 'role': 'backend'})
2025-07-30 13:11:32,383 [INFO] security_group_module - SGMod: Adding rule to SG-app:app-arole:database, remote SG-app:app-arole:backend, port 80, type ingress
2025-07-30 13:11:32,630 [INFO] matcher - PLS: Configuring new spol Policy(name=app-b-allow-frontend-backend, sel=LabelSet(labels={'app': 'app-b', 'role': 'frontend'}), allow=[
(LabelSet(labels={'app': 'app-b', 'role': 'backend'}), Traffic(direction=egress, port=80, protocol=TCP)) 
])
2025-07-30 13:11:32,630 [INFO] matcher - Adding Security Group for select labelset: LabelSet(labels={'app': 'app-b', 'role': 'frontend'})
2025-07-30 13:11:32,630 [INFO] matcher - Adding Security Group for allow labelset: LabelSet(labels={'app': 'app-b', 'role': 'backend'})
2025-07-30 13:11:32,630 [INFO] security_group_module - SGMod: Adding rule to SG-app:app-brole:frontend, remote SG-app:app-brole:backend, port 80, type egress
2025-07-30 13:11:32,645 [INFO] security_group_module - SG-app:app-crole:database already attached to worker-1
[130987879020224] Handling pod test-pod-8, locking app:app-crole:database, app:app-crole:backend,  ...
Registering time when event comes in for test-pod-7: 1753881087.3885925
New pod test-pod-7! old_node = None, new_node = worker-1.
Handling the new pod object: Pod(name=test-pod-7, label_set=LabelSet(labels={'app': 'app-c', 'role': 'backend'}), node=Node(name=worker-1)
[130987870627520] Handling pod test-pod-7, locking app:app-crole:frontend, app:app-crole:database, app:app-crole:backend,  ...
Registering time when event comes in for test-pod-10: 1753881087.3905091
New pod test-pod-10! old_node = None, new_node = worker-1.
Handling the new pod object: Pod(name=test-pod-10, label_set=LabelSet(labels={'app': 'app-a', 'role': 'backend'}), node=Node(name=worker-1)
[130987862234816] Handling pod test-pod-10, locking app:app-arole:database, app:app-arole:frontend, app:app-arole:backend,  ...
Registering time when event comes in for test-pod-11: 1753881087.3947337
New pod test-pod-11! old_node = None, new_node = worker-1.
Handling the new pod object: Pod(name=test-pod-11, label_set=LabelSet(labels={'app': 'app-a', 'role': 'database'}), node=Node(name=worker-1)
[130987308611264] Handling pod test-pod-11, locking app:app-arole:database, app:app-arole:backend,  ...
Registering time when event comes in for test-pod-12: 1753881087.4629154
New pod test-pod-12! old_node = None, new_node = worker-1.
Handling the new pod object: Pod(name=test-pod-12, label_set=LabelSet(labels={'app': 'app-b', 'role': 'frontend'}), node=Node(name=worker-1)
[130987300218560] Handling pod test-pod-12, locking app:app-brole:frontend, app:app-brole:backend,  ...
Registering time when event comes in for test-pod-17: 1753881087.537601
New pod test-pod-17! old_node = None, new_node = worker-1.
Handling the new pod object: Pod(name=test-pod-17, label_set=LabelSet(labels={'app': 'app-c', 'role': 'database'}), node=Node(name=worker-1)
[130987291825856] Handling pod test-pod-17, locking app:app-crole:database, app:app-crole:backend,  ...
Registering time when event comes in for test-pod-15: 1753881087.5422583
New pod test-pod-15! old_node = None, new_node = worker-1.
Handling the new pod object: Pod(name=test-pod-15, label_set=LabelSet(labels={'app': 'app-c', 'role': 'frontend'}), node=Node(name=worker-1)
[130987283433152] Handling pod test-pod-15, locking app:app-crole:backend, app:app-crole:frontend,  ...
Registering time when event comes in for test-pod-18: 1753881087.5437667
New pod test-pod-18! old_node = None, new_node = worker-1.
Handling the new pod object: Pod(name=test-pod-18, label_set=LabelSet(labels={'app': 'app-a', 'role': 'frontend'}), node=Node(name=worker-1)
[130987275040448] Handling pod test-pod-18, locking app:app-arole:frontend, app:app-arole:backend,  ...
Registering time when event comes in for test-pod-13: 1753881087.5490606
New pod test-pod-13! old_node = None, new_node = worker-1.
Handling the new pod object: Pod(name=test-pod-13, label_set=LabelSet(labels={'app': 'app-b', 'role': 'backend'}), node=Node(name=worker-1)
[130987266647744] Handling pod test-pod-13, locking app:app-brole:frontend, app:app-brole:database, app:app-brole:backend,  ...
Registering time when event comes in for test-pod-14: 1753881087.571688
New pod test-pod-14! old_node = None, new_node = worker-1.
Handling the new pod object: Pod(name=test-pod-14, label_set=LabelSet(labels={'app': 'app-b', 'role': 'database'}), node=Node(name=worker-1)
[130987258255040] Handling pod test-pod-14, locking app:app-brole:database, app:app-brole:backend,  ...
Registering time when event comes in for test-pod-20: 1753881087.5874634
New pod test-pod-20! old_node = None, new_node = worker-1.
Handling the new pod object: Pod(name=test-pod-20, label_set=LabelSet(labels={'app': 'app-a', 'role': 'database'}), node=Node(name=worker-1)
[130986771740352] Handling pod test-pod-20, locking app:app-arole:database, app:app-arole:backend,  ...
Registering time when event comes in for test-pod-19: 1753881087.600804
New pod test-pod-19! old_node = None, new_node = worker-1.
Handling the new pod object: Pod(name=test-pod-19, label_set=LabelSet(labels={'app': 'app-a', 'role': 'backend'}), node=Node(name=worker-1)
[130986763347648] Handling pod test-pod-19, locking app:app-arole:database, app:app-arole:frontend, app:app-arole:backend,  ...
[130988154721984] Pod test-pod-3 handled. Released locks for: app:app-brole:frontend, app:app-brole:backend, 
Registering time when event is handled for test-pod-3: 1753881089.5519593
New pod: test-pod-5, on node: worker-1
Registering time when event comes in for test-pod-16: 1753881089.564935
New pod test-pod-16! old_node = None, new_node = worker-1.
Handling the new pod object: Pod(name=test-pod-16, label_set=LabelSet(labels={'app': 'app-c', 'role': 'backend'}), node=Node(name=worker-1)
[130988154721984] Handling pod test-pod-16, locking app:app-crole:frontend, app:app-crole:database, app:app-crole:backend,  ...
[130987904198336] Pod test-pod-6 handled. Released locks for: app:app-crole:backend, app:app-crole:frontend, 
Registering time when event is handled for test-pod-6: 1753881090.121566
New pod: test-pod-8, on node: worker-1
Registering time when event comes in for test-pod-26: 1753881090.14663
New pod test-pod-26! old_node = None, new_node = worker-1.
Handling the new pod object: Pod(name=test-pod-26, label_set=LabelSet(labels={'app': 'app-c', 'role': 'database'}), node=Node(name=worker-1)
[130987904198336] Handling pod test-pod-26, locking app:app-crole:database, app:app-crole:backend,  ...
[130988140037824] Pod test-pod-1 handled. Released locks for: app:app-arole:database, app:app-arole:frontend, app:app-arole:backend, 
Registering time when event is handled for test-pod-1: 1753881090.6096852
New pod: test-pod-9, on node: worker-1
Registering time when event comes in for test-pod-27: 1753881090.6294653
New pod test-pod-27! old_node = None, new_node = worker-1.
Handling the new pod object: Pod(name=test-pod-27, label_set=LabelSet(labels={'app': 'app-a', 'role': 'frontend'}), node=Node(name=worker-1)
[130988140037824] Handling pod test-pod-27, locking app:app-arole:frontend, app:app-arole:backend,  ...
[130988131645120] Pod test-pod-5 handled. Released locks for: app:app-brole:database, app:app-brole:backend, 
Registering time when event is handled for test-pod-5: 1753881091.0004325
New pod: test-pod-4, on node: worker-1
Registering time when event comes in for test-pod-24: 1753881091.0126636
New pod test-pod-24! old_node = None, new_node = worker-1.
Handling the new pod object: Pod(name=test-pod-24, label_set=LabelSet(labels={'app': 'app-c', 'role': 'frontend'}), node=Node(name=worker-1)
[130988131645120] Handling pod test-pod-24, locking app:app-crole:backend, app:app-crole:frontend,  ...
[130988123252416] Pod test-pod-9 handled. Released locks for: app:app-arole:frontend, app:app-arole:backend, 
Registering time when event is handled for test-pod-9: 1753881092.3189917
New pod: test-pod-0, on node: worker-1
[130987912591040] Pod test-pod-0 handled. Released locks for: app:app-arole:frontend, app:app-arole:backend, 
Registering time when event is handled for test-pod-0: 1753881092.3361976
New pod: test-pod-2, on node: worker-1
Registering time when event comes in for test-pod-25: 1753881092.3366203
New pod test-pod-25! old_node = None, new_node = worker-1.
Handling the new pod object: Pod(name=test-pod-25, label_set=LabelSet(labels={'app': 'app-c', 'role': 'backend'}), node=Node(name=worker-1)
[130988123252416] Handling pod test-pod-25, locking app:app-crole:frontend, app:app-crole:database, app:app-crole:backend,  ...
Registering time when event comes in for test-pod-22: 1753881092.35995
New pod test-pod-22! old_node = None, new_node = worker-1.
Handling the new pod object: Pod(name=test-pod-22, label_set=LabelSet(labels={'app': 'app-b', 'role': 'backend'}), node=Node(name=worker-1)
[130987912591040] Handling pod test-pod-22, locking app:app-brole:frontend, app:app-brole:database, app:app-brole:backend,  ...
[130987879020224] Pod test-pod-8 handled. Released locks for: app:app-crole:database, app:app-crole:backend, 
2025-07-30 13:11:32,660 [INFO] matcher - PLS: Configuring new spol Policy(name=app-a-allow-database-backend, sel=LabelSet(labels={'app': 'app-a', 'role': 'database'}), allow=[
(LabelSet(labels={'app': 'app-a', 'role': 'backend'}), Traffic(direction=egress, port=80, protocol=TCP)) 
])
2025-07-30 13:11:32,660 [INFO] matcher - Adding Security Group for select labelset: LabelSet(labels={'app': 'app-a', 'role': 'database'})
2025-07-30 13:11:32,660 [INFO] matcher - Adding Security Group for allow labelset: LabelSet(labels={'app': 'app-a', 'role': 'backend'})
2025-07-30 13:11:32,660 [INFO] security_group_module - SGMod: Adding rule to SG-app:app-arole:database, remote SG-app:app-arole:backend, port 80, type egress
2025-07-30 13:11:32,663 [INFO] kopf.objects - Handler 'handle_new_pod/spec.nodeName' succeeded.
2025-07-30 13:11:32,665 [INFO] kopf.objects - Creation is processed: 1 succeeded; 0 failed.
2025-07-30 13:11:32,687 [INFO] matcher - PLS: Configuring new pod with labelset: {L}
2025-07-30 13:11:32,688 [INFO] matcher - PLS: Configuring new spol Policy(name=app-c-allow-database-backend, sel=LabelSet(labels={'app': 'app-c', 'role': 'database'}), allow=[
(LabelSet(labels={'app': 'app-c', 'role': 'backend'}), Traffic(direction=ingress, port=80, protocol=TCP)) 
])
2025-07-30 13:11:32,688 [INFO] matcher - Adding Security Group for select labelset: LabelSet(labels={'app': 'app-c', 'role': 'database'})
2025-07-30 13:11:32,689 [INFO] matcher - Adding Security Group for allow labelset: LabelSet(labels={'app': 'app-c', 'role': 'backend'})
2025-07-30 13:11:32,689 [INFO] security_group_module - SGMod: Adding rule to SG-app:app-crole:database, remote SG-app:app-crole:backend, port 80, type ingress
2025-07-30 13:11:32,745 [INFO] security_group_module - Cannot add rule to remotes: Security group rule already exists. Rule id is 81c4e7b4-ad81-446a-9459-e4ae0a3d35ac.
Neutron server returns request_ids: ['req-848453c5-1fd7-41f7-b277-cfd35f667f5c']
2025-07-30 13:11:32,745 [INFO] matcher - PLS: Configuring new spol Policy(name=app-b-allow-backend-frontend, sel=LabelSet(labels={'app': 'app-b', 'role': 'backend'}), allow=[
(LabelSet(labels={'app': 'app-b', 'role': 'frontend'}), Traffic(direction=ingress, port=80, protocol=TCP)) 
])
2025-07-30 13:11:32,745 [INFO] matcher - Adding Security Group for select labelset: LabelSet(labels={'app': 'app-b', 'role': 'backend'})
2025-07-30 13:11:32,746 [INFO] matcher - Adding Security Group for allow labelset: LabelSet(labels={'app': 'app-b', 'role': 'frontend'})
2025-07-30 13:11:32,746 [INFO] security_group_module - SGMod: Adding rule to SG-app:app-brole:backend, remote SG-app:app-brole:frontend, port 80, type ingress
2025-07-30 13:11:32,782 [INFO] matcher - PLS: Configuring new spol Policy(name=app-a-allow-backend-database, sel=LabelSet(labels={'app': 'app-a', 'role': 'backend'}), allow=[
(LabelSet(labels={'app': 'app-a', 'role': 'database'}), Traffic(direction=ingress, port=80, protocol=TCP)) 
])
2025-07-30 13:11:32,783 [INFO] matcher - Adding Security Group for select labelset: LabelSet(labels={'app': 'app-a', 'role': 'backend'})
2025-07-30 13:11:32,788 [INFO] matcher - Adding Security Group for allow labelset: LabelSet(labels={'app': 'app-a', 'role': 'database'})
2025-07-30 13:11:32,788 [INFO] security_group_module - SGMod: Adding rule to SG-app:app-arole:backend, remote SG-app:app-arole:database, port 80, type ingress
2025-07-30 13:11:32,821 [INFO] security_group_module - Cannot add rule to remotes: Security group rule already exists. Rule id is 27d8b6d6-4317-46bc-a925-f0f7f5970de5.
Neutron server returns request_ids: ['req-c66c362e-d8d3-4ca1-92e8-1757261360b5']
2025-07-30 13:11:32,821 [INFO] matcher - PLS: Configuring new spol Policy(name=app-c-allow-database-backend, sel=LabelSet(labels={'app': 'app-c', 'role': 'database'}), allow=[
(LabelSet(labels={'app': 'app-c', 'role': 'backend'}), Traffic(direction=egress, port=80, protocol=TCP)) 
])
2025-07-30 13:11:32,821 [INFO] matcher - Adding Security Group for select labelset: LabelSet(labels={'app': 'app-c', 'role': 'database'})
2025-07-30 13:11:32,821 [INFO] matcher - Adding Security Group for allow labelset: LabelSet(labels={'app': 'app-c', 'role': 'backend'})
2025-07-30 13:11:32,821 [INFO] security_group_module - SGMod: Adding rule to SG-app:app-crole:database, remote SG-app:app-crole:backend, port 80, type egress
2025-07-30 13:11:32,891 [INFO] matcher - PLS: Configuring new spol Policy(name=app-b-allow-database-backend, sel=LabelSet(labels={'app': 'app-b', 'role': 'database'}), allow=[
(LabelSet(labels={'app': 'app-b', 'role': 'backend'}), Traffic(direction=egress, port=80, protocol=TCP)) 
])
2025-07-30 13:11:32,891 [INFO] matcher - Adding Security Group for select labelset: LabelSet(labels={'app': 'app-b', 'role': 'database'})
2025-07-30 13:11:32,892 [INFO] matcher - Adding Security Group for allow labelset: LabelSet(labels={'app': 'app-b', 'role': 'backend'})
2025-07-30 13:11:32,892 [INFO] security_group_module - SGMod: Adding rule to SG-app:app-brole:database, remote SG-app:app-brole:backend, port 80, type egress
2025-07-30 13:11:32,904 [INFO] security_group_module - Cannot add rule to remotes: Security group rule already exists. Rule id is 96cdf422-a1d9-4f1d-bd7d-d38416e6b594.
Neutron server returns request_ids: ['req-b852b547-7a09-4191-ade1-cd8c7525e2b9']
2025-07-30 13:11:32,904 [INFO] matcher - PLS: Configuring new spol Policy(name=app-a-allow-backend-database, sel=LabelSet(labels={'app': 'app-a', 'role': 'backend'}), allow=[
(LabelSet(labels={'app': 'app-a', 'role': 'database'}), Traffic(direction=egress, port=80, protocol=TCP)) 
])
2025-07-30 13:11:32,905 [INFO] matcher - Adding Security Group for select labelset: LabelSet(labels={'app': 'app-a', 'role': 'backend'})
2025-07-30 13:11:32,906 [INFO] matcher - Adding Security Group for allow labelset: LabelSet(labels={'app': 'app-a', 'role': 'database'})
2025-07-30 13:11:32,908 [INFO] security_group_module - SGMod: Adding rule to SG-app:app-arole:backend, remote SG-app:app-arole:database, port 80, type egress
2025-07-30 13:11:32,969 [INFO] security_group_module - Cannot add rule to remotes: Security group rule already exists. Rule id is b6135936-153e-4494-8960-6f33725c33cd.
Neutron server returns request_ids: ['req-59ae213d-9715-4154-a453-7d46a1b1b115']
2025-07-30 13:11:32,969 [INFO] matcher - PLS: Configuring new spol Policy(name=app-c-allow-backend-database, sel=LabelSet(labels={'app': 'app-c', 'role': 'backend'}), allow=[
(LabelSet(labels={'app': 'app-c', 'role': 'database'}), Traffic(direction=ingress, port=80, protocol=TCP)) 
])
2025-07-30 13:11:32,969 [INFO] matcher - Adding Security Group for select labelset: LabelSet(labels={'app': 'app-c', 'role': 'backend'})
2025-07-30 13:11:32,969 [INFO] matcher - Adding Security Group for allow labelset: LabelSet(labels={'app': 'app-c', 'role': 'database'})
2025-07-30 13:11:32,969 [INFO] security_group_module - SGMod: Adding rule to SG-app:app-crole:backend, remote SG-app:app-crole:database, port 80, type ingress
2025-07-30 13:11:33,187 [INFO] security_group_module - Cannot add rule to remotes: Security group rule already exists. Rule id is ee1b1b27-45d0-4cf0-a4ad-a6b4f62f7b5b.
Neutron server returns request_ids: ['req-01ce778b-f6d8-4d46-839c-2cf920842055']
2025-07-30 13:11:33,305 [INFO] security_group_module - Cannot add rule to remotes: Security group rule already exists. Rule id is 24dedbf0-f50a-414a-b35f-5b255a1a8eb3.
Neutron server returns request_ids: ['req-b7f8ea5e-b631-4516-a742-52866e2834ca']
2025-07-30 13:11:33,393 [INFO] matcher - PLS: Configuring new spol Policy(name=app-c-allow-frontend-backend, sel=LabelSet(labels={'app': 'app-c', 'role': 'frontend'}), allow=[
(LabelSet(labels={'app': 'app-c', 'role': 'backend'}), Traffic(direction=ingress, port=80, protocol=TCP)) 
])
2025-07-30 13:11:33,395 [INFO] matcher - Adding Security Group for select labelset: LabelSet(labels={'app': 'app-c', 'role': 'frontend'})
2025-07-30 13:11:33,396 [INFO] matcher - Adding Security Group for allow labelset: LabelSet(labels={'app': 'app-c', 'role': 'backend'})
2025-07-30 13:11:33,396 [INFO] security_group_module - SGMod: Adding rule to SG-app:app-crole:frontend, remote SG-app:app-crole:backend, port 80, type ingress
2025-07-30 13:11:33,478 [INFO] security_group_module - Attaching security group SG-app:app-brole:backend to instance worker-1
2025-07-30 13:11:33,528 [INFO] security_group_module - Cannot add rule to remotes: Security group rule already exists. Rule id is 0a2476ab-d7e6-46b3-a2ec-6e978681e852.
Neutron server returns request_ids: ['req-772e3dfd-9502-43c4-b8f3-8d7c7fa9ef9d']
2025-07-30 13:11:33,528 [INFO] matcher - PLS: Configuring new spol Policy(name=app-c-allow-backend-frontend, sel=LabelSet(labels={'app': 'app-c', 'role': 'backend'}), allow=[
(LabelSet(labels={'app': 'app-c', 'role': 'frontend'}), Traffic(direction=egress, port=80, protocol=TCP)) 
])
2025-07-30 13:11:33,529 [INFO] matcher - Adding Security Group for select labelset: LabelSet(labels={'app': 'app-c', 'role': 'backend'})
2025-07-30 13:11:33,531 [INFO] matcher - Adding Security Group for allow labelset: LabelSet(labels={'app': 'app-c', 'role': 'frontend'})
2025-07-30 13:11:33,531 [INFO] security_group_module - SGMod: Adding rule to SG-app:app-crole:backend, remote SG-app:app-crole:frontend, port 80, type egress
2025-07-30 13:11:33,668 [INFO] matcher - PLS: Configuring new spol Policy(name=app-c-allow-backend-frontend, sel=LabelSet(labels={'app': 'app-c', 'role': 'backend'}), allow=[
(LabelSet(labels={'app': 'app-c', 'role': 'frontend'}), Traffic(direction=ingress, port=80, protocol=TCP)) 
])
2025-07-30 13:11:33,669 [INFO] matcher - Adding Security Group for select labelset: LabelSet(labels={'app': 'app-c', 'role': 'backend'})
2025-07-30 13:11:33,669 [INFO] matcher - Adding Security Group for allow labelset: LabelSet(labels={'app': 'app-c', 'role': 'frontend'})
2025-07-30 13:11:33,669 [INFO] security_group_module - SGMod: Adding rule to SG-app:app-crole:backend, remote SG-app:app-crole:frontend, port 80, type ingress
2025-07-30 13:11:33,702 [INFO] security_group_module - Attaching security group SG-app:app-arole:database to instance worker-1
2025-07-30 13:11:33,826 [INFO] matcher - PLS: Configuring new spol Policy(name=app-c-allow-backend-database, sel=LabelSet(labels={'app': 'app-c', 'role': 'backend'}), allow=[
(LabelSet(labels={'app': 'app-c', 'role': 'database'}), Traffic(direction=egress, port=80, protocol=TCP)) 
])
2025-07-30 13:11:33,826 [INFO] matcher - Adding Security Group for select labelset: LabelSet(labels={'app': 'app-c', 'role': 'backend'})
2025-07-30 13:11:33,827 [INFO] matcher - Adding Security Group for allow labelset: LabelSet(labels={'app': 'app-c', 'role': 'database'})
2025-07-30 13:11:33,827 [INFO] security_group_module - SGMod: Adding rule to SG-app:app-crole:backend, remote SG-app:app-crole:database, port 80, type egress
2025-07-30 13:11:33,992 [INFO] matcher - PLS: Configuring new spol Policy(name=app-c-allow-frontend-backend, sel=LabelSet(labels={'app': 'app-c', 'role': 'frontend'}), allow=[
(LabelSet(labels={'app': 'app-c', 'role': 'backend'}), Traffic(direction=egress, port=80, protocol=TCP)) 
])
2025-07-30 13:11:33,992 [INFO] matcher - Adding Security Group for select labelset: LabelSet(labels={'app': 'app-c', 'role': 'frontend'})
2025-07-30 13:11:33,992 [INFO] matcher - Adding Security Group for allow labelset: LabelSet(labels={'app': 'app-c', 'role': 'backend'})
2025-07-30 13:11:33,992 [INFO] security_group_module - SGMod: Adding rule to SG-app:app-crole:frontend, remote SG-app:app-crole:backend, port 80, type egress
2025-07-30 13:11:34,049 [INFO] kopf.objects - Handler 'handle_new_pod/spec.nodeName' succeeded.
2025-07-30 13:11:34,050 [INFO] kopf.objects - Creation is processed: 1 succeeded; 0 failed.
2025-07-30 13:11:34,069 [INFO] kopf.objects - Handler 'handle_new_pod/spec.nodeName' succeeded.
2025-07-30 13:11:34,071 [INFO] kopf.objects - Creation is processed: 1 succeeded; 0 failed.
2025-07-30 13:11:34,098 [INFO] kopf.objects - Handler 'handle_new_pod/spec.nodeName' succeeded.
2025-07-30 13:11:34,100 [INFO] kopf.objects - Creation is processed: 1 succeeded; 0 failed.
2025-07-30 13:11:34,115 [INFO] kopf.objects - Handler 'handle_new_pod/spec.nodeName' succeeded.
2025-07-30 13:11:34,116 [INFO] kopf.objects - Creation is processed: 1 succeeded; 0 failed.
2025-07-30 13:11:34,131 [INFO] kopf.objects - Handler 'handle_new_pod/spec.nodeName' succeeded.
2025-07-30 13:11:34,131 [INFO] kopf.objects - Creation is processed: 1 succeeded; 0 failed.
2025-07-30 13:11:34,145 [INFO] kopf.objects - Handler 'handle_new_pod/spec.nodeName' succeeded.
2025-07-30 13:11:34,145 [INFO] kopf.objects - Creation is processed: 1 succeeded; 0 failed.
2025-07-30 13:11:34,162 [INFO] kopf.objects - Handler 'handle_new_pod/spec.nodeName' succeeded.
2025-07-30 13:11:34,162 [INFO] kopf.objects - Creation is processed: 1 succeeded; 0 failed.
2025-07-30 13:11:34,184 [INFO] kopf.objects - Handler 'handle_new_pod/spec.nodeName' succeeded.
2025-07-30 13:11:34,185 [INFO] kopf.objects - Creation is processed: 1 succeeded; 0 failed.
2025-07-30 13:11:34,197 [INFO] kopf.objects - Handler 'handle_new_pod/spec.nodeName' succeeded.
2025-07-30 13:11:34,197 [INFO] kopf.objects - Creation is processed: 1 succeeded; 0 failed.
2025-07-30 13:11:34,214 [INFO] kopf.objects - Handler 'handle_new_pod/spec.nodeName' succeeded.
2025-07-30 13:11:34,214 [INFO] kopf.objects - Creation is processed: 1 succeeded; 0 failed.
2025-07-30 13:11:34,350 [INFO] security_group_module - Cannot add rule to remotes: Security group rule already exists. Rule id is 9146e34d-3b95-4d60-9114-40842223d8f1.
Neutron server returns request_ids: ['req-63fc6e73-bbba-4345-926e-1f78793a8a0b']
2025-07-30 13:11:34,401 [INFO] kopf.objects - Handler 'handle_new_pod/spec.nodeName' succeeded.
2025-07-30 13:11:34,402 [INFO] kopf.objects - Creation is processed: 1 succeeded; 0 failed.
Registering time when event is handled for test-pod-8: 1753881092.646983
Registering time when event comes in for test-pod-23: 1753881092.659088
New pod test-pod-23! old_node = None, new_node = worker-1.
Handling the new pod object: Pod(name=test-pod-23, label_set=LabelSet(labels={'app': 'app-b', 'role': 'database'}), node=Node(name=worker-1)
[130987879020224] Handling pod test-pod-23, locking app:app-brole:database, app:app-brole:backend,  ...
[130987887412928] Pod test-pod-4 handled. Released locks for: app:app-brole:frontend, app:app-brole:database, app:app-brole:backend, 
Registering time when event is handled for test-pod-4: 1753881094.0330186
New pod: test-pod-12, on node: worker-1
Registering time when event comes in for test-pod-28: 1753881094.0482025
New pod test-pod-28! old_node = None, new_node = worker-1.
Handling the new pod object: Pod(name=test-pod-28, label_set=LabelSet(labels={'app': 'app-a', 'role': 'backend'}), node=Node(name=worker-1)
[130987887412928] Handling pod test-pod-28, locking app:app-arole:database, app:app-arole:frontend, app:app-arole:backend,  ...
[130987300218560] Pod test-pod-12 handled. Released locks for: app:app-brole:frontend, app:app-brole:backend, 
Registering time when event is handled for test-pod-12: 1753881094.0554607
New pod: test-pod-13, on node: worker-1
Registering time when event comes in for test-pod-29: 1753881094.068476
New pod test-pod-29! old_node = None, new_node = worker-1.
Handling the new pod object: Pod(name=test-pod-29, label_set=LabelSet(labels={'app': 'app-a', 'role': 'database'}), node=Node(name=worker-1)
[130987300218560] Handling pod test-pod-29, locking app:app-arole:database, app:app-arole:backend,  ...
[130987266647744] Pod test-pod-13 handled. Released locks for: app:app-brole:frontend, app:app-brole:database, app:app-brole:backend, 
Registering time when event is handled for test-pod-13: 1753881094.080079
New pod: test-pod-14, on node: worker-1
Registering time when event comes in for test-pod-31: 1753881094.0956867
New pod test-pod-31! old_node = None, new_node = worker-1.
Handling the new pod object: Pod(name=test-pod-31, label_set=LabelSet(labels={'app': 'app-b', 'role': 'backend'}), node=Node(name=worker-1)
[130987266647744] Handling pod test-pod-31, locking app:app-brole:frontend, app:app-brole:database, app:app-brole:backend,  ...
[130987258255040] Pod test-pod-14 handled. Released locks for: app:app-brole:database, app:app-brole:backend, 
Registering time when event is handled for test-pod-14: 1753881094.1025667
New pod: test-pod-22, on node: worker-1
Registering time when event comes in for test-pod-21: 1753881094.1147416
New pod test-pod-21! old_node = None, new_node = worker-1.
Handling the new pod object: Pod(name=test-pod-21, label_set=LabelSet(labels={'app': 'app-b', 'role': 'frontend'}), node=Node(name=worker-1)
[130987258255040] Handling pod test-pod-21, locking app:app-brole:frontend, app:app-brole:backend,  ...
[130987912591040] Pod test-pod-22 handled. Released locks for: app:app-brole:frontend, app:app-brole:database, app:app-brole:backend, 
Registering time when event is handled for test-pod-22: 1753881094.121616
New pod: test-pod-23, on node: worker-1
Registering time when event comes in for test-pod-32: 1753881094.1306505
New pod test-pod-32! old_node = None, new_node = worker-1.
Handling the new pod object: Pod(name=test-pod-32, label_set=LabelSet(labels={'app': 'app-b', 'role': 'database'}), node=Node(name=worker-1)
[130987912591040] Handling pod test-pod-32, locking app:app-brole:database, app:app-brole:backend,  ...
[130987879020224] Pod test-pod-23 handled. Released locks for: app:app-brole:database, app:app-brole:backend, 
Registering time when event is handled for test-pod-23: 1753881094.1351092
New pod: test-pod-31, on node: worker-1
Registering time when event comes in for test-pod-33: 1753881094.1446328
New pod test-pod-33! old_node = None, new_node = worker-1.
Handling the new pod object: Pod(name=test-pod-33, label_set=LabelSet(labels={'app': 'app-c', 'role': 'frontend'}), node=Node(name=worker-1)
[130987879020224] Handling pod test-pod-33, locking app:app-crole:backend, app:app-crole:frontend,  ...
[130987266647744] Pod test-pod-31 handled. Released locks for: app:app-brole:frontend, app:app-brole:database, app:app-brole:backend, 
Registering time when event is handled for test-pod-31: 1753881094.1514688
New pod: test-pod-21, on node: worker-1
Registering time when event comes in for test-pod-30: 1753881094.1616263
New pod test-pod-30! old_node = None, new_node = worker-1.
Handling the new pod object: Pod(name=test-pod-30, label_set=LabelSet(labels={'app': 'app-b', 'role': 'frontend'}), node=Node(name=worker-1)
[130987266647744] Handling pod test-pod-30, locking app:app-brole:frontend, app:app-brole:backend,  ...
[130987258255040] Pod test-pod-21 handled. Released locks for: app:app-brole:frontend, app:app-brole:backend, 
Registering time when event is handled for test-pod-21: 1753881094.1724532
New pod: test-pod-32, on node: worker-1
[130987912591040] Pod test-pod-32 handled. Released locks for: app:app-brole:database, app:app-brole:backend, 
Registering time when event is handled for test-pod-32: 1753881094.1840568
New pod: test-pod-30, on node: worker-1
Registering time when event comes in for test-pod-35: 1753881094.1842532
New pod test-pod-35! old_node = None, new_node = worker-1.
Handling the new pod object: Pod(name=test-pod-35, label_set=LabelSet(labels={'app': 'app-c', 'role': 'database'}), node=Node(name=worker-1)
[130987258255040] Handling pod test-pod-35, locking app:app-crole:database, app:app-crole:backend,  ...
Registering time when event comes in for test-pod-34: 1753881094.1965652
New pod test-pod-34! old_node = None, new_node = worker-1.
Handling the new pod object: Pod(name=test-pod-34, label_set=LabelSet(labels={'app': 'app-c', 'role': 'backend'}), node=Node(name=worker-1)
[130987912591040] Handling pod test-pod-34, locking app:app-crole:frontend, app:app-crole:database, app:app-crole:backend,  ...
[130987266647744] Pod test-pod-30 handled. Released locks for: app:app-brole:frontend, app:app-brole:backend, 
Registering time when event is handled for test-pod-30: 1753881094.2016115
Registering time when event comes in for test-pod-36: 1753881094.2130127
New pod test-pod-36! old_node = None, new_node = worker-1.
Handling the new pod object: Pod(name=test-pod-36, label_set=LabelSet(labels={'app': 'app-a', 'role': 'frontend'}), node=Node(name=worker-1)
[130987266647744] Handling pod test-pod-36, locking app:app-arole:frontend, app:app-arole:backend,  ...
[130987895805632] Pod test-pod-2 handled. Released locks for: app:app-arole:database, app:app-arole:backend, 
Registering time when event is handled for test-pod-2: 1753881094.391652
New pod: test-pod-10, on node: worker-1
Registering time when event comes in for test-pod-40: 1753881094.4004383
New pod test-pod-40! old_node = None, new_node = worker-1.
Handling the new pod object: Pod(name=test-pod-40, label_set=LabelSet(labels={'app': 'app-b', 'role': 'backend'}), node=Node(name=worker-1)
[130987895805632] Handling pod test-pod-40, locking app:app-brole:frontend, app:app-brole:database, app:app-brole:backend,  ...
New pod: test-pod-40, on node: worker-1
[130987862234816] Pod test-pod-10 handled. Released locks for: app:app-arole:database, app:app-arole:frontend, app:app-arole:backend, 
Registering time when event is handled for test-pod-10: 1753881094.4075592
New pod: test-pod-11, on node: worker-1
[130987308611264] Pod test-pod-11 handled. Released locks for: app:app-arole:database, app:app-arole:backend, 
Registering time when event is handled for test-pod-11: 1753881094.4203627
Registering time when event comes in for test-pod-41: 1753881094.4205737
New pod test-pod-41! old_node = None, new_node = worker-1.
Handling the new pod object: Pod(name=test-pod-41, label_set=LabelSet(labels={'app': 'app-b', 'role': 'database'}), node=Node(name=worker-1)
[130987862234816] Handling pod test-pod-41, locking app:app-brole:database, app:app-brole:backend,  ...
2025-07-30 13:11:34,425 [INFO] kopf.objects - Handler 'handle_new_pod/spec.nodeName' succeeded.
2025-07-30 13:11:34,426 [INFO] kopf.objects - Creation is processed: 1 succeeded; 0 failed.
2025-07-30 13:11:34,436 [INFO] kopf.objects - Handler 'handle_new_pod/spec.nodeName' succeeded.
2025-07-30 13:11:34,437 [INFO] kopf.objects - Creation is processed: 1 succeeded; 0 failed.
2025-07-30 13:11:34,447 [INFO] kopf.objects - Handler 'handle_new_pod/spec.nodeName' succeeded.
2025-07-30 13:11:34,448 [INFO] kopf.objects - Creation is processed: 1 succeeded; 0 failed.
2025-07-30 13:11:34,457 [INFO] kopf.objects - Handler 'handle_new_pod/spec.nodeName' succeeded.
2025-07-30 13:11:34,458 [INFO] kopf.objects - Creation is processed: 1 succeeded; 0 failed.
2025-07-30 13:11:34,470 [INFO] kopf.objects - Handler 'handle_new_pod/spec.nodeName' succeeded.
2025-07-30 13:11:34,471 [INFO] kopf.objects - Creation is processed: 1 succeeded; 0 failed.
2025-07-30 13:11:34,478 [INFO] kopf.objects - Handler 'handle_new_pod/spec.nodeName' succeeded.
2025-07-30 13:11:34,479 [INFO] kopf.objects - Creation is processed: 1 succeeded; 0 failed.
2025-07-30 13:11:34,496 [INFO] kopf.objects - Handler 'handle_new_pod/spec.nodeName' succeeded.
2025-07-30 13:11:34,498 [INFO] kopf.objects - Creation is processed: 1 succeeded; 0 failed.
2025-07-30 13:11:34,508 [INFO] kopf.objects - Handler 'handle_new_pod/spec.nodeName' succeeded.
2025-07-30 13:11:34,508 [INFO] kopf.objects - Creation is processed: 1 succeeded; 0 failed.
2025-07-30 13:11:34,522 [INFO] kopf.objects - Handler 'handle_new_pod/spec.nodeName' succeeded.
2025-07-30 13:11:34,524 [INFO] kopf.objects - Creation is processed: 1 succeeded; 0 failed.
2025-07-30 13:11:34,540 [INFO] kopf.objects - Handler 'handle_new_pod/spec.nodeName' succeeded.
2025-07-30 13:11:34,541 [INFO] kopf.objects - Creation is processed: 1 succeeded; 0 failed.
2025-07-30 13:11:34,557 [INFO] kopf.objects - Handler 'handle_new_pod/spec.nodeName' succeeded.
2025-07-30 13:11:34,557 [INFO] kopf.objects - Creation is processed: 1 succeeded; 0 failed.
2025-07-30 13:11:34,576 [INFO] kopf.objects - Handler 'handle_new_pod/spec.nodeName' succeeded.
2025-07-30 13:11:34,577 [INFO] kopf.objects - Creation is processed: 1 succeeded; 0 failed.
2025-07-30 13:11:34,602 [INFO] kopf.objects - Handler 'handle_new_pod/spec.nodeName' succeeded.
2025-07-30 13:11:34,602 [INFO] kopf.objects - Creation is processed: 1 succeeded; 0 failed.
2025-07-30 13:11:34,608 [INFO] kopf.objects - Handler 'handle_new_pod/spec.nodeName' succeeded.
2025-07-30 13:11:34,609 [INFO] kopf.objects - Creation is processed: 1 succeeded; 0 failed.
                                       [130987895805632] Pod test-pod-40 handled. Released locks for: app:app-brole:frontend, app:app-brole:database, app:app-brole:backend, 
Registering time when event is handled for test-pod-40: 1753881094.4209733
New pod: test-pod-18, on node: worker-1
New pod: test-pod-41, on node: worker-1
Registering time when event comes in for test-pod-42: 1753881094.434429
New pod test-pod-42! old_node = None, new_node = worker-1.
Handling the new pod object: Pod(name=test-pod-42, label_set=LabelSet(labels={'app': 'app-c', 'role': 'frontend'}), node=Node(name=worker-1)
[130987308611264] Handling pod test-pod-42, locking app:app-crole:backend, app:app-crole:frontend,  ...
[130987862234816] Pod test-pod-41 handled. Released locks for: app:app-brole:database, app:app-brole:backend, 
Registering time when event is handled for test-pod-41: 1753881094.4414334
Registering time when event comes in for test-pod-43: 1753881094.4467313
New pod test-pod-43! old_node = None, new_node = worker-1.
Handling the new pod object: Pod(name=test-pod-43, label_set=LabelSet(labels={'app': 'app-c', 'role': 'backend'}), node=Node(name=worker-1)
[130987895805632] Handling pod test-pod-43, locking app:app-crole:frontend, app:app-crole:database, app:app-crole:backend,  ...
[130987275040448] Pod test-pod-18 handled. Released locks for: app:app-arole:frontend, app:app-arole:backend, 
Registering time when event is handled for test-pod-18: 1753881094.4527931
New pod: test-pod-20, on node: worker-1
Registering time when event comes in for test-pod-39: 1753881094.4569545
New pod test-pod-39! old_node = None, new_node = worker-1.
Handling the new pod object: Pod(name=test-pod-39, label_set=LabelSet(labels={'app': 'app-b', 'role': 'frontend'}), node=Node(name=worker-1)
[130987862234816] Handling pod test-pod-39, locking app:app-brole:frontend, app:app-brole:backend,  ...
New pod: test-pod-39, on node: worker-1
Registering time when event comes in for test-pod-38: 1753881094.468508
New pod test-pod-38! old_node = None, new_node = worker-1.
Handling the new pod object: Pod(name=test-pod-38, label_set=LabelSet(labels={'app': 'app-a', 'role': 'database'}), node=Node(name=worker-1)
[130987275040448] Handling pod test-pod-38, locking app:app-arole:database, app:app-arole:backend,  ...
[130986771740352] Pod test-pod-20 handled. Released locks for: app:app-arole:database, app:app-arole:backend, 
Registering time when event is handled for test-pod-20: 1753881094.4708853
New pod: test-pod-19, on node: worker-1
[130987862234816] Pod test-pod-39 handled. Released locks for: app:app-brole:frontend, app:app-brole:backend, 
Registering time when event is handled for test-pod-39: 1753881094.4779248
Registering time when event comes in for test-pod-44: 1753881094.4784381
New pod test-pod-44! old_node = None, new_node = worker-1.
Handling the new pod object: Pod(name=test-pod-44, label_set=LabelSet(labels={'app': 'app-c', 'role': 'database'}), node=Node(name=worker-1)
[130986771740352] Handling pod test-pod-44, locking app:app-crole:database, app:app-crole:backend,  ...
[130986763347648] Pod test-pod-19 handled. Released locks for: app:app-arole:database, app:app-arole:frontend, app:app-arole:backend, 
Registering time when event is handled for test-pod-19: 1753881094.4893541
New pod: test-pod-27, on node: worker-1
Registering time when event comes in for test-pod-45: 1753881094.493719
New pod test-pod-45! old_node = None, new_node = worker-1.
Handling the new pod object: Pod(name=test-pod-45, label_set=LabelSet(labels={'app': 'app-a', 'role': 'frontend'}), node=Node(name=worker-1)
[130987862234816] Handling pod test-pod-45, locking app:app-arole:frontend, app:app-arole:backend,  ...
Registering time when event comes in for test-pod-37: 1753881094.5082078
New pod test-pod-37! old_node = None, new_node = worker-1.
Handling the new pod object: Pod(name=test-pod-37, label_set=LabelSet(labels={'app': 'app-a', 'role': 'backend'}), node=Node(name=worker-1)
[130986763347648] Handling pod test-pod-37, locking app:app-arole:database, app:app-arole:frontend, app:app-arole:backend,  ...
[130988140037824] Pod test-pod-27 handled. Released locks for: app:app-arole:frontend, app:app-arole:backend, 
Registering time when event is handled for test-pod-27: 1753881094.5105245
New pod: test-pod-28, on node: worker-1
Registering time when event comes in for test-pod-46: 1753881094.521362
New pod test-pod-46! old_node = None, new_node = worker-1.
Handling the new pod object: Pod(name=test-pod-46, label_set=LabelSet(labels={'app': 'app-a', 'role': 'backend'}), node=Node(name=worker-1)
[130988140037824] Handling pod test-pod-46, locking app:app-arole:database, app:app-arole:frontend, app:app-arole:backend,  ...
[130987887412928] Pod test-pod-28 handled. Released locks for: app:app-arole:database, app:app-arole:frontend, app:app-arole:backend, 
Registering time when event is handled for test-pod-28: 1753881094.5294902
New pod: test-pod-29, on node: worker-1
Registering time when event comes in for test-pod-49: 1753881094.5401456
New pod test-pod-49! old_node = None, new_node = worker-1.
Handling the new pod object: Pod(name=test-pod-49, label_set=LabelSet(labels={'app': 'app-b', 'role': 'backend'}), node=Node(name=worker-1)
[130987887412928] Handling pod test-pod-49, locking app:app-brole:frontend, app:app-brole:database, app:app-brole:backend,  ...
New pod: test-pod-49, on node: worker-1
[130987300218560] Pod test-pod-29 handled. Released locks for: app:app-arole:database, app:app-arole:backend, 
Registering time when event is handled for test-pod-29: 1753881094.5448365
New pod: test-pod-36, on node: worker-1
Registering time when event comes in for test-pod-48: 1753881094.5569708
New pod test-pod-48! old_node = None, new_node = worker-1.
Handling the new pod object: Pod(name=test-pod-48, label_set=LabelSet(labels={'app': 'app-b', 'role': 'frontend'}), node=Node(name=worker-1)
[130987300218560] Handling pod test-pod-48, locking app:app-brole:frontend, app:app-brole:backend,  ...
[130987887412928] Pod test-pod-49 handled. Released locks for: app:app-brole:frontend, app:app-brole:database, app:app-brole:backend, 
Registering time when event is handled for test-pod-49: 1753881094.5644975
New pod: test-pod-48, on node: worker-1
Registering time when event comes in for test-pod-47: 1753881094.5764468
New pod test-pod-47! old_node = None, new_node = worker-1.
Handling the new pod object: Pod(name=test-pod-47, label_set=LabelSet(labels={'app': 'app-a', 'role': 'database'}), node=Node(name=worker-1)
[130987887412928] Handling pod test-pod-47, locking app:app-arole:database, app:app-arole:backend,  ...
[130987266647744] Pod test-pod-36 handled. Released locks for: app:app-arole:frontend, app:app-arole:backend, 
Registering time when event is handled for test-pod-36: 1753881094.5851393
New pod: test-pod-38, on node: worker-1
[130987300218560] Pod test-pod-48 handled. Released locks for: app:app-brole:frontend, app:app-brole:backend, 
Registering time when event is handled for test-pod-48: 1753881094.5961773
Registering time when event comes in for test-pod-50: 1753881094.5963721
New pod test-pod-50! old_node = None, new_node = worker-1.
Handling the new pod object: Pod(name=test-pod-50, label_set=LabelSet(labels={'app': 'app-b', 'role': 'database'}), node=Node(name=worker-1)
[130987266647744] Handling pod test-pod-50, locking app:app-brole:database, app:app-brole:backend,  ...
New pod: test-pod-50, on node: worker-1
[130987275040448] Pod test-pod-38 handled. Released locks for: app:app-arole:database, app:app-arole:backend, 
Registering time when event is handled for test-pod-38: 1753881094.607598
New pod: test-pod-45, on node: worker-1
Registering time when event comes in for test-pod-51: 1753881094.6077924
New pod test-pod-51! old_node = None, new_node = worker-1.
Handling the new pod object: Pod(name=test-pod-51, label_set=LabelSet(labels={'app': 'app-c', 'role': 'frontend'}), node=Node(name=worker-1)
[130987300218560] Handling pod test-pod-51, locking app:app-crole:backend, app:app-crole:frontend,  ...
Registering time when event comes in for test-pod-54: 1753881094.6173735
2025-07-30 13:11:34,617 [INFO] kopf.objects - Handler 'handle_new_pod/spec.nodeName' succeeded.
2025-07-30 13:11:34,618 [INFO] kopf.objects - Creation is processed: 1 succeeded; 0 failed.
2025-07-30 13:11:34,634 [INFO] kopf.objects - Handler 'handle_new_pod/spec.nodeName' succeeded.
2025-07-30 13:11:34,635 [INFO] kopf.objects - Creation is processed: 1 succeeded; 0 failed.
2025-07-30 13:11:34,646 [INFO] kopf.objects - Handler 'handle_new_pod/spec.nodeName' succeeded.
2025-07-30 13:11:34,647 [INFO] kopf.objects - Creation is processed: 1 succeeded; 0 failed.
2025-07-30 13:11:34,659 [INFO] kopf.objects - Handler 'handle_new_pod/spec.nodeName' succeeded.
2025-07-30 13:11:34,659 [INFO] kopf.objects - Creation is processed: 1 succeeded; 0 failed.
2025-07-30 13:11:34,674 [INFO] kopf.objects - Handler 'handle_new_pod/spec.nodeName' succeeded.
2025-07-30 13:11:34,675 [INFO] kopf.objects - Creation is processed: 1 succeeded; 0 failed.
2025-07-30 13:11:34,689 [INFO] kopf.objects - Handler 'handle_new_pod/spec.nodeName' succeeded.
2025-07-30 13:11:34,689 [INFO] kopf.objects - Creation is processed: 1 succeeded; 0 failed.
2025-07-30 13:11:34,692 [INFO] security_group_module - Attaching security group SG-app:app-crole:backend to instance worker-1
2025-07-30 13:11:34,708 [INFO] kopf.objects - Handler 'handle_new_pod/spec.nodeName' succeeded.
2025-07-30 13:11:34,709 [INFO] kopf.objects - Creation is processed: 1 succeeded; 0 failed.
2025-07-30 13:11:34,726 [INFO] kopf.objects - Handler 'handle_new_pod/spec.nodeName' succeeded.
2025-07-30 13:11:34,728 [INFO] kopf.objects - Creation is processed: 1 succeeded; 0 failed.
2025-07-30 13:11:34,741 [INFO] kopf.objects - Handler 'handle_new_pod/spec.nodeName' succeeded.
2025-07-30 13:11:34,741 [INFO] kopf.objects - Creation is processed: 1 succeeded; 0 failed.
2025-07-30 13:11:34,759 [INFO] kopf.objects - Handler 'handle_new_pod/spec.nodeName' succeeded.
2025-07-30 13:11:34,760 [INFO] kopf.objects - Creation is processed: 1 succeeded; 0 failed.
2025-07-30 13:11:34,770 [INFO] kopf.objects - Handler 'handle_new_pod/spec.nodeName' succeeded.
2025-07-30 13:11:34,771 [INFO] kopf.objects - Creation is processed: 1 succeeded; 0 failed.
2025-07-30 13:11:34,785 [INFO] kopf.objects - Handler 'handle_new_pod/spec.nodeName' succeeded.
2025-07-30 13:11:34,785 [INFO] kopf.objects - Creation is processed: 1 succeeded; 0 failed.
2025-07-30 13:11:34,859 [INFO] kopf.objects - Handler 'handle_new_pod/spec.nodeName' succeeded.
2025-07-30 13:11:34,860 [INFO] kopf.objects - Creation is processed: 1 succeeded; 0 failed.
New pod test-pod-54! old_node = None, new_node = worker-1.
Handling the new pod object: Pod(name=test-pod-54, label_set=LabelSet(labels={'app': 'app-a', 'role': 'frontend'}), node=Node(name=worker-1)
[130987275040448] Handling pod test-pod-54, locking app:app-arole:frontend, app:app-arole:backend,  ...
[130987266647744] Pod test-pod-50 handled. Released locks for: app:app-brole:database, app:app-brole:backend, 
Registering time when event is handled for test-pod-50: 1753881094.6241314
[130987862234816] Pod test-pod-45 handled. Released locks for: app:app-arole:frontend, app:app-arole:backend, 
Registering time when event is handled for test-pod-45: 1753881094.6243753
New pod: test-pod-37, on node: worker-1
Registering time when event comes in for test-pod-52: 1753881094.634371
New pod test-pod-52! old_node = None, new_node = worker-1.
Handling the new pod object: Pod(name=test-pod-52, label_set=LabelSet(labels={'app': 'app-c', 'role': 'backend'}), node=Node(name=worker-1)
[130987266647744] Handling pod test-pod-52, locking app:app-crole:frontend, app:app-crole:database, app:app-crole:backend,  ...
[130986763347648] Pod test-pod-37 handled. Released locks for: app:app-arole:database, app:app-arole:frontend, app:app-arole:backend, 
Registering time when event is handled for test-pod-37: 1753881094.6403406
New pod: test-pod-46, on node: worker-1
Registering time when event comes in for test-pod-53: 1753881094.6458027
New pod test-pod-53! old_node = None, new_node = worker-1.
Handling the new pod object: Pod(name=test-pod-53, label_set=LabelSet(labels={'app': 'app-c', 'role': 'database'}), node=Node(name=worker-1)
[130987862234816] Handling pod test-pod-53, locking app:app-crole:database, app:app-crole:backend,  ...
Registering time when event comes in for test-pod-56: 1753881094.657968
New pod test-pod-56! old_node = None, new_node = worker-1.
Handling the new pod object: Pod(name=test-pod-56, label_set=LabelSet(labels={'app': 'app-a', 'role': 'database'}), node=Node(name=worker-1)
[130986763347648] Handling pod test-pod-56, locking app:app-arole:database, app:app-arole:backend,  ...
[130988140037824] Pod test-pod-46 handled. Released locks for: app:app-arole:database, app:app-arole:frontend, app:app-arole:backend, 
Registering time when event is handled for test-pod-46: 1753881094.6585183
New pod: test-pod-47, on node: worker-1
Registering time when event comes in for test-pod-55: 1753881094.6727355
New pod test-pod-55! old_node = None, new_node = worker-1.
Handling the new pod object: Pod(name=test-pod-55, label_set=LabelSet(labels={'app': 'app-a', 'role': 'backend'}), node=Node(name=worker-1)
[130988140037824] Handling pod test-pod-55, locking app:app-arole:database, app:app-arole:frontend, app:app-arole:backend,  ...
[130987887412928] Pod test-pod-47 handled. Released locks for: app:app-arole:database, app:app-arole:backend, 
Registering time when event is handled for test-pod-47: 1753881094.6767042
New pod: test-pod-54, on node: worker-1
Registering time when event comes in for test-pod-57: 1753881094.6883738
New pod test-pod-57! old_node = None, new_node = worker-1.
Handling the new pod object: Pod(name=test-pod-57, label_set=LabelSet(labels={'app': 'app-b', 'role': 'frontend'}), node=Node(name=worker-1)
[130987887412928] Handling pod test-pod-57, locking app:app-brole:frontend, app:app-brole:backend,  ...
New pod: test-pod-57, on node: worker-1
[130987275040448] Pod test-pod-54 handled. Released locks for: app:app-arole:frontend, app:app-arole:backend, 
Registering time when event is handled for test-pod-54: 1753881094.691981
New pod: test-pod-56, on node: worker-1
Registering time when event comes in for test-pod-58: 1753881094.7075005
New pod test-pod-58! old_node = None, new_node = worker-1.
Handling the new pod object: Pod(name=test-pod-58, label_set=LabelSet(labels={'app': 'app-b', 'role': 'backend'}), node=Node(name=worker-1)
[130987275040448] Handling pod test-pod-58, locking app:app-brole:frontend, app:app-brole:database, app:app-brole:backend,  ...
[130987887412928] Pod test-pod-57 handled. Released locks for: app:app-brole:frontend, app:app-brole:backend, 
Registering time when event is handled for test-pod-57: 1753881094.711143
New pod: test-pod-58, on node: worker-1
[130986763347648] Pod test-pod-56 handled. Released locks for: app:app-arole:database, app:app-arole:backend, 
Registering time when event is handled for test-pod-56: 1753881094.7227163
New pod: test-pod-55, on node: worker-1
Registering time when event comes in for test-pod-59: 1753881094.7260869
New pod test-pod-59! old_node = None, new_node = worker-1.
Handling the new pod object: Pod(name=test-pod-59, label_set=LabelSet(labels={'app': 'app-b', 'role': 'database'}), node=Node(name=worker-1)
[130987887412928] Handling pod test-pod-59, locking app:app-brole:database, app:app-brole:backend,  ...
Registering time when event comes in for test-pod-60: 1753881094.7410195
New pod test-pod-60! old_node = None, new_node = worker-1.
Handling the new pod object: Pod(name=test-pod-60, label_set=LabelSet(labels={'app': 'app-c', 'role': 'frontend'}), node=Node(name=worker-1)
[130986763347648] Handling pod test-pod-60, locking app:app-crole:backend, app:app-crole:frontend,  ...
[130987275040448] Pod test-pod-58 handled. Released locks for: app:app-brole:frontend, app:app-brole:database, app:app-brole:backend, 
Registering time when event is handled for test-pod-58: 1753881094.7476451
New pod: test-pod-59, on node: worker-1
Registering time when event comes in for test-pod-61: 1753881094.7576613
New pod test-pod-61! old_node = None, new_node = worker-1.
Handling the new pod object: Pod(name=test-pod-61, label_set=LabelSet(labels={'app': 'app-c', 'role': 'backend'}), node=Node(name=worker-1)
[130987275040448] Handling pod test-pod-61, locking app:app-crole:frontend, app:app-crole:database, app:app-crole:backend,  ...
[130988140037824] Pod test-pod-55 handled. Released locks for: app:app-arole:database, app:app-arole:frontend, app:app-arole:backend, 
Registering time when event is handled for test-pod-55: 1753881094.7580378
Registering time when event comes in for test-pod-64: 1753881094.7723634
New pod test-pod-64! old_node = None, new_node = worker-1.
Handling the new pod object: Pod(name=test-pod-64, label_set=LabelSet(labels={'app': 'app-a', 'role': 'backend'}), node=Node(name=worker-1)
[130988140037824] Handling pod test-pod-64, locking app:app-arole:database, app:app-arole:frontend, app:app-arole:backend,  ...
New pod: test-pod-64, on node: worker-1
[130987887412928] Pod test-pod-59 handled. Released locks for: app:app-brole:database, app:app-brole:backend, 
Registering time when event is handled for test-pod-59: 1753881094.7730925
Registering time when event comes in for test-pod-63: 1753881094.7848794
New pod test-pod-63! old_node = None, new_node = worker-1.
Handling the new pod object: Pod(name=test-pod-63, label_set=LabelSet(labels={'app': 'app-a', 'role': 'frontend'}), node=Node(name=worker-1)
[130987887412928] Handling pod test-pod-63, locking app:app-arole:frontend, app:app-arole:backend,  ...
New pod: test-pod-63, on node: worker-1
[130988140037824] Pod test-pod-64 handled. Released locks for: app:app-arole:database, app:app-arole:frontend, app:app-arole:backend, 
Registering time when event is handled for test-pod-64: 1753881094.821432
[130987887412928] Pod test-pod-63 handled. Released locks for: app:app-arole:frontend, app:app-arole:backend, 
Registering time when event is handled for test-pod-63: 1753881094.8555229
Registering time when event comes in for test-pod-62: 1753881094.8588548
New pod test-pod-62! old_node = None, new_node = worker-1.
Handling the new pod object: Pod(name=test-pod-62, label_set=LabelSet(labels={'app': 'app-c', 'role': 'database'}), node=Node(name=worker-1)
[130988140037824] Handling pod test-pod-62, locking app:app-crole:database, app:app-crole:backend,  ...
Registering time when event comes in for test-pod-65: 1753881094.879037
New pod test-pod-65! old_node = None, new_node = worker-1.
Handling the new pod object: Pod(name=test-pod-65, label_set=LabelSet(labels={'app': 'app-a', 'role': 'database'}), node=Node(name=worker-1)
2025-07-30 13:11:34,879 [INFO] kopf.objects - Handler 'handle_new_pod/spec.nodeName' succeeded.
2025-07-30 13:11:34,884 [INFO] kopf.objects - Creation is processed: 1 succeeded; 0 failed.
2025-07-30 13:11:34,907 [INFO] kopf.objects - Handler 'handle_new_pod/spec.nodeName' succeeded.
2025-07-30 13:11:34,907 [INFO] kopf.objects - Creation is processed: 1 succeeded; 0 failed.
2025-07-30 13:11:34,931 [INFO] kopf.objects - Handler 'handle_new_pod/spec.nodeName' succeeded.
2025-07-30 13:11:34,931 [INFO] kopf.objects - Creation is processed: 1 succeeded; 0 failed.
2025-07-30 13:11:34,963 [INFO] kopf.objects - Handler 'handle_new_pod/spec.nodeName' succeeded.
2025-07-30 13:11:34,963 [INFO] kopf.objects - Creation is processed: 1 succeeded; 0 failed.
2025-07-30 13:11:34,992 [INFO] kopf.objects - Handler 'handle_new_pod/spec.nodeName' succeeded.
2025-07-30 13:11:34,992 [INFO] kopf.objects - Creation is processed: 1 succeeded; 0 failed.
2025-07-30 13:11:35,664 [INFO] kopf.objects - Handler 'handle_new_pod/spec.nodeName' succeeded.
2025-07-30 13:11:35,664 [INFO] kopf.objects - Creation is processed: 1 succeeded; 0 failed.
2025-07-30 13:11:35,682 [INFO] kopf.objects - Handler 'handle_new_pod/spec.nodeName' succeeded.
2025-07-30 13:11:35,683 [INFO] kopf.objects - Creation is processed: 1 succeeded; 0 failed.
2025-07-30 13:11:35,697 [INFO] kopf.objects - Handler 'handle_new_pod/spec.nodeName' succeeded.
2025-07-30 13:11:35,698 [INFO] kopf.objects - Creation is processed: 1 succeeded; 0 failed.
2025-07-30 13:11:35,718 [INFO] kopf.objects - Handler 'handle_new_pod/spec.nodeName' succeeded.
2025-07-30 13:11:35,719 [INFO] kopf.objects - Creation is processed: 1 succeeded; 0 failed.
2025-07-30 13:11:35,731 [INFO] kopf.objects - Handler 'handle_new_pod/spec.nodeName' succeeded.
2025-07-30 13:11:35,731 [INFO] kopf.objects - Creation is processed: 1 succeeded; 0 failed.
2025-07-30 13:11:35,744 [INFO] kopf.objects - Handler 'handle_new_pod/spec.nodeName' succeeded.
2025-07-30 13:11:35,745 [INFO] kopf.objects - Creation is processed: 1 succeeded; 0 failed.
2025-07-30 13:11:35,758 [INFO] kopf.objects - Handler 'handle_new_pod/spec.nodeName' succeeded.
2025-07-30 13:11:35,758 [INFO] kopf.objects - Creation is processed: 1 succeeded; 0 failed.
2025-07-30 13:11:35,778 [INFO] kopf.objects - Handler 'handle_new_pod/spec.nodeName' succeeded.
[130987887412928] Handling pod test-pod-65, locking app:app-arole:database, app:app-arole:backend,  ...
New pod: test-pod-65, on node: worker-1
[130987887412928] Pod test-pod-65 handled. Released locks for: app:app-arole:database, app:app-arole:backend, 
Registering time when event is handled for test-pod-65: 1753881094.8957398
Registering time when event comes in for test-pod-66: 1753881094.9063544
New pod test-pod-66! old_node = None, new_node = worker-1.
Handling the new pod object: Pod(name=test-pod-66, label_set=LabelSet(labels={'app': 'app-b', 'role': 'frontend'}), node=Node(name=worker-1)
[130987887412928] Handling pod test-pod-66, locking app:app-brole:frontend, app:app-brole:backend,  ...
New pod: test-pod-66, on node: worker-1
[130987887412928] Pod test-pod-66 handled. Released locks for: app:app-brole:frontend, app:app-brole:backend, 
Registering time when event is handled for test-pod-66: 1753881094.9215617
Registering time when event comes in for test-pod-67: 1753881094.9304085
New pod test-pod-67! old_node = None, new_node = worker-1.
Handling the new pod object: Pod(name=test-pod-67, label_set=LabelSet(labels={'app': 'app-b', 'role': 'backend'}), node=Node(name=worker-1)
[130987887412928] Handling pod test-pod-67, locking app:app-brole:frontend, app:app-brole:database, app:app-brole:backend,  ...
New pod: test-pod-67, on node: worker-1
[130987887412928] Pod test-pod-67 handled. Released locks for: app:app-brole:frontend, app:app-brole:database, app:app-brole:backend, 
Registering time when event is handled for test-pod-67: 1753881094.948177
Registering time when event comes in for test-pod-68: 1753881094.961985
New pod test-pod-68! old_node = None, new_node = worker-1.
Handling the new pod object: Pod(name=test-pod-68, label_set=LabelSet(labels={'app': 'app-b', 'role': 'database'}), node=Node(name=worker-1)
[130987887412928] Handling pod test-pod-68, locking app:app-brole:database, app:app-brole:backend,  ...
New pod: test-pod-68, on node: worker-1
[130987887412928] Pod test-pod-68 handled. Released locks for: app:app-brole:database, app:app-brole:backend, 
Registering time when event is handled for test-pod-68: 1753881094.9795284
Registering time when event comes in for test-pod-70: 1753881094.9915125
New pod test-pod-70! old_node = None, new_node = worker-1.
Handling the new pod object: Pod(name=test-pod-70, label_set=LabelSet(labels={'app': 'app-c', 'role': 'backend'}), node=Node(name=worker-1)
[130987887412928] Handling pod test-pod-70, locking app:app-crole:frontend, app:app-crole:database, app:app-crole:backend,  ...
[130987870627520] Pod test-pod-7 handled. Released locks for: app:app-crole:frontend, app:app-crole:database, app:app-crole:backend, 
Registering time when event is handled for test-pod-7: 1753881095.646563
New pod: test-pod-17, on node: worker-1
Registering time when event comes in for test-pod-69: 1753881095.6623578
New pod test-pod-69! old_node = None, new_node = worker-1.
Handling the new pod object: Pod(name=test-pod-69, label_set=LabelSet(labels={'app': 'app-c', 'role': 'frontend'}), node=Node(name=worker-1)
[130987870627520] Handling pod test-pod-69, locking app:app-crole:backend, app:app-crole:frontend,  ...
[130987291825856] Pod test-pod-17 handled. Released locks for: app:app-crole:database, app:app-crole:backend, 
Registering time when event is handled for test-pod-17: 1753881095.6682136
New pod: test-pod-15, on node: worker-1
Registering time when event comes in for test-pod-71: 1753881095.6808271
New pod test-pod-71! old_node = None, new_node = worker-1.
Handling the new pod object: Pod(name=test-pod-71, label_set=LabelSet(labels={'app': 'app-c', 'role': 'database'}), node=Node(name=worker-1)
[130987291825856] Handling pod test-pod-71, locking app:app-crole:database, app:app-crole:backend,  ...
[130987283433152] Pod test-pod-15 handled. Released locks for: app:app-crole:backend, app:app-crole:frontend, 
Registering time when event is handled for test-pod-15: 1753881095.6858788
New pod: test-pod-16, on node: worker-1
Registering time when event comes in for test-pod-72: 1753881095.696322
New pod test-pod-72! old_node = None, new_node = worker-1.
Handling the new pod object: Pod(name=test-pod-72, label_set=LabelSet(labels={'app': 'app-a', 'role': 'frontend'}), node=Node(name=worker-1)
[130987283433152] Handling pod test-pod-72, locking app:app-arole:frontend, app:app-arole:backend,  ...
New pod: test-pod-72, on node: worker-1
[130988154721984] Pod test-pod-16 handled. Released locks for: app:app-crole:frontend, app:app-crole:database, app:app-crole:backend, 
Registering time when event is handled for test-pod-16: 1753881095.7086556
New pod: test-pod-26, on node: worker-1
[130987904198336] Pod test-pod-26 handled. Released locks for: app:app-crole:database, app:app-crole:backend, 
Registering time when event is handled for test-pod-26: 1753881095.715357
New pod: test-pod-24, on node: worker-1
[130987283433152] Pod test-pod-72 handled. Released locks for: app:app-arole:frontend, app:app-arole:backend, 
Registering time when event is handled for test-pod-72: 1753881095.716511
Registering time when event comes in for test-pod-73: 1753881095.7169337
New pod test-pod-73! old_node = None, new_node = worker-1.
Handling the new pod object: Pod(name=test-pod-73, label_set=LabelSet(labels={'app': 'app-a', 'role': 'backend'}), node=Node(name=worker-1)
[130988154721984] Handling pod test-pod-73, locking app:app-arole:database, app:app-arole:frontend, app:app-arole:backend,  ...
New pod: test-pod-73, on node: worker-1
[130988131645120] Pod test-pod-24 handled. Released locks for: app:app-crole:backend, app:app-crole:frontend, 
Registering time when event is handled for test-pod-24: 1753881095.730209
New pod: test-pod-25, on node: worker-1
Registering time when event comes in for test-pod-75: 1753881095.7306166
New pod test-pod-75! old_node = None, new_node = worker-1.
Handling the new pod object: Pod(name=test-pod-75, label_set=LabelSet(labels={'app': 'app-b', 'role': 'frontend'}), node=Node(name=worker-1)
[130987904198336] Handling pod test-pod-75, locking app:app-brole:frontend, app:app-brole:backend,  ...
New pod: test-pod-75, on node: worker-1
[130988154721984] Pod test-pod-73 handled. Released locks for: app:app-arole:database, app:app-arole:frontend, app:app-arole:backend, 
Registering time when event is handled for test-pod-73: 1753881095.738413
Registering time when event comes in for test-pod-74: 1753881095.743955
New pod test-pod-74! old_node = None, new_node = worker-1.
Handling the new pod object: Pod(name=test-pod-74, label_set=LabelSet(labels={'app': 'app-a', 'role': 'database'}), node=Node(name=worker-1)
[130987283433152] Handling pod test-pod-74, locking app:app-arole:database, app:app-arole:backend,  ...
New pod: test-pod-74, on node: worker-1
[130988123252416] Pod test-pod-25 handled. Released locks for: app:app-crole:frontend, app:app-crole:database, app:app-crole:backend, 
Registering time when event is handled for test-pod-25: 1753881095.7521741
New pod: test-pod-33, on node: worker-1
Registering time when event comes in for test-pod-76: 1753881095.7577536
New pod test-pod-76! old_node = None, new_node = worker-1.
Handling the new pod object: Pod(name=test-pod-76, label_set=LabelSet(labels={'app': 'app-b', 'role': 'backend'}), node=Node(name=worker-1)
[130988131645120] Handling pod test-pod-76, locking app:app-brole:frontend, app:app-brole:database, app:app-brole:backend,  ...
[130987904198336] Pod test-pod-75 handled. Released locks for: app:app-brole:frontend, app:app-brole:backend, 
Registering time when event is handled for test-pod-75: 1753881095.7647452
New pod: test-pod-76, on node: worker-1
Registering time when event comes in for test-pod-77: 1753881095.7756774
New pod test-pod-77! old_node = None, new_node = worker-1.
Handling the new pod object: Pod(name=test-pod-77, label_set=LabelSet(labels={'app': 'app-b', 'role': 'database'}), node=Node(name=worker-1)
[130988154721984] Handling pod test-pod-77, locking app:app-brole:database, app:app-brole:backend,  ...
[130987283433152] Pod test-pod-74 handled. Released locks for: app:app-arole:database, app:app-arole:backend, 
2025-07-30 13:11:35,780 [INFO] kopf.objects - Creation is processed: 1 succeeded; 0 failed.
2025-07-30 13:11:35,799 [INFO] kopf.objects - Handler 'handle_new_pod/spec.nodeName' succeeded.
2025-07-30 13:11:35,803 [INFO] kopf.objects - Creation is processed: 1 succeeded; 0 failed.
2025-07-30 13:11:35,819 [INFO] kopf.objects - Handler 'handle_new_pod/spec.nodeName' succeeded.
2025-07-30 13:11:35,819 [INFO] kopf.objects - Creation is processed: 1 succeeded; 0 failed.
2025-07-30 13:11:35,834 [INFO] kopf.objects - Handler 'handle_new_pod/spec.nodeName' succeeded.
2025-07-30 13:11:35,834 [INFO] kopf.objects - Creation is processed: 1 succeeded; 0 failed.
2025-07-30 13:11:35,844 [INFO] kopf.objects - Handler 'handle_new_pod/spec.nodeName' succeeded.
2025-07-30 13:11:35,844 [INFO] kopf.objects - Creation is processed: 1 succeeded; 0 failed.
2025-07-30 13:11:35,853 [INFO] kopf.objects - Handler 'handle_new_pod/spec.nodeName' succeeded.
2025-07-30 13:11:35,853 [INFO] kopf.objects - Creation is processed: 1 succeeded; 0 failed.
2025-07-30 13:11:35,866 [INFO] kopf.objects - Handler 'handle_new_pod/spec.nodeName' succeeded.
2025-07-30 13:11:35,866 [INFO] kopf.objects - Creation is processed: 1 succeeded; 0 failed.
2025-07-30 13:11:35,876 [INFO] kopf.objects - Handler 'handle_new_pod/spec.nodeName' succeeded.
2025-07-30 13:11:35,877 [INFO] kopf.objects - Creation is processed: 1 succeeded; 0 failed.
2025-07-30 13:11:35,888 [INFO] kopf.objects - Handler 'handle_new_pod/spec.nodeName' succeeded.
2025-07-30 13:11:35,888 [INFO] kopf.objects - Creation is processed: 1 succeeded; 0 failed.
2025-07-30 13:11:35,904 [INFO] kopf.objects - Handler 'handle_new_pod/spec.nodeName' succeeded.
2025-07-30 13:11:35,904 [INFO] kopf.objects - Creation is processed: 1 succeeded; 0 failed.
2025-07-30 13:11:35,912 [INFO] kopf.objects - Handler 'handle_new_pod/spec.nodeName' succeeded.
2025-07-30 13:11:35,914 [INFO] kopf.objects - Creation is processed: 1 succeeded; 0 failed.
2025-07-30 13:11:35,929 [INFO] kopf.objects - Handler 'handle_new_pod/spec.nodeName' succeeded.
2025-07-30 13:11:35,929 [INFO] kopf.objects - Creation is processed: 1 succeeded; 0 failed.
2025-07-30 13:11:35,939 [INFO] kopf.objects - Handler 'handle_new_pod/spec.nodeName' succeeded.
2025-07-30 13:11:35,940 [INFO] kopf.objects - Creation is processed: 1 succeeded; 0 failed.
Registering time when event is handled for test-pod-74: 1753881095.779167
Registering time when event comes in for test-pod-78: 1753881095.7965035
New pod test-pod-78! old_node = None, new_node = worker-1.
Handling the new pod object: Pod(name=test-pod-78, label_set=LabelSet(labels={'app': 'app-c', 'role': 'frontend'}), node=Node(name=worker-1)
[130988123252416] Handling pod test-pod-78, locking app:app-crole:backend, app:app-crole:frontend,  ...
[130987879020224] Pod test-pod-33 handled. Released locks for: app:app-crole:backend, app:app-crole:frontend, 
Registering time when event is handled for test-pod-33: 1753881095.8036354
[130988131645120] Pod test-pod-76 handled. Released locks for: app:app-brole:frontend, app:app-brole:database, app:app-brole:backend, 
Registering time when event is handled for test-pod-76: 1753881095.8037314
New pod: test-pod-77, on node: worker-1
New pod: test-pod-35, on node: worker-1
Registering time when event comes in for test-pod-79: 1753881095.8148365
New pod test-pod-79! old_node = None, new_node = worker-1.
Handling the new pod object: Pod(name=test-pod-79, label_set=LabelSet(labels={'app': 'app-c', 'role': 'backend'}), node=Node(name=worker-1)
[130987904198336] Handling pod test-pod-79, locking app:app-crole:frontend, app:app-crole:database, app:app-crole:backend,  ...
[130988154721984] Pod test-pod-77 handled. Released locks for: app:app-brole:database, app:app-brole:backend, 
Registering time when event is handled for test-pod-77: 1753881095.8283043
Registering time when event comes in for test-pod-80: 1753881095.833487
New pod test-pod-80! old_node = None, new_node = worker-1.
Handling the new pod object: Pod(name=test-pod-80, label_set=LabelSet(labels={'app': 'app-c', 'role': 'database'}), node=Node(name=worker-1)
[130987283433152] Handling pod test-pod-80, locking app:app-crole:database, app:app-crole:backend,  ...
[130987258255040] Pod test-pod-35 handled. Released locks for: app:app-crole:database, app:app-crole:backend, 
Registering time when event is handled for test-pod-35: 1753881095.8382096
New pod: test-pod-34, on node: worker-1
Registering time when event comes in for test-pod-81: 1753881095.84368
New pod test-pod-81! old_node = None, new_node = worker-1.
Handling the new pod object: Pod(name=test-pod-81, label_set=LabelSet(labels={'app': 'app-a', 'role': 'frontend'}), node=Node(name=worker-1)
[130987879020224] Handling pod test-pod-81, locking app:app-arole:frontend, app:app-arole:backend,  ...
New pod: test-pod-81, on node: worker-1
Registering time when event comes in for test-pod-82: 1753881095.8529234
New pod test-pod-82! old_node = None, new_node = worker-1.
Handling the new pod object: Pod(name=test-pod-82, label_set=LabelSet(labels={'app': 'app-a', 'role': 'backend'}), node=Node(name=worker-1)
[130988131645120] Handling pod test-pod-82, locking app:app-arole:database, app:app-arole:frontend, app:app-arole:backend,  ...
[130987912591040] Pod test-pod-34 handled. Released locks for: app:app-crole:frontend, app:app-crole:database, app:app-crole:backend, 
Registering time when event is handled for test-pod-34: 1753881095.860172
New pod: test-pod-42, on node: worker-1
[130987879020224] Pod test-pod-81 handled. Released locks for: app:app-arole:frontend, app:app-arole:backend, 
Registering time when event is handled for test-pod-81: 1753881095.8604662
New pod: test-pod-82, on node: worker-1
Registering time when event comes in for test-pod-83: 1753881095.86561
New pod test-pod-83! old_node = None, new_node = worker-1.
Handling the new pod object: Pod(name=test-pod-83, label_set=LabelSet(labels={'app': 'app-a', 'role': 'database'}), node=Node(name=worker-1)
[130988154721984] Handling pod test-pod-83, locking app:app-arole:database, app:app-arole:backend,  ...
Registering time when event comes in for test-pod-84: 1753881095.8766856
New pod test-pod-84! old_node = None, new_node = worker-1.
Handling the new pod object: Pod(name=test-pod-84, label_set=LabelSet(labels={'app': 'app-b', 'role': 'frontend'}), node=Node(name=worker-1)
[130987258255040] Handling pod test-pod-84, locking app:app-brole:frontend, app:app-brole:backend,  ...
New pod: test-pod-84, on node: worker-1
[130988131645120] Pod test-pod-82 handled. Released locks for: app:app-arole:database, app:app-arole:frontend, app:app-arole:backend, 
Registering time when event is handled for test-pod-82: 1753881095.8792598
New pod: test-pod-83, on node: worker-1
Registering time when event comes in for test-pod-85: 1753881095.8880284
New pod test-pod-85! old_node = None, new_node = worker-1.
Handling the new pod object: Pod(name=test-pod-85, label_set=LabelSet(labels={'app': 'app-b', 'role': 'backend'}), node=Node(name=worker-1)
[130987912591040] Handling pod test-pod-85, locking app:app-brole:frontend, app:app-brole:database, app:app-brole:backend,  ...
[130987258255040] Pod test-pod-84 handled. Released locks for: app:app-brole:frontend, app:app-brole:backend, 
Registering time when event is handled for test-pod-84: 1753881095.8905175
[130987308611264] Pod test-pod-42 handled. Released locks for: app:app-crole:backend, app:app-crole:frontend, 
Registering time when event is handled for test-pod-42: 1753881095.8927
New pod: test-pod-85, on node: worker-1
New pod: test-pod-43, on node: worker-1
Registering time when event comes in for test-pod-86: 1753881095.9037037
New pod test-pod-86! old_node = None, new_node = worker-1.
Handling the new pod object: Pod(name=test-pod-86, label_set=LabelSet(labels={'app': 'app-b', 'role': 'database'}), node=Node(name=worker-1)
[130987879020224] Handling pod test-pod-86, locking app:app-brole:database, app:app-brole:backend,  ...
[130988154721984] Pod test-pod-83 handled. Released locks for: app:app-arole:database, app:app-arole:backend, 
Registering time when event is handled for test-pod-83: 1753881095.907767
[130987912591040] Pod test-pod-85 handled. Released locks for: app:app-brole:frontend, app:app-brole:database, app:app-brole:backend, 
Registering time when event is handled for test-pod-85: 1753881095.907817
New pod: test-pod-86, on node: worker-1
[130987895805632] Pod test-pod-43 handled. Released locks for: app:app-crole:frontend, app:app-crole:database, app:app-crole:backend, 
Registering time when event is handled for test-pod-43: 1753881095.9119108
Registering time when event comes in for test-pod-87: 1753881095.9120193
New pod test-pod-87! old_node = None, new_node = worker-1.
Handling the new pod object: Pod(name=test-pod-87, label_set=LabelSet(labels={'app': 'app-c', 'role': 'frontend'}), node=Node(name=worker-1)
[130988131645120] Handling pod test-pod-87, locking app:app-crole:backend, app:app-crole:frontend,  ...
New pod: test-pod-44, on node: worker-1
[130987879020224] Pod test-pod-86 handled. Released locks for: app:app-brole:database, app:app-brole:backend, 
Registering time when event is handled for test-pod-86: 1753881095.9238307
Registering time when event comes in for test-pod-88: 1753881095.9266207
New pod test-pod-88! old_node = None, new_node = worker-1.
Handling the new pod object: Pod(name=test-pod-88, label_set=LabelSet(labels={'app': 'app-c', 'role': 'backend'}), node=Node(name=worker-1)
[130987258255040] Handling pod test-pod-88, locking app:app-crole:frontend, app:app-crole:database, app:app-crole:backend,  ...
[130986771740352] Pod test-pod-44 handled. Released locks for: app:app-crole:database, app:app-crole:backend, 
Registering time when event is handled for test-pod-44: 1753881095.9307585
New pod: test-pod-51, on node: worker-1
Registering time when event comes in for test-pod-89: 1753881095.9390335
New pod test-pod-89! old_node = None, new_node = worker-1.
Handling the new pod object: Pod(name=test-pod-89, label_set=LabelSet(labels={'app': 'app-c', 'role': 'database'}), node=Node(name=worker-1)
[130987308611264] Handling pod test-pod-89, locking app:app-crole:database, app:app-crole:backend,  ...
Registering time when event comes in for test-pod-90: 1753881095.9485452
New pod test-pod-90! old_node = None, new_node = worker-1.
2025-07-30 13:11:35,953 [INFO] kopf.objects - Handler 'handle_new_pod/spec.nodeName' succeeded.
2025-07-30 13:11:35,953 [INFO] kopf.objects - Creation is processed: 1 succeeded; 0 failed.
2025-07-30 13:11:35,963 [INFO] kopf.objects - Handler 'handle_new_pod/spec.nodeName' succeeded.
2025-07-30 13:11:35,964 [INFO] kopf.objects - Creation is processed: 1 succeeded; 0 failed.
2025-07-30 13:11:35,979 [INFO] kopf.objects - Handler 'handle_new_pod/spec.nodeName' succeeded.
2025-07-30 13:11:35,979 [INFO] kopf.objects - Creation is processed: 1 succeeded; 0 failed.
2025-07-30 13:11:36,005 [INFO] kopf.objects - Handler 'handle_new_pod/spec.nodeName' succeeded.
2025-07-30 13:11:36,006 [INFO] kopf.objects - Creation is processed: 1 succeeded; 0 failed.
2025-07-30 13:11:36,016 [INFO] kopf.objects - Handler 'handle_new_pod/spec.nodeName' succeeded.
2025-07-30 13:11:36,016 [INFO] kopf.objects - Creation is processed: 1 succeeded; 0 failed.
2025-07-30 13:11:36,031 [INFO] kopf.objects - Handler 'handle_new_pod/spec.nodeName' succeeded.
2025-07-30 13:11:36,032 [INFO] kopf.objects - Creation is processed: 1 succeeded; 0 failed.
2025-07-30 13:11:36,046 [INFO] kopf.objects - Handler 'handle_new_pod/spec.nodeName' succeeded.
2025-07-30 13:11:36,046 [INFO] kopf.objects - Creation is processed: 1 succeeded; 0 failed.
2025-07-30 13:11:36,061 [INFO] kopf.objects - Handler 'handle_new_pod/spec.nodeName' succeeded.
2025-07-30 13:11:36,061 [INFO] kopf.objects - Creation is processed: 1 succeeded; 0 failed.
2025-07-30 13:11:36,077 [INFO] kopf.objects - Handler 'handle_new_pod/spec.nodeName' succeeded.
2025-07-30 13:11:36,077 [INFO] kopf.objects - Creation is processed: 1 succeeded; 0 failed.
2025-07-30 13:11:36,095 [INFO] kopf.objects - Handler 'handle_new_pod/spec.nodeName' succeeded.
2025-07-30 13:11:36,096 [INFO] kopf.objects - Creation is processed: 1 succeeded; 0 failed.
2025-07-30 13:11:36,112 [INFO] kopf.objects - Handler 'handle_new_pod/spec.nodeName' succeeded.
2025-07-30 13:11:36,112 [INFO] kopf.objects - Creation is processed: 1 succeeded; 0 failed.
2025-07-30 13:11:36,146 [INFO] kopf.objects - Handler 'handle_new_pod/spec.nodeName' succeeded.
2025-07-30 13:11:36,146 [INFO] kopf.objects - Creation is processed: 1 succeeded; 0 failed.
2025-07-30 13:11:36,167 [INFO] kopf.objects - Handler 'handle_new_pod/spec.nodeName' succeeded.
2025-07-30 13:11:36,167 [INFO] kopf.objects - Creation is processed: 1 succeeded; 0 failed.
2025-07-30 13:11:36,184 [INFO] kopf.objects - Handler 'handle_new_pod/spec.nodeName' succeeded.
2025-07-30 13:11:36,184 [INFO] kopf.objects - Creation is processed: 1 succeeded; 0 failed.
2025-07-30 13:11:36,203 [INFO] kopf.objects - Handler 'handle_new_pod/spec.nodeName' succeeded.
2025-07-30 13:11:36,203 [INFO] kopf.objects - Creation is processed: 1 succeeded; 0 failed.
2025-07-30 13:11:36,228 [INFO] kopf.objects - Handler 'handle_new_pod/spec.nodeName' succeeded.
2025-07-30 13:11:36,228 [INFO] kopf.objects - Creation is processed: 1 succeeded; 0 failed.
2025-07-30 13:11:36,234 [INFO] kopf.objects - Handler 'handle_new_pod/spec.nodeName' succeeded.
2025-07-30 13:11:36,235 [INFO] kopf.objects - Creation is processed: 1 succeeded; 0 failed.
2025-07-30 13:11:36,252 [INFO] kopf.objects - Handler 'handle_new_pod/spec.nodeName' succeeded.
2025-07-30 13:11:36,256 [INFO] kopf.objects - Creation is processed: 1 succeeded; 0 failed.
2025-07-30 13:11:36,268 [INFO] kopf.objects - Handler 'handle_new_pod/spec.nodeName' succeeded.
2025-07-30 13:11:36,268 [INFO] kopf.objects - Creation is processed: 1 succeeded; 0 failed.
2025-07-30 13:11:36,279 [INFO] kopf.objects - Handler 'handle_new_pod/spec.nodeName' succeeded.
2025-07-30 13:11:36,279 [INFO] kopf.objects - Creation is processed: 1 succeeded; 0 failed.
2025-07-30 13:11:36,295 [INFO] kopf.objects - Handler 'handle_new_pod/spec.nodeName' succeeded.
2025-07-30 13:11:36,295 [INFO] kopf.objects - Creation is processed: 1 succeeded; 0 failed.
2025-07-30 13:11:36,314 [INFO] kopf.objects - Handler 'handle_new_pod/spec.nodeName' succeeded.
2025-07-30 13:11:36,315 [INFO] kopf.objects - Creation is processed: 1 succeeded; 0 failed.
Handling the new pod object: Pod(name=test-pod-90, label_set=LabelSet(labels={'app': 'app-a', 'role': 'frontend'}), node=Node(name=worker-1)
[130988154721984] Handling pod test-pod-90, locking app:app-arole:frontend, app:app-arole:backend,  ...
New pod: test-pod-90, on node: worker-1
[130987300218560] Pod test-pod-51 handled. Released locks for: app:app-crole:backend, app:app-crole:frontend, 
Registering time when event is handled for test-pod-51: 1753881095.955462
New pod: test-pod-52, on node: worker-1
Registering time when event comes in for test-pod-91: 1753881095.9627647
New pod test-pod-91! old_node = None, new_node = worker-1.
Handling the new pod object: Pod(name=test-pod-91, label_set=LabelSet(labels={'app': 'app-a', 'role': 'backend'}), node=Node(name=worker-1)
[130987912591040] Handling pod test-pod-91, locking app:app-arole:database, app:app-arole:frontend, app:app-arole:backend,  ...
Registering time when event comes in for test-pod-92: 1753881095.9771147
New pod test-pod-92! old_node = None, new_node = worker-1.
Handling the new pod object: Pod(name=test-pod-92, label_set=LabelSet(labels={'app': 'app-a', 'role': 'database'}), node=Node(name=worker-1)
[130987895805632] Handling pod test-pod-92, locking app:app-arole:database, app:app-arole:backend,  ...
[130988154721984] Pod test-pod-90 handled. Released locks for: app:app-arole:frontend, app:app-arole:backend, 
Registering time when event is handled for test-pod-90: 1753881095.9776638
New pod: test-pod-91, on node: worker-1
Registering time when event comes in for test-pod-93: 1753881096.000423
New pod test-pod-93! old_node = None, new_node = worker-1.
Handling the new pod object: Pod(name=test-pod-93, label_set=LabelSet(labels={'app': 'app-b', 'role': 'frontend'}), node=Node(name=worker-1)
[130987879020224] Handling pod test-pod-93, locking app:app-brole:frontend, app:app-brole:backend,  ...
New pod: test-pod-93, on node: worker-1
[130987266647744] Pod test-pod-52 handled. Released locks for: app:app-crole:frontend, app:app-crole:database, app:app-crole:backend, 
Registering time when event is handled for test-pod-52: 1753881096.002314
New pod: test-pod-53, on node: worker-1
Registering time when event comes in for test-pod-94: 1753881096.014845
New pod test-pod-94! old_node = None, new_node = worker-1.
Handling the new pod object: Pod(name=test-pod-94, label_set=LabelSet(labels={'app': 'app-b', 'role': 'backend'}), node=Node(name=worker-1)
[130986771740352] Handling pod test-pod-94, locking app:app-brole:frontend, app:app-brole:database, app:app-brole:backend,  ...
[130987912591040] Pod test-pod-91 handled. Released locks for: app:app-arole:database, app:app-arole:frontend, app:app-arole:backend, 
Registering time when event is handled for test-pod-91: 1753881096.0201864
New pod: test-pod-92, on node: worker-1
[130987879020224] Pod test-pod-93 handled. Released locks for: app:app-brole:frontend, app:app-brole:backend, 
Registering time when event is handled for test-pod-93: 1753881096.028838
[130987862234816] Pod test-pod-53 handled. Released locks for: app:app-crole:database, app:app-crole:backend, 
Registering time when event is handled for test-pod-53: 1753881096.0288937
New pod: test-pod-60, on node: worker-1
Registering time when event comes in for test-pod-95: 1753881096.0291076
New pod test-pod-95! old_node = None, new_node = worker-1.
Handling the new pod object: Pod(name=test-pod-95, label_set=LabelSet(labels={'app': 'app-b', 'role': 'database'}), node=Node(name=worker-1)
[130987300218560] Handling pod test-pod-95, locking app:app-brole:database, app:app-brole:backend,  ...
New pod: test-pod-94, on node: worker-1
Registering time when event comes in for test-pod-96: 1753881096.0453324
New pod test-pod-96! old_node = None, new_node = worker-1.
Handling the new pod object: Pod(name=test-pod-96, label_set=LabelSet(labels={'app': 'app-c', 'role': 'frontend'}), node=Node(name=worker-1)
[130988154721984] Handling pod test-pod-96, locking app:app-crole:backend, app:app-crole:frontend,  ...
[130987895805632] Pod test-pod-92 handled. Released locks for: app:app-arole:database, app:app-arole:backend, 
Registering time when event is handled for test-pod-92: 1753881096.0601826
[130986763347648] Pod test-pod-60 handled. Released locks for: app:app-crole:backend, app:app-crole:frontend, 
Registering time when event is handled for test-pod-60: 1753881096.060284
New pod: test-pod-61, on node: worker-1
Registering time when event comes in for test-pod-97: 1753881096.0606132
New pod test-pod-97! old_node = None, new_node = worker-1.
Handling the new pod object: Pod(name=test-pod-97, label_set=LabelSet(labels={'app': 'app-c', 'role': 'backend'}), node=Node(name=worker-1)
[130987266647744] Handling pod test-pod-97, locking app:app-crole:frontend, app:app-crole:database, app:app-crole:backend,  ...
[130986771740352] Pod test-pod-94 handled. Released locks for: app:app-brole:frontend, app:app-brole:database, app:app-brole:backend, 
Registering time when event is handled for test-pod-94: 1753881096.0693548
New pod: test-pod-95, on node: worker-1
Registering time when event comes in for test-pod-98: 1753881096.0763948
New pod test-pod-98! old_node = None, new_node = worker-1.
Handling the new pod object: Pod(name=test-pod-98, label_set=LabelSet(labels={'app': 'app-c', 'role': 'database'}), node=Node(name=worker-1)
[130987912591040] Handling pod test-pod-98, locking app:app-crole:database, app:app-crole:backend,  ...
[130987275040448] Pod test-pod-61 handled. Released locks for: app:app-crole:frontend, app:app-crole:database, app:app-crole:backend, 
Registering time when event is handled for test-pod-61: 1753881096.0901365
New pod: test-pod-62, on node: worker-1
[130987300218560] Pod test-pod-95 handled. Released locks for: app:app-brole:database, app:app-brole:backend, 
Registering time when event is handled for test-pod-95: 1753881096.0955272
[130988140037824] Pod test-pod-62 handled. Released locks for: app:app-crole:database, app:app-crole:backend, 
Registering time when event is handled for test-pod-62: 1753881096.111743
New pod: test-pod-70, on node: worker-1
[130987887412928] Pod test-pod-70 handled. Released locks for: app:app-crole:frontend, app:app-crole:database, app:app-crole:backend, 
Registering time when event is handled for test-pod-70: 1753881096.1363528
New pod: test-pod-69, on node: worker-1
[130987870627520] Pod test-pod-69 handled. Released locks for: app:app-crole:backend, app:app-crole:frontend, 
Registering time when event is handled for test-pod-69: 1753881096.1588128
New pod: test-pod-71, on node: worker-1
[130987291825856] Pod test-pod-71 handled. Released locks for: app:app-crole:database, app:app-crole:backend, 
Registering time when event is handled for test-pod-71: 1753881096.179455
New pod: test-pod-78, on node: worker-1
[130988123252416] Pod test-pod-78 handled. Released locks for: app:app-crole:backend, app:app-crole:frontend, 
Registering time when event is handled for test-pod-78: 1753881096.2094946
New pod: test-pod-79, on node: worker-1
[130987904198336] Pod test-pod-79 handled. Released locks for: app:app-crole:frontend, app:app-crole:database, app:app-crole:backend, 
Registering time when event is handled for test-pod-79: 1753881096.2276566
New pod: test-pod-80, on node: worker-1
[130987283433152] Pod test-pod-80 handled. Released locks for: app:app-crole:database, app:app-crole:backend, 
Registering time when event is handled for test-pod-80: 1753881096.2487366
New pod: test-pod-87, on node: worker-1
[130988131645120] Pod test-pod-87 handled. Released locks for: app:app-crole:backend, app:app-crole:frontend, 
Registering time when event is handled for test-pod-87: 1753881096.275114
New pod: test-pod-88, on node: worker-1
[130987258255040] Pod test-pod-88 handled. Released locks for: app:app-crole:frontend, app:app-crole:database, app:app-crole:backend, 
Registering time when event is handled for test-pod-88: 1753881096.29502
New pod: test-pod-89, on node: worker-1
[130987308611264] Pod test-pod-89 handled. Released locks for: app:app-crole:database, app:app-crole:backend, 
2025-07-30 13:11:36,335 [INFO] kopf.objects - Handler 'handle_new_pod/spec.nodeName' succeeded.
2025-07-30 13:11:36,336 [INFO] kopf.objects - Creation is processed: 1 succeeded; 0 failed.
2025-07-30 13:11:36,353 [INFO] kopf.objects - Handler 'handle_new_pod/spec.nodeName' succeeded.
2025-07-30 13:11:36,353 [INFO] kopf.objects - Creation is processed: 1 succeeded; 0 failed.
2025-07-30 13:11:36,373 [INFO] kopf.objects - Handler 'handle_new_pod/spec.nodeName' succeeded.
2025-07-30 13:11:36,374 [INFO] kopf.objects - Creation is processed: 1 succeeded; 0 failed.
2025-07-30 13:11:36,393 [INFO] kopf.objects - Handler 'handle_new_pod/spec.nodeName' succeeded.
2025-07-30 13:11:36,394 [INFO] kopf.objects - Creation is processed: 1 succeeded; 0 failed.
2025-07-30 13:11:36,404 [INFO] kopf.objects - Handler 'handle_new_pod/spec.nodeName' succeeded.
2025-07-30 13:11:36,405 [INFO] kopf.objects - Creation is processed: 1 succeeded; 0 failed.
2025-07-30 13:11:36,416 [INFO] kopf.objects - Handler 'handle_new_pod/spec.nodeName' succeeded.
2025-07-30 13:11:36,416 [INFO] kopf.objects - Creation is processed: 1 succeeded; 0 failed.
2025-07-30 13:11:36,429 [INFO] kopf.objects - Handler 'handle_new_pod/spec.nodeName' succeeded.
2025-07-30 13:11:36,429 [INFO] kopf.objects - Creation is processed: 1 succeeded; 0 failed.
