Running locally. Using kubeconfig.
🌿 Starting GrassHopper in PLS mode
Running in PLS-mode...
================================= FRESH INITIALISATION DONE =====================================
Watching policies now in namespace test-thesis ...
Watching pods now in namespace test-thesis ...
Handling policy event
Handling new policy event in Watchdog: app-c-deny-all
Successfully added policy app-c-deny-all to ClusterState
Handling policy event
Handling new policy event in Watchdog: app-c-allow-frontend-backend
PLS: Configuring new spol Policy(name=app-c-allow-frontend-backend, sel=LabelSet(labels={'app': 'app-c', 'role': 'frontend'}), allow=[
(LabelSet(labels={'app': 'app-c', 'role': 'backend'}), Traffic(direction=ingress, port=80, protocol=TCP)) 
])
PLS: Configuring new spol Policy(name=app-c-allow-frontend-backend, sel=LabelSet(labels={'app': 'app-c', 'role': 'frontend'}), allow=[
(LabelSet(labels={'app': 'app-c', 'role': 'backend'}), Traffic(direction=egress, port=80, protocol=TCP)) 
])
Successfully added policy app-c-allow-frontend-backend to ClusterState
Handling policy event
Handling new policy event in Watchdog: app-c-allow-database-backend
PLS: Configuring new spol Policy(name=app-c-allow-database-backend, sel=LabelSet(labels={'app': 'app-c', 'role': 'database'}), allow=[
(LabelSet(labels={'app': 'app-c', 'role': 'backend'}), Traffic(direction=ingress, port=80, protocol=TCP)) 
])
PLS: Configuring new spol Policy(name=app-c-allow-database-backend, sel=LabelSet(labels={'app': 'app-c', 'role': 'database'}), allow=[
(LabelSet(labels={'app': 'app-c', 'role': 'backend'}), Traffic(direction=egress, port=80, protocol=TCP)) 
])
Successfully added policy app-c-allow-database-backend to ClusterState
Handling policy event
Handling new policy event in Watchdog: app-c-allow-backend-frontend
PLS: Configuring new spol Policy(name=app-c-allow-backend-frontend, sel=LabelSet(labels={'app': 'app-c', 'role': 'backend'}), allow=[
(LabelSet(labels={'app': 'app-c', 'role': 'frontend'}), Traffic(direction=ingress, port=80, protocol=TCP)) 
])
PLS: Configuring new spol Policy(name=app-c-allow-backend-frontend, sel=LabelSet(labels={'app': 'app-c', 'role': 'backend'}), allow=[
(LabelSet(labels={'app': 'app-c', 'role': 'frontend'}), Traffic(direction=egress, port=80, protocol=TCP)) 
])
Successfully added policy app-c-allow-backend-frontend to ClusterState
Handling policy event
Handling new policy event in Watchdog: app-c-allow-backend-database
PLS: Configuring new spol Policy(name=app-c-allow-backend-database, sel=LabelSet(labels={'app': 'app-c', 'role': 'backend'}), allow=[
(LabelSet(labels={'app': 'app-c', 'role': 'database'}), Traffic(direction=ingress, port=80, protocol=TCP)) 
])
PLS: Configuring new spol Policy(name=app-c-allow-backend-database, sel=LabelSet(labels={'app': 'app-c', 'role': 'backend'}), allow=[
(LabelSet(labels={'app': 'app-c', 'role': 'database'}), Traffic(direction=egress, port=80, protocol=TCP)) 
])
Successfully added policy app-c-allow-backend-database to ClusterState
Handling policy event
Handling new policy event in Watchdog: app-b-allow-backend-database
PLS: Configuring new spol Policy(name=app-b-allow-backend-database, sel=LabelSet(labels={'app': 'app-b', 'role': 'backend'}), allow=[
(LabelSet(labels={'app': 'app-b', 'role': 'database'}), Traffic(direction=ingress, port=80, protocol=TCP)) 
])
PLS: Configuring new spol Policy(name=app-b-allow-backend-database, sel=LabelSet(labels={'app': 'app-b', 'role': 'backend'}), allow=[
(LabelSet(labels={'app': 'app-b', 'role': 'database'}), Traffic(direction=egress, port=80, protocol=TCP)) 
])
Successfully added policy app-b-allow-backend-database to ClusterState
Handling policy event
Handling new policy event in Watchdog: app-b-allow-database-backend
PLS: Configuring new spol Policy(name=app-b-allow-database-backend, sel=LabelSet(labels={'app': 'app-b', 'role': 'database'}), allow=[
(LabelSet(labels={'app': 'app-b', 'role': 'backend'}), Traffic(direction=ingress, port=80, protocol=TCP)) 
])
PLS: Configuring new spol Policy(name=app-b-allow-database-backend, sel=LabelSet(labels={'app': 'app-b', 'role': 'database'}), allow=[
(LabelSet(labels={'app': 'app-b', 'role': 'backend'}), Traffic(direction=egress, port=80, protocol=TCP)) 
])
Successfully added policy app-b-allow-database-backend to ClusterState
Handling policy event
Handling new policy event in Watchdog: app-b-allow-frontend-backend
PLS: Configuring new spol Policy(name=app-b-allow-frontend-backend, sel=LabelSet(labels={'app': 'app-b', 'role': 'frontend'}), allow=[
(LabelSet(labels={'app': 'app-b', 'role': 'backend'}), Traffic(direction=ingress, port=80, protocol=TCP)) 
])
PLS: Configuring new spol Policy(name=app-b-allow-frontend-backend, sel=LabelSet(labels={'app': 'app-b', 'role': 'frontend'}), allow=[
(LabelSet(labels={'app': 'app-b', 'role': 'backend'}), Traffic(direction=egress, port=80, protocol=TCP)) 
])
Successfully added policy app-b-allow-frontend-backend to ClusterState
Handling policy event
Handling new policy event in Watchdog: app-b-deny-all
Successfully added policy app-b-deny-all to ClusterState
Handling policy event
Handling new policy event in Watchdog: app-b-allow-backend-frontend
PLS: Configuring new spol Policy(name=app-b-allow-backend-frontend, sel=LabelSet(labels={'app': 'app-b', 'role': 'backend'}), allow=[
(LabelSet(labels={'app': 'app-b', 'role': 'frontend'}), Traffic(direction=ingress, port=80, protocol=TCP)) 
])
PLS: Configuring new spol Policy(name=app-b-allow-backend-frontend, sel=LabelSet(labels={'app': 'app-b', 'role': 'backend'}), allow=[
(LabelSet(labels={'app': 'app-b', 'role': 'frontend'}), Traffic(direction=egress, port=80, protocol=TCP)) 
])
Successfully added policy app-b-allow-backend-frontend to ClusterState
Handling policy event
Handling new policy event in Watchdog: app-a-allow-backend-database
PLS: Configuring new spol Policy(name=app-a-allow-backend-database, sel=LabelSet(labels={'app': 'app-a', 'role': 'backend'}), allow=[
(LabelSet(labels={'app': 'app-a', 'role': 'database'}), Traffic(direction=ingress, port=80, protocol=TCP)) 
])
PLS: Configuring new spol Policy(name=app-a-allow-backend-database, sel=LabelSet(labels={'app': 'app-a', 'role': 'backend'}), allow=[
(LabelSet(labels={'app': 'app-a', 'role': 'database'}), Traffic(direction=egress, port=80, protocol=TCP)) 
])
Successfully added policy app-a-allow-backend-database to ClusterState
Handling policy event
Handling new policy event in Watchdog: app-a-allow-frontend-backend
PLS: Configuring new spol Policy(name=app-a-allow-frontend-backend, sel=LabelSet(labels={'app': 'app-a', 'role': 'frontend'}), allow=[
(LabelSet(labels={'app': 'app-a', 'role': 'backend'}), Traffic(direction=ingress, port=80, protocol=TCP)) 
])
PLS: Configuring new spol Policy(name=app-a-allow-frontend-backend, sel=LabelSet(labels={'app': 'app-a', 'role': 'frontend'}), allow=[
(LabelSet(labels={'app': 'app-a', 'role': 'backend'}), Traffic(direction=egress, port=80, protocol=TCP)) 
])
Successfully added policy app-a-allow-frontend-backend to ClusterState
Handling policy event
Handling new policy event in Watchdog: app-a-allow-backend-frontend
PLS: Configuring new spol Policy(name=app-a-allow-backend-frontend, sel=LabelSet(labels={'app': 'app-a', 'role': 'backend'}), allow=[
(LabelSet(labels={'app': 'app-a', 'role': 'frontend'}), Traffic(direction=ingress, port=80, protocol=TCP)) 
])
PLS: Configuring new spol Policy(name=app-a-allow-backend-frontend, sel=LabelSet(labels={'app': 'app-a', 'role': 'backend'}), allow=[
(LabelSet(labels={'app': 'app-a', 'role': 'frontend'}), Traffic(direction=egress, port=80, protocol=TCP)) 
])
Successfully added policy app-a-allow-backend-frontend to ClusterState
Handling policy event
Handling new policy event in Watchdog: app-a-deny-all
Successfully added policy app-a-deny-all to ClusterState
Handling policy event
Handling new policy event in Watchdog: app-a-allow-database-backend
PLS: Configuring new spol Policy(name=app-a-allow-database-backend, sel=LabelSet(labels={'app': 'app-a', 'role': 'database'}), allow=[
(LabelSet(labels={'app': 'app-a', 'role': 'backend'}), Traffic(direction=ingress, port=80, protocol=TCP)) 
])
PLS: Configuring new spol Policy(name=app-a-allow-database-backend, sel=LabelSet(labels={'app': 'app-a', 'role': 'database'}), allow=[
(LabelSet(labels={'app': 'app-a', 'role': 'backend'}), Traffic(direction=egress, port=80, protocol=TCP)) 
])
Successfully added policy app-a-allow-database-backend to ClusterState
New pod: test-pod-0, on node: worker-1
PLS: Configuring new pod with labelset: {L}
PLS: Configuring new spol Policy(name=app-a-allow-backend-frontend, sel=LabelSet(labels={'app': 'app-a', 'role': 'backend'}), allow=[
(LabelSet(labels={'app': 'app-a', 'role': 'frontend'}), Traffic(direction=egress, port=80, protocol=TCP)) 
])
PLS: Configuring new spol Policy(name=app-a-allow-frontend-backend, sel=LabelSet(labels={'app': 'app-a', 'role': 'frontend'}), allow=[
(LabelSet(labels={'app': 'app-a', 'role': 'backend'}), Traffic(direction=ingress, port=80, protocol=TCP)) 
])
Adding Security Group for select labelset: LabelSet(labels={'app': 'app-a', 'role': 'frontend'})
Initializing Openstack Client!
Creating security group: SG-app:app-arole:frontend
Attaching security group SG-app:app-arole:frontend to instance worker-1
Adding Security Group for allow labelset: LabelSet(labels={'app': 'app-a', 'role': 'backend'})
Creating security group: SG-app:app-arole:backend
SGMod: Adding rule to SG-app:app-arole:frontend, remote SG-app:app-arole:backend, port 80, type ingress
PLS: Configuring new spol Policy(name=app-a-allow-backend-frontend, sel=LabelSet(labels={'app': 'app-a', 'role': 'backend'}), allow=[
(LabelSet(labels={'app': 'app-a', 'role': 'frontend'}), Traffic(direction=ingress, port=80, protocol=TCP)) 
])
PLS: Configuring new spol Policy(name=app-a-allow-frontend-backend, sel=LabelSet(labels={'app': 'app-a', 'role': 'frontend'}), allow=[
(LabelSet(labels={'app': 'app-a', 'role': 'backend'}), Traffic(direction=egress, port=80, protocol=TCP)) 
])
Adding Security Group for select labelset: LabelSet(labels={'app': 'app-a', 'role': 'frontend'})
Adding Security Group for allow labelset: LabelSet(labels={'app': 'app-a', 'role': 'backend'})
SGMod: Adding rule to SG-app:app-arole:frontend, remote SG-app:app-arole:backend, port 80, type egress
SG-app:app-arole:frontend already attached to worker-1
Pod(name=test-pod-0, label_set=LabelSet(labels={'app': 'app-a', 'role': 'frontend'}), node=Node(name=worker-1)
New pod: test-pod-1, on node: worker-2
PLS: Configuring new pod with labelset: {L}
PLS: Configuring new spol Policy(name=app-a-allow-frontend-backend, sel=LabelSet(labels={'app': 'app-a', 'role': 'frontend'}), allow=[
(LabelSet(labels={'app': 'app-a', 'role': 'backend'}), Traffic(direction=ingress, port=80, protocol=TCP)) 
])
Adding Security Group for select labelset: LabelSet(labels={'app': 'app-a', 'role': 'frontend'})
Adding Security Group for allow labelset: LabelSet(labels={'app': 'app-a', 'role': 'backend'})
SGMod: Adding rule to SG-app:app-arole:frontend, remote SG-app:app-arole:backend, port 80, type ingress
Cannot add rule to remotes: Security group rule already exists. Rule id is 3e99b1c1-a86e-4f91-8865-8a8f784ed94f.
Neutron server returns request_ids: ['req-93b44c5c-2c16-4737-8b14-7d90e8dd918a']
PLS: Configuring new spol Policy(name=app-a-allow-backend-frontend, sel=LabelSet(labels={'app': 'app-a', 'role': 'backend'}), allow=[
(LabelSet(labels={'app': 'app-a', 'role': 'frontend'}), Traffic(direction=ingress, port=80, protocol=TCP)) 
])
Adding Security Group for select labelset: LabelSet(labels={'app': 'app-a', 'role': 'backend'})
Adding Security Group for allow labelset: LabelSet(labels={'app': 'app-a', 'role': 'frontend'})
SGMod: Adding rule to SG-app:app-arole:backend, remote SG-app:app-arole:frontend, port 80, type ingress
PLS: Configuring new spol Policy(name=app-a-allow-backend-database, sel=LabelSet(labels={'app': 'app-a', 'role': 'backend'}), allow=[
(LabelSet(labels={'app': 'app-a', 'role': 'database'}), Traffic(direction=ingress, port=80, protocol=TCP)) 
])
Adding Security Group for select labelset: LabelSet(labels={'app': 'app-a', 'role': 'backend'})
Adding Security Group for allow labelset: LabelSet(labels={'app': 'app-a', 'role': 'database'})
Creating security group: SG-app:app-arole:database
SGMod: Adding rule to SG-app:app-arole:backend, remote SG-app:app-arole:database, port 80, type ingress
PLS: Configuring new spol Policy(name=app-a-allow-database-backend, sel=LabelSet(labels={'app': 'app-a', 'role': 'database'}), allow=[
(LabelSet(labels={'app': 'app-a', 'role': 'backend'}), Traffic(direction=egress, port=80, protocol=TCP)) 
])
PLS: Configuring new spol Policy(name=app-a-allow-backend-frontend, sel=LabelSet(labels={'app': 'app-a', 'role': 'backend'}), allow=[
(LabelSet(labels={'app': 'app-a', 'role': 'frontend'}), Traffic(direction=egress, port=80, protocol=TCP)) 
])
Adding Security Group for select labelset: LabelSet(labels={'app': 'app-a', 'role': 'backend'})
Adding Security Group for allow labelset: LabelSet(labels={'app': 'app-a', 'role': 'frontend'})
SGMod: Adding rule to SG-app:app-arole:backend, remote SG-app:app-arole:frontend, port 80, type egress
PLS: Configuring new spol Policy(name=app-a-allow-backend-database, sel=LabelSet(labels={'app': 'app-a', 'role': 'backend'}), allow=[
(LabelSet(labels={'app': 'app-a', 'role': 'database'}), Traffic(direction=egress, port=80, protocol=TCP)) 
])
Adding Security Group for select labelset: LabelSet(labels={'app': 'app-a', 'role': 'backend'})
Adding Security Group for allow labelset: LabelSet(labels={'app': 'app-a', 'role': 'database'})
SGMod: Adding rule to SG-app:app-arole:backend, remote SG-app:app-arole:database, port 80, type egress
PLS: Configuring new spol Policy(name=app-a-allow-frontend-backend, sel=LabelSet(labels={'app': 'app-a', 'role': 'frontend'}), allow=[
(LabelSet(labels={'app': 'app-a', 'role': 'backend'}), Traffic(direction=egress, port=80, protocol=TCP)) 
])
Adding Security Group for select labelset: LabelSet(labels={'app': 'app-a', 'role': 'frontend'})
Adding Security Group for allow labelset: LabelSet(labels={'app': 'app-a', 'role': 'backend'})
SGMod: Adding rule to SG-app:app-arole:frontend, remote SG-app:app-arole:backend, port 80, type egress
Cannot add rule to remotes: Security group rule already exists. Rule id is 97722765-967a-4fe2-8ad9-d677cdc6b727.
Neutron server returns request_ids: ['req-7920912c-bce5-49e4-9a06-7a81085503a3']
PLS: Configuring new spol Policy(name=app-a-allow-database-backend, sel=LabelSet(labels={'app': 'app-a', 'role': 'database'}), allow=[
(LabelSet(labels={'app': 'app-a', 'role': 'backend'}), Traffic(direction=ingress, port=80, protocol=TCP)) 
])
Attaching security group SG-app:app-arole:backend to instance worker-2
Pod(name=test-pod-1, label_set=LabelSet(labels={'app': 'app-a', 'role': 'backend'}), node=Node(name=worker-2)
New pod: test-pod-2, on node: worker
PLS: Configuring new pod with labelset: {L}
PLS: Configuring new spol Policy(name=app-a-allow-backend-database, sel=LabelSet(labels={'app': 'app-a', 'role': 'backend'}), allow=[
(LabelSet(labels={'app': 'app-a', 'role': 'database'}), Traffic(direction=egress, port=80, protocol=TCP)) 
])
Adding Security Group for select labelset: LabelSet(labels={'app': 'app-a', 'role': 'backend'})
Adding Security Group for allow labelset: LabelSet(labels={'app': 'app-a', 'role': 'database'})
SGMod: Adding rule to SG-app:app-arole:backend, remote SG-app:app-arole:database, port 80, type egress
Cannot add rule to remotes: Security group rule already exists. Rule id is 5d19a3e8-ff88-40c3-8744-72ee918bae73.
Neutron server returns request_ids: ['req-eec189cc-73fb-4f2a-afad-5f68bdac10db']
PLS: Configuring new spol Policy(name=app-a-allow-backend-database, sel=LabelSet(labels={'app': 'app-a', 'role': 'backend'}), allow=[
(LabelSet(labels={'app': 'app-a', 'role': 'database'}), Traffic(direction=ingress, port=80, protocol=TCP)) 
])
Adding Security Group for select labelset: LabelSet(labels={'app': 'app-a', 'role': 'backend'})
Adding Security Group for allow labelset: LabelSet(labels={'app': 'app-a', 'role': 'database'})
SGMod: Adding rule to SG-app:app-arole:backend, remote SG-app:app-arole:database, port 80, type ingress
Cannot add rule to remotes: Security group rule already exists. Rule id is 8aaf0d91-71b6-4048-9f9d-74bed84b5a0f.
Neutron server returns request_ids: ['req-d3565f8e-2db2-4032-a664-2190838013a5']
PLS: Configuring new spol Policy(name=app-a-allow-database-backend, sel=LabelSet(labels={'app': 'app-a', 'role': 'database'}), allow=[
(LabelSet(labels={'app': 'app-a', 'role': 'backend'}), Traffic(direction=egress, port=80, protocol=TCP)) 
])
Adding Security Group for select labelset: LabelSet(labels={'app': 'app-a', 'role': 'database'})
Adding Security Group for allow labelset: LabelSet(labels={'app': 'app-a', 'role': 'backend'})
SGMod: Adding rule to SG-app:app-arole:database, remote SG-app:app-arole:backend, port 80, type egress
PLS: Configuring new spol Policy(name=app-a-allow-database-backend, sel=LabelSet(labels={'app': 'app-a', 'role': 'database'}), allow=[
(LabelSet(labels={'app': 'app-a', 'role': 'backend'}), Traffic(direction=ingress, port=80, protocol=TCP)) 
])
Adding Security Group for select labelset: LabelSet(labels={'app': 'app-a', 'role': 'database'})
Adding Security Group for allow labelset: LabelSet(labels={'app': 'app-a', 'role': 'backend'})
SGMod: Adding rule to SG-app:app-arole:database, remote SG-app:app-arole:backend, port 80, type ingress
Attaching security group SG-app:app-arole:database to instance worker
Pod(name=test-pod-2, label_set=LabelSet(labels={'app': 'app-a', 'role': 'database'}), node=Node(name=worker)
New pod: test-pod-3, on node: worker
PLS: Configuring new pod with labelset: {L}
PLS: Configuring new spol Policy(name=app-b-allow-frontend-backend, sel=LabelSet(labels={'app': 'app-b', 'role': 'frontend'}), allow=[
(LabelSet(labels={'app': 'app-b', 'role': 'backend'}), Traffic(direction=ingress, port=80, protocol=TCP)) 
])
Adding Security Group for select labelset: LabelSet(labels={'app': 'app-b', 'role': 'frontend'})
Creating security group: SG-app:app-brole:frontend
Attaching security group SG-app:app-brole:frontend to instance worker
Adding Security Group for allow labelset: LabelSet(labels={'app': 'app-b', 'role': 'backend'})
Creating security group: SG-app:app-brole:backend
SGMod: Adding rule to SG-app:app-brole:frontend, remote SG-app:app-brole:backend, port 80, type ingress
PLS: Configuring new spol Policy(name=app-b-allow-backend-frontend, sel=LabelSet(labels={'app': 'app-b', 'role': 'backend'}), allow=[
(LabelSet(labels={'app': 'app-b', 'role': 'frontend'}), Traffic(direction=ingress, port=80, protocol=TCP)) 
])
PLS: Configuring new spol Policy(name=app-b-allow-backend-frontend, sel=LabelSet(labels={'app': 'app-b', 'role': 'backend'}), allow=[
(LabelSet(labels={'app': 'app-b', 'role': 'frontend'}), Traffic(direction=egress, port=80, protocol=TCP)) 
])
PLS: Configuring new spol Policy(name=app-b-allow-frontend-backend, sel=LabelSet(labels={'app': 'app-b', 'role': 'frontend'}), allow=[
(LabelSet(labels={'app': 'app-b', 'role': 'backend'}), Traffic(direction=egress, port=80, protocol=TCP)) 
])
Adding Security Group for select labelset: LabelSet(labels={'app': 'app-b', 'role': 'frontend'})
Adding Security Group for allow labelset: LabelSet(labels={'app': 'app-b', 'role': 'backend'})
SGMod: Adding rule to SG-app:app-brole:frontend, remote SG-app:app-brole:backend, port 80, type egress
SG-app:app-brole:frontend already attached to worker
Pod(name=test-pod-3, label_set=LabelSet(labels={'app': 'app-b', 'role': 'frontend'}), node=Node(name=worker)
Pod test-pod-0 already exists in the cluster.
Pod(name=test-pod-0, label_set=LabelSet(labels={'app': 'app-a', 'role': 'frontend'}), node=Node(name=worker-1)
New pod: test-pod-4, on node: worker-1
PLS: Configuring new pod with labelset: {L}
PLS: Configuring new spol Policy(name=app-b-allow-database-backend, sel=LabelSet(labels={'app': 'app-b', 'role': 'database'}), allow=[
(LabelSet(labels={'app': 'app-b', 'role': 'backend'}), Traffic(direction=ingress, port=80, protocol=TCP)) 
])
PLS: Configuring new spol Policy(name=app-b-allow-frontend-backend, sel=LabelSet(labels={'app': 'app-b', 'role': 'frontend'}), allow=[
(LabelSet(labels={'app': 'app-b', 'role': 'backend'}), Traffic(direction=ingress, port=80, protocol=TCP)) 
])
Adding Security Group for select labelset: LabelSet(labels={'app': 'app-b', 'role': 'frontend'})
Adding Security Group for allow labelset: LabelSet(labels={'app': 'app-b', 'role': 'backend'})
SGMod: Adding rule to SG-app:app-brole:frontend, remote SG-app:app-brole:backend, port 80, type ingress
Cannot add rule to remotes: Security group rule already exists. Rule id is 068427b8-b2db-4e7e-a307-da4813eea984.
Neutron server returns request_ids: ['req-9ba68f81-0024-42e6-9f85-b2aa7c810ba9']
PLS: Configuring new spol Policy(name=app-b-allow-backend-frontend, sel=LabelSet(labels={'app': 'app-b', 'role': 'backend'}), allow=[
(LabelSet(labels={'app': 'app-b', 'role': 'frontend'}), Traffic(direction=ingress, port=80, protocol=TCP)) 
])
Adding Security Group for select labelset: LabelSet(labels={'app': 'app-b', 'role': 'backend'})
Adding Security Group for allow labelset: LabelSet(labels={'app': 'app-b', 'role': 'frontend'})
SGMod: Adding rule to SG-app:app-brole:backend, remote SG-app:app-brole:frontend, port 80, type ingress
PLS: Configuring new spol Policy(name=app-b-allow-backend-database, sel=LabelSet(labels={'app': 'app-b', 'role': 'backend'}), allow=[
(LabelSet(labels={'app': 'app-b', 'role': 'database'}), Traffic(direction=ingress, port=80, protocol=TCP)) 
])
Adding Security Group for select labelset: LabelSet(labels={'app': 'app-b', 'role': 'backend'})
Adding Security Group for allow labelset: LabelSet(labels={'app': 'app-b', 'role': 'database'})
Creating security group: SG-app:app-brole:database
SGMod: Adding rule to SG-app:app-brole:backend, remote SG-app:app-brole:database, port 80, type ingress
PLS: Configuring new spol Policy(name=app-b-allow-backend-frontend, sel=LabelSet(labels={'app': 'app-b', 'role': 'backend'}), allow=[
(LabelSet(labels={'app': 'app-b', 'role': 'frontend'}), Traffic(direction=egress, port=80, protocol=TCP)) 
])
Adding Security Group for select labelset: LabelSet(labels={'app': 'app-b', 'role': 'backend'})
Adding Security Group for allow labelset: LabelSet(labels={'app': 'app-b', 'role': 'frontend'})
SGMod: Adding rule to SG-app:app-brole:backend, remote SG-app:app-brole:frontend, port 80, type egress
PLS: Configuring new spol Policy(name=app-b-allow-database-backend, sel=LabelSet(labels={'app': 'app-b', 'role': 'database'}), allow=[
(LabelSet(labels={'app': 'app-b', 'role': 'backend'}), Traffic(direction=egress, port=80, protocol=TCP)) 
])
PLS: Configuring new spol Policy(name=app-b-allow-frontend-backend, sel=LabelSet(labels={'app': 'app-b', 'role': 'frontend'}), allow=[
(LabelSet(labels={'app': 'app-b', 'role': 'backend'}), Traffic(direction=egress, port=80, protocol=TCP)) 
])
Adding Security Group for select labelset: LabelSet(labels={'app': 'app-b', 'role': 'frontend'})
Adding Security Group for allow labelset: LabelSet(labels={'app': 'app-b', 'role': 'backend'})
SGMod: Adding rule to SG-app:app-brole:frontend, remote SG-app:app-brole:backend, port 80, type egress
Cannot add rule to remotes: Security group rule already exists. Rule id is 7cad0d9f-071d-430d-b6c5-7a5587a03167.
Neutron server returns request_ids: ['req-e7db7a08-9010-4705-a485-84d03879838b']
PLS: Configuring new spol Policy(name=app-b-allow-backend-database, sel=LabelSet(labels={'app': 'app-b', 'role': 'backend'}), allow=[
(LabelSet(labels={'app': 'app-b', 'role': 'database'}), Traffic(direction=egress, port=80, protocol=TCP)) 
])
Adding Security Group for select labelset: LabelSet(labels={'app': 'app-b', 'role': 'backend'})
Adding Security Group for allow labelset: LabelSet(labels={'app': 'app-b', 'role': 'database'})
SGMod: Adding rule to SG-app:app-brole:backend, remote SG-app:app-brole:database, port 80, type egress
Attaching security group SG-app:app-brole:backend to instance worker-1
Pod(name=test-pod-4, label_set=LabelSet(labels={'app': 'app-b', 'role': 'backend'}), node=Node(name=worker-1)
Pod test-pod-2 already exists in the cluster.
Pod(name=test-pod-2, label_set=LabelSet(labels={'app': 'app-a', 'role': 'database'}), node=Node(name=worker)
New pod: test-pod-5, on node: worker-2
PLS: Configuring new pod with labelset: {L}
PLS: Configuring new spol Policy(name=app-b-allow-backend-database, sel=LabelSet(labels={'app': 'app-b', 'role': 'backend'}), allow=[
(LabelSet(labels={'app': 'app-b', 'role': 'database'}), Traffic(direction=egress, port=80, protocol=TCP)) 
])
Adding Security Group for select labelset: LabelSet(labels={'app': 'app-b', 'role': 'backend'})
Adding Security Group for allow labelset: LabelSet(labels={'app': 'app-b', 'role': 'database'})
SGMod: Adding rule to SG-app:app-brole:backend, remote SG-app:app-brole:database, port 80, type egress
Cannot add rule to remotes: Security group rule already exists. Rule id is ee1c67aa-af58-4db2-8d4a-7980b5e2d216.
Neutron server returns request_ids: ['req-0d5c4b3d-f333-4fa9-8b6e-06196aaab945']
PLS: Configuring new spol Policy(name=app-b-allow-backend-database, sel=LabelSet(labels={'app': 'app-b', 'role': 'backend'}), allow=[
(LabelSet(labels={'app': 'app-b', 'role': 'database'}), Traffic(direction=ingress, port=80, protocol=TCP)) 
])
Adding Security Group for select labelset: LabelSet(labels={'app': 'app-b', 'role': 'backend'})
Adding Security Group for allow labelset: LabelSet(labels={'app': 'app-b', 'role': 'database'})
SGMod: Adding rule to SG-app:app-brole:backend, remote SG-app:app-brole:database, port 80, type ingress
Cannot add rule to remotes: Security group rule already exists. Rule id is 722024a3-624c-4f20-b436-6dbd7cd7c321.
Neutron server returns request_ids: ['req-ef13c76d-c53b-4c36-b33b-bc3806587f50']
PLS: Configuring new spol Policy(name=app-b-allow-database-backend, sel=LabelSet(labels={'app': 'app-b', 'role': 'database'}), allow=[
(LabelSet(labels={'app': 'app-b', 'role': 'backend'}), Traffic(direction=egress, port=80, protocol=TCP)) 
])
Adding Security Group for select labelset: LabelSet(labels={'app': 'app-b', 'role': 'database'})
Adding Security Group for allow labelset: LabelSet(labels={'app': 'app-b', 'role': 'backend'})
SGMod: Adding rule to SG-app:app-brole:database, remote SG-app:app-brole:backend, port 80, type egress
PLS: Configuring new spol Policy(name=app-b-allow-database-backend, sel=LabelSet(labels={'app': 'app-b', 'role': 'database'}), allow=[
(LabelSet(labels={'app': 'app-b', 'role': 'backend'}), Traffic(direction=ingress, port=80, protocol=TCP)) 
])
Adding Security Group for select labelset: LabelSet(labels={'app': 'app-b', 'role': 'database'})
Adding Security Group for allow labelset: LabelSet(labels={'app': 'app-b', 'role': 'backend'})
SGMod: Adding rule to SG-app:app-brole:database, remote SG-app:app-brole:backend, port 80, type ingress
Attaching security group SG-app:app-brole:database to instance worker-2
Pod(name=test-pod-5, label_set=LabelSet(labels={'app': 'app-b', 'role': 'database'}), node=Node(name=worker-2)
Pod test-pod-1 already exists in the cluster.
Pod(name=test-pod-1, label_set=LabelSet(labels={'app': 'app-a', 'role': 'backend'}), node=Node(name=worker-2)
Pod test-pod-4 already exists in the cluster.
Pod(name=test-pod-4, label_set=LabelSet(labels={'app': 'app-b', 'role': 'backend'}), node=Node(name=worker-1)
New pod: test-pod-6, on node: worker-2
PLS: Configuring new pod with labelset: {L}
PLS: Configuring new spol Policy(name=app-c-allow-backend-frontend, sel=LabelSet(labels={'app': 'app-c', 'role': 'backend'}), allow=[
(LabelSet(labels={'app': 'app-c', 'role': 'frontend'}), Traffic(direction=ingress, port=80, protocol=TCP)) 
])
PLS: Configuring new spol Policy(name=app-c-allow-frontend-backend, sel=LabelSet(labels={'app': 'app-c', 'role': 'frontend'}), allow=[
(LabelSet(labels={'app': 'app-c', 'role': 'backend'}), Traffic(direction=egress, port=80, protocol=TCP)) 
])
Adding Security Group for select labelset: LabelSet(labels={'app': 'app-c', 'role': 'frontend'})
Creating security group: SG-app:app-crole:frontend
Attaching security group SG-app:app-crole:frontend to instance worker-2
Adding Security Group for allow labelset: LabelSet(labels={'app': 'app-c', 'role': 'backend'})
Creating security group: SG-app:app-crole:backend
SGMod: Adding rule to SG-app:app-crole:frontend, remote SG-app:app-crole:backend, port 80, type egress
PLS: Configuring new spol Policy(name=app-c-allow-frontend-backend, sel=LabelSet(labels={'app': 'app-c', 'role': 'frontend'}), allow=[
(LabelSet(labels={'app': 'app-c', 'role': 'backend'}), Traffic(direction=ingress, port=80, protocol=TCP)) 
])
Adding Security Group for select labelset: LabelSet(labels={'app': 'app-c', 'role': 'frontend'})
Adding Security Group for allow labelset: LabelSet(labels={'app': 'app-c', 'role': 'backend'})
SGMod: Adding rule to SG-app:app-crole:frontend, remote SG-app:app-crole:backend, port 80, type ingress
PLS: Configuring new spol Policy(name=app-c-allow-backend-frontend, sel=LabelSet(labels={'app': 'app-c', 'role': 'backend'}), allow=[
(LabelSet(labels={'app': 'app-c', 'role': 'frontend'}), Traffic(direction=egress, port=80, protocol=TCP)) 
])
SG-app:app-crole:frontend already attached to worker-2
Pod(name=test-pod-6, label_set=LabelSet(labels={'app': 'app-c', 'role': 'frontend'}), node=Node(name=worker-2)
Pod test-pod-3 already exists in the cluster.
Pod(name=test-pod-3, label_set=LabelSet(labels={'app': 'app-b', 'role': 'frontend'}), node=Node(name=worker)
Pod test-pod-5 already exists in the cluster.
Pod(name=test-pod-5, label_set=LabelSet(labels={'app': 'app-b', 'role': 'database'}), node=Node(name=worker-2)
New pod: test-pod-7, on node: worker
PLS: Configuring new pod with labelset: {L}
PLS: Configuring new spol Policy(name=app-c-allow-frontend-backend, sel=LabelSet(labels={'app': 'app-c', 'role': 'frontend'}), allow=[
(LabelSet(labels={'app': 'app-c', 'role': 'backend'}), Traffic(direction=egress, port=80, protocol=TCP)) 
])
Adding Security Group for select labelset: LabelSet(labels={'app': 'app-c', 'role': 'frontend'})
Adding Security Group for allow labelset: LabelSet(labels={'app': 'app-c', 'role': 'backend'})
SGMod: Adding rule to SG-app:app-crole:frontend, remote SG-app:app-crole:backend, port 80, type egress
Cannot add rule to remotes: Security group rule already exists. Rule id is 1866c34c-aa17-4a48-8acb-66ce8399fe5e.
Neutron server returns request_ids: ['req-3bc75da7-88fa-4b47-aaea-cd4a4ea09bba']
PLS: Configuring new spol Policy(name=app-c-allow-backend-frontend, sel=LabelSet(labels={'app': 'app-c', 'role': 'backend'}), allow=[
(LabelSet(labels={'app': 'app-c', 'role': 'frontend'}), Traffic(direction=ingress, port=80, protocol=TCP)) 
])
Adding Security Group for select labelset: LabelSet(labels={'app': 'app-c', 'role': 'backend'})
Adding Security Group for allow labelset: LabelSet(labels={'app': 'app-c', 'role': 'frontend'})
SGMod: Adding rule to SG-app:app-crole:backend, remote SG-app:app-crole:frontend, port 80, type ingress
PLS: Configuring new spol Policy(name=app-c-allow-database-backend, sel=LabelSet(labels={'app': 'app-c', 'role': 'database'}), allow=[
(LabelSet(labels={'app': 'app-c', 'role': 'backend'}), Traffic(direction=ingress, port=80, protocol=TCP)) 
])
PLS: Configuring new spol Policy(name=app-c-allow-backend-database, sel=LabelSet(labels={'app': 'app-c', 'role': 'backend'}), allow=[
(LabelSet(labels={'app': 'app-c', 'role': 'database'}), Traffic(direction=ingress, port=80, protocol=TCP)) 
])
Adding Security Group for select labelset: LabelSet(labels={'app': 'app-c', 'role': 'backend'})
Adding Security Group for allow labelset: LabelSet(labels={'app': 'app-c', 'role': 'database'})
Creating security group: SG-app:app-crole:database
SGMod: Adding rule to SG-app:app-crole:backend, remote SG-app:app-crole:database, port 80, type ingress
PLS: Configuring new spol Policy(name=app-c-allow-backend-frontend, sel=LabelSet(labels={'app': 'app-c', 'role': 'backend'}), allow=[
(LabelSet(labels={'app': 'app-c', 'role': 'frontend'}), Traffic(direction=egress, port=80, protocol=TCP)) 
])
Adding Security Group for select labelset: LabelSet(labels={'app': 'app-c', 'role': 'backend'})
Adding Security Group for allow labelset: LabelSet(labels={'app': 'app-c', 'role': 'frontend'})
SGMod: Adding rule to SG-app:app-crole:backend, remote SG-app:app-crole:frontend, port 80, type egress
PLS: Configuring new spol Policy(name=app-c-allow-database-backend, sel=LabelSet(labels={'app': 'app-c', 'role': 'database'}), allow=[
(LabelSet(labels={'app': 'app-c', 'role': 'backend'}), Traffic(direction=egress, port=80, protocol=TCP)) 
])
PLS: Configuring new spol Policy(name=app-c-allow-frontend-backend, sel=LabelSet(labels={'app': 'app-c', 'role': 'frontend'}), allow=[
(LabelSet(labels={'app': 'app-c', 'role': 'backend'}), Traffic(direction=ingress, port=80, protocol=TCP)) 
])
Adding Security Group for select labelset: LabelSet(labels={'app': 'app-c', 'role': 'frontend'})
Adding Security Group for allow labelset: LabelSet(labels={'app': 'app-c', 'role': 'backend'})
SGMod: Adding rule to SG-app:app-crole:frontend, remote SG-app:app-crole:backend, port 80, type ingress
Cannot add rule to remotes: Security group rule already exists. Rule id is 1db8805e-e341-410f-8eb3-6c448bc7caa5.
Neutron server returns request_ids: ['req-183e3ce0-aaf9-400d-9f3a-3c7edc38325d']
PLS: Configuring new spol Policy(name=app-c-allow-backend-database, sel=LabelSet(labels={'app': 'app-c', 'role': 'backend'}), allow=[
(LabelSet(labels={'app': 'app-c', 'role': 'database'}), Traffic(direction=egress, port=80, protocol=TCP)) 
])
Adding Security Group for select labelset: LabelSet(labels={'app': 'app-c', 'role': 'backend'})
Adding Security Group for allow labelset: LabelSet(labels={'app': 'app-c', 'role': 'database'})
SGMod: Adding rule to SG-app:app-crole:backend, remote SG-app:app-crole:database, port 80, type egress
Attaching security group SG-app:app-crole:backend to instance worker
Pod(name=test-pod-7, label_set=LabelSet(labels={'app': 'app-c', 'role': 'backend'}), node=Node(name=worker)
New pod: test-pod-8, on node: worker-1
PLS: Configuring new pod with labelset: {L}
PLS: Configuring new spol Policy(name=app-c-allow-backend-database, sel=LabelSet(labels={'app': 'app-c', 'role': 'backend'}), allow=[
(LabelSet(labels={'app': 'app-c', 'role': 'database'}), Traffic(direction=ingress, port=80, protocol=TCP)) 
])
Adding Security Group for select labelset: LabelSet(labels={'app': 'app-c', 'role': 'backend'})
Adding Security Group for allow labelset: LabelSet(labels={'app': 'app-c', 'role': 'database'})
SGMod: Adding rule to SG-app:app-crole:backend, remote SG-app:app-crole:database, port 80, type ingress
Cannot add rule to remotes: Security group rule already exists. Rule id is 5996c607-cd21-43f9-a14b-ab2e3d10609f.
Neutron server returns request_ids: ['req-1e88daa7-7c57-4ddf-86cf-7e40b75c446c']
PLS: Configuring new spol Policy(name=app-c-allow-database-backend, sel=LabelSet(labels={'app': 'app-c', 'role': 'database'}), allow=[
(LabelSet(labels={'app': 'app-c', 'role': 'backend'}), Traffic(direction=egress, port=80, protocol=TCP)) 
])
Adding Security Group for select labelset: LabelSet(labels={'app': 'app-c', 'role': 'database'})
Adding Security Group for allow labelset: LabelSet(labels={'app': 'app-c', 'role': 'backend'})
SGMod: Adding rule to SG-app:app-crole:database, remote SG-app:app-crole:backend, port 80, type egress
PLS: Configuring new spol Policy(name=app-c-allow-database-backend, sel=LabelSet(labels={'app': 'app-c', 'role': 'database'}), allow=[
(LabelSet(labels={'app': 'app-c', 'role': 'backend'}), Traffic(direction=ingress, port=80, protocol=TCP)) 
])
Adding Security Group for select labelset: LabelSet(labels={'app': 'app-c', 'role': 'database'})
Adding Security Group for allow labelset: LabelSet(labels={'app': 'app-c', 'role': 'backend'})
SGMod: Adding rule to SG-app:app-crole:database, remote SG-app:app-crole:backend, port 80, type ingress
PLS: Configuring new spol Policy(name=app-c-allow-backend-database, sel=LabelSet(labels={'app': 'app-c', 'role': 'backend'}), allow=[
(LabelSet(labels={'app': 'app-c', 'role': 'database'}), Traffic(direction=egress, port=80, protocol=TCP)) 
])
Adding Security Group for select labelset: LabelSet(labels={'app': 'app-c', 'role': 'backend'})
Adding Security Group for allow labelset: LabelSet(labels={'app': 'app-c', 'role': 'database'})
SGMod: Adding rule to SG-app:app-crole:backend, remote SG-app:app-crole:database, port 80, type egress
Cannot add rule to remotes: Security group rule already exists. Rule id is 9ae48228-d430-4884-b284-d4360acb7f51.
Neutron server returns request_ids: ['req-344c7f1d-f7a6-4a10-b049-d4e203c65951']
Attaching security group SG-app:app-crole:database to instance worker-1
Pod(name=test-pod-8, label_set=LabelSet(labels={'app': 'app-c', 'role': 'database'}), node=Node(name=worker-1)
Pod test-pod-6 already exists in the cluster.
Pod(name=test-pod-6, label_set=LabelSet(labels={'app': 'app-c', 'role': 'frontend'}), node=Node(name=worker-2)
Pod test-pod-7 already exists in the cluster.
Pod(name=test-pod-7, label_set=LabelSet(labels={'app': 'app-c', 'role': 'backend'}), node=Node(name=worker)
New pod: test-pod-9, on node: worker-1
Pod(name=test-pod-9, label_set=LabelSet(labels={'app': 'app-a', 'role': 'frontend'}), node=Node(name=worker-1)
Pod test-pod-8 already exists in the cluster.
Pod(name=test-pod-8, label_set=LabelSet(labels={'app': 'app-c', 'role': 'database'}), node=Node(name=worker-1)
New pod: test-pod-10, on node: worker-2
Pod(name=test-pod-10, label_set=LabelSet(labels={'app': 'app-a', 'role': 'backend'}), node=Node(name=worker-2)
New pod: test-pod-11, on node: worker
Pod(name=test-pod-11, label_set=LabelSet(labels={'app': 'app-a', 'role': 'database'}), node=Node(name=worker)
Pod test-pod-9 already exists in the cluster.
Pod(name=test-pod-9, label_set=LabelSet(labels={'app': 'app-a', 'role': 'frontend'}), node=Node(name=worker-1)
Pod test-pod-10 already exists in the cluster.
Pod(name=test-pod-10, label_set=LabelSet(labels={'app': 'app-a', 'role': 'backend'}), node=Node(name=worker-2)
New pod: test-pod-12, on node: worker
Pod(name=test-pod-12, label_set=LabelSet(labels={'app': 'app-b', 'role': 'frontend'}), node=Node(name=worker)
Pod test-pod-11 already exists in the cluster.
Pod(name=test-pod-11, label_set=LabelSet(labels={'app': 'app-a', 'role': 'database'}), node=Node(name=worker)
New pod: test-pod-13, on node: worker-2
PLS: Configuring new pod with labelset: {L}
PLS: Configuring new spol Policy(name=app-b-allow-database-backend, sel=LabelSet(labels={'app': 'app-b', 'role': 'database'}), allow=[
(LabelSet(labels={'app': 'app-b', 'role': 'backend'}), Traffic(direction=ingress, port=80, protocol=TCP)) 
])
Adding Security Group for select labelset: LabelSet(labels={'app': 'app-b', 'role': 'database'})
Adding Security Group for allow labelset: LabelSet(labels={'app': 'app-b', 'role': 'backend'})
SGMod: Adding rule to SG-app:app-brole:database, remote SG-app:app-brole:backend, port 80, type ingress
Cannot add rule to remotes: Security group rule already exists. Rule id is a1d204c2-aa3f-4566-9a21-9ce7e72aeceb.
Neutron server returns request_ids: ['req-5be4011d-ec62-4395-8a8e-cc182e1eaab5']
PLS: Configuring new spol Policy(name=app-b-allow-frontend-backend, sel=LabelSet(labels={'app': 'app-b', 'role': 'frontend'}), allow=[
(LabelSet(labels={'app': 'app-b', 'role': 'backend'}), Traffic(direction=ingress, port=80, protocol=TCP)) 
])
Adding Security Group for select labelset: LabelSet(labels={'app': 'app-b', 'role': 'frontend'})
Adding Security Group for allow labelset: LabelSet(labels={'app': 'app-b', 'role': 'backend'})
SGMod: Adding rule to SG-app:app-brole:frontend, remote SG-app:app-brole:backend, port 80, type ingress
Cannot add rule to remotes: Security group rule already exists. Rule id is 068427b8-b2db-4e7e-a307-da4813eea984.
Neutron server returns request_ids: ['req-4dfee91e-3b31-4ba9-9a6e-8b417819c929']
PLS: Configuring new spol Policy(name=app-b-allow-backend-frontend, sel=LabelSet(labels={'app': 'app-b', 'role': 'backend'}), allow=[
(LabelSet(labels={'app': 'app-b', 'role': 'frontend'}), Traffic(direction=ingress, port=80, protocol=TCP)) 
])
Adding Security Group for select labelset: LabelSet(labels={'app': 'app-b', 'role': 'backend'})
Adding Security Group for allow labelset: LabelSet(labels={'app': 'app-b', 'role': 'frontend'})
SGMod: Adding rule to SG-app:app-brole:backend, remote SG-app:app-brole:frontend, port 80, type ingress
Cannot add rule to remotes: Security group rule already exists. Rule id is 9a9a6e69-3ea8-4426-865a-1da3f2e1309c.
Neutron server returns request_ids: ['req-54ae107e-1cc4-4ace-b108-a43c6d9d26e8']
PLS: Configuring new spol Policy(name=app-b-allow-backend-database, sel=LabelSet(labels={'app': 'app-b', 'role': 'backend'}), allow=[
(LabelSet(labels={'app': 'app-b', 'role': 'database'}), Traffic(direction=ingress, port=80, protocol=TCP)) 
])
Adding Security Group for select labelset: LabelSet(labels={'app': 'app-b', 'role': 'backend'})
Adding Security Group for allow labelset: LabelSet(labels={'app': 'app-b', 'role': 'database'})
SGMod: Adding rule to SG-app:app-brole:backend, remote SG-app:app-brole:database, port 80, type ingress
Cannot add rule to remotes: Security group rule already exists. Rule id is 722024a3-624c-4f20-b436-6dbd7cd7c321.
Neutron server returns request_ids: ['req-78807a12-50f9-448e-84d6-5c36f953da1e']
PLS: Configuring new spol Policy(name=app-b-allow-backend-frontend, sel=LabelSet(labels={'app': 'app-b', 'role': 'backend'}), allow=[
(LabelSet(labels={'app': 'app-b', 'role': 'frontend'}), Traffic(direction=egress, port=80, protocol=TCP)) 
])
Adding Security Group for select labelset: LabelSet(labels={'app': 'app-b', 'role': 'backend'})
Adding Security Group for allow labelset: LabelSet(labels={'app': 'app-b', 'role': 'frontend'})
SGMod: Adding rule to SG-app:app-brole:backend, remote SG-app:app-brole:frontend, port 80, type egress
Cannot add rule to remotes: Security group rule already exists. Rule id is 4e697f3f-8bf3-401c-ba80-d72f9768a2c1.
Neutron server returns request_ids: ['req-f05d8dd0-323b-4d10-ac44-1706339190fd']
PLS: Configuring new spol Policy(name=app-b-allow-database-backend, sel=LabelSet(labels={'app': 'app-b', 'role': 'database'}), allow=[
(LabelSet(labels={'app': 'app-b', 'role': 'backend'}), Traffic(direction=egress, port=80, protocol=TCP)) 
])
Adding Security Group for select labelset: LabelSet(labels={'app': 'app-b', 'role': 'database'})
Adding Security Group for allow labelset: LabelSet(labels={'app': 'app-b', 'role': 'backend'})
SGMod: Adding rule to SG-app:app-brole:database, remote SG-app:app-brole:backend, port 80, type egress
Cannot add rule to remotes: Security group rule already exists. Rule id is 8a3ded21-ce90-426d-8692-9e7712a1ed26.
Neutron server returns request_ids: ['req-8fd0bc94-a899-4cc8-bfe3-46bceebf8e10']
PLS: Configuring new spol Policy(name=app-b-allow-frontend-backend, sel=LabelSet(labels={'app': 'app-b', 'role': 'frontend'}), allow=[
(LabelSet(labels={'app': 'app-b', 'role': 'backend'}), Traffic(direction=egress, port=80, protocol=TCP)) 
])
Adding Security Group for select labelset: LabelSet(labels={'app': 'app-b', 'role': 'frontend'})
Adding Security Group for allow labelset: LabelSet(labels={'app': 'app-b', 'role': 'backend'})
SGMod: Adding rule to SG-app:app-brole:frontend, remote SG-app:app-brole:backend, port 80, type egress
Cannot add rule to remotes: Security group rule already exists. Rule id is 7cad0d9f-071d-430d-b6c5-7a5587a03167.
Neutron server returns request_ids: ['req-d946f2ab-a93e-4f12-93c1-517f9055b105']
PLS: Configuring new spol Policy(name=app-b-allow-backend-database, sel=LabelSet(labels={'app': 'app-b', 'role': 'backend'}), allow=[
(LabelSet(labels={'app': 'app-b', 'role': 'database'}), Traffic(direction=egress, port=80, protocol=TCP)) 
])
Adding Security Group for select labelset: LabelSet(labels={'app': 'app-b', 'role': 'backend'})
Adding Security Group for allow labelset: LabelSet(labels={'app': 'app-b', 'role': 'database'})
SGMod: Adding rule to SG-app:app-brole:backend, remote SG-app:app-brole:database, port 80, type egress
Cannot add rule to remotes: Security group rule already exists. Rule id is ee1c67aa-af58-4db2-8d4a-7980b5e2d216.
Neutron server returns request_ids: ['req-496fc457-504c-4739-9f0e-66a318095a48']
Attaching security group SG-app:app-brole:backend to instance worker-2
Pod(name=test-pod-13, label_set=LabelSet(labels={'app': 'app-b', 'role': 'backend'}), node=Node(name=worker-2)
New pod: test-pod-14, on node: worker-1
PLS: Configuring new pod with labelset: {L}
PLS: Configuring new spol Policy(name=app-b-allow-backend-database, sel=LabelSet(labels={'app': 'app-b', 'role': 'backend'}), allow=[
(LabelSet(labels={'app': 'app-b', 'role': 'database'}), Traffic(direction=egress, port=80, protocol=TCP)) 
])
Adding Security Group for select labelset: LabelSet(labels={'app': 'app-b', 'role': 'backend'})
Adding Security Group for allow labelset: LabelSet(labels={'app': 'app-b', 'role': 'database'})
SGMod: Adding rule to SG-app:app-brole:backend, remote SG-app:app-brole:database, port 80, type egress
Cannot add rule to remotes: Security group rule already exists. Rule id is ee1c67aa-af58-4db2-8d4a-7980b5e2d216.
Neutron server returns request_ids: ['req-586e4504-38a2-4fc4-9e6e-4f12b362ceb2']
PLS: Configuring new spol Policy(name=app-b-allow-backend-database, sel=LabelSet(labels={'app': 'app-b', 'role': 'backend'}), allow=[
(LabelSet(labels={'app': 'app-b', 'role': 'database'}), Traffic(direction=ingress, port=80, protocol=TCP)) 
])
Adding Security Group for select labelset: LabelSet(labels={'app': 'app-b', 'role': 'backend'})
Adding Security Group for allow labelset: LabelSet(labels={'app': 'app-b', 'role': 'database'})
SGMod: Adding rule to SG-app:app-brole:backend, remote SG-app:app-brole:database, port 80, type ingress
Cannot add rule to remotes: Security group rule already exists. Rule id is 722024a3-624c-4f20-b436-6dbd7cd7c321.
Neutron server returns request_ids: ['req-09681993-d49c-402c-8deb-f8217ccf1f8f']
PLS: Configuring new spol Policy(name=app-b-allow-database-backend, sel=LabelSet(labels={'app': 'app-b', 'role': 'database'}), allow=[
(LabelSet(labels={'app': 'app-b', 'role': 'backend'}), Traffic(direction=egress, port=80, protocol=TCP)) 
])
Adding Security Group for select labelset: LabelSet(labels={'app': 'app-b', 'role': 'database'})
Adding Security Group for allow labelset: LabelSet(labels={'app': 'app-b', 'role': 'backend'})
SGMod: Adding rule to SG-app:app-brole:database, remote SG-app:app-brole:backend, port 80, type egress
Cannot add rule to remotes: Security group rule already exists. Rule id is 8a3ded21-ce90-426d-8692-9e7712a1ed26.
Neutron server returns request_ids: ['req-e4bd4981-ae8e-43b0-b023-b588e6f93c98']
PLS: Configuring new spol Policy(name=app-b-allow-database-backend, sel=LabelSet(labels={'app': 'app-b', 'role': 'database'}), allow=[
(LabelSet(labels={'app': 'app-b', 'role': 'backend'}), Traffic(direction=ingress, port=80, protocol=TCP)) 
])
Adding Security Group for select labelset: LabelSet(labels={'app': 'app-b', 'role': 'database'})
Adding Security Group for allow labelset: LabelSet(labels={'app': 'app-b', 'role': 'backend'})
SGMod: Adding rule to SG-app:app-brole:database, remote SG-app:app-brole:backend, port 80, type ingress
Cannot add rule to remotes: Security group rule already exists. Rule id is a1d204c2-aa3f-4566-9a21-9ce7e72aeceb.
Neutron server returns request_ids: ['req-215960e8-93f6-4c4d-9a8a-7ca182e3bb7b']
Attaching security group SG-app:app-brole:database to instance worker-1
Pod(name=test-pod-14, label_set=LabelSet(labels={'app': 'app-b', 'role': 'database'}), node=Node(name=worker-1)
Pod test-pod-13 already exists in the cluster.
Pod(name=test-pod-13, label_set=LabelSet(labels={'app': 'app-b', 'role': 'backend'}), node=Node(name=worker-2)
Pod test-pod-12 already exists in the cluster.
Pod(name=test-pod-12, label_set=LabelSet(labels={'app': 'app-b', 'role': 'frontend'}), node=Node(name=worker)
New pod: test-pod-15, on node: worker-2
Pod(name=test-pod-15, label_set=LabelSet(labels={'app': 'app-c', 'role': 'frontend'}), node=Node(name=worker-2)
Pod test-pod-14 already exists in the cluster.
Pod(name=test-pod-14, label_set=LabelSet(labels={'app': 'app-b', 'role': 'database'}), node=Node(name=worker-1)
New pod: test-pod-16, on node: worker
Pod(name=test-pod-16, label_set=LabelSet(labels={'app': 'app-c', 'role': 'backend'}), node=Node(name=worker)
New pod: test-pod-17, on node: worker-1
Pod(name=test-pod-17, label_set=LabelSet(labels={'app': 'app-c', 'role': 'database'}), node=Node(name=worker-1)
Pod test-pod-15 already exists in the cluster.
Pod(name=test-pod-15, label_set=LabelSet(labels={'app': 'app-c', 'role': 'frontend'}), node=Node(name=worker-2)
Pod test-pod-16 already exists in the cluster.
Pod(name=test-pod-16, label_set=LabelSet(labels={'app': 'app-c', 'role': 'backend'}), node=Node(name=worker)
New pod: test-pod-18, on node: worker-2
PLS: Configuring new pod with labelset: {L}
PLS: Configuring new spol Policy(name=app-a-allow-backend-frontend, sel=LabelSet(labels={'app': 'app-a', 'role': 'backend'}), allow=[
(LabelSet(labels={'app': 'app-a', 'role': 'frontend'}), Traffic(direction=egress, port=80, protocol=TCP)) 
])
Adding Security Group for select labelset: LabelSet(labels={'app': 'app-a', 'role': 'backend'})
Adding Security Group for allow labelset: LabelSet(labels={'app': 'app-a', 'role': 'frontend'})
SGMod: Adding rule to SG-app:app-arole:backend, remote SG-app:app-arole:frontend, port 80, type egress
Cannot add rule to remotes: Security group rule already exists. Rule id is 785ef68b-3b19-4267-af56-5e075dd5ca07.
Neutron server returns request_ids: ['req-be4f6005-25f5-4512-9047-9d4e6c973c91']
PLS: Configuring new spol Policy(name=app-a-allow-frontend-backend, sel=LabelSet(labels={'app': 'app-a', 'role': 'frontend'}), allow=[
(LabelSet(labels={'app': 'app-a', 'role': 'backend'}), Traffic(direction=ingress, port=80, protocol=TCP)) 
])
Adding Security Group for select labelset: LabelSet(labels={'app': 'app-a', 'role': 'frontend'})
Adding Security Group for allow labelset: LabelSet(labels={'app': 'app-a', 'role': 'backend'})
SGMod: Adding rule to SG-app:app-arole:frontend, remote SG-app:app-arole:backend, port 80, type ingress
Cannot add rule to remotes: Security group rule already exists. Rule id is 3e99b1c1-a86e-4f91-8865-8a8f784ed94f.
Neutron server returns request_ids: ['req-6dd8428a-89de-4717-9874-10c1dc64d5e4']
PLS: Configuring new spol Policy(name=app-a-allow-backend-frontend, sel=LabelSet(labels={'app': 'app-a', 'role': 'backend'}), allow=[
(LabelSet(labels={'app': 'app-a', 'role': 'frontend'}), Traffic(direction=ingress, port=80, protocol=TCP)) 
])
Adding Security Group for select labelset: LabelSet(labels={'app': 'app-a', 'role': 'backend'})
Adding Security Group for allow labelset: LabelSet(labels={'app': 'app-a', 'role': 'frontend'})
SGMod: Adding rule to SG-app:app-arole:backend, remote SG-app:app-arole:frontend, port 80, type ingress
Cannot add rule to remotes: Security group rule already exists. Rule id is 8f2d1f02-d82b-403a-a77a-4d9a95b928c6.
Neutron server returns request_ids: ['req-541dde5c-fa45-4db5-ae03-3435ea08ed68']
PLS: Configuring new spol Policy(name=app-a-allow-frontend-backend, sel=LabelSet(labels={'app': 'app-a', 'role': 'frontend'}), allow=[
(LabelSet(labels={'app': 'app-a', 'role': 'backend'}), Traffic(direction=egress, port=80, protocol=TCP)) 
])
Adding Security Group for select labelset: LabelSet(labels={'app': 'app-a', 'role': 'frontend'})
Adding Security Group for allow labelset: LabelSet(labels={'app': 'app-a', 'role': 'backend'})
SGMod: Adding rule to SG-app:app-arole:frontend, remote SG-app:app-arole:backend, port 80, type egress
Cannot add rule to remotes: Security group rule already exists. Rule id is 97722765-967a-4fe2-8ad9-d677cdc6b727.
Neutron server returns request_ids: ['req-19e84147-e345-413b-b383-4215c36167c4']
Attaching security group SG-app:app-arole:frontend to instance worker-2
Pod(name=test-pod-18, label_set=LabelSet(labels={'app': 'app-a', 'role': 'frontend'}), node=Node(name=worker-2)
New pod: test-pod-19, on node: worker-1
PLS: Configuring new pod with labelset: {L}
PLS: Configuring new spol Policy(name=app-a-allow-frontend-backend, sel=LabelSet(labels={'app': 'app-a', 'role': 'frontend'}), allow=[
(LabelSet(labels={'app': 'app-a', 'role': 'backend'}), Traffic(direction=ingress, port=80, protocol=TCP)) 
])
Adding Security Group for select labelset: LabelSet(labels={'app': 'app-a', 'role': 'frontend'})
Adding Security Group for allow labelset: LabelSet(labels={'app': 'app-a', 'role': 'backend'})
SGMod: Adding rule to SG-app:app-arole:frontend, remote SG-app:app-arole:backend, port 80, type ingress
Cannot add rule to remotes: Security group rule already exists. Rule id is 3e99b1c1-a86e-4f91-8865-8a8f784ed94f.
Neutron server returns request_ids: ['req-236d4506-af35-42d6-962e-388da2fb5b8a']
PLS: Configuring new spol Policy(name=app-a-allow-backend-frontend, sel=LabelSet(labels={'app': 'app-a', 'role': 'backend'}), allow=[
(LabelSet(labels={'app': 'app-a', 'role': 'frontend'}), Traffic(direction=ingress, port=80, protocol=TCP)) 
])
Adding Security Group for select labelset: LabelSet(labels={'app': 'app-a', 'role': 'backend'})
Adding Security Group for allow labelset: LabelSet(labels={'app': 'app-a', 'role': 'frontend'})
SGMod: Adding rule to SG-app:app-arole:backend, remote SG-app:app-arole:frontend, port 80, type ingress
Cannot add rule to remotes: Security group rule already exists. Rule id is 8f2d1f02-d82b-403a-a77a-4d9a95b928c6.
Neutron server returns request_ids: ['req-c842fdcd-33a1-47b2-b2d8-3bfece9a8a97']
PLS: Configuring new spol Policy(name=app-a-allow-backend-database, sel=LabelSet(labels={'app': 'app-a', 'role': 'backend'}), allow=[
(LabelSet(labels={'app': 'app-a', 'role': 'database'}), Traffic(direction=ingress, port=80, protocol=TCP)) 
])
Adding Security Group for select labelset: LabelSet(labels={'app': 'app-a', 'role': 'backend'})
Adding Security Group for allow labelset: LabelSet(labels={'app': 'app-a', 'role': 'database'})
SGMod: Adding rule to SG-app:app-arole:backend, remote SG-app:app-arole:database, port 80, type ingress
Cannot add rule to remotes: Security group rule already exists. Rule id is 8aaf0d91-71b6-4048-9f9d-74bed84b5a0f.
Neutron server returns request_ids: ['req-49ae81ac-ad9e-4ace-8f58-d517784a7446']
PLS: Configuring new spol Policy(name=app-a-allow-database-backend, sel=LabelSet(labels={'app': 'app-a', 'role': 'database'}), allow=[
(LabelSet(labels={'app': 'app-a', 'role': 'backend'}), Traffic(direction=egress, port=80, protocol=TCP)) 
])
Adding Security Group for select labelset: LabelSet(labels={'app': 'app-a', 'role': 'database'})
Adding Security Group for allow labelset: LabelSet(labels={'app': 'app-a', 'role': 'backend'})
SGMod: Adding rule to SG-app:app-arole:database, remote SG-app:app-arole:backend, port 80, type egress
Cannot add rule to remotes: Security group rule already exists. Rule id is 1a1d6ca5-5d66-4aab-837a-46b825f355e6.
Neutron server returns request_ids: ['req-758ed9cf-eb23-4360-a4b6-5e9343bdb5a1']
PLS: Configuring new spol Policy(name=app-a-allow-backend-frontend, sel=LabelSet(labels={'app': 'app-a', 'role': 'backend'}), allow=[
(LabelSet(labels={'app': 'app-a', 'role': 'frontend'}), Traffic(direction=egress, port=80, protocol=TCP)) 
])
Adding Security Group for select labelset: LabelSet(labels={'app': 'app-a', 'role': 'backend'})
Adding Security Group for allow labelset: LabelSet(labels={'app': 'app-a', 'role': 'frontend'})
SGMod: Adding rule to SG-app:app-arole:backend, remote SG-app:app-arole:frontend, port 80, type egress
Cannot add rule to remotes: Security group rule already exists. Rule id is 785ef68b-3b19-4267-af56-5e075dd5ca07.
Neutron server returns request_ids: ['req-01b2d426-7175-4a25-9f66-1ddc93e02e26']
PLS: Configuring new spol Policy(name=app-a-allow-backend-database, sel=LabelSet(labels={'app': 'app-a', 'role': 'backend'}), allow=[
(LabelSet(labels={'app': 'app-a', 'role': 'database'}), Traffic(direction=egress, port=80, protocol=TCP)) 
])
Adding Security Group for select labelset: LabelSet(labels={'app': 'app-a', 'role': 'backend'})
Adding Security Group for allow labelset: LabelSet(labels={'app': 'app-a', 'role': 'database'})
SGMod: Adding rule to SG-app:app-arole:backend, remote SG-app:app-arole:database, port 80, type egress
Cannot add rule to remotes: <html><body><h1>429 Too Many Requests</h1>
You have sent too many requests in a given amount of time.
</body></html>

PLS: Configuring new spol Policy(name=app-a-allow-frontend-backend, sel=LabelSet(labels={'app': 'app-a', 'role': 'frontend'}), allow=[
(LabelSet(labels={'app': 'app-a', 'role': 'backend'}), Traffic(direction=egress, port=80, protocol=TCP)) 
])
Adding Security Group for select labelset: LabelSet(labels={'app': 'app-a', 'role': 'frontend'})
Adding Security Group for allow labelset: LabelSet(labels={'app': 'app-a', 'role': 'backend'})
SGMod: Adding rule to SG-app:app-arole:frontend, remote SG-app:app-arole:backend, port 80, type egress
Cannot add rule to remotes: <html><body><h1>429 Too Many Requests</h1>
You have sent too many requests in a given amount of time.
</body></html>

PLS: Configuring new spol Policy(name=app-a-allow-database-backend, sel=LabelSet(labels={'app': 'app-a', 'role': 'database'}), allow=[
(LabelSet(labels={'app': 'app-a', 'role': 'backend'}), Traffic(direction=ingress, port=80, protocol=TCP)) 
])
Adding Security Group for select labelset: LabelSet(labels={'app': 'app-a', 'role': 'database'})
Adding Security Group for allow labelset: LabelSet(labels={'app': 'app-a', 'role': 'backend'})
SGMod: Adding rule to SG-app:app-arole:database, remote SG-app:app-arole:backend, port 80, type ingress
Cannot add rule to remotes: <html><body><h1>429 Too Many Requests</h1>
You have sent too many requests in a given amount of time.
</body></html>

Attaching security group SG-app:app-arole:backend to instance worker-1
Pod(name=test-pod-19, label_set=LabelSet(labels={'app': 'app-a', 'role': 'backend'}), node=Node(name=worker-1)
Pod test-pod-17 already exists in the cluster.
Pod(name=test-pod-17, label_set=LabelSet(labels={'app': 'app-c', 'role': 'database'}), node=Node(name=worker-1)
Pod test-pod-18 already exists in the cluster.
Pod(name=test-pod-18, label_set=LabelSet(labels={'app': 'app-a', 'role': 'frontend'}), node=Node(name=worker-2)
New pod: test-pod-20, on node: worker
Pod(name=test-pod-20, label_set=LabelSet(labels={'app': 'app-a', 'role': 'database'}), node=Node(name=worker)
New pod: test-pod-21, on node: worker
Pod(name=test-pod-21, label_set=LabelSet(labels={'app': 'app-b', 'role': 'frontend'}), node=Node(name=worker)
Pod test-pod-19 already exists in the cluster.
Pod(name=test-pod-19, label_set=LabelSet(labels={'app': 'app-a', 'role': 'backend'}), node=Node(name=worker-1)
Pod test-pod-20 already exists in the cluster.
Pod(name=test-pod-20, label_set=LabelSet(labels={'app': 'app-a', 'role': 'database'}), node=Node(name=worker)
New pod: test-pod-22, on node: worker-1
Pod(name=test-pod-22, label_set=LabelSet(labels={'app': 'app-b', 'role': 'backend'}), node=Node(name=worker-1)
New pod: test-pod-23, on node: worker-2
Pod(name=test-pod-23, label_set=LabelSet(labels={'app': 'app-b', 'role': 'database'}), node=Node(name=worker-2)
Pod test-pod-21 already exists in the cluster.
Pod(name=test-pod-21, label_set=LabelSet(labels={'app': 'app-b', 'role': 'frontend'}), node=Node(name=worker)
Pod test-pod-22 already exists in the cluster.
Pod(name=test-pod-22, label_set=LabelSet(labels={'app': 'app-b', 'role': 'backend'}), node=Node(name=worker-1)
New pod: test-pod-24, on node: worker-1
PLS: Configuring new pod with labelset: {L}
PLS: Configuring new spol Policy(name=app-c-allow-backend-frontend, sel=LabelSet(labels={'app': 'app-c', 'role': 'backend'}), allow=[
(LabelSet(labels={'app': 'app-c', 'role': 'frontend'}), Traffic(direction=ingress, port=80, protocol=TCP)) 
])
Adding Security Group for select labelset: LabelSet(labels={'app': 'app-c', 'role': 'backend'})
Adding Security Group for allow labelset: LabelSet(labels={'app': 'app-c', 'role': 'frontend'})
SGMod: Adding rule to SG-app:app-crole:backend, remote SG-app:app-crole:frontend, port 80, type ingress
Cannot add rule to remotes: <html><body><h1>429 Too Many Requests</h1>
You have sent too many requests in a given amount of time.
</body></html>

PLS: Configuring new spol Policy(name=app-c-allow-frontend-backend, sel=LabelSet(labels={'app': 'app-c', 'role': 'frontend'}), allow=[
(LabelSet(labels={'app': 'app-c', 'role': 'backend'}), Traffic(direction=egress, port=80, protocol=TCP)) 
])
Adding Security Group for select labelset: LabelSet(labels={'app': 'app-c', 'role': 'frontend'})
Adding Security Group for allow labelset: LabelSet(labels={'app': 'app-c', 'role': 'backend'})
SGMod: Adding rule to SG-app:app-crole:frontend, remote SG-app:app-crole:backend, port 80, type egress
Cannot add rule to remotes: <html><body><h1>429 Too Many Requests</h1>
You have sent too many requests in a given amount of time.
</body></html>

PLS: Configuring new spol Policy(name=app-c-allow-frontend-backend, sel=LabelSet(labels={'app': 'app-c', 'role': 'frontend'}), allow=[
(LabelSet(labels={'app': 'app-c', 'role': 'backend'}), Traffic(direction=ingress, port=80, protocol=TCP)) 
])
Adding Security Group for select labelset: LabelSet(labels={'app': 'app-c', 'role': 'frontend'})
Adding Security Group for allow labelset: LabelSet(labels={'app': 'app-c', 'role': 'backend'})
SGMod: Adding rule to SG-app:app-crole:frontend, remote SG-app:app-crole:backend, port 80, type ingress
Cannot add rule to remotes: <html><body><h1>429 Too Many Requests</h1>
You have sent too many requests in a given amount of time.
</body></html>

PLS: Configuring new spol Policy(name=app-c-allow-backend-frontend, sel=LabelSet(labels={'app': 'app-c', 'role': 'backend'}), allow=[
(LabelSet(labels={'app': 'app-c', 'role': 'frontend'}), Traffic(direction=egress, port=80, protocol=TCP)) 
])
Adding Security Group for select labelset: LabelSet(labels={'app': 'app-c', 'role': 'backend'})
Adding Security Group for allow labelset: LabelSet(labels={'app': 'app-c', 'role': 'frontend'})
SGMod: Adding rule to SG-app:app-crole:backend, remote SG-app:app-crole:frontend, port 80, type egress
Cannot add rule to remotes: <html><body><h1>429 Too Many Requests</h1>
You have sent too many requests in a given amount of time.
</body></html>

Attaching security group SG-app:app-crole:frontend to instance worker-1
Pod(name=test-pod-24, label_set=LabelSet(labels={'app': 'app-c', 'role': 'frontend'}), node=Node(name=worker-1)
Pod test-pod-23 already exists in the cluster.
Pod(name=test-pod-23, label_set=LabelSet(labels={'app': 'app-b', 'role': 'database'}), node=Node(name=worker-2)
New pod: test-pod-25, on node: worker
Pod(name=test-pod-25, label_set=LabelSet(labels={'app': 'app-c', 'role': 'backend'}), node=Node(name=worker)
Pod test-pod-24 already exists in the cluster.
Pod(name=test-pod-24, label_set=LabelSet(labels={'app': 'app-c', 'role': 'frontend'}), node=Node(name=worker-1)
New pod: test-pod-26, on node: worker-2
PLS: Configuring new pod with labelset: {L}
PLS: Configuring new spol Policy(name=app-c-allow-backend-database, sel=LabelSet(labels={'app': 'app-c', 'role': 'backend'}), allow=[
(LabelSet(labels={'app': 'app-c', 'role': 'database'}), Traffic(direction=ingress, port=80, protocol=TCP)) 
])
Adding Security Group for select labelset: LabelSet(labels={'app': 'app-c', 'role': 'backend'})
Adding Security Group for allow labelset: LabelSet(labels={'app': 'app-c', 'role': 'database'})
SGMod: Adding rule to SG-app:app-crole:backend, remote SG-app:app-crole:database, port 80, type ingress
Cannot add rule to remotes: <html><body><h1>429 Too Many Requests</h1>
You have sent too many requests in a given amount of time.
</body></html>

PLS: Configuring new spol Policy(name=app-c-allow-database-backend, sel=LabelSet(labels={'app': 'app-c', 'role': 'database'}), allow=[
(LabelSet(labels={'app': 'app-c', 'role': 'backend'}), Traffic(direction=egress, port=80, protocol=TCP)) 
])
Adding Security Group for select labelset: LabelSet(labels={'app': 'app-c', 'role': 'database'})
Adding Security Group for allow labelset: LabelSet(labels={'app': 'app-c', 'role': 'backend'})
SGMod: Adding rule to SG-app:app-crole:database, remote SG-app:app-crole:backend, port 80, type egress
Cannot add rule to remotes: <html><body><h1>429 Too Many Requests</h1>
You have sent too many requests in a given amount of time.
</body></html>

PLS: Configuring new spol Policy(name=app-c-allow-database-backend, sel=LabelSet(labels={'app': 'app-c', 'role': 'database'}), allow=[
(LabelSet(labels={'app': 'app-c', 'role': 'backend'}), Traffic(direction=ingress, port=80, protocol=TCP)) 
])
Adding Security Group for select labelset: LabelSet(labels={'app': 'app-c', 'role': 'database'})
Adding Security Group for allow labelset: LabelSet(labels={'app': 'app-c', 'role': 'backend'})
SGMod: Adding rule to SG-app:app-crole:database, remote SG-app:app-crole:backend, port 80, type ingress
Cannot add rule to remotes: <html><body><h1>429 Too Many Requests</h1>
You have sent too many requests in a given amount of time.
</body></html>

PLS: Configuring new spol Policy(name=app-c-allow-backend-database, sel=LabelSet(labels={'app': 'app-c', 'role': 'backend'}), allow=[
(LabelSet(labels={'app': 'app-c', 'role': 'database'}), Traffic(direction=egress, port=80, protocol=TCP)) 
])
Adding Security Group for select labelset: LabelSet(labels={'app': 'app-c', 'role': 'backend'})
Adding Security Group for allow labelset: LabelSet(labels={'app': 'app-c', 'role': 'database'})
SGMod: Adding rule to SG-app:app-crole:backend, remote SG-app:app-crole:database, port 80, type egress
Cannot add rule to remotes: <html><body><h1>429 Too Many Requests</h1>
You have sent too many requests in a given amount of time.
</body></html>

Attaching security group SG-app:app-crole:database to instance worker-2
Pod(name=test-pod-26, label_set=LabelSet(labels={'app': 'app-c', 'role': 'database'}), node=Node(name=worker-2)
New pod: test-pod-27, on node: worker-1
Pod(name=test-pod-27, label_set=LabelSet(labels={'app': 'app-a', 'role': 'frontend'}), node=Node(name=worker-1)
Pod test-pod-25 already exists in the cluster.
Pod(name=test-pod-25, label_set=LabelSet(labels={'app': 'app-c', 'role': 'backend'}), node=Node(name=worker)
Pod test-pod-26 already exists in the cluster.
Pod(name=test-pod-26, label_set=LabelSet(labels={'app': 'app-c', 'role': 'database'}), node=Node(name=worker-2)
New pod: test-pod-28, on node: worker
PLS: Configuring new pod with labelset: {L}
PLS: Configuring new spol Policy(name=app-a-allow-frontend-backend, sel=LabelSet(labels={'app': 'app-a', 'role': 'frontend'}), allow=[
(LabelSet(labels={'app': 'app-a', 'role': 'backend'}), Traffic(direction=ingress, port=80, protocol=TCP)) 
])
Adding Security Group for select labelset: LabelSet(labels={'app': 'app-a', 'role': 'frontend'})
Adding Security Group for allow labelset: LabelSet(labels={'app': 'app-a', 'role': 'backend'})
SGMod: Adding rule to SG-app:app-arole:frontend, remote SG-app:app-arole:backend, port 80, type ingress
Cannot add rule to remotes: <html><body><h1>429 Too Many Requests</h1>
You have sent too many requests in a given amount of time.
</body></html>

PLS: Configuring new spol Policy(name=app-a-allow-backend-frontend, sel=LabelSet(labels={'app': 'app-a', 'role': 'backend'}), allow=[
(LabelSet(labels={'app': 'app-a', 'role': 'frontend'}), Traffic(direction=ingress, port=80, protocol=TCP)) 
])
Adding Security Group for select labelset: LabelSet(labels={'app': 'app-a', 'role': 'backend'})
Adding Security Group for allow labelset: LabelSet(labels={'app': 'app-a', 'role': 'frontend'})
SGMod: Adding rule to SG-app:app-arole:backend, remote SG-app:app-arole:frontend, port 80, type ingress
Cannot add rule to remotes: <html><body><h1>429 Too Many Requests</h1>
You have sent too many requests in a given amount of time.
</body></html>

PLS: Configuring new spol Policy(name=app-a-allow-backend-database, sel=LabelSet(labels={'app': 'app-a', 'role': 'backend'}), allow=[
(LabelSet(labels={'app': 'app-a', 'role': 'database'}), Traffic(direction=ingress, port=80, protocol=TCP)) 
])
Adding Security Group for select labelset: LabelSet(labels={'app': 'app-a', 'role': 'backend'})
Adding Security Group for allow labelset: LabelSet(labels={'app': 'app-a', 'role': 'database'})
SGMod: Adding rule to SG-app:app-arole:backend, remote SG-app:app-arole:database, port 80, type ingress
Cannot add rule to remotes: <html><body><h1>429 Too Many Requests</h1>
You have sent too many requests in a given amount of time.
</body></html>

PLS: Configuring new spol Policy(name=app-a-allow-database-backend, sel=LabelSet(labels={'app': 'app-a', 'role': 'database'}), allow=[
(LabelSet(labels={'app': 'app-a', 'role': 'backend'}), Traffic(direction=egress, port=80, protocol=TCP)) 
])
Adding Security Group for select labelset: LabelSet(labels={'app': 'app-a', 'role': 'database'})
Adding Security Group for allow labelset: LabelSet(labels={'app': 'app-a', 'role': 'backend'})
SGMod: Adding rule to SG-app:app-arole:database, remote SG-app:app-arole:backend, port 80, type egress
Cannot add rule to remotes: <html><body><h1>429 Too Many Requests</h1>
You have sent too many requests in a given amount of time.
</body></html>

PLS: Configuring new spol Policy(name=app-a-allow-backend-frontend, sel=LabelSet(labels={'app': 'app-a', 'role': 'backend'}), allow=[
(LabelSet(labels={'app': 'app-a', 'role': 'frontend'}), Traffic(direction=egress, port=80, protocol=TCP)) 
])
Adding Security Group for select labelset: LabelSet(labels={'app': 'app-a', 'role': 'backend'})
Adding Security Group for allow labelset: LabelSet(labels={'app': 'app-a', 'role': 'frontend'})
SGMod: Adding rule to SG-app:app-arole:backend, remote SG-app:app-arole:frontend, port 80, type egress
Cannot add rule to remotes: <html><body><h1>429 Too Many Requests</h1>
You have sent too many requests in a given amount of time.
</body></html>

PLS: Configuring new spol Policy(name=app-a-allow-backend-database, sel=LabelSet(labels={'app': 'app-a', 'role': 'backend'}), allow=[
(LabelSet(labels={'app': 'app-a', 'role': 'database'}), Traffic(direction=egress, port=80, protocol=TCP)) 
])
Adding Security Group for select labelset: LabelSet(labels={'app': 'app-a', 'role': 'backend'})
Adding Security Group for allow labelset: LabelSet(labels={'app': 'app-a', 'role': 'database'})
SGMod: Adding rule to SG-app:app-arole:backend, remote SG-app:app-arole:database, port 80, type egress
Cannot add rule to remotes: <html><body><h1>429 Too Many Requests</h1>
You have sent too many requests in a given amount of time.
</body></html>

PLS: Configuring new spol Policy(name=app-a-allow-frontend-backend, sel=LabelSet(labels={'app': 'app-a', 'role': 'frontend'}), allow=[
(LabelSet(labels={'app': 'app-a', 'role': 'backend'}), Traffic(direction=egress, port=80, protocol=TCP)) 
])
Adding Security Group for select labelset: LabelSet(labels={'app': 'app-a', 'role': 'frontend'})
Adding Security Group for allow labelset: LabelSet(labels={'app': 'app-a', 'role': 'backend'})
SGMod: Adding rule to SG-app:app-arole:frontend, remote SG-app:app-arole:backend, port 80, type egress
Cannot add rule to remotes: <html><body><h1>429 Too Many Requests</h1>
You have sent too many requests in a given amount of time.
</body></html>

PLS: Configuring new spol Policy(name=app-a-allow-database-backend, sel=LabelSet(labels={'app': 'app-a', 'role': 'database'}), allow=[
(LabelSet(labels={'app': 'app-a', 'role': 'backend'}), Traffic(direction=ingress, port=80, protocol=TCP)) 
])
Adding Security Group for select labelset: LabelSet(labels={'app': 'app-a', 'role': 'database'})
Adding Security Group for allow labelset: LabelSet(labels={'app': 'app-a', 'role': 'backend'})
SGMod: Adding rule to SG-app:app-arole:database, remote SG-app:app-arole:backend, port 80, type ingress
Cannot add rule to remotes: <html><body><h1>429 Too Many Requests</h1>
You have sent too many requests in a given amount of time.
</body></html>

Attaching security group SG-app:app-arole:backend to instance worker
Pod(name=test-pod-28, label_set=LabelSet(labels={'app': 'app-a', 'role': 'backend'}), node=Node(name=worker)
Pod test-pod-27 already exists in the cluster.
Pod(name=test-pod-27, label_set=LabelSet(labels={'app': 'app-a', 'role': 'frontend'}), node=Node(name=worker-1)
New pod: test-pod-29, on node: worker-2
PLS: Configuring new pod with labelset: {L}
PLS: Configuring new spol Policy(name=app-a-allow-backend-database, sel=LabelSet(labels={'app': 'app-a', 'role': 'backend'}), allow=[
(LabelSet(labels={'app': 'app-a', 'role': 'database'}), Traffic(direction=egress, port=80, protocol=TCP)) 
])
Adding Security Group for select labelset: LabelSet(labels={'app': 'app-a', 'role': 'backend'})
Adding Security Group for allow labelset: LabelSet(labels={'app': 'app-a', 'role': 'database'})
SGMod: Adding rule to SG-app:app-arole:backend, remote SG-app:app-arole:database, port 80, type egress
Cannot add rule to remotes: <html><body><h1>429 Too Many Requests</h1>
You have sent too many requests in a given amount of time.
</body></html>

PLS: Configuring new spol Policy(name=app-a-allow-backend-database, sel=LabelSet(labels={'app': 'app-a', 'role': 'backend'}), allow=[
(LabelSet(labels={'app': 'app-a', 'role': 'database'}), Traffic(direction=ingress, port=80, protocol=TCP)) 
])
Adding Security Group for select labelset: LabelSet(labels={'app': 'app-a', 'role': 'backend'})
Adding Security Group for allow labelset: LabelSet(labels={'app': 'app-a', 'role': 'database'})
SGMod: Adding rule to SG-app:app-arole:backend, remote SG-app:app-arole:database, port 80, type ingress
Cannot add rule to remotes: <html><body><h1>429 Too Many Requests</h1>
You have sent too many requests in a given amount of time.
</body></html>

PLS: Configuring new spol Policy(name=app-a-allow-database-backend, sel=LabelSet(labels={'app': 'app-a', 'role': 'database'}), allow=[
(LabelSet(labels={'app': 'app-a', 'role': 'backend'}), Traffic(direction=egress, port=80, protocol=TCP)) 
])
Adding Security Group for select labelset: LabelSet(labels={'app': 'app-a', 'role': 'database'})
Adding Security Group for allow labelset: LabelSet(labels={'app': 'app-a', 'role': 'backend'})
SGMod: Adding rule to SG-app:app-arole:database, remote SG-app:app-arole:backend, port 80, type egress
Cannot add rule to remotes: <html><body><h1>429 Too Many Requests</h1>
You have sent too many requests in a given amount of time.
</body></html>

PLS: Configuring new spol Policy(name=app-a-allow-database-backend, sel=LabelSet(labels={'app': 'app-a', 'role': 'database'}), allow=[
(LabelSet(labels={'app': 'app-a', 'role': 'backend'}), Traffic(direction=ingress, port=80, protocol=TCP)) 
])
Adding Security Group for select labelset: LabelSet(labels={'app': 'app-a', 'role': 'database'})
Adding Security Group for allow labelset: LabelSet(labels={'app': 'app-a', 'role': 'backend'})
SGMod: Adding rule to SG-app:app-arole:database, remote SG-app:app-arole:backend, port 80, type ingress
Cannot add rule to remotes: <html><body><h1>429 Too Many Requests</h1>
You have sent too many requests in a given amount of time.
</body></html>

Attaching security group SG-app:app-arole:database to instance worker-2
Pod(name=test-pod-29, label_set=LabelSet(labels={'app': 'app-a', 'role': 'database'}), node=Node(name=worker-2)
Pod test-pod-28 already exists in the cluster.
Pod(name=test-pod-28, label_set=LabelSet(labels={'app': 'app-a', 'role': 'backend'}), node=Node(name=worker)
New pod: test-pod-30, on node: worker-1
PLS: Configuring new pod with labelset: {L}
PLS: Configuring new spol Policy(name=app-b-allow-frontend-backend, sel=LabelSet(labels={'app': 'app-b', 'role': 'frontend'}), allow=[
(LabelSet(labels={'app': 'app-b', 'role': 'backend'}), Traffic(direction=ingress, port=80, protocol=TCP)) 
])
Adding Security Group for select labelset: LabelSet(labels={'app': 'app-b', 'role': 'frontend'})
Adding Security Group for allow labelset: LabelSet(labels={'app': 'app-b', 'role': 'backend'})
SGMod: Adding rule to SG-app:app-brole:frontend, remote SG-app:app-brole:backend, port 80, type ingress
Cannot add rule to remotes: <html><body><h1>429 Too Many Requests</h1>
You have sent too many requests in a given amount of time.
</body></html>

PLS: Configuring new spol Policy(name=app-b-allow-backend-frontend, sel=LabelSet(labels={'app': 'app-b', 'role': 'backend'}), allow=[
(LabelSet(labels={'app': 'app-b', 'role': 'frontend'}), Traffic(direction=ingress, port=80, protocol=TCP)) 
])
Adding Security Group for select labelset: LabelSet(labels={'app': 'app-b', 'role': 'backend'})
Adding Security Group for allow labelset: LabelSet(labels={'app': 'app-b', 'role': 'frontend'})
SGMod: Adding rule to SG-app:app-brole:backend, remote SG-app:app-brole:frontend, port 80, type ingress
Cannot add rule to remotes: <html><body><h1>429 Too Many Requests</h1>
You have sent too many requests in a given amount of time.
</body></html>

PLS: Configuring new spol Policy(name=app-b-allow-backend-frontend, sel=LabelSet(labels={'app': 'app-b', 'role': 'backend'}), allow=[
(LabelSet(labels={'app': 'app-b', 'role': 'frontend'}), Traffic(direction=egress, port=80, protocol=TCP)) 
])
Adding Security Group for select labelset: LabelSet(labels={'app': 'app-b', 'role': 'backend'})
Adding Security Group for allow labelset: LabelSet(labels={'app': 'app-b', 'role': 'frontend'})
SGMod: Adding rule to SG-app:app-brole:backend, remote SG-app:app-brole:frontend, port 80, type egress
Cannot add rule to remotes: <html><body><h1>429 Too Many Requests</h1>
You have sent too many requests in a given amount of time.
</body></html>

PLS: Configuring new spol Policy(name=app-b-allow-frontend-backend, sel=LabelSet(labels={'app': 'app-b', 'role': 'frontend'}), allow=[
(LabelSet(labels={'app': 'app-b', 'role': 'backend'}), Traffic(direction=egress, port=80, protocol=TCP)) 
])
Adding Security Group for select labelset: LabelSet(labels={'app': 'app-b', 'role': 'frontend'})
Adding Security Group for allow labelset: LabelSet(labels={'app': 'app-b', 'role': 'backend'})
SGMod: Adding rule to SG-app:app-brole:frontend, remote SG-app:app-brole:backend, port 80, type egress
Cannot add rule to remotes: <html><body><h1>429 Too Many Requests</h1>
You have sent too many requests in a given amount of time.
</body></html>

Attaching security group SG-app:app-brole:frontend to instance worker-1
Pod(name=test-pod-30, label_set=LabelSet(labels={'app': 'app-b', 'role': 'frontend'}), node=Node(name=worker-1)
Pod test-pod-29 already exists in the cluster.
Pod(name=test-pod-29, label_set=LabelSet(labels={'app': 'app-a', 'role': 'database'}), node=Node(name=worker-2)
Pod test-pod-30 already exists in the cluster.
Pod(name=test-pod-30, label_set=LabelSet(labels={'app': 'app-b', 'role': 'frontend'}), node=Node(name=worker-1)
New pod: test-pod-31, on node: worker
PLS: Configuring new pod with labelset: {L}
PLS: Configuring new spol Policy(name=app-b-allow-database-backend, sel=LabelSet(labels={'app': 'app-b', 'role': 'database'}), allow=[
(LabelSet(labels={'app': 'app-b', 'role': 'backend'}), Traffic(direction=ingress, port=80, protocol=TCP)) 
])
Adding Security Group for select labelset: LabelSet(labels={'app': 'app-b', 'role': 'database'})
Adding Security Group for allow labelset: LabelSet(labels={'app': 'app-b', 'role': 'backend'})
SGMod: Adding rule to SG-app:app-brole:database, remote SG-app:app-brole:backend, port 80, type ingress
Cannot add rule to remotes: <html><body><h1>429 Too Many Requests</h1>
You have sent too many requests in a given amount of time.
</body></html>

PLS: Configuring new spol Policy(name=app-b-allow-frontend-backend, sel=LabelSet(labels={'app': 'app-b', 'role': 'frontend'}), allow=[
(LabelSet(labels={'app': 'app-b', 'role': 'backend'}), Traffic(direction=ingress, port=80, protocol=TCP)) 
])
Adding Security Group for select labelset: LabelSet(labels={'app': 'app-b', 'role': 'frontend'})
Adding Security Group for allow labelset: LabelSet(labels={'app': 'app-b', 'role': 'backend'})
SGMod: Adding rule to SG-app:app-brole:frontend, remote SG-app:app-brole:backend, port 80, type ingress
Cannot add rule to remotes: <html><body><h1>429 Too Many Requests</h1>
You have sent too many requests in a given amount of time.
</body></html>

PLS: Configuring new spol Policy(name=app-b-allow-backend-frontend, sel=LabelSet(labels={'app': 'app-b', 'role': 'backend'}), allow=[
(LabelSet(labels={'app': 'app-b', 'role': 'frontend'}), Traffic(direction=ingress, port=80, protocol=TCP)) 
])
Adding Security Group for select labelset: LabelSet(labels={'app': 'app-b', 'role': 'backend'})
Adding Security Group for allow labelset: LabelSet(labels={'app': 'app-b', 'role': 'frontend'})
SGMod: Adding rule to SG-app:app-brole:backend, remote SG-app:app-brole:frontend, port 80, type ingress
Cannot add rule to remotes: <html><body><h1>429 Too Many Requests</h1>
You have sent too many requests in a given amount of time.
</body></html>

PLS: Configuring new spol Policy(name=app-b-allow-backend-database, sel=LabelSet(labels={'app': 'app-b', 'role': 'backend'}), allow=[
(LabelSet(labels={'app': 'app-b', 'role': 'database'}), Traffic(direction=ingress, port=80, protocol=TCP)) 
])
Adding Security Group for select labelset: LabelSet(labels={'app': 'app-b', 'role': 'backend'})
Adding Security Group for allow labelset: LabelSet(labels={'app': 'app-b', 'role': 'database'})
SGMod: Adding rule to SG-app:app-brole:backend, remote SG-app:app-brole:database, port 80, type ingress
Cannot add rule to remotes: <html><body><h1>429 Too Many Requests</h1>
You have sent too many requests in a given amount of time.
</body></html>

PLS: Configuring new spol Policy(name=app-b-allow-backend-frontend, sel=LabelSet(labels={'app': 'app-b', 'role': 'backend'}), allow=[
(LabelSet(labels={'app': 'app-b', 'role': 'frontend'}), Traffic(direction=egress, port=80, protocol=TCP)) 
])
Adding Security Group for select labelset: LabelSet(labels={'app': 'app-b', 'role': 'backend'})
Adding Security Group for allow labelset: LabelSet(labels={'app': 'app-b', 'role': 'frontend'})
SGMod: Adding rule to SG-app:app-brole:backend, remote SG-app:app-brole:frontend, port 80, type egress
Cannot add rule to remotes: <html><body><h1>429 Too Many Requests</h1>
You have sent too many requests in a given amount of time.
</body></html>

PLS: Configuring new spol Policy(name=app-b-allow-database-backend, sel=LabelSet(labels={'app': 'app-b', 'role': 'database'}), allow=[
(LabelSet(labels={'app': 'app-b', 'role': 'backend'}), Traffic(direction=egress, port=80, protocol=TCP)) 
])
Adding Security Group for select labelset: LabelSet(labels={'app': 'app-b', 'role': 'database'})
Adding Security Group for allow labelset: LabelSet(labels={'app': 'app-b', 'role': 'backend'})
SGMod: Adding rule to SG-app:app-brole:database, remote SG-app:app-brole:backend, port 80, type egress
Cannot add rule to remotes: <html><body><h1>429 Too Many Requests</h1>
You have sent too many requests in a given amount of time.
</body></html>

PLS: Configuring new spol Policy(name=app-b-allow-frontend-backend, sel=LabelSet(labels={'app': 'app-b', 'role': 'frontend'}), allow=[
(LabelSet(labels={'app': 'app-b', 'role': 'backend'}), Traffic(direction=egress, port=80, protocol=TCP)) 
])
Adding Security Group for select labelset: LabelSet(labels={'app': 'app-b', 'role': 'frontend'})
Adding Security Group for allow labelset: LabelSet(labels={'app': 'app-b', 'role': 'backend'})
SGMod: Adding rule to SG-app:app-brole:frontend, remote SG-app:app-brole:backend, port 80, type egress
Cannot add rule to remotes: <html><body><h1>429 Too Many Requests</h1>
You have sent too many requests in a given amount of time.
</body></html>

PLS: Configuring new spol Policy(name=app-b-allow-backend-database, sel=LabelSet(labels={'app': 'app-b', 'role': 'backend'}), allow=[
(LabelSet(labels={'app': 'app-b', 'role': 'database'}), Traffic(direction=egress, port=80, protocol=TCP)) 
])
Adding Security Group for select labelset: LabelSet(labels={'app': 'app-b', 'role': 'backend'})
Adding Security Group for allow labelset: LabelSet(labels={'app': 'app-b', 'role': 'database'})
SGMod: Adding rule to SG-app:app-brole:backend, remote SG-app:app-brole:database, port 80, type egress
Cannot add rule to remotes: <html><body><h1>429 Too Many Requests</h1>
You have sent too many requests in a given amount of time.
</body></html>

Attaching security group SG-app:app-brole:backend to instance worker
Pod(name=test-pod-31, label_set=LabelSet(labels={'app': 'app-b', 'role': 'backend'}), node=Node(name=worker)
New pod: test-pod-32, on node: worker-2
Pod(name=test-pod-32, label_set=LabelSet(labels={'app': 'app-b', 'role': 'database'}), node=Node(name=worker-2)
New pod: test-pod-34, on node: worker-1
PLS: Configuring new pod with labelset: {L}
PLS: Configuring new spol Policy(name=app-c-allow-frontend-backend, sel=LabelSet(labels={'app': 'app-c', 'role': 'frontend'}), allow=[
(LabelSet(labels={'app': 'app-c', 'role': 'backend'}), Traffic(direction=egress, port=80, protocol=TCP)) 
])
Adding Security Group for select labelset: LabelSet(labels={'app': 'app-c', 'role': 'frontend'})
Adding Security Group for allow labelset: LabelSet(labels={'app': 'app-c', 'role': 'backend'})
SGMod: Adding rule to SG-app:app-crole:frontend, remote SG-app:app-crole:backend, port 80, type egress
Cannot add rule to remotes: <html><body><h1>429 Too Many Requests</h1>
You have sent too many requests in a given amount of time.
</body></html>

PLS: Configuring new spol Policy(name=app-c-allow-backend-frontend, sel=LabelSet(labels={'app': 'app-c', 'role': 'backend'}), allow=[
(LabelSet(labels={'app': 'app-c', 'role': 'frontend'}), Traffic(direction=ingress, port=80, protocol=TCP)) 
])
Adding Security Group for select labelset: LabelSet(labels={'app': 'app-c', 'role': 'backend'})
Adding Security Group for allow labelset: LabelSet(labels={'app': 'app-c', 'role': 'frontend'})
SGMod: Adding rule to SG-app:app-crole:backend, remote SG-app:app-crole:frontend, port 80, type ingress
Cannot add rule to remotes: <html><body><h1>429 Too Many Requests</h1>
You have sent too many requests in a given amount of time.
</body></html>

PLS: Configuring new spol Policy(name=app-c-allow-database-backend, sel=LabelSet(labels={'app': 'app-c', 'role': 'database'}), allow=[
(LabelSet(labels={'app': 'app-c', 'role': 'backend'}), Traffic(direction=ingress, port=80, protocol=TCP)) 
])
Adding Security Group for select labelset: LabelSet(labels={'app': 'app-c', 'role': 'database'})
Adding Security Group for allow labelset: LabelSet(labels={'app': 'app-c', 'role': 'backend'})
SGMod: Adding rule to SG-app:app-crole:database, remote SG-app:app-crole:backend, port 80, type ingress
Cannot add rule to remotes: <html><body><h1>429 Too Many Requests</h1>
You have sent too many requests in a given amount of time.
</body></html>

PLS: Configuring new spol Policy(name=app-c-allow-backend-database, sel=LabelSet(labels={'app': 'app-c', 'role': 'backend'}), allow=[
(LabelSet(labels={'app': 'app-c', 'role': 'database'}), Traffic(direction=ingress, port=80, protocol=TCP)) 
])
Adding Security Group for select labelset: LabelSet(labels={'app': 'app-c', 'role': 'backend'})
Adding Security Group for allow labelset: LabelSet(labels={'app': 'app-c', 'role': 'database'})
SGMod: Adding rule to SG-app:app-crole:backend, remote SG-app:app-crole:database, port 80, type ingress
Cannot add rule to remotes: <html><body><h1>429 Too Many Requests</h1>
You have sent too many requests in a given amount of time.
</body></html>

PLS: Configuring new spol Policy(name=app-c-allow-backend-frontend, sel=LabelSet(labels={'app': 'app-c', 'role': 'backend'}), allow=[
(LabelSet(labels={'app': 'app-c', 'role': 'frontend'}), Traffic(direction=egress, port=80, protocol=TCP)) 
])
Adding Security Group for select labelset: LabelSet(labels={'app': 'app-c', 'role': 'backend'})
Adding Security Group for allow labelset: LabelSet(labels={'app': 'app-c', 'role': 'frontend'})
SGMod: Adding rule to SG-app:app-crole:backend, remote SG-app:app-crole:frontend, port 80, type egress
Cannot add rule to remotes: <html><body><h1>429 Too Many Requests</h1>
You have sent too many requests in a given amount of time.
</body></html>

PLS: Configuring new spol Policy(name=app-c-allow-database-backend, sel=LabelSet(labels={'app': 'app-c', 'role': 'database'}), allow=[
(LabelSet(labels={'app': 'app-c', 'role': 'backend'}), Traffic(direction=egress, port=80, protocol=TCP)) 
])
Adding Security Group for select labelset: LabelSet(labels={'app': 'app-c', 'role': 'database'})
Adding Security Group for allow labelset: LabelSet(labels={'app': 'app-c', 'role': 'backend'})
SGMod: Adding rule to SG-app:app-crole:database, remote SG-app:app-crole:backend, port 80, type egress
Cannot add rule to remotes: <html><body><h1>429 Too Many Requests</h1>
You have sent too many requests in a given amount of time.
</body></html>

PLS: Configuring new spol Policy(name=app-c-allow-frontend-backend, sel=LabelSet(labels={'app': 'app-c', 'role': 'frontend'}), allow=[
(LabelSet(labels={'app': 'app-c', 'role': 'backend'}), Traffic(direction=ingress, port=80, protocol=TCP)) 
])
Adding Security Group for select labelset: LabelSet(labels={'app': 'app-c', 'role': 'frontend'})
Adding Security Group for allow labelset: LabelSet(labels={'app': 'app-c', 'role': 'backend'})
SGMod: Adding rule to SG-app:app-crole:frontend, remote SG-app:app-crole:backend, port 80, type ingress
Cannot add rule to remotes: <html><body><h1>429 Too Many Requests</h1>
You have sent too many requests in a given amount of time.
</body></html>

PLS: Configuring new spol Policy(name=app-c-allow-backend-database, sel=LabelSet(labels={'app': 'app-c', 'role': 'backend'}), allow=[
(LabelSet(labels={'app': 'app-c', 'role': 'database'}), Traffic(direction=egress, port=80, protocol=TCP)) 
])
Adding Security Group for select labelset: LabelSet(labels={'app': 'app-c', 'role': 'backend'})
Adding Security Group for allow labelset: LabelSet(labels={'app': 'app-c', 'role': 'database'})
SGMod: Adding rule to SG-app:app-crole:backend, remote SG-app:app-crole:database, port 80, type egress
Cannot add rule to remotes: <html><body><h1>429 Too Many Requests</h1>
You have sent too many requests in a given amount of time.
</body></html>

Attaching security group SG-app:app-crole:backend to instance worker-1
Pod(name=test-pod-34, label_set=LabelSet(labels={'app': 'app-c', 'role': 'backend'}), node=Node(name=worker-1)
New pod: test-pod-33, on node: worker-2
Pod(name=test-pod-33, label_set=LabelSet(labels={'app': 'app-c', 'role': 'frontend'}), node=Node(name=worker-2)
New pod: test-pod-36, on node: worker-2
Pod(name=test-pod-36, label_set=LabelSet(labels={'app': 'app-a', 'role': 'frontend'}), node=Node(name=worker-2)
New pod: test-pod-35, on node: worker
PLS: Configuring new pod with labelset: {L}
PLS: Configuring new spol Policy(name=app-c-allow-backend-database, sel=LabelSet(labels={'app': 'app-c', 'role': 'backend'}), allow=[
(LabelSet(labels={'app': 'app-c', 'role': 'database'}), Traffic(direction=ingress, port=80, protocol=TCP)) 
])
Adding Security Group for select labelset: LabelSet(labels={'app': 'app-c', 'role': 'backend'})
Adding Security Group for allow labelset: LabelSet(labels={'app': 'app-c', 'role': 'database'})
SGMod: Adding rule to SG-app:app-crole:backend, remote SG-app:app-crole:database, port 80, type ingress
Cannot add rule to remotes: <html><body><h1>429 Too Many Requests</h1>
You have sent too many requests in a given amount of time.
</body></html>

PLS: Configuring new spol Policy(name=app-c-allow-database-backend, sel=LabelSet(labels={'app': 'app-c', 'role': 'database'}), allow=[
(LabelSet(labels={'app': 'app-c', 'role': 'backend'}), Traffic(direction=egress, port=80, protocol=TCP)) 
])
Adding Security Group for select labelset: LabelSet(labels={'app': 'app-c', 'role': 'database'})
Adding Security Group for allow labelset: LabelSet(labels={'app': 'app-c', 'role': 'backend'})
SGMod: Adding rule to SG-app:app-crole:database, remote SG-app:app-crole:backend, port 80, type egress
Cannot add rule to remotes: <html><body><h1>429 Too Many Requests</h1>
You have sent too many requests in a given amount of time.
</body></html>

PLS: Configuring new spol Policy(name=app-c-allow-database-backend, sel=LabelSet(labels={'app': 'app-c', 'role': 'database'}), allow=[
(LabelSet(labels={'app': 'app-c', 'role': 'backend'}), Traffic(direction=ingress, port=80, protocol=TCP)) 
])
Adding Security Group for select labelset: LabelSet(labels={'app': 'app-c', 'role': 'database'})
Adding Security Group for allow labelset: LabelSet(labels={'app': 'app-c', 'role': 'backend'})
SGMod: Adding rule to SG-app:app-crole:database, remote SG-app:app-crole:backend, port 80, type ingress
Cannot add rule to remotes: <html><body><h1>429 Too Many Requests</h1>
You have sent too many requests in a given amount of time.
</body></html>

PLS: Configuring new spol Policy(name=app-c-allow-backend-database, sel=LabelSet(labels={'app': 'app-c', 'role': 'backend'}), allow=[
(LabelSet(labels={'app': 'app-c', 'role': 'database'}), Traffic(direction=egress, port=80, protocol=TCP)) 
])
Adding Security Group for select labelset: LabelSet(labels={'app': 'app-c', 'role': 'backend'})
Adding Security Group for allow labelset: LabelSet(labels={'app': 'app-c', 'role': 'database'})
SGMod: Adding rule to SG-app:app-crole:backend, remote SG-app:app-crole:database, port 80, type egress
Cannot add rule to remotes: <html><body><h1>429 Too Many Requests</h1>
You have sent too many requests in a given amount of time.
</body></html>

Attaching security group SG-app:app-crole:database to instance worker
Pod(name=test-pod-35, label_set=LabelSet(labels={'app': 'app-c', 'role': 'database'}), node=Node(name=worker)
New pod: test-pod-37, on node: worker-1
Pod(name=test-pod-37, label_set=LabelSet(labels={'app': 'app-a', 'role': 'backend'}), node=Node(name=worker-1)
New pod: test-pod-40, on node: worker-1
Pod(name=test-pod-40, label_set=LabelSet(labels={'app': 'app-b', 'role': 'backend'}), node=Node(name=worker-1)
New pod: test-pod-38, on node: worker
Pod(name=test-pod-38, label_set=LabelSet(labels={'app': 'app-a', 'role': 'database'}), node=Node(name=worker)
New pod: test-pod-41, on node: worker-1
Pod(name=test-pod-41, label_set=LabelSet(labels={'app': 'app-b', 'role': 'database'}), node=Node(name=worker-1)
New pod: test-pod-39, on node: worker-2
PLS: Configuring new pod with labelset: {L}
PLS: Configuring new spol Policy(name=app-b-allow-frontend-backend, sel=LabelSet(labels={'app': 'app-b', 'role': 'frontend'}), allow=[
(LabelSet(labels={'app': 'app-b', 'role': 'backend'}), Traffic(direction=ingress, port=80, protocol=TCP)) 
])
Adding Security Group for select labelset: LabelSet(labels={'app': 'app-b', 'role': 'frontend'})
Adding Security Group for allow labelset: LabelSet(labels={'app': 'app-b', 'role': 'backend'})
SGMod: Adding rule to SG-app:app-brole:frontend, remote SG-app:app-brole:backend, port 80, type ingress
Cannot add rule to remotes: <html><body><h1>429 Too Many Requests</h1>
You have sent too many requests in a given amount of time.
</body></html>

PLS: Configuring new spol Policy(name=app-b-allow-backend-frontend, sel=LabelSet(labels={'app': 'app-b', 'role': 'backend'}), allow=[
(LabelSet(labels={'app': 'app-b', 'role': 'frontend'}), Traffic(direction=ingress, port=80, protocol=TCP)) 
])
Adding Security Group for select labelset: LabelSet(labels={'app': 'app-b', 'role': 'backend'})
Adding Security Group for allow labelset: LabelSet(labels={'app': 'app-b', 'role': 'frontend'})
SGMod: Adding rule to SG-app:app-brole:backend, remote SG-app:app-brole:frontend, port 80, type ingress
Cannot add rule to remotes: <html><body><h1>429 Too Many Requests</h1>
You have sent too many requests in a given amount of time.
</body></html>

PLS: Configuring new spol Policy(name=app-b-allow-backend-frontend, sel=LabelSet(labels={'app': 'app-b', 'role': 'backend'}), allow=[
(LabelSet(labels={'app': 'app-b', 'role': 'frontend'}), Traffic(direction=egress, port=80, protocol=TCP)) 
])
Adding Security Group for select labelset: LabelSet(labels={'app': 'app-b', 'role': 'backend'})
Adding Security Group for allow labelset: LabelSet(labels={'app': 'app-b', 'role': 'frontend'})
SGMod: Adding rule to SG-app:app-brole:backend, remote SG-app:app-brole:frontend, port 80, type egress
Cannot add rule to remotes: <html><body><h1>429 Too Many Requests</h1>
You have sent too many requests in a given amount of time.
</body></html>

PLS: Configuring new spol Policy(name=app-b-allow-frontend-backend, sel=LabelSet(labels={'app': 'app-b', 'role': 'frontend'}), allow=[
(LabelSet(labels={'app': 'app-b', 'role': 'backend'}), Traffic(direction=egress, port=80, protocol=TCP)) 
])
Adding Security Group for select labelset: LabelSet(labels={'app': 'app-b', 'role': 'frontend'})
Adding Security Group for allow labelset: LabelSet(labels={'app': 'app-b', 'role': 'backend'})
SGMod: Adding rule to SG-app:app-brole:frontend, remote SG-app:app-brole:backend, port 80, type egress
Cannot add rule to remotes: <html><body><h1>429 Too Many Requests</h1>
You have sent too many requests in a given amount of time.
</body></html>

Attaching security group SG-app:app-brole:frontend to instance worker-2
Pod(name=test-pod-39, label_set=LabelSet(labels={'app': 'app-b', 'role': 'frontend'}), node=Node(name=worker-2)
New pod: test-pod-43, on node: worker-1
Pod(name=test-pod-43, label_set=LabelSet(labels={'app': 'app-c', 'role': 'backend'}), node=Node(name=worker-1)
New pod: test-pod-44, on node: worker-2
Pod(name=test-pod-44, label_set=LabelSet(labels={'app': 'app-c', 'role': 'database'}), node=Node(name=worker-2)
New pod: test-pod-42, on node: worker-1
Pod(name=test-pod-42, label_set=LabelSet(labels={'app': 'app-c', 'role': 'frontend'}), node=Node(name=worker-1)
New pod: test-pod-46, on node: worker-2
Pod(name=test-pod-46, label_set=LabelSet(labels={'app': 'app-a', 'role': 'backend'}), node=Node(name=worker-2)
New pod: test-pod-45, on node: worker-1
Pod(name=test-pod-45, label_set=LabelSet(labels={'app': 'app-a', 'role': 'frontend'}), node=Node(name=worker-1)
Pod test-pod-32 already exists in the cluster.
Pod(name=test-pod-32, label_set=LabelSet(labels={'app': 'app-b', 'role': 'database'}), node=Node(name=worker-2)
New pod: test-pod-47, on node: worker-1
PLS: Configuring new pod with labelset: {L}
PLS: Configuring new spol Policy(name=app-a-allow-backend-database, sel=LabelSet(labels={'app': 'app-a', 'role': 'backend'}), allow=[
(LabelSet(labels={'app': 'app-a', 'role': 'database'}), Traffic(direction=egress, port=80, protocol=TCP)) 
])
Adding Security Group for select labelset: LabelSet(labels={'app': 'app-a', 'role': 'backend'})
Adding Security Group for allow labelset: LabelSet(labels={'app': 'app-a', 'role': 'database'})
SGMod: Adding rule to SG-app:app-arole:backend, remote SG-app:app-arole:database, port 80, type egress
Cannot add rule to remotes: <html><body><h1>429 Too Many Requests</h1>
You have sent too many requests in a given amount of time.
</body></html>

PLS: Configuring new spol Policy(name=app-a-allow-backend-database, sel=LabelSet(labels={'app': 'app-a', 'role': 'backend'}), allow=[
(LabelSet(labels={'app': 'app-a', 'role': 'database'}), Traffic(direction=ingress, port=80, protocol=TCP)) 
])
Adding Security Group for select labelset: LabelSet(labels={'app': 'app-a', 'role': 'backend'})
Adding Security Group for allow labelset: LabelSet(labels={'app': 'app-a', 'role': 'database'})
SGMod: Adding rule to SG-app:app-arole:backend, remote SG-app:app-arole:database, port 80, type ingress
Cannot add rule to remotes: <html><body><h1>429 Too Many Requests</h1>
You have sent too many requests in a given amount of time.
</body></html>

PLS: Configuring new spol Policy(name=app-a-allow-database-backend, sel=LabelSet(labels={'app': 'app-a', 'role': 'database'}), allow=[
(LabelSet(labels={'app': 'app-a', 'role': 'backend'}), Traffic(direction=egress, port=80, protocol=TCP)) 
])
Adding Security Group for select labelset: LabelSet(labels={'app': 'app-a', 'role': 'database'})
Adding Security Group for allow labelset: LabelSet(labels={'app': 'app-a', 'role': 'backend'})
SGMod: Adding rule to SG-app:app-arole:database, remote SG-app:app-arole:backend, port 80, type egress
Cannot add rule to remotes: <html><body><h1>429 Too Many Requests</h1>
You have sent too many requests in a given amount of time.
</body></html>

PLS: Configuring new spol Policy(name=app-a-allow-database-backend, sel=LabelSet(labels={'app': 'app-a', 'role': 'database'}), allow=[
(LabelSet(labels={'app': 'app-a', 'role': 'backend'}), Traffic(direction=ingress, port=80, protocol=TCP)) 
])
Adding Security Group for select labelset: LabelSet(labels={'app': 'app-a', 'role': 'database'})
Adding Security Group for allow labelset: LabelSet(labels={'app': 'app-a', 'role': 'backend'})
SGMod: Adding rule to SG-app:app-arole:database, remote SG-app:app-arole:backend, port 80, type ingress
Cannot add rule to remotes: <html><body><h1>429 Too Many Requests</h1>
You have sent too many requests in a given amount of time.
</body></html>

Attaching security group SG-app:app-arole:database to instance worker-1
Pod(name=test-pod-47, label_set=LabelSet(labels={'app': 'app-a', 'role': 'database'}), node=Node(name=worker-1)
Pod test-pod-31 already exists in the cluster.
Pod(name=test-pod-31, label_set=LabelSet(labels={'app': 'app-b', 'role': 'backend'}), node=Node(name=worker)
New pod: test-pod-48, on node: worker
Pod(name=test-pod-48, label_set=LabelSet(labels={'app': 'app-b', 'role': 'frontend'}), node=Node(name=worker)
Pod test-pod-39 already exists in the cluster.
Pod(name=test-pod-39, label_set=LabelSet(labels={'app': 'app-b', 'role': 'frontend'}), node=Node(name=worker-2)
New pod: test-pod-49, on node: worker-2
Pod(name=test-pod-49, label_set=LabelSet(labels={'app': 'app-b', 'role': 'backend'}), node=Node(name=worker-2)
Pod test-pod-34 already exists in the cluster.
Pod(name=test-pod-34, label_set=LabelSet(labels={'app': 'app-c', 'role': 'backend'}), node=Node(name=worker-1)
New pod: test-pod-50, on node: worker-2
Pod(name=test-pod-50, label_set=LabelSet(labels={'app': 'app-b', 'role': 'database'}), node=Node(name=worker-2)
Pod test-pod-35 already exists in the cluster.
Pod(name=test-pod-35, label_set=LabelSet(labels={'app': 'app-c', 'role': 'database'}), node=Node(name=worker)
Pod test-pod-36 already exists in the cluster.
Pod(name=test-pod-36, label_set=LabelSet(labels={'app': 'app-a', 'role': 'frontend'}), node=Node(name=worker-2)
Pod test-pod-41 already exists in the cluster.
Pod(name=test-pod-41, label_set=LabelSet(labels={'app': 'app-b', 'role': 'database'}), node=Node(name=worker-1)
Pod test-pod-38 already exists in the cluster.
Pod(name=test-pod-38, label_set=LabelSet(labels={'app': 'app-a', 'role': 'database'}), node=Node(name=worker)
New pod: test-pod-51, on node: worker-2
Pod(name=test-pod-51, label_set=LabelSet(labels={'app': 'app-c', 'role': 'frontend'}), node=Node(name=worker-2)
Pod test-pod-44 already exists in the cluster.
Pod(name=test-pod-44, label_set=LabelSet(labels={'app': 'app-c', 'role': 'database'}), node=Node(name=worker-2)
New pod: test-pod-52, on node: worker-2
PLS: Configuring new pod with labelset: {L}
PLS: Configuring new spol Policy(name=app-c-allow-frontend-backend, sel=LabelSet(labels={'app': 'app-c', 'role': 'frontend'}), allow=[
(LabelSet(labels={'app': 'app-c', 'role': 'backend'}), Traffic(direction=egress, port=80, protocol=TCP)) 
])
Adding Security Group for select labelset: LabelSet(labels={'app': 'app-c', 'role': 'frontend'})
Adding Security Group for allow labelset: LabelSet(labels={'app': 'app-c', 'role': 'backend'})
SGMod: Adding rule to SG-app:app-crole:frontend, remote SG-app:app-crole:backend, port 80, type egress
Cannot add rule to remotes: <html><body><h1>429 Too Many Requests</h1>
You have sent too many requests in a given amount of time.
</body></html>

PLS: Configuring new spol Policy(name=app-c-allow-backend-frontend, sel=LabelSet(labels={'app': 'app-c', 'role': 'backend'}), allow=[
(LabelSet(labels={'app': 'app-c', 'role': 'frontend'}), Traffic(direction=ingress, port=80, protocol=TCP)) 
])
Adding Security Group for select labelset: LabelSet(labels={'app': 'app-c', 'role': 'backend'})
Adding Security Group for allow labelset: LabelSet(labels={'app': 'app-c', 'role': 'frontend'})
SGMod: Adding rule to SG-app:app-crole:backend, remote SG-app:app-crole:frontend, port 80, type ingress
Cannot add rule to remotes: <html><body><h1>429 Too Many Requests</h1>
You have sent too many requests in a given amount of time.
</body></html>

PLS: Configuring new spol Policy(name=app-c-allow-database-backend, sel=LabelSet(labels={'app': 'app-c', 'role': 'database'}), allow=[
(LabelSet(labels={'app': 'app-c', 'role': 'backend'}), Traffic(direction=ingress, port=80, protocol=TCP)) 
])
Adding Security Group for select labelset: LabelSet(labels={'app': 'app-c', 'role': 'database'})
Adding Security Group for allow labelset: LabelSet(labels={'app': 'app-c', 'role': 'backend'})
SGMod: Adding rule to SG-app:app-crole:database, remote SG-app:app-crole:backend, port 80, type ingress
Cannot add rule to remotes: <html><body><h1>429 Too Many Requests</h1>
You have sent too many requests in a given amount of time.
</body></html>

PLS: Configuring new spol Policy(name=app-c-allow-backend-database, sel=LabelSet(labels={'app': 'app-c', 'role': 'backend'}), allow=[
(LabelSet(labels={'app': 'app-c', 'role': 'database'}), Traffic(direction=ingress, port=80, protocol=TCP)) 
])
Adding Security Group for select labelset: LabelSet(labels={'app': 'app-c', 'role': 'backend'})
Adding Security Group for allow labelset: LabelSet(labels={'app': 'app-c', 'role': 'database'})
SGMod: Adding rule to SG-app:app-crole:backend, remote SG-app:app-crole:database, port 80, type ingress
Cannot add rule to remotes: <html><body><h1>429 Too Many Requests</h1>
You have sent too many requests in a given amount of time.
</body></html>

PLS: Configuring new spol Policy(name=app-c-allow-backend-frontend, sel=LabelSet(labels={'app': 'app-c', 'role': 'backend'}), allow=[
(LabelSet(labels={'app': 'app-c', 'role': 'frontend'}), Traffic(direction=egress, port=80, protocol=TCP)) 
])
Adding Security Group for select labelset: LabelSet(labels={'app': 'app-c', 'role': 'backend'})
Adding Security Group for allow labelset: LabelSet(labels={'app': 'app-c', 'role': 'frontend'})
SGMod: Adding rule to SG-app:app-crole:backend, remote SG-app:app-crole:frontend, port 80, type egress
Cannot add rule to remotes: <html><body><h1>429 Too Many Requests</h1>
You have sent too many requests in a given amount of time.
</body></html>

PLS: Configuring new spol Policy(name=app-c-allow-database-backend, sel=LabelSet(labels={'app': 'app-c', 'role': 'database'}), allow=[
(LabelSet(labels={'app': 'app-c', 'role': 'backend'}), Traffic(direction=egress, port=80, protocol=TCP)) 
])
Adding Security Group for select labelset: LabelSet(labels={'app': 'app-c', 'role': 'database'})
Adding Security Group for allow labelset: LabelSet(labels={'app': 'app-c', 'role': 'backend'})
SGMod: Adding rule to SG-app:app-crole:database, remote SG-app:app-crole:backend, port 80, type egress
Cannot add rule to remotes: <html><body><h1>429 Too Many Requests</h1>
You have sent too many requests in a given amount of time.
</body></html>

PLS: Configuring new spol Policy(name=app-c-allow-frontend-backend, sel=LabelSet(labels={'app': 'app-c', 'role': 'frontend'}), allow=[
(LabelSet(labels={'app': 'app-c', 'role': 'backend'}), Traffic(direction=ingress, port=80, protocol=TCP)) 
])
Adding Security Group for select labelset: LabelSet(labels={'app': 'app-c', 'role': 'frontend'})
Adding Security Group for allow labelset: LabelSet(labels={'app': 'app-c', 'role': 'backend'})
SGMod: Adding rule to SG-app:app-crole:frontend, remote SG-app:app-crole:backend, port 80, type ingress
Cannot add rule to remotes: <html><body><h1>429 Too Many Requests</h1>
You have sent too many requests in a given amount of time.
</body></html>

PLS: Configuring new spol Policy(name=app-c-allow-backend-database, sel=LabelSet(labels={'app': 'app-c', 'role': 'backend'}), allow=[
(LabelSet(labels={'app': 'app-c', 'role': 'database'}), Traffic(direction=egress, port=80, protocol=TCP)) 
])
Adding Security Group for select labelset: LabelSet(labels={'app': 'app-c', 'role': 'backend'})
Adding Security Group for allow labelset: LabelSet(labels={'app': 'app-c', 'role': 'database'})
SGMod: Adding rule to SG-app:app-crole:backend, remote SG-app:app-crole:database, port 80, type egress
Cannot add rule to remotes: <html><body><h1>429 Too Many Requests</h1>
You have sent too many requests in a given amount of time.
</body></html>

Attaching security group SG-app:app-crole:backend to instance worker-2
Pod(name=test-pod-52, label_set=LabelSet(labels={'app': 'app-c', 'role': 'backend'}), node=Node(name=worker-2)
New pod: test-pod-53, on node: worker-1
Pod(name=test-pod-53, label_set=LabelSet(labels={'app': 'app-c', 'role': 'database'}), node=Node(name=worker-1)
Pod test-pod-43 already exists in the cluster.
Pod(name=test-pod-43, label_set=LabelSet(labels={'app': 'app-c', 'role': 'backend'}), node=Node(name=worker-1)
Pod test-pod-46 already exists in the cluster.
Pod(name=test-pod-46, label_set=LabelSet(labels={'app': 'app-a', 'role': 'backend'}), node=Node(name=worker-2)
Pod test-pod-48 already exists in the cluster.
Pod(name=test-pod-48, label_set=LabelSet(labels={'app': 'app-b', 'role': 'frontend'}), node=Node(name=worker)
New pod: test-pod-54, on node: worker-1
Pod(name=test-pod-54, label_set=LabelSet(labels={'app': 'app-a', 'role': 'frontend'}), node=Node(name=worker-1)
Pod test-pod-2 already exists in the cluster.
Pod(name=test-pod-2, label_set=LabelSet(labels={'app': 'app-a', 'role': 'database'}), node=Node(name=worker)
Pod test-pod-33 already exists in the cluster.
Pod(name=test-pod-33, label_set=LabelSet(labels={'app': 'app-c', 'role': 'frontend'}), node=Node(name=worker-2)
New pod: test-pod-55, on node: worker
Pod(name=test-pod-55, label_set=LabelSet(labels={'app': 'app-a', 'role': 'backend'}), node=Node(name=worker)
New pod: test-pod-56, on node: worker-2
Pod(name=test-pod-56, label_set=LabelSet(labels={'app': 'app-a', 'role': 'database'}), node=Node(name=worker-2)
Pod test-pod-49 already exists in the cluster.
Pod(name=test-pod-49, label_set=LabelSet(labels={'app': 'app-b', 'role': 'backend'}), node=Node(name=worker-2)
Pod test-pod-1 already exists in the cluster.
Pod(name=test-pod-1, label_set=LabelSet(labels={'app': 'app-a', 'role': 'backend'}), node=Node(name=worker-2)
New pod: test-pod-57, on node: worker-2
Pod(name=test-pod-57, label_set=LabelSet(labels={'app': 'app-b', 'role': 'frontend'}), node=Node(name=worker-2)
Pod test-pod-55 already exists in the cluster.
Pod(name=test-pod-55, label_set=LabelSet(labels={'app': 'app-a', 'role': 'backend'}), node=Node(name=worker)
Pod test-pod-40 already exists in the cluster.
Pod(name=test-pod-40, label_set=LabelSet(labels={'app': 'app-b', 'role': 'backend'}), node=Node(name=worker-1)
Pod test-pod-0 already exists in the cluster.
Pod(name=test-pod-0, label_set=LabelSet(labels={'app': 'app-a', 'role': 'frontend'}), node=Node(name=worker-1)
Pod test-pod-50 already exists in the cluster.
Pod(name=test-pod-50, label_set=LabelSet(labels={'app': 'app-b', 'role': 'database'}), node=Node(name=worker-2)
Pod test-pod-5 already exists in the cluster.
Pod(name=test-pod-5, label_set=LabelSet(labels={'app': 'app-b', 'role': 'database'}), node=Node(name=worker-2)
Pod test-pod-3 already exists in the cluster.
Pod(name=test-pod-3, label_set=LabelSet(labels={'app': 'app-b', 'role': 'frontend'}), node=Node(name=worker)
New pod: test-pod-58, on node: worker-2
Pod(name=test-pod-58, label_set=LabelSet(labels={'app': 'app-b', 'role': 'backend'}), node=Node(name=worker-2)
New pod: test-pod-59, on node: worker-2
Pod(name=test-pod-59, label_set=LabelSet(labels={'app': 'app-b', 'role': 'database'}), node=Node(name=worker-2)
Pod test-pod-52 already exists in the cluster.
Pod(name=test-pod-52, label_set=LabelSet(labels={'app': 'app-c', 'role': 'backend'}), node=Node(name=worker-2)
New pod: test-pod-60, on node: worker-2
Pod(name=test-pod-60, label_set=LabelSet(labels={'app': 'app-c', 'role': 'frontend'}), node=Node(name=worker-2)
Pod test-pod-47 already exists in the cluster.
Pod(name=test-pod-47, label_set=LabelSet(labels={'app': 'app-a', 'role': 'database'}), node=Node(name=worker-1)
Pod test-pod-7 already exists in the cluster.
Pod(name=test-pod-7, label_set=LabelSet(labels={'app': 'app-c', 'role': 'backend'}), node=Node(name=worker)
Pod test-pod-51 already exists in the cluster.
Pod(name=test-pod-51, label_set=LabelSet(labels={'app': 'app-c', 'role': 'frontend'}), node=Node(name=worker-2)
Pod test-pod-4 already exists in the cluster.
Pod(name=test-pod-4, label_set=LabelSet(labels={'app': 'app-b', 'role': 'backend'}), node=Node(name=worker-1)
New pod: test-pod-61, on node: worker-2
Pod(name=test-pod-61, label_set=LabelSet(labels={'app': 'app-c', 'role': 'backend'}), node=Node(name=worker-2)
New pod: test-pod-62, on node: worker-2
Pod(name=test-pod-62, label_set=LabelSet(labels={'app': 'app-c', 'role': 'database'}), node=Node(name=worker-2)
Pod test-pod-58 already exists in the cluster.
Pod(name=test-pod-58, label_set=LabelSet(labels={'app': 'app-b', 'role': 'backend'}), node=Node(name=worker-2)
New pod: test-pod-63, on node: worker-1
Pod(name=test-pod-63, label_set=LabelSet(labels={'app': 'app-a', 'role': 'frontend'}), node=Node(name=worker-1)
Pod test-pod-45 already exists in the cluster.
Pod(name=test-pod-45, label_set=LabelSet(labels={'app': 'app-a', 'role': 'frontend'}), node=Node(name=worker-1)
New pod: test-pod-64, on node: worker-2
Pod(name=test-pod-64, label_set=LabelSet(labels={'app': 'app-a', 'role': 'backend'}), node=Node(name=worker-2)
Pod test-pod-37 already exists in the cluster.
Pod(name=test-pod-37, label_set=LabelSet(labels={'app': 'app-a', 'role': 'backend'}), node=Node(name=worker-1)
Pod test-pod-56 already exists in the cluster.
Pod(name=test-pod-56, label_set=LabelSet(labels={'app': 'app-a', 'role': 'database'}), node=Node(name=worker-2)
New pod: test-pod-65, on node: worker-2
Pod(name=test-pod-65, label_set=LabelSet(labels={'app': 'app-a', 'role': 'database'}), node=Node(name=worker-2)
Pod test-pod-42 already exists in the cluster.
Pod(name=test-pod-42, label_set=LabelSet(labels={'app': 'app-c', 'role': 'frontend'}), node=Node(name=worker-1)
New pod: test-pod-66, on node: worker-2
Pod(name=test-pod-66, label_set=LabelSet(labels={'app': 'app-b', 'role': 'frontend'}), node=Node(name=worker-2)
Pod test-pod-6 already exists in the cluster.
Pod(name=test-pod-6, label_set=LabelSet(labels={'app': 'app-c', 'role': 'frontend'}), node=Node(name=worker-2)
Pod test-pod-57 already exists in the cluster.
Pod(name=test-pod-57, label_set=LabelSet(labels={'app': 'app-b', 'role': 'frontend'}), node=Node(name=worker-2)
New pod: test-pod-67, on node: worker-1
Pod(name=test-pod-67, label_set=LabelSet(labels={'app': 'app-b', 'role': 'backend'}), node=Node(name=worker-1)
New pod: test-pod-68, on node: worker
PLS: Configuring new pod with labelset: {L}
PLS: Configuring new spol Policy(name=app-b-allow-backend-database, sel=LabelSet(labels={'app': 'app-b', 'role': 'backend'}), allow=[
(LabelSet(labels={'app': 'app-b', 'role': 'database'}), Traffic(direction=egress, port=80, protocol=TCP)) 
])
Adding Security Group for select labelset: LabelSet(labels={'app': 'app-b', 'role': 'backend'})
Adding Security Group for allow labelset: LabelSet(labels={'app': 'app-b', 'role': 'database'})
SGMod: Adding rule to SG-app:app-brole:backend, remote SG-app:app-brole:database, port 80, type egress
Cannot add rule to remotes: <html><body><h1>429 Too Many Requests</h1>
You have sent too many requests in a given amount of time.
</body></html>

PLS: Configuring new spol Policy(name=app-b-allow-backend-database, sel=LabelSet(labels={'app': 'app-b', 'role': 'backend'}), allow=[
(LabelSet(labels={'app': 'app-b', 'role': 'database'}), Traffic(direction=ingress, port=80, protocol=TCP)) 
])
Adding Security Group for select labelset: LabelSet(labels={'app': 'app-b', 'role': 'backend'})
Adding Security Group for allow labelset: LabelSet(labels={'app': 'app-b', 'role': 'database'})
SGMod: Adding rule to SG-app:app-brole:backend, remote SG-app:app-brole:database, port 80, type ingress
Cannot add rule to remotes: <html><body><h1>429 Too Many Requests</h1>
You have sent too many requests in a given amount of time.
</body></html>

PLS: Configuring new spol Policy(name=app-b-allow-database-backend, sel=LabelSet(labels={'app': 'app-b', 'role': 'database'}), allow=[
(LabelSet(labels={'app': 'app-b', 'role': 'backend'}), Traffic(direction=egress, port=80, protocol=TCP)) 
])
Adding Security Group for select labelset: LabelSet(labels={'app': 'app-b', 'role': 'database'})
Adding Security Group for allow labelset: LabelSet(labels={'app': 'app-b', 'role': 'backend'})
SGMod: Adding rule to SG-app:app-brole:database, remote SG-app:app-brole:backend, port 80, type egress
Cannot add rule to remotes: <html><body><h1>429 Too Many Requests</h1>
You have sent too many requests in a given amount of time.
</body></html>

PLS: Configuring new spol Policy(name=app-b-allow-database-backend, sel=LabelSet(labels={'app': 'app-b', 'role': 'database'}), allow=[
(LabelSet(labels={'app': 'app-b', 'role': 'backend'}), Traffic(direction=ingress, port=80, protocol=TCP)) 
])
Adding Security Group for select labelset: LabelSet(labels={'app': 'app-b', 'role': 'database'})
Adding Security Group for allow labelset: LabelSet(labels={'app': 'app-b', 'role': 'backend'})
SGMod: Adding rule to SG-app:app-brole:database, remote SG-app:app-brole:backend, port 80, type ingress
Cannot add rule to remotes: <html><body><h1>429 Too Many Requests</h1>
You have sent too many requests in a given amount of time.
</body></html>

Attaching security group SG-app:app-brole:database to instance worker
Pod(name=test-pod-68, label_set=LabelSet(labels={'app': 'app-b', 'role': 'database'}), node=Node(name=worker)
Pod test-pod-53 already exists in the cluster.
Pod(name=test-pod-53, label_set=LabelSet(labels={'app': 'app-c', 'role': 'database'}), node=Node(name=worker-1)
New pod: test-pod-69, on node: worker-1
Pod(name=test-pod-69, label_set=LabelSet(labels={'app': 'app-c', 'role': 'frontend'}), node=Node(name=worker-1)
New pod: test-pod-70, on node: worker
Pod(name=test-pod-70, label_set=LabelSet(labels={'app': 'app-c', 'role': 'backend'}), node=Node(name=worker)
Pod test-pod-68 already exists in the cluster.
Pod(name=test-pod-68, label_set=LabelSet(labels={'app': 'app-b', 'role': 'database'}), node=Node(name=worker)
New pod: test-pod-71, on node: worker
Pod(name=test-pod-71, label_set=LabelSet(labels={'app': 'app-c', 'role': 'database'}), node=Node(name=worker)
Pod test-pod-60 already exists in the cluster.
Pod(name=test-pod-60, label_set=LabelSet(labels={'app': 'app-c', 'role': 'frontend'}), node=Node(name=worker-2)
Pod test-pod-63 already exists in the cluster.
Pod(name=test-pod-63, label_set=LabelSet(labels={'app': 'app-a', 'role': 'frontend'}), node=Node(name=worker-1)
New pod: test-pod-72, on node: worker
PLS: Configuring new pod with labelset: {L}
PLS: Configuring new spol Policy(name=app-a-allow-backend-frontend, sel=LabelSet(labels={'app': 'app-a', 'role': 'backend'}), allow=[
(LabelSet(labels={'app': 'app-a', 'role': 'frontend'}), Traffic(direction=egress, port=80, protocol=TCP)) 
])
Adding Security Group for select labelset: LabelSet(labels={'app': 'app-a', 'role': 'backend'})
Adding Security Group for allow labelset: LabelSet(labels={'app': 'app-a', 'role': 'frontend'})
SGMod: Adding rule to SG-app:app-arole:backend, remote SG-app:app-arole:frontend, port 80, type egress
Cannot add rule to remotes: <html><body><h1>429 Too Many Requests</h1>
You have sent too many requests in a given amount of time.
</body></html>

PLS: Configuring new spol Policy(name=app-a-allow-frontend-backend, sel=LabelSet(labels={'app': 'app-a', 'role': 'frontend'}), allow=[
(LabelSet(labels={'app': 'app-a', 'role': 'backend'}), Traffic(direction=ingress, port=80, protocol=TCP)) 
])
Adding Security Group for select labelset: LabelSet(labels={'app': 'app-a', 'role': 'frontend'})
Adding Security Group for allow labelset: LabelSet(labels={'app': 'app-a', 'role': 'backend'})
SGMod: Adding rule to SG-app:app-arole:frontend, remote SG-app:app-arole:backend, port 80, type ingress
Cannot add rule to remotes: <html><body><h1>429 Too Many Requests</h1>
You have sent too many requests in a given amount of time.
</body></html>

PLS: Configuring new spol Policy(name=app-a-allow-backend-frontend, sel=LabelSet(labels={'app': 'app-a', 'role': 'backend'}), allow=[
(LabelSet(labels={'app': 'app-a', 'role': 'frontend'}), Traffic(direction=ingress, port=80, protocol=TCP)) 
])
Adding Security Group for select labelset: LabelSet(labels={'app': 'app-a', 'role': 'backend'})
Adding Security Group for allow labelset: LabelSet(labels={'app': 'app-a', 'role': 'frontend'})
SGMod: Adding rule to SG-app:app-arole:backend, remote SG-app:app-arole:frontend, port 80, type ingress
Cannot add rule to remotes: <html><body><h1>429 Too Many Requests</h1>
You have sent too many requests in a given amount of time.
</body></html>

PLS: Configuring new spol Policy(name=app-a-allow-frontend-backend, sel=LabelSet(labels={'app': 'app-a', 'role': 'frontend'}), allow=[
(LabelSet(labels={'app': 'app-a', 'role': 'backend'}), Traffic(direction=egress, port=80, protocol=TCP)) 
])
Adding Security Group for select labelset: LabelSet(labels={'app': 'app-a', 'role': 'frontend'})
Adding Security Group for allow labelset: LabelSet(labels={'app': 'app-a', 'role': 'backend'})
SGMod: Adding rule to SG-app:app-arole:frontend, remote SG-app:app-arole:backend, port 80, type egress
Cannot add rule to remotes: <html><body><h1>429 Too Many Requests</h1>
You have sent too many requests in a given amount of time.
</body></html>

Attaching security group SG-app:app-arole:frontend to instance worker
Pod(name=test-pod-72, label_set=LabelSet(labels={'app': 'app-a', 'role': 'frontend'}), node=Node(name=worker)
Pod test-pod-70 already exists in the cluster.
Pod(name=test-pod-70, label_set=LabelSet(labels={'app': 'app-c', 'role': 'backend'}), node=Node(name=worker)
Pod test-pod-59 already exists in the cluster.
Pod(name=test-pod-59, label_set=LabelSet(labels={'app': 'app-b', 'role': 'database'}), node=Node(name=worker-2)
New pod: test-pod-73, on node: worker-2
Pod(name=test-pod-73, label_set=LabelSet(labels={'app': 'app-a', 'role': 'backend'}), node=Node(name=worker-2)
Pod test-pod-54 already exists in the cluster.
Pod(name=test-pod-54, label_set=LabelSet(labels={'app': 'app-a', 'role': 'frontend'}), node=Node(name=worker-1)
Pod test-pod-12 already exists in the cluster.
Pod(name=test-pod-12, label_set=LabelSet(labels={'app': 'app-b', 'role': 'frontend'}), node=Node(name=worker)
Pod test-pod-71 already exists in the cluster.
Pod(name=test-pod-71, label_set=LabelSet(labels={'app': 'app-c', 'role': 'database'}), node=Node(name=worker)
New pod: test-pod-74, on node: worker-1
Pod(name=test-pod-74, label_set=LabelSet(labels={'app': 'app-a', 'role': 'database'}), node=Node(name=worker-1)
Pod test-pod-62 already exists in the cluster.
Pod(name=test-pod-62, label_set=LabelSet(labels={'app': 'app-c', 'role': 'database'}), node=Node(name=worker-2)
New pod: test-pod-75, on node: worker-1
Pod(name=test-pod-75, label_set=LabelSet(labels={'app': 'app-b', 'role': 'frontend'}), node=Node(name=worker-1)
Pod test-pod-72 already exists in the cluster.
Pod(name=test-pod-72, label_set=LabelSet(labels={'app': 'app-a', 'role': 'frontend'}), node=Node(name=worker)
New pod: test-pod-76, on node: worker-2
Pod(name=test-pod-76, label_set=LabelSet(labels={'app': 'app-b', 'role': 'backend'}), node=Node(name=worker-2)
Pod test-pod-9 already exists in the cluster.
Pod(name=test-pod-9, label_set=LabelSet(labels={'app': 'app-a', 'role': 'frontend'}), node=Node(name=worker-1)
Pod test-pod-69 already exists in the cluster.
Pod(name=test-pod-69, label_set=LabelSet(labels={'app': 'app-c', 'role': 'frontend'}), node=Node(name=worker-1)
Pod test-pod-61 already exists in the cluster.
Pod(name=test-pod-61, label_set=LabelSet(labels={'app': 'app-c', 'role': 'backend'}), node=Node(name=worker-2)
New pod: test-pod-77, on node: worker
Pod(name=test-pod-77, label_set=LabelSet(labels={'app': 'app-b', 'role': 'database'}), node=Node(name=worker)
Pod test-pod-11 already exists in the cluster.
Pod(name=test-pod-11, label_set=LabelSet(labels={'app': 'app-a', 'role': 'database'}), node=Node(name=worker)
New pod: test-pod-78, on node: worker
PLS: Configuring new pod with labelset: {L}
PLS: Configuring new spol Policy(name=app-c-allow-backend-frontend, sel=LabelSet(labels={'app': 'app-c', 'role': 'backend'}), allow=[
(LabelSet(labels={'app': 'app-c', 'role': 'frontend'}), Traffic(direction=ingress, port=80, protocol=TCP)) 
])
Adding Security Group for select labelset: LabelSet(labels={'app': 'app-c', 'role': 'backend'})
Adding Security Group for allow labelset: LabelSet(labels={'app': 'app-c', 'role': 'frontend'})
SGMod: Adding rule to SG-app:app-crole:backend, remote SG-app:app-crole:frontend, port 80, type ingress
Cannot add rule to remotes: <html><body><h1>429 Too Many Requests</h1>
You have sent too many requests in a given amount of time.
</body></html>

PLS: Configuring new spol Policy(name=app-c-allow-frontend-backend, sel=LabelSet(labels={'app': 'app-c', 'role': 'frontend'}), allow=[
(LabelSet(labels={'app': 'app-c', 'role': 'backend'}), Traffic(direction=egress, port=80, protocol=TCP)) 
])
Adding Security Group for select labelset: LabelSet(labels={'app': 'app-c', 'role': 'frontend'})
Adding Security Group for allow labelset: LabelSet(labels={'app': 'app-c', 'role': 'backend'})
SGMod: Adding rule to SG-app:app-crole:frontend, remote SG-app:app-crole:backend, port 80, type egress
Cannot add rule to remotes: <html><body><h1>429 Too Many Requests</h1>
You have sent too many requests in a given amount of time.
</body></html>

PLS: Configuring new spol Policy(name=app-c-allow-frontend-backend, sel=LabelSet(labels={'app': 'app-c', 'role': 'frontend'}), allow=[
(LabelSet(labels={'app': 'app-c', 'role': 'backend'}), Traffic(direction=ingress, port=80, protocol=TCP)) 
])
Adding Security Group for select labelset: LabelSet(labels={'app': 'app-c', 'role': 'frontend'})
Adding Security Group for allow labelset: LabelSet(labels={'app': 'app-c', 'role': 'backend'})
SGMod: Adding rule to SG-app:app-crole:frontend, remote SG-app:app-crole:backend, port 80, type ingress
Cannot add rule to remotes: <html><body><h1>429 Too Many Requests</h1>
You have sent too many requests in a given amount of time.
</body></html>

PLS: Configuring new spol Policy(name=app-c-allow-backend-frontend, sel=LabelSet(labels={'app': 'app-c', 'role': 'backend'}), allow=[
(LabelSet(labels={'app': 'app-c', 'role': 'frontend'}), Traffic(direction=egress, port=80, protocol=TCP)) 
])
Adding Security Group for select labelset: LabelSet(labels={'app': 'app-c', 'role': 'backend'})
Adding Security Group for allow labelset: LabelSet(labels={'app': 'app-c', 'role': 'frontend'})
SGMod: Adding rule to SG-app:app-crole:backend, remote SG-app:app-crole:frontend, port 80, type egress
Cannot add rule to remotes: <html><body><h1>429 Too Many Requests</h1>
You have sent too many requests in a given amount of time.
</body></html>

Attaching security group SG-app:app-crole:frontend to instance worker
Pod(name=test-pod-78, label_set=LabelSet(labels={'app': 'app-c', 'role': 'frontend'}), node=Node(name=worker)
Pod test-pod-67 already exists in the cluster.
Pod(name=test-pod-67, label_set=LabelSet(labels={'app': 'app-b', 'role': 'backend'}), node=Node(name=worker-1)
Pod test-pod-66 already exists in the cluster.
Pod(name=test-pod-66, label_set=LabelSet(labels={'app': 'app-b', 'role': 'frontend'}), node=Node(name=worker-2)
New pod: test-pod-79, on node: worker
Pod(name=test-pod-79, label_set=LabelSet(labels={'app': 'app-c', 'role': 'backend'}), node=Node(name=worker)
Pod test-pod-16 already exists in the cluster.
Pod(name=test-pod-16, label_set=LabelSet(labels={'app': 'app-c', 'role': 'backend'}), node=Node(name=worker)
Pod test-pod-77 already exists in the cluster.
Pod(name=test-pod-77, label_set=LabelSet(labels={'app': 'app-b', 'role': 'database'}), node=Node(name=worker)
Pod test-pod-75 already exists in the cluster.
Pod(name=test-pod-75, label_set=LabelSet(labels={'app': 'app-b', 'role': 'frontend'}), node=Node(name=worker-1)
Pod test-pod-64 already exists in the cluster.
Pod(name=test-pod-64, label_set=LabelSet(labels={'app': 'app-a', 'role': 'backend'}), node=Node(name=worker-2)
New pod: test-pod-80, on node: worker-2
Pod(name=test-pod-80, label_set=LabelSet(labels={'app': 'app-c', 'role': 'database'}), node=Node(name=worker-2)
New pod: test-pod-81, on node: worker-2
Pod(name=test-pod-81, label_set=LabelSet(labels={'app': 'app-a', 'role': 'frontend'}), node=Node(name=worker-2)
Pod test-pod-78 already exists in the cluster.
Pod(name=test-pod-78, label_set=LabelSet(labels={'app': 'app-c', 'role': 'frontend'}), node=Node(name=worker)
New pod: test-pod-82, on node: worker
Pod(name=test-pod-82, label_set=LabelSet(labels={'app': 'app-a', 'role': 'backend'}), node=Node(name=worker)
Pod test-pod-74 already exists in the cluster.
Pod(name=test-pod-74, label_set=LabelSet(labels={'app': 'app-a', 'role': 'database'}), node=Node(name=worker-1)
Pod test-pod-65 already exists in the cluster.
Pod(name=test-pod-65, label_set=LabelSet(labels={'app': 'app-a', 'role': 'database'}), node=Node(name=worker-2)
New pod: test-pod-83, on node: worker-2
Pod(name=test-pod-83, label_set=LabelSet(labels={'app': 'app-a', 'role': 'database'}), node=Node(name=worker-2)
Pod test-pod-79 already exists in the cluster.
Pod(name=test-pod-79, label_set=LabelSet(labels={'app': 'app-c', 'role': 'backend'}), node=Node(name=worker)
New pod: test-pod-84, on node: worker-2
Pod(name=test-pod-84, label_set=LabelSet(labels={'app': 'app-b', 'role': 'frontend'}), node=Node(name=worker-2)
Pod test-pod-76 already exists in the cluster.
Pod(name=test-pod-76, label_set=LabelSet(labels={'app': 'app-b', 'role': 'backend'}), node=Node(name=worker-2)
New pod: test-pod-85, on node: worker-2
Pod(name=test-pod-85, label_set=LabelSet(labels={'app': 'app-b', 'role': 'backend'}), node=Node(name=worker-2)
Pod test-pod-82 already exists in the cluster.
Pod(name=test-pod-82, label_set=LabelSet(labels={'app': 'app-a', 'role': 'backend'}), node=Node(name=worker)
New pod: test-pod-86, on node: worker-1
Pod(name=test-pod-86, label_set=LabelSet(labels={'app': 'app-b', 'role': 'database'}), node=Node(name=worker-1)
New pod: test-pod-87, on node: worker
Pod(name=test-pod-87, label_set=LabelSet(labels={'app': 'app-c', 'role': 'frontend'}), node=Node(name=worker)
Pod test-pod-86 already exists in the cluster.
Pod(name=test-pod-86, label_set=LabelSet(labels={'app': 'app-b', 'role': 'database'}), node=Node(name=worker-1)
Pod test-pod-81 already exists in the cluster.
Pod(name=test-pod-81, label_set=LabelSet(labels={'app': 'app-a', 'role': 'frontend'}), node=Node(name=worker-2)
New pod: test-pod-88, on node: worker
Pod(name=test-pod-88, label_set=LabelSet(labels={'app': 'app-c', 'role': 'backend'}), node=Node(name=worker)
Pod test-pod-87 already exists in the cluster.
Pod(name=test-pod-87, label_set=LabelSet(labels={'app': 'app-c', 'role': 'frontend'}), node=Node(name=worker)
New pod: test-pod-89, on node: worker-2
Pod(name=test-pod-89, label_set=LabelSet(labels={'app': 'app-c', 'role': 'database'}), node=Node(name=worker-2)
Pod test-pod-73 already exists in the cluster.
Pod(name=test-pod-73, label_set=LabelSet(labels={'app': 'app-a', 'role': 'backend'}), node=Node(name=worker-2)
Pod test-pod-88 already exists in the cluster.
Pod(name=test-pod-88, label_set=LabelSet(labels={'app': 'app-c', 'role': 'backend'}), node=Node(name=worker)
New pod: test-pod-90, on node: worker-2
Pod(name=test-pod-90, label_set=LabelSet(labels={'app': 'app-a', 'role': 'frontend'}), node=Node(name=worker-2)
New pod: test-pod-91, on node: worker
Pod(name=test-pod-91, label_set=LabelSet(labels={'app': 'app-a', 'role': 'backend'}), node=Node(name=worker)
Pod test-pod-80 already exists in the cluster.
Pod(name=test-pod-80, label_set=LabelSet(labels={'app': 'app-c', 'role': 'database'}), node=Node(name=worker-2)
New pod: test-pod-92, on node: worker-1
Pod(name=test-pod-92, label_set=LabelSet(labels={'app': 'app-a', 'role': 'database'}), node=Node(name=worker-1)
Pod test-pod-14 already exists in the cluster.
Pod(name=test-pod-14, label_set=LabelSet(labels={'app': 'app-b', 'role': 'database'}), node=Node(name=worker-1)
New pod: test-pod-93, on node: worker-2
Pod(name=test-pod-93, label_set=LabelSet(labels={'app': 'app-b', 'role': 'frontend'}), node=Node(name=worker-2)
Pod test-pod-84 already exists in the cluster.
Pod(name=test-pod-84, label_set=LabelSet(labels={'app': 'app-b', 'role': 'frontend'}), node=Node(name=worker-2)
Pod test-pod-91 already exists in the cluster.
Pod(name=test-pod-91, label_set=LabelSet(labels={'app': 'app-a', 'role': 'backend'}), node=Node(name=worker)
Pod test-pod-92 already exists in the cluster.
Pod(name=test-pod-92, label_set=LabelSet(labels={'app': 'app-a', 'role': 'database'}), node=Node(name=worker-1)
New pod: test-pod-94, on node: worker-2
Pod(name=test-pod-94, label_set=LabelSet(labels={'app': 'app-b', 'role': 'backend'}), node=Node(name=worker-2)
Pod test-pod-89 already exists in the cluster.
Pod(name=test-pod-89, label_set=LabelSet(labels={'app': 'app-c', 'role': 'database'}), node=Node(name=worker-2)
New pod: test-pod-95, on node: worker-1
Pod(name=test-pod-95, label_set=LabelSet(labels={'app': 'app-b', 'role': 'database'}), node=Node(name=worker-1)
New pod: test-pod-96, on node: worker-2
Pod(name=test-pod-96, label_set=LabelSet(labels={'app': 'app-c', 'role': 'frontend'}), node=Node(name=worker-2)
Pod test-pod-85 already exists in the cluster.
Pod(name=test-pod-85, label_set=LabelSet(labels={'app': 'app-b', 'role': 'backend'}), node=Node(name=worker-2)
Pod test-pod-95 already exists in the cluster.
Pod(name=test-pod-95, label_set=LabelSet(labels={'app': 'app-b', 'role': 'database'}), node=Node(name=worker-1)
New pod: test-pod-97, on node: worker
Pod(name=test-pod-97, label_set=LabelSet(labels={'app': 'app-c', 'role': 'backend'}), node=Node(name=worker)
Pod test-pod-10 already exists in the cluster.
Pod(name=test-pod-10, label_set=LabelSet(labels={'app': 'app-a', 'role': 'backend'}), node=Node(name=worker-2)
Pod test-pod-8 already exists in the cluster.
Pod(name=test-pod-8, label_set=LabelSet(labels={'app': 'app-c', 'role': 'database'}), node=Node(name=worker-1)
New pod: test-pod-98, on node: worker-1
Pod(name=test-pod-98, label_set=LabelSet(labels={'app': 'app-c', 'role': 'database'}), node=Node(name=worker-1)
Pod test-pod-90 already exists in the cluster.
Pod(name=test-pod-90, label_set=LabelSet(labels={'app': 'app-a', 'role': 'frontend'}), node=Node(name=worker-2)
New pod: test-pod-99, on node: worker-1
Pod(name=test-pod-99, label_set=LabelSet(labels={'app': 'app-a', 'role': 'frontend'}), node=Node(name=worker-1)
Pod test-pod-97 already exists in the cluster.
Pod(name=test-pod-97, label_set=LabelSet(labels={'app': 'app-c', 'role': 'backend'}), node=Node(name=worker)
Pod test-pod-98 already exists in the cluster.
Pod(name=test-pod-98, label_set=LabelSet(labels={'app': 'app-c', 'role': 'database'}), node=Node(name=worker-1)
New pod: test-pod-100, on node: worker
Pod(name=test-pod-100, label_set=LabelSet(labels={'app': 'app-a', 'role': 'backend'}), node=Node(name=worker)
New pod: test-pod-101, on node: worker
Pod(name=test-pod-101, label_set=LabelSet(labels={'app': 'app-a', 'role': 'database'}), node=Node(name=worker)
Pod test-pod-83 already exists in the cluster.
Pod(name=test-pod-83, label_set=LabelSet(labels={'app': 'app-a', 'role': 'database'}), node=Node(name=worker-2)
Pod test-pod-25 already exists in the cluster.
Pod(name=test-pod-25, label_set=LabelSet(labels={'app': 'app-c', 'role': 'backend'}), node=Node(name=worker)
Pod test-pod-99 already exists in the cluster.
Pod(name=test-pod-99, label_set=LabelSet(labels={'app': 'app-a', 'role': 'frontend'}), node=Node(name=worker-1)
New pod: test-pod-102, on node: worker-1
Pod(name=test-pod-102, label_set=LabelSet(labels={'app': 'app-b', 'role': 'frontend'}), node=Node(name=worker-1)
Pod test-pod-100 already exists in the cluster.
Pod(name=test-pod-100, label_set=LabelSet(labels={'app': 'app-a', 'role': 'backend'}), node=Node(name=worker)
New pod: test-pod-103, on node: worker-1
Pod(name=test-pod-103, label_set=LabelSet(labels={'app': 'app-b', 'role': 'backend'}), node=Node(name=worker-1)
Pod test-pod-101 already exists in the cluster.
Pod(name=test-pod-101, label_set=LabelSet(labels={'app': 'app-a', 'role': 'database'}), node=Node(name=worker)
Pod test-pod-15 already exists in the cluster.
Pod(name=test-pod-15, label_set=LabelSet(labels={'app': 'app-c', 'role': 'frontend'}), node=Node(name=worker-2)
Pod test-pod-93 already exists in the cluster.
Pod(name=test-pod-93, label_set=LabelSet(labels={'app': 'app-b', 'role': 'frontend'}), node=Node(name=worker-2)
New pod: test-pod-104, on node: worker
Pod(name=test-pod-104, label_set=LabelSet(labels={'app': 'app-b', 'role': 'database'}), node=Node(name=worker)
New pod: test-pod-105, on node: worker
Pod(name=test-pod-105, label_set=LabelSet(labels={'app': 'app-c', 'role': 'frontend'}), node=Node(name=worker)
Pod test-pod-102 already exists in the cluster.
Pod(name=test-pod-102, label_set=LabelSet(labels={'app': 'app-b', 'role': 'frontend'}), node=Node(name=worker-1)
Pod test-pod-20 already exists in the cluster.
Pod(name=test-pod-20, label_set=LabelSet(labels={'app': 'app-a', 'role': 'database'}), node=Node(name=worker)
Pod test-pod-94 already exists in the cluster.
Pod(name=test-pod-94, label_set=LabelSet(labels={'app': 'app-b', 'role': 'backend'}), node=Node(name=worker-2)
Pod test-pod-13 already exists in the cluster.
Pod(name=test-pod-13, label_set=LabelSet(labels={'app': 'app-b', 'role': 'backend'}), node=Node(name=worker-2)
Pod test-pod-29 already exists in the cluster.
Pod(name=test-pod-29, label_set=LabelSet(labels={'app': 'app-a', 'role': 'database'}), node=Node(name=worker-2)
Pod test-pod-26 already exists in the cluster.
Pod(name=test-pod-26, label_set=LabelSet(labels={'app': 'app-c', 'role': 'database'}), node=Node(name=worker-2)
Pod test-pod-104 already exists in the cluster.
Pod(name=test-pod-104, label_set=LabelSet(labels={'app': 'app-b', 'role': 'database'}), node=Node(name=worker)
New pod: test-pod-106, on node: worker
Pod(name=test-pod-106, label_set=LabelSet(labels={'app': 'app-c', 'role': 'backend'}), node=Node(name=worker)
Pod test-pod-96 already exists in the cluster.
Pod(name=test-pod-96, label_set=LabelSet(labels={'app': 'app-c', 'role': 'frontend'}), node=Node(name=worker-2)
Pod test-pod-103 already exists in the cluster.
Pod(name=test-pod-103, label_set=LabelSet(labels={'app': 'app-b', 'role': 'backend'}), node=Node(name=worker-1)
New pod: test-pod-107, on node: worker-2
Pod(name=test-pod-107, label_set=LabelSet(labels={'app': 'app-c', 'role': 'database'}), node=Node(name=worker-2)
New pod: test-pod-108, on node: worker
Pod(name=test-pod-108, label_set=LabelSet(labels={'app': 'app-a', 'role': 'frontend'}), node=Node(name=worker)
Pod test-pod-105 already exists in the cluster.
Pod(name=test-pod-105, label_set=LabelSet(labels={'app': 'app-c', 'role': 'frontend'}), node=Node(name=worker)
Pod test-pod-21 already exists in the cluster.
Pod(name=test-pod-21, label_set=LabelSet(labels={'app': 'app-b', 'role': 'frontend'}), node=Node(name=worker)
New pod: test-pod-109, on node: worker-2
Pod(name=test-pod-109, label_set=LabelSet(labels={'app': 'app-a', 'role': 'backend'}), node=Node(name=worker-2)
Pod test-pod-17 already exists in the cluster.
Pod(name=test-pod-17, label_set=LabelSet(labels={'app': 'app-c', 'role': 'database'}), node=Node(name=worker-1)
Pod test-pod-107 already exists in the cluster.
Pod(name=test-pod-107, label_set=LabelSet(labels={'app': 'app-c', 'role': 'database'}), node=Node(name=worker-2)
New pod: test-pod-110, on node: worker-2
Pod(name=test-pod-110, label_set=LabelSet(labels={'app': 'app-a', 'role': 'database'}), node=Node(name=worker-2)
Pod test-pod-19 already exists in the cluster.
Pod(name=test-pod-19, label_set=LabelSet(labels={'app': 'app-a', 'role': 'backend'}), node=Node(name=worker-1)
Pod test-pod-106 already exists in the cluster.
Pod(name=test-pod-106, label_set=LabelSet(labels={'app': 'app-c', 'role': 'backend'}), node=Node(name=worker)
New pod: test-pod-111, on node: worker
Pod(name=test-pod-111, label_set=LabelSet(labels={'app': 'app-b', 'role': 'frontend'}), node=Node(name=worker)
Pod test-pod-108 already exists in the cluster.
Pod(name=test-pod-108, label_set=LabelSet(labels={'app': 'app-a', 'role': 'frontend'}), node=Node(name=worker)
Pod test-pod-109 already exists in the cluster.
Pod(name=test-pod-109, label_set=LabelSet(labels={'app': 'app-a', 'role': 'backend'}), node=Node(name=worker-2)
New pod: test-pod-112, on node: worker-1
Pod(name=test-pod-112, label_set=LabelSet(labels={'app': 'app-b', 'role': 'backend'}), node=Node(name=worker-1)
Pod test-pod-111 already exists in the cluster.
Pod(name=test-pod-111, label_set=LabelSet(labels={'app': 'app-b', 'role': 'frontend'}), node=Node(name=worker)
New pod: test-pod-113, on node: worker
Pod(name=test-pod-113, label_set=LabelSet(labels={'app': 'app-b', 'role': 'database'}), node=Node(name=worker)
Pod test-pod-110 already exists in the cluster.
Pod(name=test-pod-110, label_set=LabelSet(labels={'app': 'app-a', 'role': 'database'}), node=Node(name=worker-2)
New pod: test-pod-114, on node: worker
Pod(name=test-pod-114, label_set=LabelSet(labels={'app': 'app-c', 'role': 'frontend'}), node=Node(name=worker)
Pod test-pod-112 already exists in the cluster.
Pod(name=test-pod-112, label_set=LabelSet(labels={'app': 'app-b', 'role': 'backend'}), node=Node(name=worker-1)
Pod test-pod-113 already exists in the cluster.
Pod(name=test-pod-113, label_set=LabelSet(labels={'app': 'app-b', 'role': 'database'}), node=Node(name=worker)
Pod test-pod-18 already exists in the cluster.
Pod(name=test-pod-18, label_set=LabelSet(labels={'app': 'app-a', 'role': 'frontend'}), node=Node(name=worker-2)
New pod: test-pod-115, on node: worker
Pod(name=test-pod-115, label_set=LabelSet(labels={'app': 'app-c', 'role': 'backend'}), node=Node(name=worker)
Pod test-pod-28 already exists in the cluster.
Pod(name=test-pod-28, label_set=LabelSet(labels={'app': 'app-a', 'role': 'backend'}), node=Node(name=worker)
New pod: test-pod-116, on node: worker-2
Pod(name=test-pod-116, label_set=LabelSet(labels={'app': 'app-c', 'role': 'database'}), node=Node(name=worker-2)
New pod: test-pod-117, on node: worker
Pod(name=test-pod-117, label_set=LabelSet(labels={'app': 'app-a', 'role': 'frontend'}), node=Node(name=worker)
New pod: test-pod-118, on node: worker-2
Pod(name=test-pod-118, label_set=LabelSet(labels={'app': 'app-a', 'role': 'backend'}), node=Node(name=worker-2)
Pod test-pod-116 already exists in the cluster.
Pod(name=test-pod-116, label_set=LabelSet(labels={'app': 'app-c', 'role': 'database'}), node=Node(name=worker-2)
Pod test-pod-27 already exists in the cluster.
Pod(name=test-pod-27, label_set=LabelSet(labels={'app': 'app-a', 'role': 'frontend'}), node=Node(name=worker-1)
Pod test-pod-114 already exists in the cluster.
Pod(name=test-pod-114, label_set=LabelSet(labels={'app': 'app-c', 'role': 'frontend'}), node=Node(name=worker)
Pod test-pod-30 already exists in the cluster.
Pod(name=test-pod-30, label_set=LabelSet(labels={'app': 'app-b', 'role': 'frontend'}), node=Node(name=worker-1)
New pod: test-pod-119, on node: worker-2
Pod(name=test-pod-119, label_set=LabelSet(labels={'app': 'app-a', 'role': 'database'}), node=Node(name=worker-2)
New pod: test-pod-120, on node: worker-1
Pod(name=test-pod-120, label_set=LabelSet(labels={'app': 'app-b', 'role': 'frontend'}), node=Node(name=worker-1)
Pod test-pod-118 already exists in the cluster.
Pod(name=test-pod-118, label_set=LabelSet(labels={'app': 'app-a', 'role': 'backend'}), node=Node(name=worker-2)
New pod: test-pod-121, on node: worker-1
Pod(name=test-pod-121, label_set=LabelSet(labels={'app': 'app-b', 'role': 'backend'}), node=Node(name=worker-1)
Pod test-pod-119 already exists in the cluster.
Pod(name=test-pod-119, label_set=LabelSet(labels={'app': 'app-a', 'role': 'database'}), node=Node(name=worker-2)
Pod test-pod-115 already exists in the cluster.
Pod(name=test-pod-115, label_set=LabelSet(labels={'app': 'app-c', 'role': 'backend'}), node=Node(name=worker)
New pod: test-pod-122, on node: worker-1
Pod(name=test-pod-122, label_set=LabelSet(labels={'app': 'app-b', 'role': 'database'}), node=Node(name=worker-1)
Pod test-pod-23 already exists in the cluster.
Pod(name=test-pod-23, label_set=LabelSet(labels={'app': 'app-b', 'role': 'database'}), node=Node(name=worker-2)
Pod test-pod-120 already exists in the cluster.
Pod(name=test-pod-120, label_set=LabelSet(labels={'app': 'app-b', 'role': 'frontend'}), node=Node(name=worker-1)
New pod: test-pod-123, on node: worker-1
Pod(name=test-pod-123, label_set=LabelSet(labels={'app': 'app-c', 'role': 'frontend'}), node=Node(name=worker-1)
New pod: test-pod-124, on node: worker-1
Pod(name=test-pod-124, label_set=LabelSet(labels={'app': 'app-c', 'role': 'backend'}), node=Node(name=worker-1)
Pod test-pod-117 already exists in the cluster.
Pod(name=test-pod-117, label_set=LabelSet(labels={'app': 'app-a', 'role': 'frontend'}), node=Node(name=worker)
New pod: test-pod-125, on node: worker-1
Pod(name=test-pod-125, label_set=LabelSet(labels={'app': 'app-c', 'role': 'database'}), node=Node(name=worker-1)
New pod: test-pod-126, on node: worker
Pod(name=test-pod-126, label_set=LabelSet(labels={'app': 'app-a', 'role': 'frontend'}), node=Node(name=worker)
New pod: test-pod-127, on node: worker-2
Pod(name=test-pod-127, label_set=LabelSet(labels={'app': 'app-a', 'role': 'backend'}), node=Node(name=worker-2)
New pod: test-pod-128, on node: worker-1
Pod(name=test-pod-128, label_set=LabelSet(labels={'app': 'app-a', 'role': 'database'}), node=Node(name=worker-1)
New pod: test-pod-129, on node: worker-2
Pod(name=test-pod-129, label_set=LabelSet(labels={'app': 'app-b', 'role': 'frontend'}), node=Node(name=worker-2)
Pod test-pod-121 already exists in the cluster.
Pod(name=test-pod-121, label_set=LabelSet(labels={'app': 'app-b', 'role': 'backend'}), node=Node(name=worker-1)
New pod: test-pod-130, on node: worker-1
Pod(name=test-pod-130, label_set=LabelSet(labels={'app': 'app-b', 'role': 'backend'}), node=Node(name=worker-1)
Pod test-pod-126 already exists in the cluster.
Pod(name=test-pod-126, label_set=LabelSet(labels={'app': 'app-a', 'role': 'frontend'}), node=Node(name=worker)
New pod: test-pod-131, on node: worker
Pod(name=test-pod-131, label_set=LabelSet(labels={'app': 'app-b', 'role': 'database'}), node=Node(name=worker)
Pod test-pod-127 already exists in the cluster.
Pod(name=test-pod-127, label_set=LabelSet(labels={'app': 'app-a', 'role': 'backend'}), node=Node(name=worker-2)
Pod test-pod-125 already exists in the cluster.
Pod(name=test-pod-125, label_set=LabelSet(labels={'app': 'app-c', 'role': 'database'}), node=Node(name=worker-1)
New pod: test-pod-132, on node: worker-1
Pod(name=test-pod-132, label_set=LabelSet(labels={'app': 'app-c', 'role': 'frontend'}), node=Node(name=worker-1)
Pod test-pod-131 already exists in the cluster.
Pod(name=test-pod-131, label_set=LabelSet(labels={'app': 'app-b', 'role': 'database'}), node=Node(name=worker)
Pod test-pod-129 already exists in the cluster.
Pod(name=test-pod-129, label_set=LabelSet(labels={'app': 'app-b', 'role': 'frontend'}), node=Node(name=worker-2)
New pod: test-pod-133, on node: worker-2
Pod(name=test-pod-133, label_set=LabelSet(labels={'app': 'app-c', 'role': 'backend'}), node=Node(name=worker-2)
Pod test-pod-124 already exists in the cluster.
Pod(name=test-pod-124, label_set=LabelSet(labels={'app': 'app-c', 'role': 'backend'}), node=Node(name=worker-1)
New pod: test-pod-134, on node: worker-1
Pod(name=test-pod-134, label_set=LabelSet(labels={'app': 'app-c', 'role': 'database'}), node=Node(name=worker-1)
Pod test-pod-133 already exists in the cluster.
Pod(name=test-pod-133, label_set=LabelSet(labels={'app': 'app-c', 'role': 'backend'}), node=Node(name=worker-2)
New pod: test-pod-135, on node: worker-2
Pod(name=test-pod-135, label_set=LabelSet(labels={'app': 'app-a', 'role': 'frontend'}), node=Node(name=worker-2)
New pod: test-pod-136, on node: worker-2
Pod(name=test-pod-136, label_set=LabelSet(labels={'app': 'app-a', 'role': 'backend'}), node=Node(name=worker-2)
New pod: test-pod-137, on node: worker-2
Pod(name=test-pod-137, label_set=LabelSet(labels={'app': 'app-a', 'role': 'database'}), node=Node(name=worker-2)
Pod test-pod-123 already exists in the cluster.
Pod(name=test-pod-123, label_set=LabelSet(labels={'app': 'app-c', 'role': 'frontend'}), node=Node(name=worker-1)
Pod test-pod-135 already exists in the cluster.
Pod(name=test-pod-135, label_set=LabelSet(labels={'app': 'app-a', 'role': 'frontend'}), node=Node(name=worker-2)
New pod: test-pod-138, on node: worker-2
Pod(name=test-pod-138, label_set=LabelSet(labels={'app': 'app-b', 'role': 'frontend'}), node=Node(name=worker-2)
Pod test-pod-31 already exists in the cluster.
Pod(name=test-pod-31, label_set=LabelSet(labels={'app': 'app-b', 'role': 'backend'}), node=Node(name=worker)
New pod: test-pod-139, on node: worker-2
Pod(name=test-pod-139, label_set=LabelSet(labels={'app': 'app-b', 'role': 'backend'}), node=Node(name=worker-2)
Pod test-pod-122 already exists in the cluster.
Pod(name=test-pod-122, label_set=LabelSet(labels={'app': 'app-b', 'role': 'database'}), node=Node(name=worker-1)
New pod: test-pod-140, on node: worker
Pod(name=test-pod-140, label_set=LabelSet(labels={'app': 'app-b', 'role': 'database'}), node=Node(name=worker)
Pod test-pod-137 already exists in the cluster.
Pod(name=test-pod-137, label_set=LabelSet(labels={'app': 'app-a', 'role': 'database'}), node=Node(name=worker-2)
New pod: test-pod-141, on node: worker-2
Pod(name=test-pod-141, label_set=LabelSet(labels={'app': 'app-c', 'role': 'frontend'}), node=Node(name=worker-2)
New pod: test-pod-142, on node: worker-1
Pod(name=test-pod-142, label_set=LabelSet(labels={'app': 'app-c', 'role': 'backend'}), node=Node(name=worker-1)
Pod test-pod-140 already exists in the cluster.
Pod(name=test-pod-140, label_set=LabelSet(labels={'app': 'app-b', 'role': 'database'}), node=Node(name=worker)
Pod test-pod-128 already exists in the cluster.
Pod(name=test-pod-128, label_set=LabelSet(labels={'app': 'app-a', 'role': 'database'}), node=Node(name=worker-1)
Pod test-pod-136 already exists in the cluster.
Pod(name=test-pod-136, label_set=LabelSet(labels={'app': 'app-a', 'role': 'backend'}), node=Node(name=worker-2)
New pod: test-pod-143, on node: worker
Pod(name=test-pod-143, label_set=LabelSet(labels={'app': 'app-c', 'role': 'database'}), node=Node(name=worker)
New pod: test-pod-144, on node: worker-2
Pod(name=test-pod-144, label_set=LabelSet(labels={'app': 'app-a', 'role': 'frontend'}), node=Node(name=worker-2)
Pod test-pod-130 already exists in the cluster.
Pod(name=test-pod-130, label_set=LabelSet(labels={'app': 'app-b', 'role': 'backend'}), node=Node(name=worker-1)
New pod: test-pod-145, on node: worker-2
Pod(name=test-pod-145, label_set=LabelSet(labels={'app': 'app-a', 'role': 'backend'}), node=Node(name=worker-2)
Pod test-pod-143 already exists in the cluster.
Pod(name=test-pod-143, label_set=LabelSet(labels={'app': 'app-c', 'role': 'database'}), node=Node(name=worker)
New pod: test-pod-146, on node: worker
Pod(name=test-pod-146, label_set=LabelSet(labels={'app': 'app-a', 'role': 'database'}), node=Node(name=worker)
Pod test-pod-138 already exists in the cluster.
Pod(name=test-pod-138, label_set=LabelSet(labels={'app': 'app-b', 'role': 'frontend'}), node=Node(name=worker-2)
Pod test-pod-134 already exists in the cluster.
Pod(name=test-pod-134, label_set=LabelSet(labels={'app': 'app-c', 'role': 'database'}), node=Node(name=worker-1)
New pod: test-pod-147, on node: worker-1
Pod(name=test-pod-147, label_set=LabelSet(labels={'app': 'app-b', 'role': 'frontend'}), node=Node(name=worker-1)
New pod: test-pod-148, on node: worker-1
Pod(name=test-pod-148, label_set=LabelSet(labels={'app': 'app-b', 'role': 'backend'}), node=Node(name=worker-1)
Pod test-pod-132 already exists in the cluster.
Pod(name=test-pod-132, label_set=LabelSet(labels={'app': 'app-c', 'role': 'frontend'}), node=Node(name=worker-1)
Pod test-pod-38 already exists in the cluster.
Pod(name=test-pod-38, label_set=LabelSet(labels={'app': 'app-a', 'role': 'database'}), node=Node(name=worker)
Pod test-pod-139 already exists in the cluster.
Pod(name=test-pod-139, label_set=LabelSet(labels={'app': 'app-b', 'role': 'backend'}), node=Node(name=worker-2)
Pod test-pod-146 already exists in the cluster.
Pod(name=test-pod-146, label_set=LabelSet(labels={'app': 'app-a', 'role': 'database'}), node=Node(name=worker)
New pod: test-pod-149, on node: worker-2
Pod(name=test-pod-149, label_set=LabelSet(labels={'app': 'app-b', 'role': 'database'}), node=Node(name=worker-2)
New pod: test-pod-150, on node: worker-2
Pod(name=test-pod-150, label_set=LabelSet(labels={'app': 'app-c', 'role': 'frontend'}), node=Node(name=worker-2)
Pod test-pod-141 already exists in the cluster.
