Running locally. Using kubeconfig.
🌿 Starting GrassHopper in PLS mode
Running in PLS-mode...
================================= FRESH INITIALISATION DONE =====================================
Watching policies now in namespace test-thesis ...
Watching pods now in namespace test-thesis ...
Handling policy event
Handling new policy event in Watchdog: app-c-deny-all
Successfully added policy app-c-deny-all to ClusterState
Handling policy event
Handling new policy event in Watchdog: app-c-allow-frontend-backend
PLS: Configuring new spol Policy(name=app-c-allow-frontend-backend, sel=LabelSet(labels={'app': 'app-c', 'role': 'frontend'}), allow=[
(LabelSet(labels={'app': 'app-c', 'role': 'backend'}), Traffic(direction=ingress, port=80, protocol=TCP)) 
])
PLS: Configuring new spol Policy(name=app-c-allow-frontend-backend, sel=LabelSet(labels={'app': 'app-c', 'role': 'frontend'}), allow=[
(LabelSet(labels={'app': 'app-c', 'role': 'backend'}), Traffic(direction=egress, port=80, protocol=TCP)) 
])
Successfully added policy app-c-allow-frontend-backend to ClusterState
Handling policy event
Handling new policy event in Watchdog: app-c-allow-database-backend
PLS: Configuring new spol Policy(name=app-c-allow-database-backend, sel=LabelSet(labels={'app': 'app-c', 'role': 'database'}), allow=[
(LabelSet(labels={'app': 'app-c', 'role': 'backend'}), Traffic(direction=ingress, port=80, protocol=TCP)) 
])
PLS: Configuring new spol Policy(name=app-c-allow-database-backend, sel=LabelSet(labels={'app': 'app-c', 'role': 'database'}), allow=[
(LabelSet(labels={'app': 'app-c', 'role': 'backend'}), Traffic(direction=egress, port=80, protocol=TCP)) 
])
Successfully added policy app-c-allow-database-backend to ClusterState
Handling policy event
Handling new policy event in Watchdog: app-c-allow-backend-frontend
PLS: Configuring new spol Policy(name=app-c-allow-backend-frontend, sel=LabelSet(labels={'app': 'app-c', 'role': 'backend'}), allow=[
(LabelSet(labels={'app': 'app-c', 'role': 'frontend'}), Traffic(direction=ingress, port=80, protocol=TCP)) 
])
PLS: Configuring new spol Policy(name=app-c-allow-backend-frontend, sel=LabelSet(labels={'app': 'app-c', 'role': 'backend'}), allow=[
(LabelSet(labels={'app': 'app-c', 'role': 'frontend'}), Traffic(direction=egress, port=80, protocol=TCP)) 
])
Successfully added policy app-c-allow-backend-frontend to ClusterState
Handling policy event
Handling new policy event in Watchdog: app-c-allow-backend-database
PLS: Configuring new spol Policy(name=app-c-allow-backend-database, sel=LabelSet(labels={'app': 'app-c', 'role': 'backend'}), allow=[
(LabelSet(labels={'app': 'app-c', 'role': 'database'}), Traffic(direction=ingress, port=80, protocol=TCP)) 
])
PLS: Configuring new spol Policy(name=app-c-allow-backend-database, sel=LabelSet(labels={'app': 'app-c', 'role': 'backend'}), allow=[
(LabelSet(labels={'app': 'app-c', 'role': 'database'}), Traffic(direction=egress, port=80, protocol=TCP)) 
])
Successfully added policy app-c-allow-backend-database to ClusterState
Handling policy event
Handling new policy event in Watchdog: app-b-allow-backend-database
PLS: Configuring new spol Policy(name=app-b-allow-backend-database, sel=LabelSet(labels={'app': 'app-b', 'role': 'backend'}), allow=[
(LabelSet(labels={'app': 'app-b', 'role': 'database'}), Traffic(direction=ingress, port=80, protocol=TCP)) 
])
PLS: Configuring new spol Policy(name=app-b-allow-backend-database, sel=LabelSet(labels={'app': 'app-b', 'role': 'backend'}), allow=[
(LabelSet(labels={'app': 'app-b', 'role': 'database'}), Traffic(direction=egress, port=80, protocol=TCP)) 
])
Successfully added policy app-b-allow-backend-database to ClusterState
Handling policy event
Handling new policy event in Watchdog: app-b-allow-database-backend
PLS: Configuring new spol Policy(name=app-b-allow-database-backend, sel=LabelSet(labels={'app': 'app-b', 'role': 'database'}), allow=[
(LabelSet(labels={'app': 'app-b', 'role': 'backend'}), Traffic(direction=ingress, port=80, protocol=TCP)) 
])
PLS: Configuring new spol Policy(name=app-b-allow-database-backend, sel=LabelSet(labels={'app': 'app-b', 'role': 'database'}), allow=[
(LabelSet(labels={'app': 'app-b', 'role': 'backend'}), Traffic(direction=egress, port=80, protocol=TCP)) 
])
Successfully added policy app-b-allow-database-backend to ClusterState
Handling policy event
Handling new policy event in Watchdog: app-b-allow-frontend-backend
PLS: Configuring new spol Policy(name=app-b-allow-frontend-backend, sel=LabelSet(labels={'app': 'app-b', 'role': 'frontend'}), allow=[
(LabelSet(labels={'app': 'app-b', 'role': 'backend'}), Traffic(direction=ingress, port=80, protocol=TCP)) 
])
PLS: Configuring new spol Policy(name=app-b-allow-frontend-backend, sel=LabelSet(labels={'app': 'app-b', 'role': 'frontend'}), allow=[
(LabelSet(labels={'app': 'app-b', 'role': 'backend'}), Traffic(direction=egress, port=80, protocol=TCP)) 
])
Successfully added policy app-b-allow-frontend-backend to ClusterState
Handling policy event
Handling new policy event in Watchdog: app-b-deny-all
Successfully added policy app-b-deny-all to ClusterState
Handling policy event
Handling new policy event in Watchdog: app-b-allow-backend-frontend
PLS: Configuring new spol Policy(name=app-b-allow-backend-frontend, sel=LabelSet(labels={'app': 'app-b', 'role': 'backend'}), allow=[
(LabelSet(labels={'app': 'app-b', 'role': 'frontend'}), Traffic(direction=ingress, port=80, protocol=TCP)) 
])
PLS: Configuring new spol Policy(name=app-b-allow-backend-frontend, sel=LabelSet(labels={'app': 'app-b', 'role': 'backend'}), allow=[
(LabelSet(labels={'app': 'app-b', 'role': 'frontend'}), Traffic(direction=egress, port=80, protocol=TCP)) 
])
Successfully added policy app-b-allow-backend-frontend to ClusterState
Handling policy event
Handling new policy event in Watchdog: app-a-allow-backend-database
PLS: Configuring new spol Policy(name=app-a-allow-backend-database, sel=LabelSet(labels={'app': 'app-a', 'role': 'backend'}), allow=[
(LabelSet(labels={'app': 'app-a', 'role': 'database'}), Traffic(direction=ingress, port=80, protocol=TCP)) 
])
PLS: Configuring new spol Policy(name=app-a-allow-backend-database, sel=LabelSet(labels={'app': 'app-a', 'role': 'backend'}), allow=[
(LabelSet(labels={'app': 'app-a', 'role': 'database'}), Traffic(direction=egress, port=80, protocol=TCP)) 
])
Successfully added policy app-a-allow-backend-database to ClusterState
Handling policy event
Handling new policy event in Watchdog: app-a-allow-frontend-backend
PLS: Configuring new spol Policy(name=app-a-allow-frontend-backend, sel=LabelSet(labels={'app': 'app-a', 'role': 'frontend'}), allow=[
(LabelSet(labels={'app': 'app-a', 'role': 'backend'}), Traffic(direction=ingress, port=80, protocol=TCP)) 
])
PLS: Configuring new spol Policy(name=app-a-allow-frontend-backend, sel=LabelSet(labels={'app': 'app-a', 'role': 'frontend'}), allow=[
(LabelSet(labels={'app': 'app-a', 'role': 'backend'}), Traffic(direction=egress, port=80, protocol=TCP)) 
])
Successfully added policy app-a-allow-frontend-backend to ClusterState
Handling policy event
Handling new policy event in Watchdog: app-a-allow-backend-frontend
PLS: Configuring new spol Policy(name=app-a-allow-backend-frontend, sel=LabelSet(labels={'app': 'app-a', 'role': 'backend'}), allow=[
(LabelSet(labels={'app': 'app-a', 'role': 'frontend'}), Traffic(direction=ingress, port=80, protocol=TCP)) 
])
PLS: Configuring new spol Policy(name=app-a-allow-backend-frontend, sel=LabelSet(labels={'app': 'app-a', 'role': 'backend'}), allow=[
(LabelSet(labels={'app': 'app-a', 'role': 'frontend'}), Traffic(direction=egress, port=80, protocol=TCP)) 
])
Successfully added policy app-a-allow-backend-frontend to ClusterState
Handling policy event
Handling new policy event in Watchdog: app-a-deny-all
Successfully added policy app-a-deny-all to ClusterState
Handling policy event
Handling new policy event in Watchdog: app-a-allow-database-backend
PLS: Configuring new spol Policy(name=app-a-allow-database-backend, sel=LabelSet(labels={'app': 'app-a', 'role': 'database'}), allow=[
(LabelSet(labels={'app': 'app-a', 'role': 'backend'}), Traffic(direction=ingress, port=80, protocol=TCP)) 
])
PLS: Configuring new spol Policy(name=app-a-allow-database-backend, sel=LabelSet(labels={'app': 'app-a', 'role': 'database'}), allow=[
(LabelSet(labels={'app': 'app-a', 'role': 'backend'}), Traffic(direction=egress, port=80, protocol=TCP)) 
])
Successfully added policy app-a-allow-database-backend to ClusterState
New pod: test-pod-0, on node: worker-1
PLS: Configuring new pod with labelset: {L}
PLS: Configuring new spol Policy(name=app-a-allow-frontend-backend, sel=LabelSet(labels={'app': 'app-a', 'role': 'frontend'}), allow=[
(LabelSet(labels={'app': 'app-a', 'role': 'backend'}), Traffic(direction=egress, port=80, protocol=TCP)) 
])
Adding Security Group for select labelset: LabelSet(labels={'app': 'app-a', 'role': 'frontend'})
Initializing Openstack Client!
Creating security group: SG-app:app-arole:frontend
Attaching security group SG-app:app-arole:frontend to instance worker-1
Adding Security Group for allow labelset: LabelSet(labels={'app': 'app-a', 'role': 'backend'})
Creating security group: SG-app:app-arole:backend
SGMod: Adding rule to SG-app:app-arole:frontend, remote SG-app:app-arole:backend, port 80, type egress
PLS: Configuring new spol Policy(name=app-a-allow-backend-frontend, sel=LabelSet(labels={'app': 'app-a', 'role': 'backend'}), allow=[
(LabelSet(labels={'app': 'app-a', 'role': 'frontend'}), Traffic(direction=egress, port=80, protocol=TCP)) 
])
PLS: Configuring new spol Policy(name=app-a-allow-backend-frontend, sel=LabelSet(labels={'app': 'app-a', 'role': 'backend'}), allow=[
(LabelSet(labels={'app': 'app-a', 'role': 'frontend'}), Traffic(direction=ingress, port=80, protocol=TCP)) 
])
PLS: Configuring new spol Policy(name=app-a-allow-frontend-backend, sel=LabelSet(labels={'app': 'app-a', 'role': 'frontend'}), allow=[
(LabelSet(labels={'app': 'app-a', 'role': 'backend'}), Traffic(direction=ingress, port=80, protocol=TCP)) 
])
Adding Security Group for select labelset: LabelSet(labels={'app': 'app-a', 'role': 'frontend'})
Adding Security Group for allow labelset: LabelSet(labels={'app': 'app-a', 'role': 'backend'})
SGMod: Adding rule to SG-app:app-arole:frontend, remote SG-app:app-arole:backend, port 80, type ingress
SG-app:app-arole:frontend already attached to worker-1
Pod(name=test-pod-0, label_set=LabelSet(labels={'app': 'app-a', 'role': 'frontend'}), node=Node(name=worker-1)
New pod: test-pod-1, on node: worker-2
PLS: Configuring new pod with labelset: {L}
PLS: Configuring new spol Policy(name=app-a-allow-frontend-backend, sel=LabelSet(labels={'app': 'app-a', 'role': 'frontend'}), allow=[
(LabelSet(labels={'app': 'app-a', 'role': 'backend'}), Traffic(direction=egress, port=80, protocol=TCP)) 
])
Adding Security Group for select labelset: LabelSet(labels={'app': 'app-a', 'role': 'frontend'})
Adding Security Group for allow labelset: LabelSet(labels={'app': 'app-a', 'role': 'backend'})
SGMod: Adding rule to SG-app:app-arole:frontend, remote SG-app:app-arole:backend, port 80, type egress
Cannot add rule to remotes: Security group rule already exists. Rule id is 9abd067e-d705-4eb6-97bd-1215c21568f9.
Neutron server returns request_ids: ['req-e64c4a2d-275d-44da-b3d7-3047c65660e6']
PLS: Configuring new spol Policy(name=app-a-allow-database-backend, sel=LabelSet(labels={'app': 'app-a', 'role': 'database'}), allow=[
(LabelSet(labels={'app': 'app-a', 'role': 'backend'}), Traffic(direction=ingress, port=80, protocol=TCP)) 
])
PLS: Configuring new spol Policy(name=app-a-allow-backend-frontend, sel=LabelSet(labels={'app': 'app-a', 'role': 'backend'}), allow=[
(LabelSet(labels={'app': 'app-a', 'role': 'frontend'}), Traffic(direction=egress, port=80, protocol=TCP)) 
])
Adding Security Group for select labelset: LabelSet(labels={'app': 'app-a', 'role': 'backend'})
Adding Security Group for allow labelset: LabelSet(labels={'app': 'app-a', 'role': 'frontend'})
SGMod: Adding rule to SG-app:app-arole:backend, remote SG-app:app-arole:frontend, port 80, type egress
PLS: Configuring new spol Policy(name=app-a-allow-frontend-backend, sel=LabelSet(labels={'app': 'app-a', 'role': 'frontend'}), allow=[
(LabelSet(labels={'app': 'app-a', 'role': 'backend'}), Traffic(direction=ingress, port=80, protocol=TCP)) 
])
Adding Security Group for select labelset: LabelSet(labels={'app': 'app-a', 'role': 'frontend'})
Adding Security Group for allow labelset: LabelSet(labels={'app': 'app-a', 'role': 'backend'})
SGMod: Adding rule to SG-app:app-arole:frontend, remote SG-app:app-arole:backend, port 80, type ingress
Cannot add rule to remotes: Security group rule already exists. Rule id is 3873bdb0-e04a-463f-a3c0-11a66ad99c82.
Neutron server returns request_ids: ['req-6999b95d-91a5-4d02-918f-c69e6c3b5e85']
PLS: Configuring new spol Policy(name=app-a-allow-backend-database, sel=LabelSet(labels={'app': 'app-a', 'role': 'backend'}), allow=[
(LabelSet(labels={'app': 'app-a', 'role': 'database'}), Traffic(direction=ingress, port=80, protocol=TCP)) 
])
Adding Security Group for select labelset: LabelSet(labels={'app': 'app-a', 'role': 'backend'})
Adding Security Group for allow labelset: LabelSet(labels={'app': 'app-a', 'role': 'database'})
Creating security group: SG-app:app-arole:database
SGMod: Adding rule to SG-app:app-arole:backend, remote SG-app:app-arole:database, port 80, type ingress
PLS: Configuring new spol Policy(name=app-a-allow-database-backend, sel=LabelSet(labels={'app': 'app-a', 'role': 'database'}), allow=[
(LabelSet(labels={'app': 'app-a', 'role': 'backend'}), Traffic(direction=egress, port=80, protocol=TCP)) 
])
PLS: Configuring new spol Policy(name=app-a-allow-backend-database, sel=LabelSet(labels={'app': 'app-a', 'role': 'backend'}), allow=[
(LabelSet(labels={'app': 'app-a', 'role': 'database'}), Traffic(direction=egress, port=80, protocol=TCP)) 
])
Adding Security Group for select labelset: LabelSet(labels={'app': 'app-a', 'role': 'backend'})
Adding Security Group for allow labelset: LabelSet(labels={'app': 'app-a', 'role': 'database'})
SGMod: Adding rule to SG-app:app-arole:backend, remote SG-app:app-arole:database, port 80, type egress
PLS: Configuring new spol Policy(name=app-a-allow-backend-frontend, sel=LabelSet(labels={'app': 'app-a', 'role': 'backend'}), allow=[
(LabelSet(labels={'app': 'app-a', 'role': 'frontend'}), Traffic(direction=ingress, port=80, protocol=TCP)) 
])
Adding Security Group for select labelset: LabelSet(labels={'app': 'app-a', 'role': 'backend'})
Adding Security Group for allow labelset: LabelSet(labels={'app': 'app-a', 'role': 'frontend'})
SGMod: Adding rule to SG-app:app-arole:backend, remote SG-app:app-arole:frontend, port 80, type ingress
Attaching security group SG-app:app-arole:backend to instance worker-2
Pod(name=test-pod-1, label_set=LabelSet(labels={'app': 'app-a', 'role': 'backend'}), node=Node(name=worker-2)
New pod: test-pod-2, on node: worker
PLS: Configuring new pod with labelset: {L}
PLS: Configuring new spol Policy(name=app-a-allow-backend-database, sel=LabelSet(labels={'app': 'app-a', 'role': 'backend'}), allow=[
(LabelSet(labels={'app': 'app-a', 'role': 'database'}), Traffic(direction=egress, port=80, protocol=TCP)) 
])
Adding Security Group for select labelset: LabelSet(labels={'app': 'app-a', 'role': 'backend'})
Adding Security Group for allow labelset: LabelSet(labels={'app': 'app-a', 'role': 'database'})
SGMod: Adding rule to SG-app:app-arole:backend, remote SG-app:app-arole:database, port 80, type egress
Cannot add rule to remotes: Security group rule already exists. Rule id is 3d6aef7a-4fd6-4816-abf9-0188c7b6f03c.
Neutron server returns request_ids: ['req-bfa19070-cf04-4cc3-a6e7-0df68ce5021e']
PLS: Configuring new spol Policy(name=app-a-allow-backend-database, sel=LabelSet(labels={'app': 'app-a', 'role': 'backend'}), allow=[
(LabelSet(labels={'app': 'app-a', 'role': 'database'}), Traffic(direction=ingress, port=80, protocol=TCP)) 
])
Adding Security Group for select labelset: LabelSet(labels={'app': 'app-a', 'role': 'backend'})
Adding Security Group for allow labelset: LabelSet(labels={'app': 'app-a', 'role': 'database'})
SGMod: Adding rule to SG-app:app-arole:backend, remote SG-app:app-arole:database, port 80, type ingress
Cannot add rule to remotes: Security group rule already exists. Rule id is 59c47c92-f67e-41a1-bbdf-9f48477afbb7.
Neutron server returns request_ids: ['req-7358b26c-74fb-4c16-b4c7-a970ba05a363']
PLS: Configuring new spol Policy(name=app-a-allow-database-backend, sel=LabelSet(labels={'app': 'app-a', 'role': 'database'}), allow=[
(LabelSet(labels={'app': 'app-a', 'role': 'backend'}), Traffic(direction=ingress, port=80, protocol=TCP)) 
])
Adding Security Group for select labelset: LabelSet(labels={'app': 'app-a', 'role': 'database'})
Adding Security Group for allow labelset: LabelSet(labels={'app': 'app-a', 'role': 'backend'})
SGMod: Adding rule to SG-app:app-arole:database, remote SG-app:app-arole:backend, port 80, type ingress
PLS: Configuring new spol Policy(name=app-a-allow-database-backend, sel=LabelSet(labels={'app': 'app-a', 'role': 'database'}), allow=[
(LabelSet(labels={'app': 'app-a', 'role': 'backend'}), Traffic(direction=egress, port=80, protocol=TCP)) 
])
Adding Security Group for select labelset: LabelSet(labels={'app': 'app-a', 'role': 'database'})
Adding Security Group for allow labelset: LabelSet(labels={'app': 'app-a', 'role': 'backend'})
SGMod: Adding rule to SG-app:app-arole:database, remote SG-app:app-arole:backend, port 80, type egress
Attaching security group SG-app:app-arole:database to instance worker
Pod(name=test-pod-2, label_set=LabelSet(labels={'app': 'app-a', 'role': 'database'}), node=Node(name=worker)
Pod test-pod-0 already exists in the cluster.
Pod(name=test-pod-0, label_set=LabelSet(labels={'app': 'app-a', 'role': 'frontend'}), node=Node(name=worker-1)
New pod: test-pod-3, on node: worker-2
PLS: Configuring new pod with labelset: {L}
PLS: Configuring new spol Policy(name=app-b-allow-backend-frontend, sel=LabelSet(labels={'app': 'app-b', 'role': 'backend'}), allow=[
(LabelSet(labels={'app': 'app-b', 'role': 'frontend'}), Traffic(direction=ingress, port=80, protocol=TCP)) 
])
PLS: Configuring new spol Policy(name=app-b-allow-backend-frontend, sel=LabelSet(labels={'app': 'app-b', 'role': 'backend'}), allow=[
(LabelSet(labels={'app': 'app-b', 'role': 'frontend'}), Traffic(direction=egress, port=80, protocol=TCP)) 
])
PLS: Configuring new spol Policy(name=app-b-allow-frontend-backend, sel=LabelSet(labels={'app': 'app-b', 'role': 'frontend'}), allow=[
(LabelSet(labels={'app': 'app-b', 'role': 'backend'}), Traffic(direction=egress, port=80, protocol=TCP)) 
])
Adding Security Group for select labelset: LabelSet(labels={'app': 'app-b', 'role': 'frontend'})
Creating security group: SG-app:app-brole:frontend
Attaching security group SG-app:app-brole:frontend to instance worker-2
Adding Security Group for allow labelset: LabelSet(labels={'app': 'app-b', 'role': 'backend'})
Creating security group: SG-app:app-brole:backend
SGMod: Adding rule to SG-app:app-brole:frontend, remote SG-app:app-brole:backend, port 80, type egress
PLS: Configuring new spol Policy(name=app-b-allow-frontend-backend, sel=LabelSet(labels={'app': 'app-b', 'role': 'frontend'}), allow=[
(LabelSet(labels={'app': 'app-b', 'role': 'backend'}), Traffic(direction=ingress, port=80, protocol=TCP)) 
])
Adding Security Group for select labelset: LabelSet(labels={'app': 'app-b', 'role': 'frontend'})
Adding Security Group for allow labelset: LabelSet(labels={'app': 'app-b', 'role': 'backend'})
SGMod: Adding rule to SG-app:app-brole:frontend, remote SG-app:app-brole:backend, port 80, type ingress
SG-app:app-brole:frontend already attached to worker-2
Pod(name=test-pod-3, label_set=LabelSet(labels={'app': 'app-b', 'role': 'frontend'}), node=Node(name=worker-2)
Pod test-pod-1 already exists in the cluster.
Pod(name=test-pod-1, label_set=LabelSet(labels={'app': 'app-a', 'role': 'backend'}), node=Node(name=worker-2)
New pod: test-pod-4, on node: worker
PLS: Configuring new pod with labelset: {L}
PLS: Configuring new spol Policy(name=app-b-allow-backend-frontend, sel=LabelSet(labels={'app': 'app-b', 'role': 'backend'}), allow=[
(LabelSet(labels={'app': 'app-b', 'role': 'frontend'}), Traffic(direction=ingress, port=80, protocol=TCP)) 
])
Adding Security Group for select labelset: LabelSet(labels={'app': 'app-b', 'role': 'backend'})
Adding Security Group for allow labelset: LabelSet(labels={'app': 'app-b', 'role': 'frontend'})
SGMod: Adding rule to SG-app:app-brole:backend, remote SG-app:app-brole:frontend, port 80, type ingress
PLS: Configuring new spol Policy(name=app-b-allow-backend-frontend, sel=LabelSet(labels={'app': 'app-b', 'role': 'backend'}), allow=[
(LabelSet(labels={'app': 'app-b', 'role': 'frontend'}), Traffic(direction=egress, port=80, protocol=TCP)) 
])
Adding Security Group for select labelset: LabelSet(labels={'app': 'app-b', 'role': 'backend'})
Adding Security Group for allow labelset: LabelSet(labels={'app': 'app-b', 'role': 'frontend'})
SGMod: Adding rule to SG-app:app-brole:backend, remote SG-app:app-brole:frontend, port 80, type egress
PLS: Configuring new spol Policy(name=app-b-allow-backend-database, sel=LabelSet(labels={'app': 'app-b', 'role': 'backend'}), allow=[
(LabelSet(labels={'app': 'app-b', 'role': 'database'}), Traffic(direction=ingress, port=80, protocol=TCP)) 
])
Adding Security Group for select labelset: LabelSet(labels={'app': 'app-b', 'role': 'backend'})
Adding Security Group for allow labelset: LabelSet(labels={'app': 'app-b', 'role': 'database'})
Creating security group: SG-app:app-brole:database
SGMod: Adding rule to SG-app:app-brole:backend, remote SG-app:app-brole:database, port 80, type ingress
PLS: Configuring new spol Policy(name=app-b-allow-database-backend, sel=LabelSet(labels={'app': 'app-b', 'role': 'database'}), allow=[
(LabelSet(labels={'app': 'app-b', 'role': 'backend'}), Traffic(direction=ingress, port=80, protocol=TCP)) 
])
PLS: Configuring new spol Policy(name=app-b-allow-frontend-backend, sel=LabelSet(labels={'app': 'app-b', 'role': 'frontend'}), allow=[
(LabelSet(labels={'app': 'app-b', 'role': 'backend'}), Traffic(direction=ingress, port=80, protocol=TCP)) 
])
Adding Security Group for select labelset: LabelSet(labels={'app': 'app-b', 'role': 'frontend'})
Adding Security Group for allow labelset: LabelSet(labels={'app': 'app-b', 'role': 'backend'})
SGMod: Adding rule to SG-app:app-brole:frontend, remote SG-app:app-brole:backend, port 80, type ingress
Cannot add rule to remotes: Security group rule already exists. Rule id is 2887b035-a3fe-4add-9518-f0ce26a3deab.
Neutron server returns request_ids: ['req-846aa24b-b6ff-4b8e-8168-1bbe8c869fb3']
PLS: Configuring new spol Policy(name=app-b-allow-backend-database, sel=LabelSet(labels={'app': 'app-b', 'role': 'backend'}), allow=[
(LabelSet(labels={'app': 'app-b', 'role': 'database'}), Traffic(direction=egress, port=80, protocol=TCP)) 
])
Adding Security Group for select labelset: LabelSet(labels={'app': 'app-b', 'role': 'backend'})
Adding Security Group for allow labelset: LabelSet(labels={'app': 'app-b', 'role': 'database'})
SGMod: Adding rule to SG-app:app-brole:backend, remote SG-app:app-brole:database, port 80, type egress
PLS: Configuring new spol Policy(name=app-b-allow-database-backend, sel=LabelSet(labels={'app': 'app-b', 'role': 'database'}), allow=[
(LabelSet(labels={'app': 'app-b', 'role': 'backend'}), Traffic(direction=egress, port=80, protocol=TCP)) 
])
PLS: Configuring new spol Policy(name=app-b-allow-frontend-backend, sel=LabelSet(labels={'app': 'app-b', 'role': 'frontend'}), allow=[
(LabelSet(labels={'app': 'app-b', 'role': 'backend'}), Traffic(direction=egress, port=80, protocol=TCP)) 
])
Adding Security Group for select labelset: LabelSet(labels={'app': 'app-b', 'role': 'frontend'})
Adding Security Group for allow labelset: LabelSet(labels={'app': 'app-b', 'role': 'backend'})
SGMod: Adding rule to SG-app:app-brole:frontend, remote SG-app:app-brole:backend, port 80, type egress
Cannot add rule to remotes: Security group rule already exists. Rule id is f7432763-11b3-4434-b94b-ef00f2d2ffdf.
Neutron server returns request_ids: ['req-7ffc156a-4ed3-47fd-84b6-be0b16987c68']
Attaching security group SG-app:app-brole:backend to instance worker
Pod(name=test-pod-4, label_set=LabelSet(labels={'app': 'app-b', 'role': 'backend'}), node=Node(name=worker)
New pod: test-pod-5, on node: worker-1
PLS: Configuring new pod with labelset: {L}
PLS: Configuring new spol Policy(name=app-b-allow-backend-database, sel=LabelSet(labels={'app': 'app-b', 'role': 'backend'}), allow=[
(LabelSet(labels={'app': 'app-b', 'role': 'database'}), Traffic(direction=egress, port=80, protocol=TCP)) 
])
Adding Security Group for select labelset: LabelSet(labels={'app': 'app-b', 'role': 'backend'})
Adding Security Group for allow labelset: LabelSet(labels={'app': 'app-b', 'role': 'database'})
SGMod: Adding rule to SG-app:app-brole:backend, remote SG-app:app-brole:database, port 80, type egress
Cannot add rule to remotes: Security group rule already exists. Rule id is c66438a4-0680-4a00-bc11-f7a940b59f6e.
Neutron server returns request_ids: ['req-58d2d69f-0e21-4369-a997-7e44375a1e02']
PLS: Configuring new spol Policy(name=app-b-allow-database-backend, sel=LabelSet(labels={'app': 'app-b', 'role': 'database'}), allow=[
(LabelSet(labels={'app': 'app-b', 'role': 'backend'}), Traffic(direction=egress, port=80, protocol=TCP)) 
])
Adding Security Group for select labelset: LabelSet(labels={'app': 'app-b', 'role': 'database'})
Adding Security Group for allow labelset: LabelSet(labels={'app': 'app-b', 'role': 'backend'})
SGMod: Adding rule to SG-app:app-brole:database, remote SG-app:app-brole:backend, port 80, type egress
PLS: Configuring new spol Policy(name=app-b-allow-database-backend, sel=LabelSet(labels={'app': 'app-b', 'role': 'database'}), allow=[
(LabelSet(labels={'app': 'app-b', 'role': 'backend'}), Traffic(direction=ingress, port=80, protocol=TCP)) 
])
Adding Security Group for select labelset: LabelSet(labels={'app': 'app-b', 'role': 'database'})
Adding Security Group for allow labelset: LabelSet(labels={'app': 'app-b', 'role': 'backend'})
SGMod: Adding rule to SG-app:app-brole:database, remote SG-app:app-brole:backend, port 80, type ingress
PLS: Configuring new spol Policy(name=app-b-allow-backend-database, sel=LabelSet(labels={'app': 'app-b', 'role': 'backend'}), allow=[
(LabelSet(labels={'app': 'app-b', 'role': 'database'}), Traffic(direction=ingress, port=80, protocol=TCP)) 
])
Adding Security Group for select labelset: LabelSet(labels={'app': 'app-b', 'role': 'backend'})
Adding Security Group for allow labelset: LabelSet(labels={'app': 'app-b', 'role': 'database'})
SGMod: Adding rule to SG-app:app-brole:backend, remote SG-app:app-brole:database, port 80, type ingress
Cannot add rule to remotes: Security group rule already exists. Rule id is 369eb915-71e2-4a2a-b9a5-5acc13db3956.
Neutron server returns request_ids: ['req-d4b8d70a-b821-4a58-a5e1-0d678ebf190e']
Attaching security group SG-app:app-brole:database to instance worker-1
Pod(name=test-pod-5, label_set=LabelSet(labels={'app': 'app-b', 'role': 'database'}), node=Node(name=worker-1)
Pod test-pod-3 already exists in the cluster.
Pod(name=test-pod-3, label_set=LabelSet(labels={'app': 'app-b', 'role': 'frontend'}), node=Node(name=worker-2)
New pod: test-pod-6, on node: worker-1
PLS: Configuring new pod with labelset: {L}
PLS: Configuring new spol Policy(name=app-c-allow-backend-frontend, sel=LabelSet(labels={'app': 'app-c', 'role': 'backend'}), allow=[
(LabelSet(labels={'app': 'app-c', 'role': 'frontend'}), Traffic(direction=egress, port=80, protocol=TCP)) 
])
PLS: Configuring new spol Policy(name=app-c-allow-backend-frontend, sel=LabelSet(labels={'app': 'app-c', 'role': 'backend'}), allow=[
(LabelSet(labels={'app': 'app-c', 'role': 'frontend'}), Traffic(direction=ingress, port=80, protocol=TCP)) 
])
PLS: Configuring new spol Policy(name=app-c-allow-frontend-backend, sel=LabelSet(labels={'app': 'app-c', 'role': 'frontend'}), allow=[
(LabelSet(labels={'app': 'app-c', 'role': 'backend'}), Traffic(direction=egress, port=80, protocol=TCP)) 
])
Adding Security Group for select labelset: LabelSet(labels={'app': 'app-c', 'role': 'frontend'})
Creating security group: SG-app:app-crole:frontend
Attaching security group SG-app:app-crole:frontend to instance worker-1
Adding Security Group for allow labelset: LabelSet(labels={'app': 'app-c', 'role': 'backend'})
Creating security group: SG-app:app-crole:backend
SGMod: Adding rule to SG-app:app-crole:frontend, remote SG-app:app-crole:backend, port 80, type egress
PLS: Configuring new spol Policy(name=app-c-allow-frontend-backend, sel=LabelSet(labels={'app': 'app-c', 'role': 'frontend'}), allow=[
(LabelSet(labels={'app': 'app-c', 'role': 'backend'}), Traffic(direction=ingress, port=80, protocol=TCP)) 
])
Adding Security Group for select labelset: LabelSet(labels={'app': 'app-c', 'role': 'frontend'})
Adding Security Group for allow labelset: LabelSet(labels={'app': 'app-c', 'role': 'backend'})
SGMod: Adding rule to SG-app:app-crole:frontend, remote SG-app:app-crole:backend, port 80, type ingress
SG-app:app-crole:frontend already attached to worker-1
Pod(name=test-pod-6, label_set=LabelSet(labels={'app': 'app-c', 'role': 'frontend'}), node=Node(name=worker-1)
New pod: test-pod-7, on node: worker
PLS: Configuring new pod with labelset: {L}
PLS: Configuring new spol Policy(name=app-c-allow-database-backend, sel=LabelSet(labels={'app': 'app-c', 'role': 'database'}), allow=[
(LabelSet(labels={'app': 'app-c', 'role': 'backend'}), Traffic(direction=egress, port=80, protocol=TCP)) 
])
PLS: Configuring new spol Policy(name=app-c-allow-backend-frontend, sel=LabelSet(labels={'app': 'app-c', 'role': 'backend'}), allow=[
(LabelSet(labels={'app': 'app-c', 'role': 'frontend'}), Traffic(direction=ingress, port=80, protocol=TCP)) 
])
Adding Security Group for select labelset: LabelSet(labels={'app': 'app-c', 'role': 'backend'})
Adding Security Group for allow labelset: LabelSet(labels={'app': 'app-c', 'role': 'frontend'})
SGMod: Adding rule to SG-app:app-crole:backend, remote SG-app:app-crole:frontend, port 80, type ingress
PLS: Configuring new spol Policy(name=app-c-allow-backend-frontend, sel=LabelSet(labels={'app': 'app-c', 'role': 'backend'}), allow=[
(LabelSet(labels={'app': 'app-c', 'role': 'frontend'}), Traffic(direction=egress, port=80, protocol=TCP)) 
])
Adding Security Group for select labelset: LabelSet(labels={'app': 'app-c', 'role': 'backend'})
Adding Security Group for allow labelset: LabelSet(labels={'app': 'app-c', 'role': 'frontend'})
SGMod: Adding rule to SG-app:app-crole:backend, remote SG-app:app-crole:frontend, port 80, type egress
PLS: Configuring new spol Policy(name=app-c-allow-backend-database, sel=LabelSet(labels={'app': 'app-c', 'role': 'backend'}), allow=[
(LabelSet(labels={'app': 'app-c', 'role': 'database'}), Traffic(direction=egress, port=80, protocol=TCP)) 
])
Adding Security Group for select labelset: LabelSet(labels={'app': 'app-c', 'role': 'backend'})
Adding Security Group for allow labelset: LabelSet(labels={'app': 'app-c', 'role': 'database'})
Creating security group: SG-app:app-crole:database
SGMod: Adding rule to SG-app:app-crole:backend, remote SG-app:app-crole:database, port 80, type egress
PLS: Configuring new spol Policy(name=app-c-allow-frontend-backend, sel=LabelSet(labels={'app': 'app-c', 'role': 'frontend'}), allow=[
(LabelSet(labels={'app': 'app-c', 'role': 'backend'}), Traffic(direction=egress, port=80, protocol=TCP)) 
])
Adding Security Group for select labelset: LabelSet(labels={'app': 'app-c', 'role': 'frontend'})
Adding Security Group for allow labelset: LabelSet(labels={'app': 'app-c', 'role': 'backend'})
SGMod: Adding rule to SG-app:app-crole:frontend, remote SG-app:app-crole:backend, port 80, type egress
Cannot add rule to remotes: Security group rule already exists. Rule id is fa425841-3935-4eca-8091-13f996195ebd.
Neutron server returns request_ids: ['req-6223e61f-faa4-45ff-8034-32b8b0cf7450']
PLS: Configuring new spol Policy(name=app-c-allow-database-backend, sel=LabelSet(labels={'app': 'app-c', 'role': 'database'}), allow=[
(LabelSet(labels={'app': 'app-c', 'role': 'backend'}), Traffic(direction=ingress, port=80, protocol=TCP)) 
])
PLS: Configuring new spol Policy(name=app-c-allow-backend-database, sel=LabelSet(labels={'app': 'app-c', 'role': 'backend'}), allow=[
(LabelSet(labels={'app': 'app-c', 'role': 'database'}), Traffic(direction=ingress, port=80, protocol=TCP)) 
])
Adding Security Group for select labelset: LabelSet(labels={'app': 'app-c', 'role': 'backend'})
Adding Security Group for allow labelset: LabelSet(labels={'app': 'app-c', 'role': 'database'})
SGMod: Adding rule to SG-app:app-crole:backend, remote SG-app:app-crole:database, port 80, type ingress
PLS: Configuring new spol Policy(name=app-c-allow-frontend-backend, sel=LabelSet(labels={'app': 'app-c', 'role': 'frontend'}), allow=[
(LabelSet(labels={'app': 'app-c', 'role': 'backend'}), Traffic(direction=ingress, port=80, protocol=TCP)) 
])
Adding Security Group for select labelset: LabelSet(labels={'app': 'app-c', 'role': 'frontend'})
Adding Security Group for allow labelset: LabelSet(labels={'app': 'app-c', 'role': 'backend'})
SGMod: Adding rule to SG-app:app-crole:frontend, remote SG-app:app-crole:backend, port 80, type ingress
Cannot add rule to remotes: Security group rule already exists. Rule id is cc0cd46b-c5fa-4774-9fcf-dbcc1ae0b137.
Neutron server returns request_ids: ['req-67d09106-a056-4142-8c14-4beaa7771b57']
Attaching security group SG-app:app-crole:backend to instance worker
Pod(name=test-pod-7, label_set=LabelSet(labels={'app': 'app-c', 'role': 'backend'}), node=Node(name=worker)
Pod test-pod-5 already exists in the cluster.
Pod(name=test-pod-5, label_set=LabelSet(labels={'app': 'app-b', 'role': 'database'}), node=Node(name=worker-1)
New pod: test-pod-8, on node: worker-2
PLS: Configuring new pod with labelset: {L}
PLS: Configuring new spol Policy(name=app-c-allow-backend-database, sel=LabelSet(labels={'app': 'app-c', 'role': 'backend'}), allow=[
(LabelSet(labels={'app': 'app-c', 'role': 'database'}), Traffic(direction=egress, port=80, protocol=TCP)) 
])
Adding Security Group for select labelset: LabelSet(labels={'app': 'app-c', 'role': 'backend'})
Adding Security Group for allow labelset: LabelSet(labels={'app': 'app-c', 'role': 'database'})
SGMod: Adding rule to SG-app:app-crole:backend, remote SG-app:app-crole:database, port 80, type egress
Cannot add rule to remotes: Security group rule already exists. Rule id is 7319c796-115e-49a5-878d-ec4eae73955b.
Neutron server returns request_ids: ['req-28527ed3-9107-44d4-9d2f-adc7c4a66a4c']
PLS: Configuring new spol Policy(name=app-c-allow-database-backend, sel=LabelSet(labels={'app': 'app-c', 'role': 'database'}), allow=[
(LabelSet(labels={'app': 'app-c', 'role': 'backend'}), Traffic(direction=egress, port=80, protocol=TCP)) 
])
Adding Security Group for select labelset: LabelSet(labels={'app': 'app-c', 'role': 'database'})
Adding Security Group for allow labelset: LabelSet(labels={'app': 'app-c', 'role': 'backend'})
SGMod: Adding rule to SG-app:app-crole:database, remote SG-app:app-crole:backend, port 80, type egress
PLS: Configuring new spol Policy(name=app-c-allow-database-backend, sel=LabelSet(labels={'app': 'app-c', 'role': 'database'}), allow=[
(LabelSet(labels={'app': 'app-c', 'role': 'backend'}), Traffic(direction=ingress, port=80, protocol=TCP)) 
])
Adding Security Group for select labelset: LabelSet(labels={'app': 'app-c', 'role': 'database'})
Adding Security Group for allow labelset: LabelSet(labels={'app': 'app-c', 'role': 'backend'})
SGMod: Adding rule to SG-app:app-crole:database, remote SG-app:app-crole:backend, port 80, type ingress
PLS: Configuring new spol Policy(name=app-c-allow-backend-database, sel=LabelSet(labels={'app': 'app-c', 'role': 'backend'}), allow=[
(LabelSet(labels={'app': 'app-c', 'role': 'database'}), Traffic(direction=ingress, port=80, protocol=TCP)) 
])
Adding Security Group for select labelset: LabelSet(labels={'app': 'app-c', 'role': 'backend'})
Adding Security Group for allow labelset: LabelSet(labels={'app': 'app-c', 'role': 'database'})
SGMod: Adding rule to SG-app:app-crole:backend, remote SG-app:app-crole:database, port 80, type ingress
Cannot add rule to remotes: Security group rule already exists. Rule id is 347d8573-4ec0-47a5-b990-e86011b95944.
Neutron server returns request_ids: ['req-084065b8-3545-4429-a616-8609e519dc18']
Attaching security group SG-app:app-crole:database to instance worker-2
Pod(name=test-pod-8, label_set=LabelSet(labels={'app': 'app-c', 'role': 'database'}), node=Node(name=worker-2)
New pod: test-pod-9, on node: worker
PLS: Configuring new pod with labelset: {L}
PLS: Configuring new spol Policy(name=app-a-allow-frontend-backend, sel=LabelSet(labels={'app': 'app-a', 'role': 'frontend'}), allow=[
(LabelSet(labels={'app': 'app-a', 'role': 'backend'}), Traffic(direction=egress, port=80, protocol=TCP)) 
])
Adding Security Group for select labelset: LabelSet(labels={'app': 'app-a', 'role': 'frontend'})
Adding Security Group for allow labelset: LabelSet(labels={'app': 'app-a', 'role': 'backend'})
SGMod: Adding rule to SG-app:app-arole:frontend, remote SG-app:app-arole:backend, port 80, type egress
Cannot add rule to remotes: Security group rule already exists. Rule id is 9abd067e-d705-4eb6-97bd-1215c21568f9.
Neutron server returns request_ids: ['req-8415c53c-77d9-4a34-a1e8-6f1cc61feba6']
PLS: Configuring new spol Policy(name=app-a-allow-backend-frontend, sel=LabelSet(labels={'app': 'app-a', 'role': 'backend'}), allow=[
(LabelSet(labels={'app': 'app-a', 'role': 'frontend'}), Traffic(direction=egress, port=80, protocol=TCP)) 
])
Adding Security Group for select labelset: LabelSet(labels={'app': 'app-a', 'role': 'backend'})
Adding Security Group for allow labelset: LabelSet(labels={'app': 'app-a', 'role': 'frontend'})
SGMod: Adding rule to SG-app:app-arole:backend, remote SG-app:app-arole:frontend, port 80, type egress
Cannot add rule to remotes: Security group rule already exists. Rule id is dfb0fd3e-37dd-4f87-91cf-b4bff64ef479.
Neutron server returns request_ids: ['req-17b51a15-7f5d-44ae-9b96-34898bd8e5b9']
PLS: Configuring new spol Policy(name=app-a-allow-backend-frontend, sel=LabelSet(labels={'app': 'app-a', 'role': 'backend'}), allow=[
(LabelSet(labels={'app': 'app-a', 'role': 'frontend'}), Traffic(direction=ingress, port=80, protocol=TCP)) 
])
Adding Security Group for select labelset: LabelSet(labels={'app': 'app-a', 'role': 'backend'})
Adding Security Group for allow labelset: LabelSet(labels={'app': 'app-a', 'role': 'frontend'})
SGMod: Adding rule to SG-app:app-arole:backend, remote SG-app:app-arole:frontend, port 80, type ingress
Cannot add rule to remotes: Security group rule already exists. Rule id is f9ce5cd4-c8d7-4b18-9b49-db382136d58b.
Neutron server returns request_ids: ['req-c49ab397-e098-4244-926b-dc540ec7ad39']
PLS: Configuring new spol Policy(name=app-a-allow-frontend-backend, sel=LabelSet(labels={'app': 'app-a', 'role': 'frontend'}), allow=[
(LabelSet(labels={'app': 'app-a', 'role': 'backend'}), Traffic(direction=ingress, port=80, protocol=TCP)) 
])
Adding Security Group for select labelset: LabelSet(labels={'app': 'app-a', 'role': 'frontend'})
Adding Security Group for allow labelset: LabelSet(labels={'app': 'app-a', 'role': 'backend'})
SGMod: Adding rule to SG-app:app-arole:frontend, remote SG-app:app-arole:backend, port 80, type ingress
Cannot add rule to remotes: Security group rule already exists. Rule id is 3873bdb0-e04a-463f-a3c0-11a66ad99c82.
Neutron server returns request_ids: ['req-28a15c07-a3ec-459d-91ac-81f848957f9d']
Attaching security group SG-app:app-arole:frontend to instance worker
Pod(name=test-pod-9, label_set=LabelSet(labels={'app': 'app-a', 'role': 'frontend'}), node=Node(name=worker)
Pod test-pod-6 already exists in the cluster.
Pod(name=test-pod-6, label_set=LabelSet(labels={'app': 'app-c', 'role': 'frontend'}), node=Node(name=worker-1)
Pod test-pod-8 already exists in the cluster.
Pod(name=test-pod-8, label_set=LabelSet(labels={'app': 'app-c', 'role': 'database'}), node=Node(name=worker-2)
New pod: test-pod-10, on node: worker-2
Pod(name=test-pod-10, label_set=LabelSet(labels={'app': 'app-a', 'role': 'backend'}), node=Node(name=worker-2)
New pod: test-pod-11, on node: worker-1
PLS: Configuring new pod with labelset: {L}
PLS: Configuring new spol Policy(name=app-a-allow-backend-database, sel=LabelSet(labels={'app': 'app-a', 'role': 'backend'}), allow=[
(LabelSet(labels={'app': 'app-a', 'role': 'database'}), Traffic(direction=egress, port=80, protocol=TCP)) 
])
Adding Security Group for select labelset: LabelSet(labels={'app': 'app-a', 'role': 'backend'})
Adding Security Group for allow labelset: LabelSet(labels={'app': 'app-a', 'role': 'database'})
SGMod: Adding rule to SG-app:app-arole:backend, remote SG-app:app-arole:database, port 80, type egress
Cannot add rule to remotes: Security group rule already exists. Rule id is 3d6aef7a-4fd6-4816-abf9-0188c7b6f03c.
Neutron server returns request_ids: ['req-72082c2f-c9ff-490e-a119-46da4125e776']
PLS: Configuring new spol Policy(name=app-a-allow-backend-database, sel=LabelSet(labels={'app': 'app-a', 'role': 'backend'}), allow=[
(LabelSet(labels={'app': 'app-a', 'role': 'database'}), Traffic(direction=ingress, port=80, protocol=TCP)) 
])
Adding Security Group for select labelset: LabelSet(labels={'app': 'app-a', 'role': 'backend'})
Adding Security Group for allow labelset: LabelSet(labels={'app': 'app-a', 'role': 'database'})
SGMod: Adding rule to SG-app:app-arole:backend, remote SG-app:app-arole:database, port 80, type ingress
Cannot add rule to remotes: Security group rule already exists. Rule id is 59c47c92-f67e-41a1-bbdf-9f48477afbb7.
Neutron server returns request_ids: ['req-c838bdfc-7d1b-4505-9e94-ea5f9c2402eb']
PLS: Configuring new spol Policy(name=app-a-allow-database-backend, sel=LabelSet(labels={'app': 'app-a', 'role': 'database'}), allow=[
(LabelSet(labels={'app': 'app-a', 'role': 'backend'}), Traffic(direction=ingress, port=80, protocol=TCP)) 
])
Adding Security Group for select labelset: LabelSet(labels={'app': 'app-a', 'role': 'database'})
Adding Security Group for allow labelset: LabelSet(labels={'app': 'app-a', 'role': 'backend'})
SGMod: Adding rule to SG-app:app-arole:database, remote SG-app:app-arole:backend, port 80, type ingress
Cannot add rule to remotes: Security group rule already exists. Rule id is 3f049cd4-1168-4409-b384-465e225256b7.
Neutron server returns request_ids: ['req-62bea5ca-4da9-436d-8758-717c77038847']
PLS: Configuring new spol Policy(name=app-a-allow-database-backend, sel=LabelSet(labels={'app': 'app-a', 'role': 'database'}), allow=[
(LabelSet(labels={'app': 'app-a', 'role': 'backend'}), Traffic(direction=egress, port=80, protocol=TCP)) 
])
Adding Security Group for select labelset: LabelSet(labels={'app': 'app-a', 'role': 'database'})
Adding Security Group for allow labelset: LabelSet(labels={'app': 'app-a', 'role': 'backend'})
SGMod: Adding rule to SG-app:app-arole:database, remote SG-app:app-arole:backend, port 80, type egress
Cannot add rule to remotes: Security group rule already exists. Rule id is a42ffd54-8c13-40f8-87f8-9619a70f4830.
Neutron server returns request_ids: ['req-2052177d-be56-4cfc-9b2d-d5b7dfffdab3']
Attaching security group SG-app:app-arole:database to instance worker-1
Pod(name=test-pod-11, label_set=LabelSet(labels={'app': 'app-a', 'role': 'database'}), node=Node(name=worker-1)
Pod test-pod-10 already exists in the cluster.
Pod(name=test-pod-10, label_set=LabelSet(labels={'app': 'app-a', 'role': 'backend'}), node=Node(name=worker-2)
New pod: test-pod-12, on node: worker-1
PLS: Configuring new pod with labelset: {L}
PLS: Configuring new spol Policy(name=app-b-allow-backend-frontend, sel=LabelSet(labels={'app': 'app-b', 'role': 'backend'}), allow=[
(LabelSet(labels={'app': 'app-b', 'role': 'frontend'}), Traffic(direction=ingress, port=80, protocol=TCP)) 
])
Adding Security Group for select labelset: LabelSet(labels={'app': 'app-b', 'role': 'backend'})
Adding Security Group for allow labelset: LabelSet(labels={'app': 'app-b', 'role': 'frontend'})
SGMod: Adding rule to SG-app:app-brole:backend, remote SG-app:app-brole:frontend, port 80, type ingress
Cannot add rule to remotes: Security group rule already exists. Rule id is 698da72b-abcd-4e0a-a9c3-63b75e82b0d7.
Neutron server returns request_ids: ['req-d7b8e8ac-dcd6-4c42-a63f-6fc31a722303']
PLS: Configuring new spol Policy(name=app-b-allow-backend-frontend, sel=LabelSet(labels={'app': 'app-b', 'role': 'backend'}), allow=[
(LabelSet(labels={'app': 'app-b', 'role': 'frontend'}), Traffic(direction=egress, port=80, protocol=TCP)) 
])
Adding Security Group for select labelset: LabelSet(labels={'app': 'app-b', 'role': 'backend'})
Adding Security Group for allow labelset: LabelSet(labels={'app': 'app-b', 'role': 'frontend'})
SGMod: Adding rule to SG-app:app-brole:backend, remote SG-app:app-brole:frontend, port 80, type egress
Cannot add rule to remotes: Security group rule already exists. Rule id is 279e7810-6e8c-4d19-8006-cb1980dd519b.
Neutron server returns request_ids: ['req-a8bec18c-908c-49e0-a6c0-5528c8e67a5a']
PLS: Configuring new spol Policy(name=app-b-allow-frontend-backend, sel=LabelSet(labels={'app': 'app-b', 'role': 'frontend'}), allow=[
(LabelSet(labels={'app': 'app-b', 'role': 'backend'}), Traffic(direction=egress, port=80, protocol=TCP)) 
])
Adding Security Group for select labelset: LabelSet(labels={'app': 'app-b', 'role': 'frontend'})
Adding Security Group for allow labelset: LabelSet(labels={'app': 'app-b', 'role': 'backend'})
SGMod: Adding rule to SG-app:app-brole:frontend, remote SG-app:app-brole:backend, port 80, type egress
Cannot add rule to remotes: Security group rule already exists. Rule id is f7432763-11b3-4434-b94b-ef00f2d2ffdf.
Neutron server returns request_ids: ['req-6a4a30fc-ea64-4c99-83d2-63591dc18094']
PLS: Configuring new spol Policy(name=app-b-allow-frontend-backend, sel=LabelSet(labels={'app': 'app-b', 'role': 'frontend'}), allow=[
(LabelSet(labels={'app': 'app-b', 'role': 'backend'}), Traffic(direction=ingress, port=80, protocol=TCP)) 
])
Adding Security Group for select labelset: LabelSet(labels={'app': 'app-b', 'role': 'frontend'})
Adding Security Group for allow labelset: LabelSet(labels={'app': 'app-b', 'role': 'backend'})
SGMod: Adding rule to SG-app:app-brole:frontend, remote SG-app:app-brole:backend, port 80, type ingress
Cannot add rule to remotes: Security group rule already exists. Rule id is 2887b035-a3fe-4add-9518-f0ce26a3deab.
Neutron server returns request_ids: ['req-dd2a0ce3-2e10-436e-a3cb-dbde6969f240']
Attaching security group SG-app:app-brole:frontend to instance worker-1
Pod(name=test-pod-12, label_set=LabelSet(labels={'app': 'app-b', 'role': 'frontend'}), node=Node(name=worker-1)
New pod: test-pod-13, on node: worker
Pod(name=test-pod-13, label_set=LabelSet(labels={'app': 'app-b', 'role': 'backend'}), node=Node(name=worker)
Pod test-pod-11 already exists in the cluster.
Pod(name=test-pod-11, label_set=LabelSet(labels={'app': 'app-a', 'role': 'database'}), node=Node(name=worker-1)
New pod: test-pod-14, on node: worker-2
PLS: Configuring new pod with labelset: {L}
PLS: Configuring new spol Policy(name=app-b-allow-backend-database, sel=LabelSet(labels={'app': 'app-b', 'role': 'backend'}), allow=[
(LabelSet(labels={'app': 'app-b', 'role': 'database'}), Traffic(direction=egress, port=80, protocol=TCP)) 
])
Adding Security Group for select labelset: LabelSet(labels={'app': 'app-b', 'role': 'backend'})
Adding Security Group for allow labelset: LabelSet(labels={'app': 'app-b', 'role': 'database'})
SGMod: Adding rule to SG-app:app-brole:backend, remote SG-app:app-brole:database, port 80, type egress
Cannot add rule to remotes: Security group rule already exists. Rule id is c66438a4-0680-4a00-bc11-f7a940b59f6e.
Neutron server returns request_ids: ['req-a1493b51-9ac5-42f4-a863-2346a1d685f5']
PLS: Configuring new spol Policy(name=app-b-allow-database-backend, sel=LabelSet(labels={'app': 'app-b', 'role': 'database'}), allow=[
(LabelSet(labels={'app': 'app-b', 'role': 'backend'}), Traffic(direction=egress, port=80, protocol=TCP)) 
])
Adding Security Group for select labelset: LabelSet(labels={'app': 'app-b', 'role': 'database'})
Adding Security Group for allow labelset: LabelSet(labels={'app': 'app-b', 'role': 'backend'})
SGMod: Adding rule to SG-app:app-brole:database, remote SG-app:app-brole:backend, port 80, type egress
Cannot add rule to remotes: Security group rule already exists. Rule id is 0a82c559-8504-4d23-8b2a-dd6e99468e19.
Neutron server returns request_ids: ['req-06ed9182-c9f0-420e-89d0-bcce9db816a0']
PLS: Configuring new spol Policy(name=app-b-allow-database-backend, sel=LabelSet(labels={'app': 'app-b', 'role': 'database'}), allow=[
(LabelSet(labels={'app': 'app-b', 'role': 'backend'}), Traffic(direction=ingress, port=80, protocol=TCP)) 
])
Adding Security Group for select labelset: LabelSet(labels={'app': 'app-b', 'role': 'database'})
Adding Security Group for allow labelset: LabelSet(labels={'app': 'app-b', 'role': 'backend'})
SGMod: Adding rule to SG-app:app-brole:database, remote SG-app:app-brole:backend, port 80, type ingress
Cannot add rule to remotes: Security group rule already exists. Rule id is 505e03bf-e477-42db-a563-2e60f8b1e13f.
Neutron server returns request_ids: ['req-a83f9e85-0fa8-4424-89e9-11fc41b31ade']
PLS: Configuring new spol Policy(name=app-b-allow-backend-database, sel=LabelSet(labels={'app': 'app-b', 'role': 'backend'}), allow=[
(LabelSet(labels={'app': 'app-b', 'role': 'database'}), Traffic(direction=ingress, port=80, protocol=TCP)) 
])
Adding Security Group for select labelset: LabelSet(labels={'app': 'app-b', 'role': 'backend'})
Adding Security Group for allow labelset: LabelSet(labels={'app': 'app-b', 'role': 'database'})
SGMod: Adding rule to SG-app:app-brole:backend, remote SG-app:app-brole:database, port 80, type ingress
Cannot add rule to remotes: Security group rule already exists. Rule id is 369eb915-71e2-4a2a-b9a5-5acc13db3956.
Neutron server returns request_ids: ['req-6d87c382-cf80-46c5-bfcb-1d0d3b79ad30']
Attaching security group SG-app:app-brole:database to instance worker-2
Pod(name=test-pod-14, label_set=LabelSet(labels={'app': 'app-b', 'role': 'database'}), node=Node(name=worker-2)
New pod: test-pod-15, on node: worker-1
Pod(name=test-pod-15, label_set=LabelSet(labels={'app': 'app-c', 'role': 'frontend'}), node=Node(name=worker-1)
Pod test-pod-14 already exists in the cluster.
Pod(name=test-pod-14, label_set=LabelSet(labels={'app': 'app-b', 'role': 'database'}), node=Node(name=worker-2)
Pod test-pod-12 already exists in the cluster.
Pod(name=test-pod-12, label_set=LabelSet(labels={'app': 'app-b', 'role': 'frontend'}), node=Node(name=worker-1)
New pod: test-pod-16, on node: worker
Pod(name=test-pod-16, label_set=LabelSet(labels={'app': 'app-c', 'role': 'backend'}), node=Node(name=worker)
New pod: test-pod-17, on node: worker-2
Pod(name=test-pod-17, label_set=LabelSet(labels={'app': 'app-c', 'role': 'database'}), node=Node(name=worker-2)
Pod test-pod-15 already exists in the cluster.
Pod(name=test-pod-15, label_set=LabelSet(labels={'app': 'app-c', 'role': 'frontend'}), node=Node(name=worker-1)
New pod: test-pod-18, on node: worker
Pod(name=test-pod-18, label_set=LabelSet(labels={'app': 'app-a', 'role': 'frontend'}), node=Node(name=worker)
Pod test-pod-17 already exists in the cluster.
Pod(name=test-pod-17, label_set=LabelSet(labels={'app': 'app-c', 'role': 'database'}), node=Node(name=worker-2)
New pod: test-pod-19, on node: worker-2
Pod(name=test-pod-19, label_set=LabelSet(labels={'app': 'app-a', 'role': 'backend'}), node=Node(name=worker-2)
New pod: test-pod-20, on node: worker-1
Pod(name=test-pod-20, label_set=LabelSet(labels={'app': 'app-a', 'role': 'database'}), node=Node(name=worker-1)
New pod: test-pod-21, on node: worker-2
Pod(name=test-pod-21, label_set=LabelSet(labels={'app': 'app-b', 'role': 'frontend'}), node=Node(name=worker-2)
Pod test-pod-19 already exists in the cluster.
Pod(name=test-pod-19, label_set=LabelSet(labels={'app': 'app-a', 'role': 'backend'}), node=Node(name=worker-2)
Pod test-pod-20 already exists in the cluster.
Pod(name=test-pod-20, label_set=LabelSet(labels={'app': 'app-a', 'role': 'database'}), node=Node(name=worker-1)
New pod: test-pod-22, on node: worker-1
PLS: Configuring new pod with labelset: {L}
PLS: Configuring new spol Policy(name=app-b-allow-backend-frontend, sel=LabelSet(labels={'app': 'app-b', 'role': 'backend'}), allow=[
(LabelSet(labels={'app': 'app-b', 'role': 'frontend'}), Traffic(direction=ingress, port=80, protocol=TCP)) 
])
Adding Security Group for select labelset: LabelSet(labels={'app': 'app-b', 'role': 'backend'})
Adding Security Group for allow labelset: LabelSet(labels={'app': 'app-b', 'role': 'frontend'})
SGMod: Adding rule to SG-app:app-brole:backend, remote SG-app:app-brole:frontend, port 80, type ingress
Cannot add rule to remotes: Security group rule already exists. Rule id is 698da72b-abcd-4e0a-a9c3-63b75e82b0d7.
Neutron server returns request_ids: ['req-eddee608-bf7b-4575-a42b-f104e90d20ca']
PLS: Configuring new spol Policy(name=app-b-allow-backend-frontend, sel=LabelSet(labels={'app': 'app-b', 'role': 'backend'}), allow=[
(LabelSet(labels={'app': 'app-b', 'role': 'frontend'}), Traffic(direction=egress, port=80, protocol=TCP)) 
])
Adding Security Group for select labelset: LabelSet(labels={'app': 'app-b', 'role': 'backend'})
Adding Security Group for allow labelset: LabelSet(labels={'app': 'app-b', 'role': 'frontend'})
SGMod: Adding rule to SG-app:app-brole:backend, remote SG-app:app-brole:frontend, port 80, type egress
Cannot add rule to remotes: Security group rule already exists. Rule id is 279e7810-6e8c-4d19-8006-cb1980dd519b.
Neutron server returns request_ids: ['req-5611f2b7-9b75-4e51-be47-1d56941e87a2']
PLS: Configuring new spol Policy(name=app-b-allow-backend-database, sel=LabelSet(labels={'app': 'app-b', 'role': 'backend'}), allow=[
(LabelSet(labels={'app': 'app-b', 'role': 'database'}), Traffic(direction=ingress, port=80, protocol=TCP)) 
])
Adding Security Group for select labelset: LabelSet(labels={'app': 'app-b', 'role': 'backend'})
Adding Security Group for allow labelset: LabelSet(labels={'app': 'app-b', 'role': 'database'})
SGMod: Adding rule to SG-app:app-brole:backend, remote SG-app:app-brole:database, port 80, type ingress
Cannot add rule to remotes: Security group rule already exists. Rule id is 369eb915-71e2-4a2a-b9a5-5acc13db3956.
Neutron server returns request_ids: ['req-7c881daa-f6cc-4aae-86f9-d496864d1fa9']
PLS: Configuring new spol Policy(name=app-b-allow-database-backend, sel=LabelSet(labels={'app': 'app-b', 'role': 'database'}), allow=[
(LabelSet(labels={'app': 'app-b', 'role': 'backend'}), Traffic(direction=ingress, port=80, protocol=TCP)) 
])
Adding Security Group for select labelset: LabelSet(labels={'app': 'app-b', 'role': 'database'})
Adding Security Group for allow labelset: LabelSet(labels={'app': 'app-b', 'role': 'backend'})
SGMod: Adding rule to SG-app:app-brole:database, remote SG-app:app-brole:backend, port 80, type ingress
Cannot add rule to remotes: Security group rule already exists. Rule id is 505e03bf-e477-42db-a563-2e60f8b1e13f.
Neutron server returns request_ids: ['req-414432ad-73ff-4fe7-83d6-54aadb11b4ab']
PLS: Configuring new spol Policy(name=app-b-allow-frontend-backend, sel=LabelSet(labels={'app': 'app-b', 'role': 'frontend'}), allow=[
(LabelSet(labels={'app': 'app-b', 'role': 'backend'}), Traffic(direction=ingress, port=80, protocol=TCP)) 
])
Adding Security Group for select labelset: LabelSet(labels={'app': 'app-b', 'role': 'frontend'})
Adding Security Group for allow labelset: LabelSet(labels={'app': 'app-b', 'role': 'backend'})
SGMod: Adding rule to SG-app:app-brole:frontend, remote SG-app:app-brole:backend, port 80, type ingress
Cannot add rule to remotes: Security group rule already exists. Rule id is 2887b035-a3fe-4add-9518-f0ce26a3deab.
Neutron server returns request_ids: ['req-1fddea49-a3e6-4a15-94e1-32821f43ad29']
PLS: Configuring new spol Policy(name=app-b-allow-backend-database, sel=LabelSet(labels={'app': 'app-b', 'role': 'backend'}), allow=[
(LabelSet(labels={'app': 'app-b', 'role': 'database'}), Traffic(direction=egress, port=80, protocol=TCP)) 
])
Adding Security Group for select labelset: LabelSet(labels={'app': 'app-b', 'role': 'backend'})
Adding Security Group for allow labelset: LabelSet(labels={'app': 'app-b', 'role': 'database'})
SGMod: Adding rule to SG-app:app-brole:backend, remote SG-app:app-brole:database, port 80, type egress
Cannot add rule to remotes: <html><body><h1>429 Too Many Requests</h1>
You have sent too many requests in a given amount of time.
</body></html>

PLS: Configuring new spol Policy(name=app-b-allow-database-backend, sel=LabelSet(labels={'app': 'app-b', 'role': 'database'}), allow=[
(LabelSet(labels={'app': 'app-b', 'role': 'backend'}), Traffic(direction=egress, port=80, protocol=TCP)) 
])
Adding Security Group for select labelset: LabelSet(labels={'app': 'app-b', 'role': 'database'})
Adding Security Group for allow labelset: LabelSet(labels={'app': 'app-b', 'role': 'backend'})
SGMod: Adding rule to SG-app:app-brole:database, remote SG-app:app-brole:backend, port 80, type egress
Cannot add rule to remotes: <html><body><h1>429 Too Many Requests</h1>
You have sent too many requests in a given amount of time.
</body></html>

PLS: Configuring new spol Policy(name=app-b-allow-frontend-backend, sel=LabelSet(labels={'app': 'app-b', 'role': 'frontend'}), allow=[
(LabelSet(labels={'app': 'app-b', 'role': 'backend'}), Traffic(direction=egress, port=80, protocol=TCP)) 
])
Adding Security Group for select labelset: LabelSet(labels={'app': 'app-b', 'role': 'frontend'})
Adding Security Group for allow labelset: LabelSet(labels={'app': 'app-b', 'role': 'backend'})
SGMod: Adding rule to SG-app:app-brole:frontend, remote SG-app:app-brole:backend, port 80, type egress
Cannot add rule to remotes: <html><body><h1>429 Too Many Requests</h1>
You have sent too many requests in a given amount of time.
</body></html>

Attaching security group SG-app:app-brole:backend to instance worker-1
Pod(name=test-pod-22, label_set=LabelSet(labels={'app': 'app-b', 'role': 'backend'}), node=Node(name=worker-1)
New pod: test-pod-23, on node: worker
PLS: Configuring new pod with labelset: {L}
PLS: Configuring new spol Policy(name=app-b-allow-backend-database, sel=LabelSet(labels={'app': 'app-b', 'role': 'backend'}), allow=[
(LabelSet(labels={'app': 'app-b', 'role': 'database'}), Traffic(direction=egress, port=80, protocol=TCP)) 
])
Adding Security Group for select labelset: LabelSet(labels={'app': 'app-b', 'role': 'backend'})
Adding Security Group for allow labelset: LabelSet(labels={'app': 'app-b', 'role': 'database'})
SGMod: Adding rule to SG-app:app-brole:backend, remote SG-app:app-brole:database, port 80, type egress
Cannot add rule to remotes: <html><body><h1>429 Too Many Requests</h1>
You have sent too many requests in a given amount of time.
</body></html>

PLS: Configuring new spol Policy(name=app-b-allow-database-backend, sel=LabelSet(labels={'app': 'app-b', 'role': 'database'}), allow=[
(LabelSet(labels={'app': 'app-b', 'role': 'backend'}), Traffic(direction=egress, port=80, protocol=TCP)) 
])
Adding Security Group for select labelset: LabelSet(labels={'app': 'app-b', 'role': 'database'})
Adding Security Group for allow labelset: LabelSet(labels={'app': 'app-b', 'role': 'backend'})
SGMod: Adding rule to SG-app:app-brole:database, remote SG-app:app-brole:backend, port 80, type egress
Cannot add rule to remotes: <html><body><h1>429 Too Many Requests</h1>
You have sent too many requests in a given amount of time.
</body></html>

PLS: Configuring new spol Policy(name=app-b-allow-database-backend, sel=LabelSet(labels={'app': 'app-b', 'role': 'database'}), allow=[
(LabelSet(labels={'app': 'app-b', 'role': 'backend'}), Traffic(direction=ingress, port=80, protocol=TCP)) 
])
Adding Security Group for select labelset: LabelSet(labels={'app': 'app-b', 'role': 'database'})
Adding Security Group for allow labelset: LabelSet(labels={'app': 'app-b', 'role': 'backend'})
SGMod: Adding rule to SG-app:app-brole:database, remote SG-app:app-brole:backend, port 80, type ingress
Cannot add rule to remotes: <html><body><h1>429 Too Many Requests</h1>
You have sent too many requests in a given amount of time.
</body></html>

PLS: Configuring new spol Policy(name=app-b-allow-backend-database, sel=LabelSet(labels={'app': 'app-b', 'role': 'backend'}), allow=[
(LabelSet(labels={'app': 'app-b', 'role': 'database'}), Traffic(direction=ingress, port=80, protocol=TCP)) 
])
Adding Security Group for select labelset: LabelSet(labels={'app': 'app-b', 'role': 'backend'})
Adding Security Group for allow labelset: LabelSet(labels={'app': 'app-b', 'role': 'database'})
SGMod: Adding rule to SG-app:app-brole:backend, remote SG-app:app-brole:database, port 80, type ingress
Cannot add rule to remotes: <html><body><h1>429 Too Many Requests</h1>
You have sent too many requests in a given amount of time.
</body></html>

Attaching security group SG-app:app-brole:database to instance worker
Pod(name=test-pod-23, label_set=LabelSet(labels={'app': 'app-b', 'role': 'database'}), node=Node(name=worker)
Pod test-pod-21 already exists in the cluster.
Pod(name=test-pod-21, label_set=LabelSet(labels={'app': 'app-b', 'role': 'frontend'}), node=Node(name=worker-2)
New pod: test-pod-24, on node: worker
PLS: Configuring new pod with labelset: {L}
PLS: Configuring new spol Policy(name=app-c-allow-backend-frontend, sel=LabelSet(labels={'app': 'app-c', 'role': 'backend'}), allow=[
(LabelSet(labels={'app': 'app-c', 'role': 'frontend'}), Traffic(direction=egress, port=80, protocol=TCP)) 
])
Adding Security Group for select labelset: LabelSet(labels={'app': 'app-c', 'role': 'backend'})
Adding Security Group for allow labelset: LabelSet(labels={'app': 'app-c', 'role': 'frontend'})
SGMod: Adding rule to SG-app:app-crole:backend, remote SG-app:app-crole:frontend, port 80, type egress
Cannot add rule to remotes: <html><body><h1>429 Too Many Requests</h1>
You have sent too many requests in a given amount of time.
</body></html>

PLS: Configuring new spol Policy(name=app-c-allow-backend-frontend, sel=LabelSet(labels={'app': 'app-c', 'role': 'backend'}), allow=[
(LabelSet(labels={'app': 'app-c', 'role': 'frontend'}), Traffic(direction=ingress, port=80, protocol=TCP)) 
])
Adding Security Group for select labelset: LabelSet(labels={'app': 'app-c', 'role': 'backend'})
Adding Security Group for allow labelset: LabelSet(labels={'app': 'app-c', 'role': 'frontend'})
SGMod: Adding rule to SG-app:app-crole:backend, remote SG-app:app-crole:frontend, port 80, type ingress
Cannot add rule to remotes: <html><body><h1>429 Too Many Requests</h1>
You have sent too many requests in a given amount of time.
</body></html>

PLS: Configuring new spol Policy(name=app-c-allow-frontend-backend, sel=LabelSet(labels={'app': 'app-c', 'role': 'frontend'}), allow=[
(LabelSet(labels={'app': 'app-c', 'role': 'backend'}), Traffic(direction=egress, port=80, protocol=TCP)) 
])
Adding Security Group for select labelset: LabelSet(labels={'app': 'app-c', 'role': 'frontend'})
Adding Security Group for allow labelset: LabelSet(labels={'app': 'app-c', 'role': 'backend'})
SGMod: Adding rule to SG-app:app-crole:frontend, remote SG-app:app-crole:backend, port 80, type egress
Cannot add rule to remotes: <html><body><h1>429 Too Many Requests</h1>
You have sent too many requests in a given amount of time.
</body></html>

PLS: Configuring new spol Policy(name=app-c-allow-frontend-backend, sel=LabelSet(labels={'app': 'app-c', 'role': 'frontend'}), allow=[
(LabelSet(labels={'app': 'app-c', 'role': 'backend'}), Traffic(direction=ingress, port=80, protocol=TCP)) 
])
Adding Security Group for select labelset: LabelSet(labels={'app': 'app-c', 'role': 'frontend'})
Adding Security Group for allow labelset: LabelSet(labels={'app': 'app-c', 'role': 'backend'})
SGMod: Adding rule to SG-app:app-crole:frontend, remote SG-app:app-crole:backend, port 80, type ingress
Cannot add rule to remotes: <html><body><h1>429 Too Many Requests</h1>
You have sent too many requests in a given amount of time.
</body></html>

Attaching security group SG-app:app-crole:frontend to instance worker
Pod(name=test-pod-24, label_set=LabelSet(labels={'app': 'app-c', 'role': 'frontend'}), node=Node(name=worker)
Pod test-pod-22 already exists in the cluster.
Pod(name=test-pod-22, label_set=LabelSet(labels={'app': 'app-b', 'role': 'backend'}), node=Node(name=worker-1)
New pod: test-pod-25, on node: worker-1
PLS: Configuring new pod with labelset: {L}
PLS: Configuring new spol Policy(name=app-c-allow-database-backend, sel=LabelSet(labels={'app': 'app-c', 'role': 'database'}), allow=[
(LabelSet(labels={'app': 'app-c', 'role': 'backend'}), Traffic(direction=egress, port=80, protocol=TCP)) 
])
Adding Security Group for select labelset: LabelSet(labels={'app': 'app-c', 'role': 'database'})
Adding Security Group for allow labelset: LabelSet(labels={'app': 'app-c', 'role': 'backend'})
SGMod: Adding rule to SG-app:app-crole:database, remote SG-app:app-crole:backend, port 80, type egress
Cannot add rule to remotes: <html><body><h1>429 Too Many Requests</h1>
You have sent too many requests in a given amount of time.
</body></html>

PLS: Configuring new spol Policy(name=app-c-allow-backend-frontend, sel=LabelSet(labels={'app': 'app-c', 'role': 'backend'}), allow=[
(LabelSet(labels={'app': 'app-c', 'role': 'frontend'}), Traffic(direction=ingress, port=80, protocol=TCP)) 
])
Adding Security Group for select labelset: LabelSet(labels={'app': 'app-c', 'role': 'backend'})
Adding Security Group for allow labelset: LabelSet(labels={'app': 'app-c', 'role': 'frontend'})
SGMod: Adding rule to SG-app:app-crole:backend, remote SG-app:app-crole:frontend, port 80, type ingress
Cannot add rule to remotes: <html><body><h1>429 Too Many Requests</h1>
You have sent too many requests in a given amount of time.
</body></html>

PLS: Configuring new spol Policy(name=app-c-allow-backend-frontend, sel=LabelSet(labels={'app': 'app-c', 'role': 'backend'}), allow=[
(LabelSet(labels={'app': 'app-c', 'role': 'frontend'}), Traffic(direction=egress, port=80, protocol=TCP)) 
])
Adding Security Group for select labelset: LabelSet(labels={'app': 'app-c', 'role': 'backend'})
Adding Security Group for allow labelset: LabelSet(labels={'app': 'app-c', 'role': 'frontend'})
SGMod: Adding rule to SG-app:app-crole:backend, remote SG-app:app-crole:frontend, port 80, type egress
Cannot add rule to remotes: <html><body><h1>429 Too Many Requests</h1>
You have sent too many requests in a given amount of time.
</body></html>

PLS: Configuring new spol Policy(name=app-c-allow-backend-database, sel=LabelSet(labels={'app': 'app-c', 'role': 'backend'}), allow=[
(LabelSet(labels={'app': 'app-c', 'role': 'database'}), Traffic(direction=egress, port=80, protocol=TCP)) 
])
Adding Security Group for select labelset: LabelSet(labels={'app': 'app-c', 'role': 'backend'})
Adding Security Group for allow labelset: LabelSet(labels={'app': 'app-c', 'role': 'database'})
SGMod: Adding rule to SG-app:app-crole:backend, remote SG-app:app-crole:database, port 80, type egress
Cannot add rule to remotes: <html><body><h1>429 Too Many Requests</h1>
You have sent too many requests in a given amount of time.
</body></html>

PLS: Configuring new spol Policy(name=app-c-allow-frontend-backend, sel=LabelSet(labels={'app': 'app-c', 'role': 'frontend'}), allow=[
(LabelSet(labels={'app': 'app-c', 'role': 'backend'}), Traffic(direction=egress, port=80, protocol=TCP)) 
])
Adding Security Group for select labelset: LabelSet(labels={'app': 'app-c', 'role': 'frontend'})
Adding Security Group for allow labelset: LabelSet(labels={'app': 'app-c', 'role': 'backend'})
SGMod: Adding rule to SG-app:app-crole:frontend, remote SG-app:app-crole:backend, port 80, type egress
Cannot add rule to remotes: <html><body><h1>429 Too Many Requests</h1>
You have sent too many requests in a given amount of time.
</body></html>

PLS: Configuring new spol Policy(name=app-c-allow-database-backend, sel=LabelSet(labels={'app': 'app-c', 'role': 'database'}), allow=[
(LabelSet(labels={'app': 'app-c', 'role': 'backend'}), Traffic(direction=ingress, port=80, protocol=TCP)) 
])
Adding Security Group for select labelset: LabelSet(labels={'app': 'app-c', 'role': 'database'})
Adding Security Group for allow labelset: LabelSet(labels={'app': 'app-c', 'role': 'backend'})
SGMod: Adding rule to SG-app:app-crole:database, remote SG-app:app-crole:backend, port 80, type ingress
Cannot add rule to remotes: <html><body><h1>429 Too Many Requests</h1>
You have sent too many requests in a given amount of time.
</body></html>

PLS: Configuring new spol Policy(name=app-c-allow-backend-database, sel=LabelSet(labels={'app': 'app-c', 'role': 'backend'}), allow=[
(LabelSet(labels={'app': 'app-c', 'role': 'database'}), Traffic(direction=ingress, port=80, protocol=TCP)) 
])
Adding Security Group for select labelset: LabelSet(labels={'app': 'app-c', 'role': 'backend'})
Adding Security Group for allow labelset: LabelSet(labels={'app': 'app-c', 'role': 'database'})
SGMod: Adding rule to SG-app:app-crole:backend, remote SG-app:app-crole:database, port 80, type ingress
Cannot add rule to remotes: <html><body><h1>429 Too Many Requests</h1>
You have sent too many requests in a given amount of time.
</body></html>

PLS: Configuring new spol Policy(name=app-c-allow-frontend-backend, sel=LabelSet(labels={'app': 'app-c', 'role': 'frontend'}), allow=[
(LabelSet(labels={'app': 'app-c', 'role': 'backend'}), Traffic(direction=ingress, port=80, protocol=TCP)) 
])
Adding Security Group for select labelset: LabelSet(labels={'app': 'app-c', 'role': 'frontend'})
Adding Security Group for allow labelset: LabelSet(labels={'app': 'app-c', 'role': 'backend'})
SGMod: Adding rule to SG-app:app-crole:frontend, remote SG-app:app-crole:backend, port 80, type ingress
Cannot add rule to remotes: <html><body><h1>429 Too Many Requests</h1>
You have sent too many requests in a given amount of time.
</body></html>

Attaching security group SG-app:app-crole:backend to instance worker-1
Pod(name=test-pod-25, label_set=LabelSet(labels={'app': 'app-c', 'role': 'backend'}), node=Node(name=worker-1)
New pod: test-pod-26, on node: worker-2
Pod(name=test-pod-26, label_set=LabelSet(labels={'app': 'app-c', 'role': 'database'}), node=Node(name=worker-2)
New pod: test-pod-27, on node: worker-1
Pod(name=test-pod-27, label_set=LabelSet(labels={'app': 'app-a', 'role': 'frontend'}), node=Node(name=worker-1)
Pod test-pod-25 already exists in the cluster.
Pod(name=test-pod-25, label_set=LabelSet(labels={'app': 'app-c', 'role': 'backend'}), node=Node(name=worker-1)
New pod: test-pod-28, on node: worker
PLS: Configuring new pod with labelset: {L}
PLS: Configuring new spol Policy(name=app-a-allow-frontend-backend, sel=LabelSet(labels={'app': 'app-a', 'role': 'frontend'}), allow=[
(LabelSet(labels={'app': 'app-a', 'role': 'backend'}), Traffic(direction=egress, port=80, protocol=TCP)) 
])
Adding Security Group for select labelset: LabelSet(labels={'app': 'app-a', 'role': 'frontend'})
Adding Security Group for allow labelset: LabelSet(labels={'app': 'app-a', 'role': 'backend'})
SGMod: Adding rule to SG-app:app-arole:frontend, remote SG-app:app-arole:backend, port 80, type egress
Cannot add rule to remotes: <html><body><h1>429 Too Many Requests</h1>
You have sent too many requests in a given amount of time.
</body></html>

PLS: Configuring new spol Policy(name=app-a-allow-database-backend, sel=LabelSet(labels={'app': 'app-a', 'role': 'database'}), allow=[
(LabelSet(labels={'app': 'app-a', 'role': 'backend'}), Traffic(direction=ingress, port=80, protocol=TCP)) 
])
Adding Security Group for select labelset: LabelSet(labels={'app': 'app-a', 'role': 'database'})
Adding Security Group for allow labelset: LabelSet(labels={'app': 'app-a', 'role': 'backend'})
SGMod: Adding rule to SG-app:app-arole:database, remote SG-app:app-arole:backend, port 80, type ingress
Cannot add rule to remotes: <html><body><h1>429 Too Many Requests</h1>
You have sent too many requests in a given amount of time.
</body></html>

PLS: Configuring new spol Policy(name=app-a-allow-backend-frontend, sel=LabelSet(labels={'app': 'app-a', 'role': 'backend'}), allow=[
(LabelSet(labels={'app': 'app-a', 'role': 'frontend'}), Traffic(direction=egress, port=80, protocol=TCP)) 
])
Adding Security Group for select labelset: LabelSet(labels={'app': 'app-a', 'role': 'backend'})
Adding Security Group for allow labelset: LabelSet(labels={'app': 'app-a', 'role': 'frontend'})
SGMod: Adding rule to SG-app:app-arole:backend, remote SG-app:app-arole:frontend, port 80, type egress
Cannot add rule to remotes: <html><body><h1>429 Too Many Requests</h1>
You have sent too many requests in a given amount of time.
</body></html>

PLS: Configuring new spol Policy(name=app-a-allow-frontend-backend, sel=LabelSet(labels={'app': 'app-a', 'role': 'frontend'}), allow=[
(LabelSet(labels={'app': 'app-a', 'role': 'backend'}), Traffic(direction=ingress, port=80, protocol=TCP)) 
])
Adding Security Group for select labelset: LabelSet(labels={'app': 'app-a', 'role': 'frontend'})
Adding Security Group for allow labelset: LabelSet(labels={'app': 'app-a', 'role': 'backend'})
SGMod: Adding rule to SG-app:app-arole:frontend, remote SG-app:app-arole:backend, port 80, type ingress
Cannot add rule to remotes: <html><body><h1>429 Too Many Requests</h1>
You have sent too many requests in a given amount of time.
</body></html>

PLS: Configuring new spol Policy(name=app-a-allow-backend-database, sel=LabelSet(labels={'app': 'app-a', 'role': 'backend'}), allow=[
(LabelSet(labels={'app': 'app-a', 'role': 'database'}), Traffic(direction=ingress, port=80, protocol=TCP)) 
])
Adding Security Group for select labelset: LabelSet(labels={'app': 'app-a', 'role': 'backend'})
Adding Security Group for allow labelset: LabelSet(labels={'app': 'app-a', 'role': 'database'})
SGMod: Adding rule to SG-app:app-arole:backend, remote SG-app:app-arole:database, port 80, type ingress
Cannot add rule to remotes: <html><body><h1>429 Too Many Requests</h1>
You have sent too many requests in a given amount of time.
</body></html>

PLS: Configuring new spol Policy(name=app-a-allow-database-backend, sel=LabelSet(labels={'app': 'app-a', 'role': 'database'}), allow=[
(LabelSet(labels={'app': 'app-a', 'role': 'backend'}), Traffic(direction=egress, port=80, protocol=TCP)) 
])
Adding Security Group for select labelset: LabelSet(labels={'app': 'app-a', 'role': 'database'})
Adding Security Group for allow labelset: LabelSet(labels={'app': 'app-a', 'role': 'backend'})
SGMod: Adding rule to SG-app:app-arole:database, remote SG-app:app-arole:backend, port 80, type egress
Cannot add rule to remotes: <html><body><h1>429 Too Many Requests</h1>
You have sent too many requests in a given amount of time.
</body></html>

PLS: Configuring new spol Policy(name=app-a-allow-backend-database, sel=LabelSet(labels={'app': 'app-a', 'role': 'backend'}), allow=[
(LabelSet(labels={'app': 'app-a', 'role': 'database'}), Traffic(direction=egress, port=80, protocol=TCP)) 
])
Adding Security Group for select labelset: LabelSet(labels={'app': 'app-a', 'role': 'backend'})
Adding Security Group for allow labelset: LabelSet(labels={'app': 'app-a', 'role': 'database'})
SGMod: Adding rule to SG-app:app-arole:backend, remote SG-app:app-arole:database, port 80, type egress
Cannot add rule to remotes: <html><body><h1>429 Too Many Requests</h1>
You have sent too many requests in a given amount of time.
</body></html>

PLS: Configuring new spol Policy(name=app-a-allow-backend-frontend, sel=LabelSet(labels={'app': 'app-a', 'role': 'backend'}), allow=[
(LabelSet(labels={'app': 'app-a', 'role': 'frontend'}), Traffic(direction=ingress, port=80, protocol=TCP)) 
])
Adding Security Group for select labelset: LabelSet(labels={'app': 'app-a', 'role': 'backend'})
Adding Security Group for allow labelset: LabelSet(labels={'app': 'app-a', 'role': 'frontend'})
SGMod: Adding rule to SG-app:app-arole:backend, remote SG-app:app-arole:frontend, port 80, type ingress
Cannot add rule to remotes: <html><body><h1>429 Too Many Requests</h1>
You have sent too many requests in a given amount of time.
</body></html>

Attaching security group SG-app:app-arole:backend to instance worker
Pod(name=test-pod-28, label_set=LabelSet(labels={'app': 'app-a', 'role': 'backend'}), node=Node(name=worker)
Pod test-pod-26 already exists in the cluster.
Pod(name=test-pod-26, label_set=LabelSet(labels={'app': 'app-c', 'role': 'database'}), node=Node(name=worker-2)
New pod: test-pod-29, on node: worker-2
PLS: Configuring new pod with labelset: {L}
PLS: Configuring new spol Policy(name=app-a-allow-backend-database, sel=LabelSet(labels={'app': 'app-a', 'role': 'backend'}), allow=[
(LabelSet(labels={'app': 'app-a', 'role': 'database'}), Traffic(direction=egress, port=80, protocol=TCP)) 
])
Adding Security Group for select labelset: LabelSet(labels={'app': 'app-a', 'role': 'backend'})
Adding Security Group for allow labelset: LabelSet(labels={'app': 'app-a', 'role': 'database'})
SGMod: Adding rule to SG-app:app-arole:backend, remote SG-app:app-arole:database, port 80, type egress
Cannot add rule to remotes: <html><body><h1>429 Too Many Requests</h1>
You have sent too many requests in a given amount of time.
</body></html>

PLS: Configuring new spol Policy(name=app-a-allow-backend-database, sel=LabelSet(labels={'app': 'app-a', 'role': 'backend'}), allow=[
(LabelSet(labels={'app': 'app-a', 'role': 'database'}), Traffic(direction=ingress, port=80, protocol=TCP)) 
])
Adding Security Group for select labelset: LabelSet(labels={'app': 'app-a', 'role': 'backend'})
Adding Security Group for allow labelset: LabelSet(labels={'app': 'app-a', 'role': 'database'})
SGMod: Adding rule to SG-app:app-arole:backend, remote SG-app:app-arole:database, port 80, type ingress
Cannot add rule to remotes: <html><body><h1>429 Too Many Requests</h1>
You have sent too many requests in a given amount of time.
</body></html>

PLS: Configuring new spol Policy(name=app-a-allow-database-backend, sel=LabelSet(labels={'app': 'app-a', 'role': 'database'}), allow=[
(LabelSet(labels={'app': 'app-a', 'role': 'backend'}), Traffic(direction=ingress, port=80, protocol=TCP)) 
])
Adding Security Group for select labelset: LabelSet(labels={'app': 'app-a', 'role': 'database'})
Adding Security Group for allow labelset: LabelSet(labels={'app': 'app-a', 'role': 'backend'})
SGMod: Adding rule to SG-app:app-arole:database, remote SG-app:app-arole:backend, port 80, type ingress
Cannot add rule to remotes: <html><body><h1>429 Too Many Requests</h1>
You have sent too many requests in a given amount of time.
</body></html>

PLS: Configuring new spol Policy(name=app-a-allow-database-backend, sel=LabelSet(labels={'app': 'app-a', 'role': 'database'}), allow=[
(LabelSet(labels={'app': 'app-a', 'role': 'backend'}), Traffic(direction=egress, port=80, protocol=TCP)) 
])
Adding Security Group for select labelset: LabelSet(labels={'app': 'app-a', 'role': 'database'})
Adding Security Group for allow labelset: LabelSet(labels={'app': 'app-a', 'role': 'backend'})
SGMod: Adding rule to SG-app:app-arole:database, remote SG-app:app-arole:backend, port 80, type egress
Cannot add rule to remotes: <html><body><h1>429 Too Many Requests</h1>
You have sent too many requests in a given amount of time.
</body></html>

Attaching security group SG-app:app-arole:database to instance worker-2
Pod(name=test-pod-29, label_set=LabelSet(labels={'app': 'app-a', 'role': 'database'}), node=Node(name=worker-2)
Pod test-pod-27 already exists in the cluster.
Pod(name=test-pod-27, label_set=LabelSet(labels={'app': 'app-a', 'role': 'frontend'}), node=Node(name=worker-1)
New pod: test-pod-30, on node: worker-1
Pod(name=test-pod-30, label_set=LabelSet(labels={'app': 'app-b', 'role': 'frontend'}), node=Node(name=worker-1)
Pod test-pod-29 already exists in the cluster.
Pod(name=test-pod-29, label_set=LabelSet(labels={'app': 'app-a', 'role': 'database'}), node=Node(name=worker-2)
New pod: test-pod-31, on node: worker
Pod(name=test-pod-31, label_set=LabelSet(labels={'app': 'app-b', 'role': 'backend'}), node=Node(name=worker)
Pod test-pod-30 already exists in the cluster.
Pod(name=test-pod-30, label_set=LabelSet(labels={'app': 'app-b', 'role': 'frontend'}), node=Node(name=worker-1)
New pod: test-pod-32, on node: worker-2
Pod(name=test-pod-32, label_set=LabelSet(labels={'app': 'app-b', 'role': 'database'}), node=Node(name=worker-2)
New pod: test-pod-33, on node: worker-2
PLS: Configuring new pod with labelset: {L}
PLS: Configuring new spol Policy(name=app-c-allow-backend-frontend, sel=LabelSet(labels={'app': 'app-c', 'role': 'backend'}), allow=[
(LabelSet(labels={'app': 'app-c', 'role': 'frontend'}), Traffic(direction=egress, port=80, protocol=TCP)) 
])
Adding Security Group for select labelset: LabelSet(labels={'app': 'app-c', 'role': 'backend'})
Adding Security Group for allow labelset: LabelSet(labels={'app': 'app-c', 'role': 'frontend'})
SGMod: Adding rule to SG-app:app-crole:backend, remote SG-app:app-crole:frontend, port 80, type egress
Cannot add rule to remotes: <html><body><h1>429 Too Many Requests</h1>
You have sent too many requests in a given amount of time.
</body></html>

PLS: Configuring new spol Policy(name=app-c-allow-backend-frontend, sel=LabelSet(labels={'app': 'app-c', 'role': 'backend'}), allow=[
(LabelSet(labels={'app': 'app-c', 'role': 'frontend'}), Traffic(direction=ingress, port=80, protocol=TCP)) 
])
Adding Security Group for select labelset: LabelSet(labels={'app': 'app-c', 'role': 'backend'})
Adding Security Group for allow labelset: LabelSet(labels={'app': 'app-c', 'role': 'frontend'})
SGMod: Adding rule to SG-app:app-crole:backend, remote SG-app:app-crole:frontend, port 80, type ingress
Cannot add rule to remotes: <html><body><h1>429 Too Many Requests</h1>
You have sent too many requests in a given amount of time.
</body></html>

PLS: Configuring new spol Policy(name=app-c-allow-frontend-backend, sel=LabelSet(labels={'app': 'app-c', 'role': 'frontend'}), allow=[
(LabelSet(labels={'app': 'app-c', 'role': 'backend'}), Traffic(direction=egress, port=80, protocol=TCP)) 
])
Adding Security Group for select labelset: LabelSet(labels={'app': 'app-c', 'role': 'frontend'})
Adding Security Group for allow labelset: LabelSet(labels={'app': 'app-c', 'role': 'backend'})
SGMod: Adding rule to SG-app:app-crole:frontend, remote SG-app:app-crole:backend, port 80, type egress
Cannot add rule to remotes: <html><body><h1>429 Too Many Requests</h1>
You have sent too many requests in a given amount of time.
</body></html>

PLS: Configuring new spol Policy(name=app-c-allow-frontend-backend, sel=LabelSet(labels={'app': 'app-c', 'role': 'frontend'}), allow=[
(LabelSet(labels={'app': 'app-c', 'role': 'backend'}), Traffic(direction=ingress, port=80, protocol=TCP)) 
])
Adding Security Group for select labelset: LabelSet(labels={'app': 'app-c', 'role': 'frontend'})
Adding Security Group for allow labelset: LabelSet(labels={'app': 'app-c', 'role': 'backend'})
SGMod: Adding rule to SG-app:app-crole:frontend, remote SG-app:app-crole:backend, port 80, type ingress
Cannot add rule to remotes: <html><body><h1>429 Too Many Requests</h1>
You have sent too many requests in a given amount of time.
</body></html>

Attaching security group SG-app:app-crole:frontend to instance worker-2
Pod(name=test-pod-33, label_set=LabelSet(labels={'app': 'app-c', 'role': 'frontend'}), node=Node(name=worker-2)
Pod test-pod-32 already exists in the cluster.
Pod(name=test-pod-32, label_set=LabelSet(labels={'app': 'app-b', 'role': 'database'}), node=Node(name=worker-2)
New pod: test-pod-34, on node: worker-1
Pod(name=test-pod-34, label_set=LabelSet(labels={'app': 'app-c', 'role': 'backend'}), node=Node(name=worker-1)
Pod test-pod-33 already exists in the cluster.
Pod(name=test-pod-33, label_set=LabelSet(labels={'app': 'app-c', 'role': 'frontend'}), node=Node(name=worker-2)
New pod: test-pod-35, on node: worker
PLS: Configuring new pod with labelset: {L}
PLS: Configuring new spol Policy(name=app-c-allow-backend-database, sel=LabelSet(labels={'app': 'app-c', 'role': 'backend'}), allow=[
(LabelSet(labels={'app': 'app-c', 'role': 'database'}), Traffic(direction=egress, port=80, protocol=TCP)) 
])
Adding Security Group for select labelset: LabelSet(labels={'app': 'app-c', 'role': 'backend'})
Adding Security Group for allow labelset: LabelSet(labels={'app': 'app-c', 'role': 'database'})
SGMod: Adding rule to SG-app:app-crole:backend, remote SG-app:app-crole:database, port 80, type egress
Cannot add rule to remotes: <html><body><h1>429 Too Many Requests</h1>
You have sent too many requests in a given amount of time.
</body></html>

PLS: Configuring new spol Policy(name=app-c-allow-database-backend, sel=LabelSet(labels={'app': 'app-c', 'role': 'database'}), allow=[
(LabelSet(labels={'app': 'app-c', 'role': 'backend'}), Traffic(direction=egress, port=80, protocol=TCP)) 
])
Adding Security Group for select labelset: LabelSet(labels={'app': 'app-c', 'role': 'database'})
Adding Security Group for allow labelset: LabelSet(labels={'app': 'app-c', 'role': 'backend'})
SGMod: Adding rule to SG-app:app-crole:database, remote SG-app:app-crole:backend, port 80, type egress
Cannot add rule to remotes: <html><body><h1>429 Too Many Requests</h1>
You have sent too many requests in a given amount of time.
</body></html>

PLS: Configuring new spol Policy(name=app-c-allow-database-backend, sel=LabelSet(labels={'app': 'app-c', 'role': 'database'}), allow=[
(LabelSet(labels={'app': 'app-c', 'role': 'backend'}), Traffic(direction=ingress, port=80, protocol=TCP)) 
])
Adding Security Group for select labelset: LabelSet(labels={'app': 'app-c', 'role': 'database'})
Adding Security Group for allow labelset: LabelSet(labels={'app': 'app-c', 'role': 'backend'})
SGMod: Adding rule to SG-app:app-crole:database, remote SG-app:app-crole:backend, port 80, type ingress
Cannot add rule to remotes: <html><body><h1>429 Too Many Requests</h1>
You have sent too many requests in a given amount of time.
</body></html>

PLS: Configuring new spol Policy(name=app-c-allow-backend-database, sel=LabelSet(labels={'app': 'app-c', 'role': 'backend'}), allow=[
(LabelSet(labels={'app': 'app-c', 'role': 'database'}), Traffic(direction=ingress, port=80, protocol=TCP)) 
])
Adding Security Group for select labelset: LabelSet(labels={'app': 'app-c', 'role': 'backend'})
Adding Security Group for allow labelset: LabelSet(labels={'app': 'app-c', 'role': 'database'})
SGMod: Adding rule to SG-app:app-crole:backend, remote SG-app:app-crole:database, port 80, type ingress
Cannot add rule to remotes: <html><body><h1>429 Too Many Requests</h1>
You have sent too many requests in a given amount of time.
</body></html>

Attaching security group SG-app:app-crole:database to instance worker
Pod(name=test-pod-35, label_set=LabelSet(labels={'app': 'app-c', 'role': 'database'}), node=Node(name=worker)
New pod: test-pod-36, on node: worker-2
PLS: Configuring new pod with labelset: {L}
PLS: Configuring new spol Policy(name=app-a-allow-frontend-backend, sel=LabelSet(labels={'app': 'app-a', 'role': 'frontend'}), allow=[
(LabelSet(labels={'app': 'app-a', 'role': 'backend'}), Traffic(direction=egress, port=80, protocol=TCP)) 
])
Adding Security Group for select labelset: LabelSet(labels={'app': 'app-a', 'role': 'frontend'})
Adding Security Group for allow labelset: LabelSet(labels={'app': 'app-a', 'role': 'backend'})
SGMod: Adding rule to SG-app:app-arole:frontend, remote SG-app:app-arole:backend, port 80, type egress
Cannot add rule to remotes: <html><body><h1>429 Too Many Requests</h1>
You have sent too many requests in a given amount of time.
</body></html>

PLS: Configuring new spol Policy(name=app-a-allow-backend-frontend, sel=LabelSet(labels={'app': 'app-a', 'role': 'backend'}), allow=[
(LabelSet(labels={'app': 'app-a', 'role': 'frontend'}), Traffic(direction=egress, port=80, protocol=TCP)) 
])
Adding Security Group for select labelset: LabelSet(labels={'app': 'app-a', 'role': 'backend'})
Adding Security Group for allow labelset: LabelSet(labels={'app': 'app-a', 'role': 'frontend'})
SGMod: Adding rule to SG-app:app-arole:backend, remote SG-app:app-arole:frontend, port 80, type egress
Cannot add rule to remotes: <html><body><h1>429 Too Many Requests</h1>
You have sent too many requests in a given amount of time.
</body></html>

PLS: Configuring new spol Policy(name=app-a-allow-backend-frontend, sel=LabelSet(labels={'app': 'app-a', 'role': 'backend'}), allow=[
(LabelSet(labels={'app': 'app-a', 'role': 'frontend'}), Traffic(direction=ingress, port=80, protocol=TCP)) 
])
Adding Security Group for select labelset: LabelSet(labels={'app': 'app-a', 'role': 'backend'})
Adding Security Group for allow labelset: LabelSet(labels={'app': 'app-a', 'role': 'frontend'})
SGMod: Adding rule to SG-app:app-arole:backend, remote SG-app:app-arole:frontend, port 80, type ingress
Cannot add rule to remotes: <html><body><h1>429 Too Many Requests</h1>
You have sent too many requests in a given amount of time.
</body></html>

PLS: Configuring new spol Policy(name=app-a-allow-frontend-backend, sel=LabelSet(labels={'app': 'app-a', 'role': 'frontend'}), allow=[
(LabelSet(labels={'app': 'app-a', 'role': 'backend'}), Traffic(direction=ingress, port=80, protocol=TCP)) 
])
Adding Security Group for select labelset: LabelSet(labels={'app': 'app-a', 'role': 'frontend'})
Adding Security Group for allow labelset: LabelSet(labels={'app': 'app-a', 'role': 'backend'})
SGMod: Adding rule to SG-app:app-arole:frontend, remote SG-app:app-arole:backend, port 80, type ingress
Cannot add rule to remotes: <html><body><h1>429 Too Many Requests</h1>
You have sent too many requests in a given amount of time.
</body></html>

Attaching security group SG-app:app-arole:frontend to instance worker-2
Pod(name=test-pod-36, label_set=LabelSet(labels={'app': 'app-a', 'role': 'frontend'}), node=Node(name=worker-2)
New pod: test-pod-37, on node: worker
Pod(name=test-pod-37, label_set=LabelSet(labels={'app': 'app-a', 'role': 'backend'}), node=Node(name=worker)
Pod test-pod-34 already exists in the cluster.
Pod(name=test-pod-34, label_set=LabelSet(labels={'app': 'app-c', 'role': 'backend'}), node=Node(name=worker-1)
Pod test-pod-36 already exists in the cluster.
Pod(name=test-pod-36, label_set=LabelSet(labels={'app': 'app-a', 'role': 'frontend'}), node=Node(name=worker-2)
New pod: test-pod-38, on node: worker-1
Pod(name=test-pod-38, label_set=LabelSet(labels={'app': 'app-a', 'role': 'database'}), node=Node(name=worker-1)
New pod: test-pod-39, on node: worker
PLS: Configuring new pod with labelset: {L}
PLS: Configuring new spol Policy(name=app-b-allow-backend-frontend, sel=LabelSet(labels={'app': 'app-b', 'role': 'backend'}), allow=[
(LabelSet(labels={'app': 'app-b', 'role': 'frontend'}), Traffic(direction=ingress, port=80, protocol=TCP)) 
])
Adding Security Group for select labelset: LabelSet(labels={'app': 'app-b', 'role': 'backend'})
Adding Security Group for allow labelset: LabelSet(labels={'app': 'app-b', 'role': 'frontend'})
SGMod: Adding rule to SG-app:app-brole:backend, remote SG-app:app-brole:frontend, port 80, type ingress
Cannot add rule to remotes: <html><body><h1>429 Too Many Requests</h1>
You have sent too many requests in a given amount of time.
</body></html>

PLS: Configuring new spol Policy(name=app-b-allow-backend-frontend, sel=LabelSet(labels={'app': 'app-b', 'role': 'backend'}), allow=[
(LabelSet(labels={'app': 'app-b', 'role': 'frontend'}), Traffic(direction=egress, port=80, protocol=TCP)) 
])
Adding Security Group for select labelset: LabelSet(labels={'app': 'app-b', 'role': 'backend'})
Adding Security Group for allow labelset: LabelSet(labels={'app': 'app-b', 'role': 'frontend'})
SGMod: Adding rule to SG-app:app-brole:backend, remote SG-app:app-brole:frontend, port 80, type egress
Cannot add rule to remotes: <html><body><h1>429 Too Many Requests</h1>
You have sent too many requests in a given amount of time.
</body></html>

PLS: Configuring new spol Policy(name=app-b-allow-frontend-backend, sel=LabelSet(labels={'app': 'app-b', 'role': 'frontend'}), allow=[
(LabelSet(labels={'app': 'app-b', 'role': 'backend'}), Traffic(direction=egress, port=80, protocol=TCP)) 
])
Adding Security Group for select labelset: LabelSet(labels={'app': 'app-b', 'role': 'frontend'})
Adding Security Group for allow labelset: LabelSet(labels={'app': 'app-b', 'role': 'backend'})
SGMod: Adding rule to SG-app:app-brole:frontend, remote SG-app:app-brole:backend, port 80, type egress
Cannot add rule to remotes: <html><body><h1>429 Too Many Requests</h1>
You have sent too many requests in a given amount of time.
</body></html>

PLS: Configuring new spol Policy(name=app-b-allow-frontend-backend, sel=LabelSet(labels={'app': 'app-b', 'role': 'frontend'}), allow=[
(LabelSet(labels={'app': 'app-b', 'role': 'backend'}), Traffic(direction=ingress, port=80, protocol=TCP)) 
])
Adding Security Group for select labelset: LabelSet(labels={'app': 'app-b', 'role': 'frontend'})
Adding Security Group for allow labelset: LabelSet(labels={'app': 'app-b', 'role': 'backend'})
SGMod: Adding rule to SG-app:app-brole:frontend, remote SG-app:app-brole:backend, port 80, type ingress
Cannot add rule to remotes: <html><body><h1>429 Too Many Requests</h1>
You have sent too many requests in a given amount of time.
</body></html>

Attaching security group SG-app:app-brole:frontend to instance worker
Pod(name=test-pod-39, label_set=LabelSet(labels={'app': 'app-b', 'role': 'frontend'}), node=Node(name=worker)
Pod test-pod-38 already exists in the cluster.
Pod(name=test-pod-38, label_set=LabelSet(labels={'app': 'app-a', 'role': 'database'}), node=Node(name=worker-1)
New pod: test-pod-40, on node: worker-2
PLS: Configuring new pod with labelset: {L}
PLS: Configuring new spol Policy(name=app-b-allow-backend-frontend, sel=LabelSet(labels={'app': 'app-b', 'role': 'backend'}), allow=[
(LabelSet(labels={'app': 'app-b', 'role': 'frontend'}), Traffic(direction=ingress, port=80, protocol=TCP)) 
])
Adding Security Group for select labelset: LabelSet(labels={'app': 'app-b', 'role': 'backend'})
Adding Security Group for allow labelset: LabelSet(labels={'app': 'app-b', 'role': 'frontend'})
SGMod: Adding rule to SG-app:app-brole:backend, remote SG-app:app-brole:frontend, port 80, type ingress
Cannot add rule to remotes: <html><body><h1>429 Too Many Requests</h1>
You have sent too many requests in a given amount of time.
</body></html>

PLS: Configuring new spol Policy(name=app-b-allow-backend-frontend, sel=LabelSet(labels={'app': 'app-b', 'role': 'backend'}), allow=[
(LabelSet(labels={'app': 'app-b', 'role': 'frontend'}), Traffic(direction=egress, port=80, protocol=TCP)) 
])
Adding Security Group for select labelset: LabelSet(labels={'app': 'app-b', 'role': 'backend'})
Adding Security Group for allow labelset: LabelSet(labels={'app': 'app-b', 'role': 'frontend'})
SGMod: Adding rule to SG-app:app-brole:backend, remote SG-app:app-brole:frontend, port 80, type egress
Cannot add rule to remotes: <html><body><h1>429 Too Many Requests</h1>
You have sent too many requests in a given amount of time.
</body></html>

PLS: Configuring new spol Policy(name=app-b-allow-backend-database, sel=LabelSet(labels={'app': 'app-b', 'role': 'backend'}), allow=[
(LabelSet(labels={'app': 'app-b', 'role': 'database'}), Traffic(direction=ingress, port=80, protocol=TCP)) 
])
Adding Security Group for select labelset: LabelSet(labels={'app': 'app-b', 'role': 'backend'})
Adding Security Group for allow labelset: LabelSet(labels={'app': 'app-b', 'role': 'database'})
SGMod: Adding rule to SG-app:app-brole:backend, remote SG-app:app-brole:database, port 80, type ingress
Cannot add rule to remotes: <html><body><h1>429 Too Many Requests</h1>
You have sent too many requests in a given amount of time.
</body></html>

PLS: Configuring new spol Policy(name=app-b-allow-database-backend, sel=LabelSet(labels={'app': 'app-b', 'role': 'database'}), allow=[
(LabelSet(labels={'app': 'app-b', 'role': 'backend'}), Traffic(direction=ingress, port=80, protocol=TCP)) 
])
Adding Security Group for select labelset: LabelSet(labels={'app': 'app-b', 'role': 'database'})
Adding Security Group for allow labelset: LabelSet(labels={'app': 'app-b', 'role': 'backend'})
SGMod: Adding rule to SG-app:app-brole:database, remote SG-app:app-brole:backend, port 80, type ingress
Cannot add rule to remotes: <html><body><h1>429 Too Many Requests</h1>
You have sent too many requests in a given amount of time.
</body></html>

PLS: Configuring new spol Policy(name=app-b-allow-frontend-backend, sel=LabelSet(labels={'app': 'app-b', 'role': 'frontend'}), allow=[
(LabelSet(labels={'app': 'app-b', 'role': 'backend'}), Traffic(direction=ingress, port=80, protocol=TCP)) 
])
Adding Security Group for select labelset: LabelSet(labels={'app': 'app-b', 'role': 'frontend'})
Adding Security Group for allow labelset: LabelSet(labels={'app': 'app-b', 'role': 'backend'})
SGMod: Adding rule to SG-app:app-brole:frontend, remote SG-app:app-brole:backend, port 80, type ingress
Cannot add rule to remotes: <html><body><h1>429 Too Many Requests</h1>
You have sent too many requests in a given amount of time.
</body></html>

PLS: Configuring new spol Policy(name=app-b-allow-backend-database, sel=LabelSet(labels={'app': 'app-b', 'role': 'backend'}), allow=[
(LabelSet(labels={'app': 'app-b', 'role': 'database'}), Traffic(direction=egress, port=80, protocol=TCP)) 
])
Adding Security Group for select labelset: LabelSet(labels={'app': 'app-b', 'role': 'backend'})
Adding Security Group for allow labelset: LabelSet(labels={'app': 'app-b', 'role': 'database'})
SGMod: Adding rule to SG-app:app-brole:backend, remote SG-app:app-brole:database, port 80, type egress
Cannot add rule to remotes: <html><body><h1>429 Too Many Requests</h1>
You have sent too many requests in a given amount of time.
</body></html>

PLS: Configuring new spol Policy(name=app-b-allow-database-backend, sel=LabelSet(labels={'app': 'app-b', 'role': 'database'}), allow=[
(LabelSet(labels={'app': 'app-b', 'role': 'backend'}), Traffic(direction=egress, port=80, protocol=TCP)) 
])
Adding Security Group for select labelset: LabelSet(labels={'app': 'app-b', 'role': 'database'})
Adding Security Group for allow labelset: LabelSet(labels={'app': 'app-b', 'role': 'backend'})
SGMod: Adding rule to SG-app:app-brole:database, remote SG-app:app-brole:backend, port 80, type egress
Cannot add rule to remotes: <html><body><h1>429 Too Many Requests</h1>
You have sent too many requests in a given amount of time.
</body></html>

PLS: Configuring new spol Policy(name=app-b-allow-frontend-backend, sel=LabelSet(labels={'app': 'app-b', 'role': 'frontend'}), allow=[
(LabelSet(labels={'app': 'app-b', 'role': 'backend'}), Traffic(direction=egress, port=80, protocol=TCP)) 
])
Adding Security Group for select labelset: LabelSet(labels={'app': 'app-b', 'role': 'frontend'})
Adding Security Group for allow labelset: LabelSet(labels={'app': 'app-b', 'role': 'backend'})
SGMod: Adding rule to SG-app:app-brole:frontend, remote SG-app:app-brole:backend, port 80, type egress
Cannot add rule to remotes: <html><body><h1>429 Too Many Requests</h1>
You have sent too many requests in a given amount of time.
</body></html>

Attaching security group SG-app:app-brole:backend to instance worker-2
Pod(name=test-pod-40, label_set=LabelSet(labels={'app': 'app-b', 'role': 'backend'}), node=Node(name=worker-2)
New pod: test-pod-41, on node: worker
Pod(name=test-pod-41, label_set=LabelSet(labels={'app': 'app-b', 'role': 'database'}), node=Node(name=worker)
New pod: test-pod-42, on node: worker-1
Pod(name=test-pod-42, label_set=LabelSet(labels={'app': 'app-c', 'role': 'frontend'}), node=Node(name=worker-1)
Pod test-pod-40 already exists in the cluster.
Pod(name=test-pod-40, label_set=LabelSet(labels={'app': 'app-b', 'role': 'backend'}), node=Node(name=worker-2)
New pod: test-pod-43, on node: worker-1
Pod(name=test-pod-43, label_set=LabelSet(labels={'app': 'app-c', 'role': 'backend'}), node=Node(name=worker-1)
New pod: test-pod-44, on node: worker-1
PLS: Configuring new pod with labelset: {L}
PLS: Configuring new spol Policy(name=app-c-allow-backend-database, sel=LabelSet(labels={'app': 'app-c', 'role': 'backend'}), allow=[
(LabelSet(labels={'app': 'app-c', 'role': 'database'}), Traffic(direction=egress, port=80, protocol=TCP)) 
])
Adding Security Group for select labelset: LabelSet(labels={'app': 'app-c', 'role': 'backend'})
Adding Security Group for allow labelset: LabelSet(labels={'app': 'app-c', 'role': 'database'})
SGMod: Adding rule to SG-app:app-crole:backend, remote SG-app:app-crole:database, port 80, type egress
Cannot add rule to remotes: <html><body><h1>429 Too Many Requests</h1>
You have sent too many requests in a given amount of time.
</body></html>

PLS: Configuring new spol Policy(name=app-c-allow-database-backend, sel=LabelSet(labels={'app': 'app-c', 'role': 'database'}), allow=[
(LabelSet(labels={'app': 'app-c', 'role': 'backend'}), Traffic(direction=egress, port=80, protocol=TCP)) 
])
Adding Security Group for select labelset: LabelSet(labels={'app': 'app-c', 'role': 'database'})
Adding Security Group for allow labelset: LabelSet(labels={'app': 'app-c', 'role': 'backend'})
SGMod: Adding rule to SG-app:app-crole:database, remote SG-app:app-crole:backend, port 80, type egress
Cannot add rule to remotes: <html><body><h1>429 Too Many Requests</h1>
You have sent too many requests in a given amount of time.
</body></html>

PLS: Configuring new spol Policy(name=app-c-allow-database-backend, sel=LabelSet(labels={'app': 'app-c', 'role': 'database'}), allow=[
(LabelSet(labels={'app': 'app-c', 'role': 'backend'}), Traffic(direction=ingress, port=80, protocol=TCP)) 
])
Adding Security Group for select labelset: LabelSet(labels={'app': 'app-c', 'role': 'database'})
Adding Security Group for allow labelset: LabelSet(labels={'app': 'app-c', 'role': 'backend'})
SGMod: Adding rule to SG-app:app-crole:database, remote SG-app:app-crole:backend, port 80, type ingress
Cannot add rule to remotes: <html><body><h1>429 Too Many Requests</h1>
You have sent too many requests in a given amount of time.
</body></html>

PLS: Configuring new spol Policy(name=app-c-allow-backend-database, sel=LabelSet(labels={'app': 'app-c', 'role': 'backend'}), allow=[
(LabelSet(labels={'app': 'app-c', 'role': 'database'}), Traffic(direction=ingress, port=80, protocol=TCP)) 
])
Adding Security Group for select labelset: LabelSet(labels={'app': 'app-c', 'role': 'backend'})
Adding Security Group for allow labelset: LabelSet(labels={'app': 'app-c', 'role': 'database'})
SGMod: Adding rule to SG-app:app-crole:backend, remote SG-app:app-crole:database, port 80, type ingress
Cannot add rule to remotes: <html><body><h1>429 Too Many Requests</h1>
You have sent too many requests in a given amount of time.
</body></html>

Attaching security group SG-app:app-crole:database to instance worker-1
Pod(name=test-pod-44, label_set=LabelSet(labels={'app': 'app-c', 'role': 'database'}), node=Node(name=worker-1)
Pod test-pod-42 already exists in the cluster.
Pod(name=test-pod-42, label_set=LabelSet(labels={'app': 'app-c', 'role': 'frontend'}), node=Node(name=worker-1)
New pod: test-pod-45, on node: worker-2
Pod(name=test-pod-45, label_set=LabelSet(labels={'app': 'app-a', 'role': 'frontend'}), node=Node(name=worker-2)
Pod test-pod-44 already exists in the cluster.
Pod(name=test-pod-44, label_set=LabelSet(labels={'app': 'app-c', 'role': 'database'}), node=Node(name=worker-1)
New pod: test-pod-46, on node: worker-2
Pod(name=test-pod-46, label_set=LabelSet(labels={'app': 'app-a', 'role': 'backend'}), node=Node(name=worker-2)
Pod test-pod-45 already exists in the cluster.
Pod(name=test-pod-45, label_set=LabelSet(labels={'app': 'app-a', 'role': 'frontend'}), node=Node(name=worker-2)
Pod test-pod-1 already exists in the cluster.
Pod(name=test-pod-1, label_set=LabelSet(labels={'app': 'app-a', 'role': 'backend'}), node=Node(name=worker-2)
New pod: test-pod-47, on node: worker-2
Pod(name=test-pod-47, label_set=LabelSet(labels={'app': 'app-a', 'role': 'database'}), node=Node(name=worker-2)
New pod: test-pod-48, on node: worker-1
Pod(name=test-pod-48, label_set=LabelSet(labels={'app': 'app-b', 'role': 'frontend'}), node=Node(name=worker-1)
Pod test-pod-46 already exists in the cluster.
Pod(name=test-pod-46, label_set=LabelSet(labels={'app': 'app-a', 'role': 'backend'}), node=Node(name=worker-2)
Pod test-pod-43 already exists in the cluster.
Pod(name=test-pod-43, label_set=LabelSet(labels={'app': 'app-c', 'role': 'backend'}), node=Node(name=worker-1)
New pod: test-pod-49, on node: worker-2
Pod(name=test-pod-49, label_set=LabelSet(labels={'app': 'app-b', 'role': 'backend'}), node=Node(name=worker-2)
Pod test-pod-47 already exists in the cluster.
Pod(name=test-pod-47, label_set=LabelSet(labels={'app': 'app-a', 'role': 'database'}), node=Node(name=worker-2)
Pod test-pod-48 already exists in the cluster.
Pod(name=test-pod-48, label_set=LabelSet(labels={'app': 'app-b', 'role': 'frontend'}), node=Node(name=worker-1)
New pod: test-pod-50, on node: worker-2
Pod(name=test-pod-50, label_set=LabelSet(labels={'app': 'app-b', 'role': 'database'}), node=Node(name=worker-2)
Pod test-pod-3 already exists in the cluster.
Pod(name=test-pod-3, label_set=LabelSet(labels={'app': 'app-b', 'role': 'frontend'}), node=Node(name=worker-2)
New pod: test-pod-51, on node: worker-1
Pod(name=test-pod-51, label_set=LabelSet(labels={'app': 'app-c', 'role': 'frontend'}), node=Node(name=worker-1)
New pod: test-pod-52, on node: worker
Pod(name=test-pod-52, label_set=LabelSet(labels={'app': 'app-c', 'role': 'backend'}), node=Node(name=worker)
Pod test-pod-49 already exists in the cluster.
Pod(name=test-pod-49, label_set=LabelSet(labels={'app': 'app-b', 'role': 'backend'}), node=Node(name=worker-2)
Pod test-pod-51 already exists in the cluster.
Pod(name=test-pod-51, label_set=LabelSet(labels={'app': 'app-c', 'role': 'frontend'}), node=Node(name=worker-1)
New pod: test-pod-53, on node: worker
Pod(name=test-pod-53, label_set=LabelSet(labels={'app': 'app-c', 'role': 'database'}), node=Node(name=worker)
New pod: test-pod-54, on node: worker-1
Pod(name=test-pod-54, label_set=LabelSet(labels={'app': 'app-a', 'role': 'frontend'}), node=Node(name=worker-1)
Pod test-pod-50 already exists in the cluster.
Pod(name=test-pod-50, label_set=LabelSet(labels={'app': 'app-b', 'role': 'database'}), node=Node(name=worker-2)
New pod: test-pod-55, on node: worker-2
Pod(name=test-pod-55, label_set=LabelSet(labels={'app': 'app-a', 'role': 'backend'}), node=Node(name=worker-2)
Pod test-pod-54 already exists in the cluster.
Pod(name=test-pod-54, label_set=LabelSet(labels={'app': 'app-a', 'role': 'frontend'}), node=Node(name=worker-1)
New pod: test-pod-56, on node: worker
Pod(name=test-pod-56, label_set=LabelSet(labels={'app': 'app-a', 'role': 'database'}), node=Node(name=worker)
Pod test-pod-0 already exists in the cluster.
Pod(name=test-pod-0, label_set=LabelSet(labels={'app': 'app-a', 'role': 'frontend'}), node=Node(name=worker-1)
Pod test-pod-55 already exists in the cluster.
Pod(name=test-pod-55, label_set=LabelSet(labels={'app': 'app-a', 'role': 'backend'}), node=Node(name=worker-2)
New pod: test-pod-57, on node: worker
Pod(name=test-pod-57, label_set=LabelSet(labels={'app': 'app-b', 'role': 'frontend'}), node=Node(name=worker)
New pod: test-pod-58, on node: worker-1
Pod(name=test-pod-58, label_set=LabelSet(labels={'app': 'app-b', 'role': 'backend'}), node=Node(name=worker-1)
New pod: test-pod-59, on node: worker-1
Pod(name=test-pod-59, label_set=LabelSet(labels={'app': 'app-b', 'role': 'database'}), node=Node(name=worker-1)
New pod: test-pod-60, on node: worker-2
Pod(name=test-pod-60, label_set=LabelSet(labels={'app': 'app-c', 'role': 'frontend'}), node=Node(name=worker-2)
Pod test-pod-58 already exists in the cluster.
Pod(name=test-pod-58, label_set=LabelSet(labels={'app': 'app-b', 'role': 'backend'}), node=Node(name=worker-1)
New pod: test-pod-61, on node: worker
Pod(name=test-pod-61, label_set=LabelSet(labels={'app': 'app-c', 'role': 'backend'}), node=Node(name=worker)
Pod test-pod-60 already exists in the cluster.
Pod(name=test-pod-60, label_set=LabelSet(labels={'app': 'app-c', 'role': 'frontend'}), node=Node(name=worker-2)
Pod test-pod-59 already exists in the cluster.
Pod(name=test-pod-59, label_set=LabelSet(labels={'app': 'app-b', 'role': 'database'}), node=Node(name=worker-1)
Pod test-pod-8 already exists in the cluster.
Pod(name=test-pod-8, label_set=LabelSet(labels={'app': 'app-c', 'role': 'database'}), node=Node(name=worker-2)
New pod: test-pod-62, on node: worker-2
Pod(name=test-pod-62, label_set=LabelSet(labels={'app': 'app-c', 'role': 'database'}), node=Node(name=worker-2)
New pod: test-pod-63, on node: worker-1
Pod(name=test-pod-63, label_set=LabelSet(labels={'app': 'app-a', 'role': 'frontend'}), node=Node(name=worker-1)
New pod: test-pod-64, on node: worker-1
PLS: Configuring new pod with labelset: {L}
PLS: Configuring new spol Policy(name=app-a-allow-frontend-backend, sel=LabelSet(labels={'app': 'app-a', 'role': 'frontend'}), allow=[
(LabelSet(labels={'app': 'app-a', 'role': 'backend'}), Traffic(direction=egress, port=80, protocol=TCP)) 
])
Adding Security Group for select labelset: LabelSet(labels={'app': 'app-a', 'role': 'frontend'})
Adding Security Group for allow labelset: LabelSet(labels={'app': 'app-a', 'role': 'backend'})
SGMod: Adding rule to SG-app:app-arole:frontend, remote SG-app:app-arole:backend, port 80, type egress
Cannot add rule to remotes: <html><body><h1>429 Too Many Requests</h1>
You have sent too many requests in a given amount of time.
</body></html>

PLS: Configuring new spol Policy(name=app-a-allow-database-backend, sel=LabelSet(labels={'app': 'app-a', 'role': 'database'}), allow=[
(LabelSet(labels={'app': 'app-a', 'role': 'backend'}), Traffic(direction=ingress, port=80, protocol=TCP)) 
])
Adding Security Group for select labelset: LabelSet(labels={'app': 'app-a', 'role': 'database'})
Adding Security Group for allow labelset: LabelSet(labels={'app': 'app-a', 'role': 'backend'})
SGMod: Adding rule to SG-app:app-arole:database, remote SG-app:app-arole:backend, port 80, type ingress
Cannot add rule to remotes: <html><body><h1>429 Too Many Requests</h1>
You have sent too many requests in a given amount of time.
</body></html>

PLS: Configuring new spol Policy(name=app-a-allow-backend-frontend, sel=LabelSet(labels={'app': 'app-a', 'role': 'backend'}), allow=[
(LabelSet(labels={'app': 'app-a', 'role': 'frontend'}), Traffic(direction=egress, port=80, protocol=TCP)) 
])
Adding Security Group for select labelset: LabelSet(labels={'app': 'app-a', 'role': 'backend'})
Adding Security Group for allow labelset: LabelSet(labels={'app': 'app-a', 'role': 'frontend'})
SGMod: Adding rule to SG-app:app-arole:backend, remote SG-app:app-arole:frontend, port 80, type egress
Cannot add rule to remotes: <html><body><h1>429 Too Many Requests</h1>
You have sent too many requests in a given amount of time.
</body></html>

PLS: Configuring new spol Policy(name=app-a-allow-frontend-backend, sel=LabelSet(labels={'app': 'app-a', 'role': 'frontend'}), allow=[
(LabelSet(labels={'app': 'app-a', 'role': 'backend'}), Traffic(direction=ingress, port=80, protocol=TCP)) 
])
Adding Security Group for select labelset: LabelSet(labels={'app': 'app-a', 'role': 'frontend'})
Adding Security Group for allow labelset: LabelSet(labels={'app': 'app-a', 'role': 'backend'})
SGMod: Adding rule to SG-app:app-arole:frontend, remote SG-app:app-arole:backend, port 80, type ingress
Cannot add rule to remotes: <html><body><h1>429 Too Many Requests</h1>
You have sent too many requests in a given amount of time.
</body></html>

PLS: Configuring new spol Policy(name=app-a-allow-backend-database, sel=LabelSet(labels={'app': 'app-a', 'role': 'backend'}), allow=[
(LabelSet(labels={'app': 'app-a', 'role': 'database'}), Traffic(direction=ingress, port=80, protocol=TCP)) 
])
Adding Security Group for select labelset: LabelSet(labels={'app': 'app-a', 'role': 'backend'})
Adding Security Group for allow labelset: LabelSet(labels={'app': 'app-a', 'role': 'database'})
SGMod: Adding rule to SG-app:app-arole:backend, remote SG-app:app-arole:database, port 80, type ingress
Cannot add rule to remotes: <html><body><h1>429 Too Many Requests</h1>
You have sent too many requests in a given amount of time.
</body></html>

PLS: Configuring new spol Policy(name=app-a-allow-database-backend, sel=LabelSet(labels={'app': 'app-a', 'role': 'database'}), allow=[
(LabelSet(labels={'app': 'app-a', 'role': 'backend'}), Traffic(direction=egress, port=80, protocol=TCP)) 
])
Adding Security Group for select labelset: LabelSet(labels={'app': 'app-a', 'role': 'database'})
Adding Security Group for allow labelset: LabelSet(labels={'app': 'app-a', 'role': 'backend'})
SGMod: Adding rule to SG-app:app-arole:database, remote SG-app:app-arole:backend, port 80, type egress
Cannot add rule to remotes: <html><body><h1>429 Too Many Requests</h1>
You have sent too many requests in a given amount of time.
</body></html>

PLS: Configuring new spol Policy(name=app-a-allow-backend-database, sel=LabelSet(labels={'app': 'app-a', 'role': 'backend'}), allow=[
(LabelSet(labels={'app': 'app-a', 'role': 'database'}), Traffic(direction=egress, port=80, protocol=TCP)) 
])
Adding Security Group for select labelset: LabelSet(labels={'app': 'app-a', 'role': 'backend'})
Adding Security Group for allow labelset: LabelSet(labels={'app': 'app-a', 'role': 'database'})
SGMod: Adding rule to SG-app:app-arole:backend, remote SG-app:app-arole:database, port 80, type egress
Cannot add rule to remotes: <html><body><h1>429 Too Many Requests</h1>
You have sent too many requests in a given amount of time.
</body></html>

PLS: Configuring new spol Policy(name=app-a-allow-backend-frontend, sel=LabelSet(labels={'app': 'app-a', 'role': 'backend'}), allow=[
(LabelSet(labels={'app': 'app-a', 'role': 'frontend'}), Traffic(direction=ingress, port=80, protocol=TCP)) 
])
Adding Security Group for select labelset: LabelSet(labels={'app': 'app-a', 'role': 'backend'})
Adding Security Group for allow labelset: LabelSet(labels={'app': 'app-a', 'role': 'frontend'})
SGMod: Adding rule to SG-app:app-arole:backend, remote SG-app:app-arole:frontend, port 80, type ingress
Cannot add rule to remotes: <html><body><h1>429 Too Many Requests</h1>
You have sent too many requests in a given amount of time.
</body></html>

Attaching security group SG-app:app-arole:backend to instance worker-1
Pod(name=test-pod-64, label_set=LabelSet(labels={'app': 'app-a', 'role': 'backend'}), node=Node(name=worker-1)
New pod: test-pod-65, on node: worker-2
Pod(name=test-pod-65, label_set=LabelSet(labels={'app': 'app-a', 'role': 'database'}), node=Node(name=worker-2)
Pod test-pod-63 already exists in the cluster.
Pod(name=test-pod-63, label_set=LabelSet(labels={'app': 'app-a', 'role': 'frontend'}), node=Node(name=worker-1)
Pod test-pod-62 already exists in the cluster.
Pod(name=test-pod-62, label_set=LabelSet(labels={'app': 'app-c', 'role': 'database'}), node=Node(name=worker-2)
New pod: test-pod-66, on node: worker-1
Pod(name=test-pod-66, label_set=LabelSet(labels={'app': 'app-b', 'role': 'frontend'}), node=Node(name=worker-1)
New pod: test-pod-67, on node: worker-2
Pod(name=test-pod-67, label_set=LabelSet(labels={'app': 'app-b', 'role': 'backend'}), node=Node(name=worker-2)
Pod test-pod-64 already exists in the cluster.
Pod(name=test-pod-64, label_set=LabelSet(labels={'app': 'app-a', 'role': 'backend'}), node=Node(name=worker-1)
New pod: test-pod-68, on node: worker
Pod(name=test-pod-68, label_set=LabelSet(labels={'app': 'app-b', 'role': 'database'}), node=Node(name=worker)
New pod: test-pod-69, on node: worker
Pod(name=test-pod-69, label_set=LabelSet(labels={'app': 'app-c', 'role': 'frontend'}), node=Node(name=worker)
Pod test-pod-65 already exists in the cluster.
Pod(name=test-pod-65, label_set=LabelSet(labels={'app': 'app-a', 'role': 'database'}), node=Node(name=worker-2)
New pod: test-pod-70, on node: worker-2
PLS: Configuring new pod with labelset: {L}
PLS: Configuring new spol Policy(name=app-c-allow-database-backend, sel=LabelSet(labels={'app': 'app-c', 'role': 'database'}), allow=[
(LabelSet(labels={'app': 'app-c', 'role': 'backend'}), Traffic(direction=egress, port=80, protocol=TCP)) 
])
Adding Security Group for select labelset: LabelSet(labels={'app': 'app-c', 'role': 'database'})
Adding Security Group for allow labelset: LabelSet(labels={'app': 'app-c', 'role': 'backend'})
SGMod: Adding rule to SG-app:app-crole:database, remote SG-app:app-crole:backend, port 80, type egress
Cannot add rule to remotes: <html><body><h1>429 Too Many Requests</h1>
You have sent too many requests in a given amount of time.
</body></html>

PLS: Configuring new spol Policy(name=app-c-allow-backend-frontend, sel=LabelSet(labels={'app': 'app-c', 'role': 'backend'}), allow=[
(LabelSet(labels={'app': 'app-c', 'role': 'frontend'}), Traffic(direction=ingress, port=80, protocol=TCP)) 
])
Adding Security Group for select labelset: LabelSet(labels={'app': 'app-c', 'role': 'backend'})
Adding Security Group for allow labelset: LabelSet(labels={'app': 'app-c', 'role': 'frontend'})
SGMod: Adding rule to SG-app:app-crole:backend, remote SG-app:app-crole:frontend, port 80, type ingress
Cannot add rule to remotes: <html><body><h1>429 Too Many Requests</h1>
You have sent too many requests in a given amount of time.
</body></html>

PLS: Configuring new spol Policy(name=app-c-allow-backend-frontend, sel=LabelSet(labels={'app': 'app-c', 'role': 'backend'}), allow=[
(LabelSet(labels={'app': 'app-c', 'role': 'frontend'}), Traffic(direction=egress, port=80, protocol=TCP)) 
])
Adding Security Group for select labelset: LabelSet(labels={'app': 'app-c', 'role': 'backend'})
Adding Security Group for allow labelset: LabelSet(labels={'app': 'app-c', 'role': 'frontend'})
SGMod: Adding rule to SG-app:app-crole:backend, remote SG-app:app-crole:frontend, port 80, type egress
Cannot add rule to remotes: <html><body><h1>429 Too Many Requests</h1>
You have sent too many requests in a given amount of time.
</body></html>

PLS: Configuring new spol Policy(name=app-c-allow-backend-database, sel=LabelSet(labels={'app': 'app-c', 'role': 'backend'}), allow=[
(LabelSet(labels={'app': 'app-c', 'role': 'database'}), Traffic(direction=egress, port=80, protocol=TCP)) 
])
Adding Security Group for select labelset: LabelSet(labels={'app': 'app-c', 'role': 'backend'})
Adding Security Group for allow labelset: LabelSet(labels={'app': 'app-c', 'role': 'database'})
SGMod: Adding rule to SG-app:app-crole:backend, remote SG-app:app-crole:database, port 80, type egress
Cannot add rule to remotes: <html><body><h1>429 Too Many Requests</h1>
You have sent too many requests in a given amount of time.
</body></html>

PLS: Configuring new spol Policy(name=app-c-allow-frontend-backend, sel=LabelSet(labels={'app': 'app-c', 'role': 'frontend'}), allow=[
(LabelSet(labels={'app': 'app-c', 'role': 'backend'}), Traffic(direction=egress, port=80, protocol=TCP)) 
])
Adding Security Group for select labelset: LabelSet(labels={'app': 'app-c', 'role': 'frontend'})
Adding Security Group for allow labelset: LabelSet(labels={'app': 'app-c', 'role': 'backend'})
SGMod: Adding rule to SG-app:app-crole:frontend, remote SG-app:app-crole:backend, port 80, type egress
Cannot add rule to remotes: <html><body><h1>429 Too Many Requests</h1>
You have sent too many requests in a given amount of time.
</body></html>

PLS: Configuring new spol Policy(name=app-c-allow-database-backend, sel=LabelSet(labels={'app': 'app-c', 'role': 'database'}), allow=[
(LabelSet(labels={'app': 'app-c', 'role': 'backend'}), Traffic(direction=ingress, port=80, protocol=TCP)) 
])
Adding Security Group for select labelset: LabelSet(labels={'app': 'app-c', 'role': 'database'})
Adding Security Group for allow labelset: LabelSet(labels={'app': 'app-c', 'role': 'backend'})
SGMod: Adding rule to SG-app:app-crole:database, remote SG-app:app-crole:backend, port 80, type ingress
Cannot add rule to remotes: <html><body><h1>429 Too Many Requests</h1>
You have sent too many requests in a given amount of time.
</body></html>

PLS: Configuring new spol Policy(name=app-c-allow-backend-database, sel=LabelSet(labels={'app': 'app-c', 'role': 'backend'}), allow=[
(LabelSet(labels={'app': 'app-c', 'role': 'database'}), Traffic(direction=ingress, port=80, protocol=TCP)) 
])
Adding Security Group for select labelset: LabelSet(labels={'app': 'app-c', 'role': 'backend'})
Adding Security Group for allow labelset: LabelSet(labels={'app': 'app-c', 'role': 'database'})
SGMod: Adding rule to SG-app:app-crole:backend, remote SG-app:app-crole:database, port 80, type ingress
Cannot add rule to remotes: <html><body><h1>429 Too Many Requests</h1>
You have sent too many requests in a given amount of time.
</body></html>

PLS: Configuring new spol Policy(name=app-c-allow-frontend-backend, sel=LabelSet(labels={'app': 'app-c', 'role': 'frontend'}), allow=[
(LabelSet(labels={'app': 'app-c', 'role': 'backend'}), Traffic(direction=ingress, port=80, protocol=TCP)) 
])
Adding Security Group for select labelset: LabelSet(labels={'app': 'app-c', 'role': 'frontend'})
Adding Security Group for allow labelset: LabelSet(labels={'app': 'app-c', 'role': 'backend'})
SGMod: Adding rule to SG-app:app-crole:frontend, remote SG-app:app-crole:backend, port 80, type ingress
Cannot add rule to remotes: <html><body><h1>429 Too Many Requests</h1>
You have sent too many requests in a given amount of time.
</body></html>

Attaching security group SG-app:app-crole:backend to instance worker-2
Pod(name=test-pod-70, label_set=LabelSet(labels={'app': 'app-c', 'role': 'backend'}), node=Node(name=worker-2)
Pod test-pod-67 already exists in the cluster.
Pod(name=test-pod-67, label_set=LabelSet(labels={'app': 'app-b', 'role': 'backend'}), node=Node(name=worker-2)
New pod: test-pod-71, on node: worker-2
Pod(name=test-pod-71, label_set=LabelSet(labels={'app': 'app-c', 'role': 'database'}), node=Node(name=worker-2)
Pod test-pod-66 already exists in the cluster.
Pod(name=test-pod-66, label_set=LabelSet(labels={'app': 'app-b', 'role': 'frontend'}), node=Node(name=worker-1)
New pod: test-pod-72, on node: worker
Pod(name=test-pod-72, label_set=LabelSet(labels={'app': 'app-a', 'role': 'frontend'}), node=Node(name=worker)
Pod test-pod-6 already exists in the cluster.
Pod(name=test-pod-6, label_set=LabelSet(labels={'app': 'app-c', 'role': 'frontend'}), node=Node(name=worker-1)
Pod test-pod-70 already exists in the cluster.
Pod(name=test-pod-70, label_set=LabelSet(labels={'app': 'app-c', 'role': 'backend'}), node=Node(name=worker-2)
New pod: test-pod-73, on node: worker-2
Pod(name=test-pod-73, label_set=LabelSet(labels={'app': 'app-a', 'role': 'backend'}), node=Node(name=worker-2)
Pod test-pod-5 already exists in the cluster.
Pod(name=test-pod-5, label_set=LabelSet(labels={'app': 'app-b', 'role': 'database'}), node=Node(name=worker-1)
Pod test-pod-71 already exists in the cluster.
Pod(name=test-pod-71, label_set=LabelSet(labels={'app': 'app-c', 'role': 'database'}), node=Node(name=worker-2)
Pod test-pod-73 already exists in the cluster.
Pod(name=test-pod-73, label_set=LabelSet(labels={'app': 'app-a', 'role': 'backend'}), node=Node(name=worker-2)
Pod test-pod-10 already exists in the cluster.
Pod(name=test-pod-10, label_set=LabelSet(labels={'app': 'app-a', 'role': 'backend'}), node=Node(name=worker-2)
New pod: test-pod-74, on node: worker
Pod(name=test-pod-74, label_set=LabelSet(labels={'app': 'app-a', 'role': 'database'}), node=Node(name=worker)
New pod: test-pod-75, on node: worker-1
Pod(name=test-pod-75, label_set=LabelSet(labels={'app': 'app-b', 'role': 'frontend'}), node=Node(name=worker-1)
New pod: test-pod-77, on node: worker
Pod(name=test-pod-77, label_set=LabelSet(labels={'app': 'app-b', 'role': 'database'}), node=Node(name=worker)
New pod: test-pod-76, on node: worker
Pod(name=test-pod-76, label_set=LabelSet(labels={'app': 'app-b', 'role': 'backend'}), node=Node(name=worker)
New pod: test-pod-79, on node: worker
Pod(name=test-pod-79, label_set=LabelSet(labels={'app': 'app-c', 'role': 'backend'}), node=Node(name=worker)
New pod: test-pod-80, on node: worker-2
Pod(name=test-pod-80, label_set=LabelSet(labels={'app': 'app-c', 'role': 'database'}), node=Node(name=worker-2)
New pod: test-pod-78, on node: worker
Pod(name=test-pod-78, label_set=LabelSet(labels={'app': 'app-c', 'role': 'frontend'}), node=Node(name=worker)
New pod: test-pod-84, on node: worker
Pod(name=test-pod-84, label_set=LabelSet(labels={'app': 'app-b', 'role': 'frontend'}), node=Node(name=worker)
New pod: test-pod-81, on node: worker-2
Pod(name=test-pod-81, label_set=LabelSet(labels={'app': 'app-a', 'role': 'frontend'}), node=Node(name=worker-2)
New pod: test-pod-83, on node: worker-2
Pod(name=test-pod-83, label_set=LabelSet(labels={'app': 'app-a', 'role': 'database'}), node=Node(name=worker-2)
New pod: test-pod-85, on node: worker-1
Pod(name=test-pod-85, label_set=LabelSet(labels={'app': 'app-b', 'role': 'backend'}), node=Node(name=worker-1)
New pod: test-pod-87, on node: worker-1
Pod(name=test-pod-87, label_set=LabelSet(labels={'app': 'app-c', 'role': 'frontend'}), node=Node(name=worker-1)
New pod: test-pod-88, on node: worker
Pod(name=test-pod-88, label_set=LabelSet(labels={'app': 'app-c', 'role': 'backend'}), node=Node(name=worker)
New pod: test-pod-86, on node: worker
Pod(name=test-pod-86, label_set=LabelSet(labels={'app': 'app-b', 'role': 'database'}), node=Node(name=worker)
New pod: test-pod-82, on node: worker-1
Pod(name=test-pod-82, label_set=LabelSet(labels={'app': 'app-a', 'role': 'backend'}), node=Node(name=worker-1)
Pod test-pod-11 already exists in the cluster.
Pod(name=test-pod-11, label_set=LabelSet(labels={'app': 'app-a', 'role': 'database'}), node=Node(name=worker-1)
New pod: test-pod-89, on node: worker-2
Pod(name=test-pod-89, label_set=LabelSet(labels={'app': 'app-c', 'role': 'database'}), node=Node(name=worker-2)
Pod test-pod-80 already exists in the cluster.
Pod(name=test-pod-80, label_set=LabelSet(labels={'app': 'app-c', 'role': 'database'}), node=Node(name=worker-2)
New pod: test-pod-90, on node: worker
Pod(name=test-pod-90, label_set=LabelSet(labels={'app': 'app-a', 'role': 'frontend'}), node=Node(name=worker)
Pod test-pod-75 already exists in the cluster.
Pod(name=test-pod-75, label_set=LabelSet(labels={'app': 'app-b', 'role': 'frontend'}), node=Node(name=worker-1)
New pod: test-pod-91, on node: worker-2
Pod(name=test-pod-91, label_set=LabelSet(labels={'app': 'app-a', 'role': 'backend'}), node=Node(name=worker-2)
Pod test-pod-81 already exists in the cluster.
Pod(name=test-pod-81, label_set=LabelSet(labels={'app': 'app-a', 'role': 'frontend'}), node=Node(name=worker-2)
New pod: test-pod-92, on node: worker-2
Pod(name=test-pod-92, label_set=LabelSet(labels={'app': 'app-a', 'role': 'database'}), node=Node(name=worker-2)
Pod test-pod-14 already exists in the cluster.
Pod(name=test-pod-14, label_set=LabelSet(labels={'app': 'app-b', 'role': 'database'}), node=Node(name=worker-2)
Pod test-pod-82 already exists in the cluster.
Pod(name=test-pod-82, label_set=LabelSet(labels={'app': 'app-a', 'role': 'backend'}), node=Node(name=worker-1)
Pod test-pod-83 already exists in the cluster.
Pod(name=test-pod-83, label_set=LabelSet(labels={'app': 'app-a', 'role': 'database'}), node=Node(name=worker-2)
New pod: test-pod-93, on node: worker-2
Pod(name=test-pod-93, label_set=LabelSet(labels={'app': 'app-b', 'role': 'frontend'}), node=Node(name=worker-2)
New pod: test-pod-94, on node: worker
Pod(name=test-pod-94, label_set=LabelSet(labels={'app': 'app-b', 'role': 'backend'}), node=Node(name=worker)
Pod test-pod-85 already exists in the cluster.
Pod(name=test-pod-85, label_set=LabelSet(labels={'app': 'app-b', 'role': 'backend'}), node=Node(name=worker-1)
Pod test-pod-91 already exists in the cluster.
Pod(name=test-pod-91, label_set=LabelSet(labels={'app': 'app-a', 'role': 'backend'}), node=Node(name=worker-2)
Pod test-pod-19 already exists in the cluster.
Pod(name=test-pod-19, label_set=LabelSet(labels={'app': 'app-a', 'role': 'backend'}), node=Node(name=worker-2)
New pod: test-pod-95, on node: worker-1
Pod(name=test-pod-95, label_set=LabelSet(labels={'app': 'app-b', 'role': 'database'}), node=Node(name=worker-1)
Pod test-pod-17 already exists in the cluster.
Pod(name=test-pod-17, label_set=LabelSet(labels={'app': 'app-c', 'role': 'database'}), node=Node(name=worker-2)
New pod: test-pod-96, on node: worker-1
Pod(name=test-pod-96, label_set=LabelSet(labels={'app': 'app-c', 'role': 'frontend'}), node=Node(name=worker-1)
Pod test-pod-87 already exists in the cluster.
Pod(name=test-pod-87, label_set=LabelSet(labels={'app': 'app-c', 'role': 'frontend'}), node=Node(name=worker-1)
Pod test-pod-89 already exists in the cluster.
Pod(name=test-pod-89, label_set=LabelSet(labels={'app': 'app-c', 'role': 'database'}), node=Node(name=worker-2)
New pod: test-pod-97, on node: worker
Pod(name=test-pod-97, label_set=LabelSet(labels={'app': 'app-c', 'role': 'backend'}), node=Node(name=worker)
New pod: test-pod-98, on node: worker
Pod(name=test-pod-98, label_set=LabelSet(labels={'app': 'app-c', 'role': 'database'}), node=Node(name=worker)
Pod test-pod-95 already exists in the cluster.
Pod(name=test-pod-95, label_set=LabelSet(labels={'app': 'app-b', 'role': 'database'}), node=Node(name=worker-1)
Pod test-pod-92 already exists in the cluster.
Pod(name=test-pod-92, label_set=LabelSet(labels={'app': 'app-a', 'role': 'database'}), node=Node(name=worker-2)
New pod: test-pod-99, on node: worker-2
Pod(name=test-pod-99, label_set=LabelSet(labels={'app': 'app-a', 'role': 'frontend'}), node=Node(name=worker-2)
New pod: test-pod-100, on node: worker-2
Pod(name=test-pod-100, label_set=LabelSet(labels={'app': 'app-a', 'role': 'backend'}), node=Node(name=worker-2)
Pod test-pod-93 already exists in the cluster.
Pod(name=test-pod-93, label_set=LabelSet(labels={'app': 'app-b', 'role': 'frontend'}), node=Node(name=worker-2)
Pod test-pod-96 already exists in the cluster.
Pod(name=test-pod-96, label_set=LabelSet(labels={'app': 'app-c', 'role': 'frontend'}), node=Node(name=worker-1)
New pod: test-pod-101, on node: worker
Pod(name=test-pod-101, label_set=LabelSet(labels={'app': 'app-a', 'role': 'database'}), node=Node(name=worker)
Pod test-pod-100 already exists in the cluster.
Pod(name=test-pod-100, label_set=LabelSet(labels={'app': 'app-a', 'role': 'backend'}), node=Node(name=worker-2)
New pod: test-pod-102, on node: worker
Pod(name=test-pod-102, label_set=LabelSet(labels={'app': 'app-b', 'role': 'frontend'}), node=Node(name=worker)
Pod test-pod-99 already exists in the cluster.
Pod(name=test-pod-99, label_set=LabelSet(labels={'app': 'app-a', 'role': 'frontend'}), node=Node(name=worker-2)
New pod: test-pod-103, on node: worker
Pod(name=test-pod-103, label_set=LabelSet(labels={'app': 'app-b', 'role': 'backend'}), node=Node(name=worker)
Pod test-pod-12 already exists in the cluster.
Pod(name=test-pod-12, label_set=LabelSet(labels={'app': 'app-b', 'role': 'frontend'}), node=Node(name=worker-1)
New pod: test-pod-104, on node: worker
Pod(name=test-pod-104, label_set=LabelSet(labels={'app': 'app-b', 'role': 'database'}), node=Node(name=worker)
New pod: test-pod-105, on node: worker-2
Pod(name=test-pod-105, label_set=LabelSet(labels={'app': 'app-c', 'role': 'frontend'}), node=Node(name=worker-2)
New pod: test-pod-106, on node: worker-1
Pod(name=test-pod-106, label_set=LabelSet(labels={'app': 'app-c', 'role': 'backend'}), node=Node(name=worker-1)
New pod: test-pod-107, on node: worker-2
Pod(name=test-pod-107, label_set=LabelSet(labels={'app': 'app-c', 'role': 'database'}), node=Node(name=worker-2)
New pod: test-pod-108, on node: worker-1
Pod(name=test-pod-108, label_set=LabelSet(labels={'app': 'app-a', 'role': 'frontend'}), node=Node(name=worker-1)
Pod test-pod-106 already exists in the cluster.
Pod(name=test-pod-106, label_set=LabelSet(labels={'app': 'app-c', 'role': 'backend'}), node=Node(name=worker-1)
New pod: test-pod-109, on node: worker
Pod(name=test-pod-109, label_set=LabelSet(labels={'app': 'app-a', 'role': 'backend'}), node=Node(name=worker)
New pod: test-pod-110, on node: worker
Pod(name=test-pod-110, label_set=LabelSet(labels={'app': 'app-a', 'role': 'database'}), node=Node(name=worker)
Pod test-pod-108 already exists in the cluster.
Pod(name=test-pod-108, label_set=LabelSet(labels={'app': 'app-a', 'role': 'frontend'}), node=Node(name=worker-1)
Pod test-pod-105 already exists in the cluster.
Pod(name=test-pod-105, label_set=LabelSet(labels={'app': 'app-c', 'role': 'frontend'}), node=Node(name=worker-2)
New pod: test-pod-111, on node: worker-1
Pod(name=test-pod-111, label_set=LabelSet(labels={'app': 'app-b', 'role': 'frontend'}), node=Node(name=worker-1)
Pod test-pod-21 already exists in the cluster.
Pod(name=test-pod-21, label_set=LabelSet(labels={'app': 'app-b', 'role': 'frontend'}), node=Node(name=worker-2)
New pod: test-pod-112, on node: worker-1
Pod(name=test-pod-112, label_set=LabelSet(labels={'app': 'app-b', 'role': 'backend'}), node=Node(name=worker-1)
New pod: test-pod-113, on node: worker
Pod(name=test-pod-113, label_set=LabelSet(labels={'app': 'app-b', 'role': 'database'}), node=Node(name=worker)
Pod test-pod-111 already exists in the cluster.
Pod(name=test-pod-111, label_set=LabelSet(labels={'app': 'app-b', 'role': 'frontend'}), node=Node(name=worker-1)
Pod test-pod-107 already exists in the cluster.
Pod(name=test-pod-107, label_set=LabelSet(labels={'app': 'app-c', 'role': 'database'}), node=Node(name=worker-2)
New pod: test-pod-114, on node: worker-2
Pod(name=test-pod-114, label_set=LabelSet(labels={'app': 'app-c', 'role': 'frontend'}), node=Node(name=worker-2)
New pod: test-pod-115, on node: worker-2
Pod(name=test-pod-115, label_set=LabelSet(labels={'app': 'app-c', 'role': 'backend'}), node=Node(name=worker-2)
Pod test-pod-112 already exists in the cluster.
Pod(name=test-pod-112, label_set=LabelSet(labels={'app': 'app-b', 'role': 'backend'}), node=Node(name=worker-1)
Pod test-pod-114 already exists in the cluster.
Pod(name=test-pod-114, label_set=LabelSet(labels={'app': 'app-c', 'role': 'frontend'}), node=Node(name=worker-2)
New pod: test-pod-116, on node: worker-1
Pod(name=test-pod-116, label_set=LabelSet(labels={'app': 'app-c', 'role': 'database'}), node=Node(name=worker-1)
New pod: test-pod-117, on node: worker-2
Pod(name=test-pod-117, label_set=LabelSet(labels={'app': 'app-a', 'role': 'frontend'}), node=Node(name=worker-2)
Pod test-pod-115 already exists in the cluster.
Pod(name=test-pod-115, label_set=LabelSet(labels={'app': 'app-c', 'role': 'backend'}), node=Node(name=worker-2)
New pod: test-pod-118, on node: worker-1
Pod(name=test-pod-118, label_set=LabelSet(labels={'app': 'app-a', 'role': 'backend'}), node=Node(name=worker-1)
New pod: test-pod-119, on node: worker-1
Pod(name=test-pod-119, label_set=LabelSet(labels={'app': 'app-a', 'role': 'database'}), node=Node(name=worker-1)
New pod: test-pod-120, on node: worker
Pod(name=test-pod-120, label_set=LabelSet(labels={'app': 'app-b', 'role': 'frontend'}), node=Node(name=worker)
Pod test-pod-117 already exists in the cluster.
Pod(name=test-pod-117, label_set=LabelSet(labels={'app': 'app-a', 'role': 'frontend'}), node=Node(name=worker-2)
Pod test-pod-116 already exists in the cluster.
Pod(name=test-pod-116, label_set=LabelSet(labels={'app': 'app-c', 'role': 'database'}), node=Node(name=worker-1)
New pod: test-pod-121, on node: worker-1
Pod(name=test-pod-121, label_set=LabelSet(labels={'app': 'app-b', 'role': 'backend'}), node=Node(name=worker-1)
New pod: test-pod-122, on node: worker
Pod(name=test-pod-122, label_set=LabelSet(labels={'app': 'app-b', 'role': 'database'}), node=Node(name=worker)
New pod: test-pod-123, on node: worker
Pod(name=test-pod-123, label_set=LabelSet(labels={'app': 'app-c', 'role': 'frontend'}), node=Node(name=worker)
New pod: test-pod-124, on node: worker-1
Pod(name=test-pod-124, label_set=LabelSet(labels={'app': 'app-c', 'role': 'backend'}), node=Node(name=worker-1)
New pod: test-pod-125, on node: worker-1
Pod(name=test-pod-125, label_set=LabelSet(labels={'app': 'app-c', 'role': 'database'}), node=Node(name=worker-1)
Pod test-pod-27 already exists in the cluster.
Pod(name=test-pod-27, label_set=LabelSet(labels={'app': 'app-a', 'role': 'frontend'}), node=Node(name=worker-1)
New pod: test-pod-126, on node: worker
Pod(name=test-pod-126, label_set=LabelSet(labels={'app': 'app-a', 'role': 'frontend'}), node=Node(name=worker)
Pod test-pod-26 already exists in the cluster.
Pod(name=test-pod-26, label_set=LabelSet(labels={'app': 'app-c', 'role': 'database'}), node=Node(name=worker-2)
New pod: test-pod-127, on node: worker-2
Pod(name=test-pod-127, label_set=LabelSet(labels={'app': 'app-a', 'role': 'backend'}), node=Node(name=worker-2)
Pod test-pod-119 already exists in the cluster.
Pod(name=test-pod-119, label_set=LabelSet(labels={'app': 'app-a', 'role': 'database'}), node=Node(name=worker-1)
New pod: test-pod-128, on node: worker-1
Pod(name=test-pod-128, label_set=LabelSet(labels={'app': 'app-a', 'role': 'database'}), node=Node(name=worker-1)
New pod: test-pod-129, on node: worker-1
Pod(name=test-pod-129, label_set=LabelSet(labels={'app': 'app-b', 'role': 'frontend'}), node=Node(name=worker-1)
Pod test-pod-127 already exists in the cluster.
Pod(name=test-pod-127, label_set=LabelSet(labels={'app': 'app-a', 'role': 'backend'}), node=Node(name=worker-2)
New pod: test-pod-130, on node: worker
Pod(name=test-pod-130, label_set=LabelSet(labels={'app': 'app-b', 'role': 'backend'}), node=Node(name=worker)
New pod: test-pod-131, on node: worker
Pod(name=test-pod-131, label_set=LabelSet(labels={'app': 'app-b', 'role': 'database'}), node=Node(name=worker)
Pod test-pod-15 already exists in the cluster.
Pod(name=test-pod-15, label_set=LabelSet(labels={'app': 'app-c', 'role': 'frontend'}), node=Node(name=worker-1)
New pod: test-pod-132, on node: worker-2
Pod(name=test-pod-132, label_set=LabelSet(labels={'app': 'app-c', 'role': 'frontend'}), node=Node(name=worker-2)
Pod test-pod-118 already exists in the cluster.
Pod(name=test-pod-118, label_set=LabelSet(labels={'app': 'app-a', 'role': 'backend'}), node=Node(name=worker-1)
New pod: test-pod-133, on node: worker-2
Pod(name=test-pod-133, label_set=LabelSet(labels={'app': 'app-c', 'role': 'backend'}), node=Node(name=worker-2)
Pod test-pod-132 already exists in the cluster.
Pod(name=test-pod-132, label_set=LabelSet(labels={'app': 'app-c', 'role': 'frontend'}), node=Node(name=worker-2)
Pod test-pod-22 already exists in the cluster.
Pod(name=test-pod-22, label_set=LabelSet(labels={'app': 'app-b', 'role': 'backend'}), node=Node(name=worker-1)
New pod: test-pod-134, on node: worker-2
Pod(name=test-pod-134, label_set=LabelSet(labels={'app': 'app-c', 'role': 'database'}), node=Node(name=worker-2)
Pod test-pod-29 already exists in the cluster.
Pod(name=test-pod-29, label_set=LabelSet(labels={'app': 'app-a', 'role': 'database'}), node=Node(name=worker-2)
Pod test-pod-133 already exists in the cluster.
Pod(name=test-pod-133, label_set=LabelSet(labels={'app': 'app-c', 'role': 'backend'}), node=Node(name=worker-2)
New pod: test-pod-135, on node: worker
Pod(name=test-pod-135, label_set=LabelSet(labels={'app': 'app-a', 'role': 'frontend'}), node=Node(name=worker)
New pod: test-pod-136, on node: worker-1
Pod(name=test-pod-136, label_set=LabelSet(labels={'app': 'app-a', 'role': 'backend'}), node=Node(name=worker-1)
Pod test-pod-134 already exists in the cluster.
Pod(name=test-pod-134, label_set=LabelSet(labels={'app': 'app-c', 'role': 'database'}), node=Node(name=worker-2)
Pod test-pod-125 already exists in the cluster.
Pod(name=test-pod-125, label_set=LabelSet(labels={'app': 'app-c', 'role': 'database'}), node=Node(name=worker-1)
New pod: test-pod-137, on node: worker
Pod(name=test-pod-137, label_set=LabelSet(labels={'app': 'app-a', 'role': 'database'}), node=Node(name=worker)
New pod: test-pod-138, on node: worker-2
Pod(name=test-pod-138, label_set=LabelSet(labels={'app': 'app-b', 'role': 'frontend'}), node=Node(name=worker-2)
New pod: test-pod-139, on node: worker
Pod(name=test-pod-139, label_set=LabelSet(labels={'app': 'app-b', 'role': 'backend'}), node=Node(name=worker)
Pod test-pod-124 already exists in the cluster.
Pod(name=test-pod-124, label_set=LabelSet(labels={'app': 'app-c', 'role': 'backend'}), node=Node(name=worker-1)
New pod: test-pod-140, on node: worker
Pod(name=test-pod-140, label_set=LabelSet(labels={'app': 'app-b', 'role': 'database'}), node=Node(name=worker)
New pod: test-pod-141, on node: worker-2
Pod(name=test-pod-141, label_set=LabelSet(labels={'app': 'app-c', 'role': 'frontend'}), node=Node(name=worker-2)
Pod test-pod-138 already exists in the cluster.
Pod(name=test-pod-138, label_set=LabelSet(labels={'app': 'app-b', 'role': 'frontend'}), node=Node(name=worker-2)
New pod: test-pod-142, on node: worker-1
Pod(name=test-pod-142, label_set=LabelSet(labels={'app': 'app-c', 'role': 'backend'}), node=Node(name=worker-1)
New pod: test-pod-143, on node: worker-1
Pod(name=test-pod-143, label_set=LabelSet(labels={'app': 'app-c', 'role': 'database'}), node=Node(name=worker-1)
Pod test-pod-141 already exists in the cluster.
Pod(name=test-pod-141, label_set=LabelSet(labels={'app': 'app-c', 'role': 'frontend'}), node=Node(name=worker-2)
New pod: test-pod-144, on node: worker-2
Pod(name=test-pod-144, label_set=LabelSet(labels={'app': 'app-a', 'role': 'frontend'}), node=Node(name=worker-2)
New pod: test-pod-145, on node: worker
Pod(name=test-pod-145, label_set=LabelSet(labels={'app': 'app-a', 'role': 'backend'}), node=Node(name=worker)
Pod test-pod-144 already exists in the cluster.
Pod(name=test-pod-144, label_set=LabelSet(labels={'app': 'app-a', 'role': 'frontend'}), node=Node(name=worker-2)
New pod: test-pod-146, on node: worker
Pod(name=test-pod-146, label_set=LabelSet(labels={'app': 'app-a', 'role': 'database'}), node=Node(name=worker)
Pod test-pod-25 already exists in the cluster.
Pod(name=test-pod-25, label_set=LabelSet(labels={'app': 'app-c', 'role': 'backend'}), node=Node(name=worker-1)
New pod: test-pod-147, on node: worker
Pod(name=test-pod-147, label_set=LabelSet(labels={'app': 'app-b', 'role': 'frontend'}), node=Node(name=worker)
Pod test-pod-121 already exists in the cluster.
Pod(name=test-pod-121, label_set=LabelSet(labels={'app': 'app-b', 'role': 'backend'}), node=Node(name=worker-1)
New pod: test-pod-148, on node: worker-2
Pod(name=test-pod-148, label_set=LabelSet(labels={'app': 'app-b', 'role': 'backend'}), node=Node(name=worker-2)
New pod: test-pod-149, on node: worker-2
Pod(name=test-pod-149, label_set=LabelSet(labels={'app': 'app-b', 'role': 'database'}), node=Node(name=worker-2)
Pod test-pod-148 already exists in the cluster.
Pod(name=test-pod-148, label_set=LabelSet(labels={'app': 'app-b', 'role': 'backend'}), node=Node(name=worker-2)
New pod: test-pod-150, on node: worker
Pod(name=test-pod-150, label_set=LabelSet(labels={'app': 'app-c', 'role': 'frontend'}), node=Node(name=worker)
New pod: test-pod-151, on node: worker-1
Pod(name=test-pod-151, label_set=LabelSet(labels={'app': 'app-c', 'role': 'backend'}), node=Node(name=worker-1)
Pod test-pod-136 already exists in the cluster.
Pod(name=test-pod-136, label_set=LabelSet(labels={'app': 'app-a', 'role': 'backend'}), node=Node(name=worker-1)
Pod test-pod-149 already exists in the cluster.
Pod(name=test-pod-149, label_set=LabelSet(labels={'app': 'app-b', 'role': 'database'}), node=Node(name=worker-2)
New pod: test-pod-152, on node: worker
Pod(name=test-pod-152, label_set=LabelSet(labels={'app': 'app-c', 'role': 'database'}), node=Node(name=worker)
New pod: test-pod-153, on node: worker
Pod(name=test-pod-153, label_set=LabelSet(labels={'app': 'app-a', 'role': 'frontend'}), node=Node(name=worker)
New pod: test-pod-154, on node: worker-2
Pod(name=test-pod-154, label_set=LabelSet(labels={'app': 'app-a', 'role': 'backend'}), node=Node(name=worker-2)
Pod test-pod-142 already exists in the cluster.
Pod(name=test-pod-142, label_set=LabelSet(labels={'app': 'app-c', 'role': 'backend'}), node=Node(name=worker-1)
New pod: test-pod-155, on node: worker-1
Pod(name=test-pod-155, label_set=LabelSet(labels={'app': 'app-a', 'role': 'database'}), node=Node(name=worker-1)
New pod: test-pod-156, on node: worker-2
Pod(name=test-pod-156, label_set=LabelSet(labels={'app': 'app-b', 'role': 'frontend'}), node=Node(name=worker-2)
Pod test-pod-154 already exists in the cluster.
Pod(name=test-pod-154, label_set=LabelSet(labels={'app': 'app-a', 'role': 'backend'}), node=Node(name=worker-2)
Pod test-pod-128 already exists in the cluster.
Pod(name=test-pod-128, label_set=LabelSet(labels={'app': 'app-a', 'role': 'database'}), node=Node(name=worker-1)
New pod: test-pod-157, on node: worker-1
Pod(name=test-pod-157, label_set=LabelSet(labels={'app': 'app-b', 'role': 'backend'}), node=Node(name=worker-1)
New pod: test-pod-158, on node: worker-2
Pod(name=test-pod-158, label_set=LabelSet(labels={'app': 'app-b', 'role': 'database'}), node=Node(name=worker-2)
Pod test-pod-156 already exists in the cluster.
Pod(name=test-pod-156, label_set=LabelSet(labels={'app': 'app-b', 'role': 'frontend'}), node=Node(name=worker-2)
New pod: test-pod-159, on node: worker-2
Pod(name=test-pod-159, label_set=LabelSet(labels={'app': 'app-c', 'role': 'frontend'}), node=Node(name=worker-2)
Pod test-pod-129 already exists in the cluster.
Pod(name=test-pod-129, label_set=LabelSet(labels={'app': 'app-b', 'role': 'frontend'}), node=Node(name=worker-1)
New pod: test-pod-160, on node: worker-2
Pod(name=test-pod-160, label_set=LabelSet(labels={'app': 'app-c', 'role': 'backend'}), node=Node(name=worker-2)
Pod test-pod-36 already exists in the cluster.
Pod(name=test-pod-36, label_set=LabelSet(labels={'app': 'app-a', 'role': 'frontend'}), node=Node(name=worker-2)
New pod: test-pod-161, on node: worker-2
Pod(name=test-pod-161, label_set=LabelSet(labels={'app': 'app-c', 'role': 'database'}), node=Node(name=worker-2)
New pod: test-pod-162, on node: worker-1
Pod(name=test-pod-162, label_set=LabelSet(labels={'app': 'app-a', 'role': 'frontend'}), node=Node(name=worker-1)
Pod test-pod-143 already exists in the cluster.
Pod(name=test-pod-143, label_set=LabelSet(labels={'app': 'app-c', 'role': 'database'}), node=Node(name=worker-1)
New pod: test-pod-163, on node: worker-1
Pod(name=test-pod-163, label_set=LabelSet(labels={'app': 'app-a', 'role': 'backend'}), node=Node(name=worker-1)
Pod test-pod-158 already exists in the cluster.
Pod(name=test-pod-158, label_set=LabelSet(labels={'app': 'app-b', 'role': 'database'}), node=Node(name=worker-2)
New pod: test-pod-164, on node: worker-2
Pod(name=test-pod-164, label_set=LabelSet(labels={'app': 'app-a', 'role': 'database'}), node=Node(name=worker-2)
New pod: test-pod-165, on node: worker-2
Pod(name=test-pod-165, label_set=LabelSet(labels={'app': 'app-b', 'role': 'frontend'}), node=Node(name=worker-2)
New pod: test-pod-166, on node: worker-2
Pod(name=test-pod-166, label_set=LabelSet(labels={'app': 'app-b', 'role': 'backend'}), node=Node(name=worker-2)
Pod test-pod-157 already exists in the cluster.
Pod(name=test-pod-157, label_set=LabelSet(labels={'app': 'app-b', 'role': 'backend'}), node=Node(name=worker-1)
New pod: test-pod-167, on node: worker-1
Pod(name=test-pod-167, label_set=LabelSet(labels={'app': 'app-b', 'role': 'database'}), node=Node(name=worker-1)
Pod test-pod-155 already exists in the cluster.
Pod(name=test-pod-155, label_set=LabelSet(labels={'app': 'app-a', 'role': 'database'}), node=Node(name=worker-1)
New pod: test-pod-168, on node: worker-1
Pod(name=test-pod-168, label_set=LabelSet(labels={'app': 'app-c', 'role': 'frontend'}), node=Node(name=worker-1)
New pod: test-pod-169, on node: worker-1
Pod(name=test-pod-169, label_set=LabelSet(labels={'app': 'app-c', 'role': 'backend'}), node=Node(name=worker-1)
New pod: test-pod-170, on node: worker
Pod(name=test-pod-170, label_set=LabelSet(labels={'app': 'app-c', 'role': 'database'}), node=Node(name=worker)
Pod test-pod-151 already exists in the cluster.
Pod(name=test-pod-151, label_set=LabelSet(labels={'app': 'app-c', 'role': 'backend'}), node=Node(name=worker-1)
Pod test-pod-32 already exists in the cluster.
Pod(name=test-pod-32, label_set=LabelSet(labels={'app': 'app-b', 'role': 'database'}), node=Node(name=worker-2)
Pod test-pod-33 already exists in the cluster.
Pod(name=test-pod-33, label_set=LabelSet(labels={'app': 'app-c', 'role': 'frontend'}), node=Node(name=worker-2)
Pod test-pod-30 already exists in the cluster.
Pod(name=test-pod-30, label_set=LabelSet(labels={'app': 'app-b', 'role': 'frontend'}), node=Node(name=worker-1)
New pod: test-pod-171, on node: worker
Pod(name=test-pod-171, label_set=LabelSet(labels={'app': 'app-a', 'role': 'frontend'}), node=Node(name=worker)
New pod: test-pod-172, on node: worker-1
Pod(name=test-pod-172, label_set=LabelSet(labels={'app': 'app-a', 'role': 'backend'}), node=Node(name=worker-1)
Pod test-pod-20 already exists in the cluster.
Pod(name=test-pod-20, label_set=LabelSet(labels={'app': 'app-a', 'role': 'database'}), node=Node(name=worker-1)
Pod test-pod-162 already exists in the cluster.
Pod(name=test-pod-162, label_set=LabelSet(labels={'app': 'app-a', 'role': 'frontend'}), node=Node(name=worker-1)
Pod test-pod-160 already exists in the cluster.
Pod(name=test-pod-160, label_set=LabelSet(labels={'app': 'app-c', 'role': 'backend'}), node=Node(name=worker-2)
New pod: test-pod-173, on node: worker-1
Pod(name=test-pod-173, label_set=LabelSet(labels={'app': 'app-a', 'role': 'database'}), node=Node(name=worker-1)
New pod: test-pod-174, on node: worker-1
Pod(name=test-pod-174, label_set=LabelSet(labels={'app': 'app-b', 'role': 'frontend'}), node=Node(name=worker-1)
New pod: test-pod-175, on node: worker-2
Pod(name=test-pod-175, label_set=LabelSet(labels={'app': 'app-b', 'role': 'backend'}), node=Node(name=worker-2)
Pod test-pod-159 already exists in the cluster.
Pod(name=test-pod-159, label_set=LabelSet(labels={'app': 'app-c', 'role': 'frontend'}), node=Node(name=worker-2)
New pod: test-pod-176, on node: worker-1
Pod(name=test-pod-176, label_set=LabelSet(labels={'app': 'app-b', 'role': 'database'}), node=Node(name=worker-1)
New pod: test-pod-177, on node: worker-1
Pod(name=test-pod-177, label_set=LabelSet(labels={'app': 'app-c', 'role': 'frontend'}), node=Node(name=worker-1)
New pod: test-pod-178, on node: worker-1
Pod(name=test-pod-178, label_set=LabelSet(labels={'app': 'app-c', 'role': 'backend'}), node=Node(name=worker-1)
Pod test-pod-164 already exists in the cluster.
Pod(name=test-pod-164, label_set=LabelSet(labels={'app': 'app-a', 'role': 'database'}), node=Node(name=worker-2)
New pod: test-pod-179, on node: worker-1
Pod(name=test-pod-179, label_set=LabelSet(labels={'app': 'app-c', 'role': 'database'}), node=Node(name=worker-1)
Pod test-pod-167 already exists in the cluster.
Pod(name=test-pod-167, label_set=LabelSet(labels={'app': 'app-b', 'role': 'database'}), node=Node(name=worker-1)
New pod: test-pod-180, on node: worker-2
Pod(name=test-pod-180, label_set=LabelSet(labels={'app': 'app-a', 'role': 'frontend'}), node=Node(name=worker-2)
Pod test-pod-165 already exists in the cluster.
Pod(name=test-pod-165, label_set=LabelSet(labels={'app': 'app-b', 'role': 'frontend'}), node=Node(name=worker-2)
New pod: test-pod-181, on node: worker-1
Pod(name=test-pod-181, label_set=LabelSet(labels={'app': 'app-a', 'role': 'backend'}), node=Node(name=worker-1)
New pod: test-pod-182, on node: worker
Pod(name=test-pod-182, label_set=LabelSet(labels={'app': 'app-a', 'role': 'database'}), node=Node(name=worker)
Pod test-pod-161 already exists in the cluster.
Pod(name=test-pod-161, label_set=LabelSet(labels={'app': 'app-c', 'role': 'database'}), node=Node(name=worker-2)
New pod: test-pod-183, on node: worker-2
Pod(name=test-pod-183, label_set=LabelSet(labels={'app': 'app-b', 'role': 'frontend'}), node=Node(name=worker-2)
Pod test-pod-40 already exists in the cluster.
Pod(name=test-pod-40, label_set=LabelSet(labels={'app': 'app-b', 'role': 'backend'}), node=Node(name=worker-2)
Pod test-pod-166 already exists in the cluster.
Pod(name=test-pod-166, label_set=LabelSet(labels={'app': 'app-b', 'role': 'backend'}), node=Node(name=worker-2)
New pod: test-pod-184, on node: worker
Pod(name=test-pod-184, label_set=LabelSet(labels={'app': 'app-b', 'role': 'backend'}), node=Node(name=worker)
Pod test-pod-43 already exists in the cluster.
Pod(name=test-pod-43, label_set=LabelSet(labels={'app': 'app-c', 'role': 'backend'}), node=Node(name=worker-1)
New pod: test-pod-185, on node: worker-2
Pod(name=test-pod-185, label_set=LabelSet(labels={'app': 'app-b', 'role': 'database'}), node=Node(name=worker-2)
New pod: test-pod-186, on node: worker
Pod(name=test-pod-186, label_set=LabelSet(labels={'app': 'app-c', 'role': 'frontend'}), node=Node(name=worker)
New pod: test-pod-187, on node: worker
Pod(name=test-pod-187, label_set=LabelSet(labels={'app': 'app-c', 'role': 'backend'}), node=Node(name=worker)
Pod test-pod-46 already exists in the cluster.
Pod(name=test-pod-46, label_set=LabelSet(labels={'app': 'app-a', 'role': 'backend'}), node=Node(name=worker-2)
New pod: test-pod-188, on node: worker-1
Pod(name=test-pod-188, label_set=LabelSet(labels={'app': 'app-c', 'role': 'database'}), node=Node(name=worker-1)
Pod test-pod-169 already exists in the cluster.
Pod(name=test-pod-169, label_set=LabelSet(labels={'app': 'app-c', 'role': 'backend'}), node=Node(name=worker-1)
New pod: test-pod-189, on node: worker
Pod(name=test-pod-189, label_set=LabelSet(labels={'app': 'app-a', 'role': 'frontend'}), node=Node(name=worker)
New pod: test-pod-190, on node: worker-1
Pod(name=test-pod-190, label_set=LabelSet(labels={'app': 'app-a', 'role': 'backend'}), node=Node(name=worker-1)
New pod: test-pod-191, on node: worker-1
Pod(name=test-pod-191, label_set=LabelSet(labels={'app': 'app-a', 'role': 'database'}), node=Node(name=worker-1)
Pod test-pod-163 already exists in the cluster.
Pod(name=test-pod-163, label_set=LabelSet(labels={'app': 'app-a', 'role': 'backend'}), node=Node(name=worker-1)
New pod: test-pod-192, on node: worker-1
Pod(name=test-pod-192, label_set=LabelSet(labels={'app': 'app-b', 'role': 'frontend'}), node=Node(name=worker-1)
New pod: test-pod-193, on node: worker-2
Pod(name=test-pod-193, label_set=LabelSet(labels={'app': 'app-b', 'role': 'backend'}), node=Node(name=worker-2)
Pod test-pod-180 already exists in the cluster.
Pod(name=test-pod-180, label_set=LabelSet(labels={'app': 'app-a', 'role': 'frontend'}), node=Node(name=worker-2)
Pod test-pod-168 already exists in the cluster.
Pod(name=test-pod-168, label_set=LabelSet(labels={'app': 'app-c', 'role': 'frontend'}), node=Node(name=worker-1)
New pod: test-pod-194, on node: worker-1
Pod(name=test-pod-194, label_set=LabelSet(labels={'app': 'app-b', 'role': 'database'}), node=Node(name=worker-1)
New pod: test-pod-195, on node: worker-1
Pod(name=test-pod-195, label_set=LabelSet(labels={'app': 'app-c', 'role': 'frontend'}), node=Node(name=worker-1)
Pod test-pod-183 already exists in the cluster.
Pod(name=test-pod-183, label_set=LabelSet(labels={'app': 'app-b', 'role': 'frontend'}), node=Node(name=worker-2)
New pod: test-pod-196, on node: worker
Pod(name=test-pod-196, label_set=LabelSet(labels={'app': 'app-c', 'role': 'backend'}), node=Node(name=worker)
Pod test-pod-188 already exists in the cluster.
Pod(name=test-pod-188, label_set=LabelSet(labels={'app': 'app-c', 'role': 'database'}), node=Node(name=worker-1)
New pod: test-pod-197, on node: worker-1
Pod(name=test-pod-197, label_set=LabelSet(labels={'app': 'app-c', 'role': 'database'}), node=Node(name=worker-1)
Pod test-pod-185 already exists in the cluster.
Pod(name=test-pod-185, label_set=LabelSet(labels={'app': 'app-b', 'role': 'database'}), node=Node(name=worker-2)
Pod test-pod-181 already exists in the cluster.
Pod(name=test-pod-181, label_set=LabelSet(labels={'app': 'app-a', 'role': 'backend'}), node=Node(name=worker-1)
New pod: test-pod-198, on node: worker-2
Pod(name=test-pod-198, label_set=LabelSet(labels={'app': 'app-a', 'role': 'frontend'}), node=Node(name=worker-2)
Pod test-pod-175 already exists in the cluster.
Pod(name=test-pod-175, label_set=LabelSet(labels={'app': 'app-b', 'role': 'backend'}), node=Node(name=worker-2)
Pod test-pod-191 already exists in the cluster.
Pod(name=test-pod-191, label_set=LabelSet(labels={'app': 'app-a', 'role': 'database'}), node=Node(name=worker-1)
New pod: test-pod-199, on node: worker-1
Pod(name=test-pod-199, label_set=LabelSet(labels={'app': 'app-a', 'role': 'backend'}), node=Node(name=worker-1)
Pod test-pod-198 already exists in the cluster.
Pod(name=test-pod-198, label_set=LabelSet(labels={'app': 'app-a', 'role': 'frontend'}), node=Node(name=worker-2)
Pod test-pod-190 already exists in the cluster.
Pod(name=test-pod-190, label_set=LabelSet(labels={'app': 'app-a', 'role': 'backend'}), node=Node(name=worker-1)
Pod test-pod-193 already exists in the cluster.
Pod(name=test-pod-193, label_set=LabelSet(labels={'app': 'app-b', 'role': 'backend'}), node=Node(name=worker-2)
Pod test-pod-49 already exists in the cluster.
Pod(name=test-pod-49, label_set=LabelSet(labels={'app': 'app-b', 'role': 'backend'}), node=Node(name=worker-2)
Pod test-pod-173 already exists in the cluster.
Pod(name=test-pod-173, label_set=LabelSet(labels={'app': 'app-a', 'role': 'database'}), node=Node(name=worker-1)
Pod test-pod-45 already exists in the cluster.
Pod(name=test-pod-45, label_set=LabelSet(labels={'app': 'app-a', 'role': 'frontend'}), node=Node(name=worker-2)
Pod test-pod-172 already exists in the cluster.
Pod(name=test-pod-172, label_set=LabelSet(labels={'app': 'app-a', 'role': 'backend'}), node=Node(name=worker-1)
Pod test-pod-178 already exists in the cluster.
Pod(name=test-pod-178, label_set=LabelSet(labels={'app': 'app-c', 'role': 'backend'}), node=Node(name=worker-1)
Pod test-pod-50 already exists in the cluster.
Pod(name=test-pod-50, label_set=LabelSet(labels={'app': 'app-b', 'role': 'database'}), node=Node(name=worker-2)
Pod test-pod-174 already exists in the cluster.
Pod(name=test-pod-174, label_set=LabelSet(labels={'app': 'app-b', 'role': 'frontend'}), node=Node(name=worker-1)
Pod test-pod-176 already exists in the cluster.
Pod(name=test-pod-176, label_set=LabelSet(labels={'app': 'app-b', 'role': 'database'}), node=Node(name=worker-1)
Pod test-pod-47 already exists in the cluster.
Pod(name=test-pod-47, label_set=LabelSet(labels={'app': 'app-a', 'role': 'database'}), node=Node(name=worker-2)
Pod test-pod-179 already exists in the cluster.
Pod(name=test-pod-179, label_set=LabelSet(labels={'app': 'app-c', 'role': 'database'}), node=Node(name=worker-1)
Pod test-pod-177 already exists in the cluster.
Pod(name=test-pod-177, label_set=LabelSet(labels={'app': 'app-c', 'role': 'frontend'}), node=Node(name=worker-1)
Pod test-pod-199 already exists in the cluster.
Pod(name=test-pod-199, label_set=LabelSet(labels={'app': 'app-a', 'role': 'backend'}), node=Node(name=worker-1)
Pod test-pod-197 already exists in the cluster.
Pod(name=test-pod-197, label_set=LabelSet(labels={'app': 'app-c', 'role': 'database'}), node=Node(name=worker-1)
Pod test-pod-195 already exists in the cluster.
Pod(name=test-pod-195, label_set=LabelSet(labels={'app': 'app-c', 'role': 'frontend'}), node=Node(name=worker-1)
Pod test-pod-192 already exists in the cluster.
Pod(name=test-pod-192, label_set=LabelSet(labels={'app': 'app-b', 'role': 'frontend'}), node=Node(name=worker-1)
Pod test-pod-194 already exists in the cluster.
Pod(name=test-pod-194, label_set=LabelSet(labels={'app': 'app-b', 'role': 'database'}), node=Node(name=worker-1)
Pod test-pod-34 already exists in the cluster.
Pod(name=test-pod-34, label_set=LabelSet(labels={'app': 'app-c', 'role': 'backend'}), node=Node(name=worker-1)
Pod test-pod-55 already exists in the cluster.
Pod(name=test-pod-55, label_set=LabelSet(labels={'app': 'app-a', 'role': 'backend'}), node=Node(name=worker-2)
Pod test-pod-60 already exists in the cluster.
Pod(name=test-pod-60, label_set=LabelSet(labels={'app': 'app-c', 'role': 'frontend'}), node=Node(name=worker-2)
Pod test-pod-48 already exists in the cluster.
Pod(name=test-pod-48, label_set=LabelSet(labels={'app': 'app-b', 'role': 'frontend'}), node=Node(name=worker-1)
Pod test-pod-44 already exists in the cluster.
Pod(name=test-pod-44, label_set=LabelSet(labels={'app': 'app-c', 'role': 'database'}), node=Node(name=worker-1)
Pod test-pod-38 already exists in the cluster.
Pod(name=test-pod-38, label_set=LabelSet(labels={'app': 'app-a', 'role': 'database'}), node=Node(name=worker-1)
Pod test-pod-42 already exists in the cluster.
Pod(name=test-pod-42, label_set=LabelSet(labels={'app': 'app-c', 'role': 'frontend'}), node=Node(name=worker-1)
Pod test-pod-62 already exists in the cluster.
Pod(name=test-pod-62, label_set=LabelSet(labels={'app': 'app-c', 'role': 'database'}), node=Node(name=worker-2)
Pod test-pod-67 already exists in the cluster.
Pod(name=test-pod-67, label_set=LabelSet(labels={'app': 'app-b', 'role': 'backend'}), node=Node(name=worker-2)
Pod test-pod-51 already exists in the cluster.
Pod(name=test-pod-51, label_set=LabelSet(labels={'app': 'app-c', 'role': 'frontend'}), node=Node(name=worker-1)
Pod test-pod-2 already exists in the cluster.
Pod(name=test-pod-2, label_set=LabelSet(labels={'app': 'app-a', 'role': 'database'}), node=Node(name=worker)
Pod test-pod-18 already exists in the cluster.
Pod(name=test-pod-18, label_set=LabelSet(labels={'app': 'app-a', 'role': 'frontend'}), node=Node(name=worker)
Pod test-pod-70 already exists in the cluster.
Pod(name=test-pod-70, label_set=LabelSet(labels={'app': 'app-c', 'role': 'backend'}), node=Node(name=worker-2)
Pod test-pod-24 already exists in the cluster.
Pod(name=test-pod-24, label_set=LabelSet(labels={'app': 'app-c', 'role': 'frontend'}), node=Node(name=worker)
Pod test-pod-35 already exists in the cluster.
Pod(name=test-pod-35, label_set=LabelSet(labels={'app': 'app-c', 'role': 'database'}), node=Node(name=worker)
Pod test-pod-23 already exists in the cluster.
Pod(name=test-pod-23, label_set=LabelSet(labels={'app': 'app-b', 'role': 'database'}), node=Node(name=worker)
Pod test-pod-71 already exists in the cluster.
Pod(name=test-pod-71, label_set=LabelSet(labels={'app': 'app-c', 'role': 'database'}), node=Node(name=worker-2)
Pod test-pod-13 already exists in the cluster.
Pod(name=test-pod-13, label_set=LabelSet(labels={'app': 'app-b', 'role': 'backend'}), node=Node(name=worker)
Pod test-pod-7 already exists in the cluster.
Pod(name=test-pod-7, label_set=LabelSet(labels={'app': 'app-c', 'role': 'backend'}), node=Node(name=worker)
Pod test-pod-31 already exists in the cluster.
Pod(name=test-pod-31, label_set=LabelSet(labels={'app': 'app-b', 'role': 'backend'}), node=Node(name=worker)
Pod test-pod-65 already exists in the cluster.
Pod(name=test-pod-65, label_set=LabelSet(labels={'app': 'app-a', 'role': 'database'}), node=Node(name=worker-2)
Pod test-pod-16 already exists in the cluster.
Pod(name=test-pod-16, label_set=LabelSet(labels={'app': 'app-c', 'role': 'backend'}), node=Node(name=worker)
Pod test-pod-4 already exists in the cluster.
Pod(name=test-pod-4, label_set=LabelSet(labels={'app': 'app-b', 'role': 'backend'}), node=Node(name=worker)
Pod test-pod-28 already exists in the cluster.
Pod(name=test-pod-28, label_set=LabelSet(labels={'app': 'app-a', 'role': 'backend'}), node=Node(name=worker)
Pod test-pod-9 already exists in the cluster.
Pod(name=test-pod-9, label_set=LabelSet(labels={'app': 'app-a', 'role': 'frontend'}), node=Node(name=worker)
Pod test-pod-41 already exists in the cluster.
Pod(name=test-pod-41, label_set=LabelSet(labels={'app': 'app-b', 'role': 'database'}), node=Node(name=worker)
Pod test-pod-39 already exists in the cluster.
Pod(name=test-pod-39, label_set=LabelSet(labels={'app': 'app-b', 'role': 'frontend'}), node=Node(name=worker)
Pod test-pod-73 already exists in the cluster.
Pod(name=test-pod-73, label_set=LabelSet(labels={'app': 'app-a', 'role': 'backend'}), node=Node(name=worker-2)
Pod test-pod-37 already exists in the cluster.
Pod(name=test-pod-37, label_set=LabelSet(labels={'app': 'app-a', 'role': 'backend'}), node=Node(name=worker)
Pod test-pod-68 already exists in the cluster.
Pod(name=test-pod-68, label_set=LabelSet(labels={'app': 'app-b', 'role': 'database'}), node=Node(name=worker)
Pod test-pod-103 already exists in the cluster.
Pod(name=test-pod-103, label_set=LabelSet(labels={'app': 'app-b', 'role': 'backend'}), node=Node(name=worker)
Pod test-pod-120 already exists in the cluster.
Pod(name=test-pod-120, label_set=LabelSet(labels={'app': 'app-b', 'role': 'frontend'}), node=Node(name=worker)
Pod test-pod-56 already exists in the cluster.
Pod(name=test-pod-56, label_set=LabelSet(labels={'app': 'app-a', 'role': 'database'}), node=Node(name=worker)
Pod test-pod-101 already exists in the cluster.
Pod(name=test-pod-101, label_set=LabelSet(labels={'app': 'app-a', 'role': 'database'}), node=Node(name=worker)
Pod test-pod-130 already exists in the cluster.
Pod(name=test-pod-130, label_set=LabelSet(labels={'app': 'app-b', 'role': 'backend'}), node=Node(name=worker)
Pod test-pod-98 already exists in the cluster.
Pod(name=test-pod-98, label_set=LabelSet(labels={'app': 'app-c', 'role': 'database'}), node=Node(name=worker)
Pod test-pod-104 already exists in the cluster.
Pod(name=test-pod-104, label_set=LabelSet(labels={'app': 'app-b', 'role': 'database'}), node=Node(name=worker)
Pod test-pod-123 already exists in the cluster.
Pod(name=test-pod-123, label_set=LabelSet(labels={'app': 'app-c', 'role': 'frontend'}), node=Node(name=worker)
Pod test-pod-147 already exists in the cluster.
Pod(name=test-pod-147, label_set=LabelSet(labels={'app': 'app-b', 'role': 'frontend'}), node=Node(name=worker)
Pod test-pod-59 already exists in the cluster.
Pod(name=test-pod-59, label_set=LabelSet(labels={'app': 'app-b', 'role': 'database'}), node=Node(name=worker-1)
Pod test-pod-58 already exists in the cluster.
Pod(name=test-pod-58, label_set=LabelSet(labels={'app': 'app-b', 'role': 'backend'}), node=Node(name=worker-1)
Pod test-pod-74 already exists in the cluster.
Pod(name=test-pod-74, label_set=LabelSet(labels={'app': 'app-a', 'role': 'database'}), node=Node(name=worker)
Pod test-pod-82 already exists in the cluster.
Pod(name=test-pod-82, label_set=LabelSet(labels={'app': 'app-a', 'role': 'backend'}), node=Node(name=worker-1)
Pod test-pod-94 already exists in the cluster.
Pod(name=test-pod-94, label_set=LabelSet(labels={'app': 'app-b', 'role': 'backend'}), node=Node(name=worker)
Pod test-pod-80 already exists in the cluster.
Pod(name=test-pod-80, label_set=LabelSet(labels={'app': 'app-c', 'role': 'database'}), node=Node(name=worker-2)
Pod test-pod-61 already exists in the cluster.
Pod(name=test-pod-61, label_set=LabelSet(labels={'app': 'app-c', 'role': 'backend'}), node=Node(name=worker)
Pod test-pod-83 already exists in the cluster.
Pod(name=test-pod-83, label_set=LabelSet(labels={'app': 'app-a', 'role': 'database'}), node=Node(name=worker-2)
Pod test-pod-139 already exists in the cluster.
Pod(name=test-pod-139, label_set=LabelSet(labels={'app': 'app-b', 'role': 'backend'}), node=Node(name=worker)
Pod test-pod-153 already exists in the cluster.
Pod(name=test-pod-153, label_set=LabelSet(labels={'app': 'app-a', 'role': 'frontend'}), node=Node(name=worker)
Pod test-pod-90 already exists in the cluster.
Pod(name=test-pod-90, label_set=LabelSet(labels={'app': 'app-a', 'role': 'frontend'}), node=Node(name=worker)
Pod test-pod-86 already exists in the cluster.
Pod(name=test-pod-86, label_set=LabelSet(labels={'app': 'app-b', 'role': 'database'}), node=Node(name=worker)
Pod test-pod-170 already exists in the cluster.
Pod(name=test-pod-170, label_set=LabelSet(labels={'app': 'app-c', 'role': 'database'}), node=Node(name=worker)
Pod test-pod-171 already exists in the cluster.
Pod(name=test-pod-171, label_set=LabelSet(labels={'app': 'app-a', 'role': 'frontend'}), node=Node(name=worker)
Pod test-pod-64 already exists in the cluster.
Pod(name=test-pod-64, label_set=LabelSet(labels={'app': 'app-a', 'role': 'backend'}), node=Node(name=worker-1)
Pod test-pod-81 already exists in the cluster.
Pod(name=test-pod-81, label_set=LabelSet(labels={'app': 'app-a', 'role': 'frontend'}), node=Node(name=worker-2)
Pod test-pod-69 already exists in the cluster.
Pod(name=test-pod-69, label_set=LabelSet(labels={'app': 'app-c', 'role': 'frontend'}), node=Node(name=worker)
Pod test-pod-77 already exists in the cluster.
Pod(name=test-pod-77, label_set=LabelSet(labels={'app': 'app-b', 'role': 'database'}), node=Node(name=worker)
Pod test-pod-63 already exists in the cluster.
Pod(name=test-pod-63, label_set=LabelSet(labels={'app': 'app-a', 'role': 'frontend'}), node=Node(name=worker-1)
Pod test-pod-79 already exists in the cluster.
Pod(name=test-pod-79, label_set=LabelSet(labels={'app': 'app-c', 'role': 'backend'}), node=Node(name=worker)
Pod test-pod-99 already exists in the cluster.
Pod(name=test-pod-99, label_set=LabelSet(labels={'app': 'app-a', 'role': 'frontend'}), node=Node(name=worker-2)
Pod test-pod-78 already exists in the cluster.
Pod(name=test-pod-78, label_set=LabelSet(labels={'app': 'app-c', 'role': 'frontend'}), node=Node(name=worker)
Pod test-pod-54 already exists in the cluster.
Pod(name=test-pod-54, label_set=LabelSet(labels={'app': 'app-a', 'role': 'frontend'}), node=Node(name=worker-1)
Pod test-pod-189 already exists in the cluster.
Pod(name=test-pod-189, label_set=LabelSet(labels={'app': 'app-a', 'role': 'frontend'}), node=Node(name=worker)
Pod test-pod-89 already exists in the cluster.
Pod(name=test-pod-89, label_set=LabelSet(labels={'app': 'app-c', 'role': 'database'}), node=Node(name=worker-2)
Pod test-pod-111 already exists in the cluster.
Pod(name=test-pod-111, label_set=LabelSet(labels={'app': 'app-b', 'role': 'frontend'}), node=Node(name=worker-1)
Pod test-pod-135 already exists in the cluster.
Pod(name=test-pod-135, label_set=LabelSet(labels={'app': 'app-a', 'role': 'frontend'}), node=Node(name=worker)
Pod test-pod-91 already exists in the cluster.
Pod(name=test-pod-91, label_set=LabelSet(labels={'app': 'app-a', 'role': 'backend'}), node=Node(name=worker-2)
Pod test-pod-97 already exists in the cluster.
Pod(name=test-pod-97, label_set=LabelSet(labels={'app': 'app-c', 'role': 'backend'}), node=Node(name=worker)
Pod test-pod-57 already exists in the cluster.
Pod(name=test-pod-57, label_set=LabelSet(labels={'app': 'app-b', 'role': 'frontend'}), node=Node(name=worker)
Pod test-pod-66 already exists in the cluster.
Pod(name=test-pod-66, label_set=LabelSet(labels={'app': 'app-b', 'role': 'frontend'}), node=Node(name=worker-1)
Pod test-pod-140 already exists in the cluster.
Pod(name=test-pod-140, label_set=LabelSet(labels={'app': 'app-b', 'role': 'database'}), node=Node(name=worker)
Pod test-pod-98 already exists in the cluster.
Pod(name=test-pod-98, label_set=LabelSet(labels={'app': 'app-c', 'role': 'database'}), node=Node(name=worker)
Pod test-pod-186 already exists in the cluster.
Pod(name=test-pod-186, label_set=LabelSet(labels={'app': 'app-c', 'role': 'frontend'}), node=Node(name=worker)
Pod test-pod-76 already exists in the cluster.
Pod(name=test-pod-76, label_set=LabelSet(labels={'app': 'app-b', 'role': 'backend'}), node=Node(name=worker)
Pod test-pod-94 already exists in the cluster.
Pod(name=test-pod-94, label_set=LabelSet(labels={'app': 'app-b', 'role': 'backend'}), node=Node(name=worker)
Pod test-pod-93 already exists in the cluster.
Pod(name=test-pod-93, label_set=LabelSet(labels={'app': 'app-b', 'role': 'frontend'}), node=Node(name=worker-2)
Pod test-pod-92 already exists in the cluster.
Pod(name=test-pod-92, label_set=LabelSet(labels={'app': 'app-a', 'role': 'database'}), node=Node(name=worker-2)
Pod test-pod-137 already exists in the cluster.
Pod(name=test-pod-137, label_set=LabelSet(labels={'app': 'app-a', 'role': 'database'}), node=Node(name=worker)
Pod test-pod-87 already exists in the cluster.
Pod(name=test-pod-87, label_set=LabelSet(labels={'app': 'app-c', 'role': 'frontend'}), node=Node(name=worker-1)
Pod test-pod-184 already exists in the cluster.
Pod(name=test-pod-184, label_set=LabelSet(labels={'app': 'app-b', 'role': 'backend'}), node=Node(name=worker)
Pod test-pod-103 already exists in the cluster.
Pod(name=test-pod-103, label_set=LabelSet(labels={'app': 'app-b', 'role': 'backend'}), node=Node(name=worker)
Pod test-pod-109 already exists in the cluster.
Pod(name=test-pod-109, label_set=LabelSet(labels={'app': 'app-a', 'role': 'backend'}), node=Node(name=worker)
Pod test-pod-107 already exists in the cluster.
Pod(name=test-pod-107, label_set=LabelSet(labels={'app': 'app-c', 'role': 'database'}), node=Node(name=worker-2)
Pod test-pod-41 already exists in the cluster.
Pod(name=test-pod-41, label_set=LabelSet(labels={'app': 'app-b', 'role': 'database'}), node=Node(name=worker)
Pod test-pod-96 already exists in the cluster.
Pod(name=test-pod-96, label_set=LabelSet(labels={'app': 'app-c', 'role': 'frontend'}), node=Node(name=worker-1)
Pod test-pod-126 already exists in the cluster.
Pod(name=test-pod-126, label_set=LabelSet(labels={'app': 'app-a', 'role': 'frontend'}), node=Node(name=worker)
Pod test-pod-75 already exists in the cluster.
Pod(name=test-pod-75, label_set=LabelSet(labels={'app': 'app-b', 'role': 'frontend'}), node=Node(name=worker-1)
Pod test-pod-105 already exists in the cluster.
Pod(name=test-pod-105, label_set=LabelSet(labels={'app': 'app-c', 'role': 'frontend'}), node=Node(name=worker-2)
Pod test-pod-146 already exists in the cluster.
Pod(name=test-pod-146, label_set=LabelSet(labels={'app': 'app-a', 'role': 'database'}), node=Node(name=worker)
Pod test-pod-115 already exists in the cluster.
Pod(name=test-pod-115, label_set=LabelSet(labels={'app': 'app-c', 'role': 'backend'}), node=Node(name=worker-2)
Pod test-pod-150 already exists in the cluster.
Pod(name=test-pod-150, label_set=LabelSet(labels={'app': 'app-c', 'role': 'frontend'}), node=Node(name=worker)
Pod test-pod-100 already exists in the cluster.
Pod(name=test-pod-100, label_set=LabelSet(labels={'app': 'app-a', 'role': 'backend'}), node=Node(name=worker-2)
Pod test-pod-84 already exists in the cluster.
Pod(name=test-pod-84, label_set=LabelSet(labels={'app': 'app-b', 'role': 'frontend'}), node=Node(name=worker)
Pod test-pod-101 already exists in the cluster.
Pod(name=test-pod-101, label_set=LabelSet(labels={'app': 'app-a', 'role': 'database'}), node=Node(name=worker)
Pod test-pod-102 already exists in the cluster.
Pod(name=test-pod-102, label_set=LabelSet(labels={'app': 'app-b', 'role': 'frontend'}), node=Node(name=worker)
Pod test-pod-196 already exists in the cluster.
Pod(name=test-pod-196, label_set=LabelSet(labels={'app': 'app-c', 'role': 'backend'}), node=Node(name=worker)
Pod test-pod-52 already exists in the cluster.
Pod(name=test-pod-52, label_set=LabelSet(labels={'app': 'app-c', 'role': 'backend'}), node=Node(name=worker)
Pod test-pod-114 already exists in the cluster.
Pod(name=test-pod-114, label_set=LabelSet(labels={'app': 'app-c', 'role': 'frontend'}), node=Node(name=worker-2)
Pod test-pod-113 already exists in the cluster.
Pod(name=test-pod-113, label_set=LabelSet(labels={'app': 'app-b', 'role': 'database'}), node=Node(name=worker)
Pod test-pod-108 already exists in the cluster.
Pod(name=test-pod-108, label_set=LabelSet(labels={'app': 'app-a', 'role': 'frontend'}), node=Node(name=worker-1)
Pod test-pod-117 already exists in the cluster.
Pod(name=test-pod-117, label_set=LabelSet(labels={'app': 'app-a', 'role': 'frontend'}), node=Node(name=worker-2)
Pod test-pod-152 already exists in the cluster.
Pod(name=test-pod-152, label_set=LabelSet(labels={'app': 'app-c', 'role': 'database'}), node=Node(name=worker)
Pod test-pod-131 already exists in the cluster.
Pod(name=test-pod-131, label_set=LabelSet(labels={'app': 'app-b', 'role': 'database'}), node=Node(name=worker)
Pod test-pod-110 already exists in the cluster.
Pod(name=test-pod-110, label_set=LabelSet(labels={'app': 'app-a', 'role': 'database'}), node=Node(name=worker)
Pod test-pod-95 already exists in the cluster.
Pod(name=test-pod-95, label_set=LabelSet(labels={'app': 'app-b', 'role': 'database'}), node=Node(name=worker-1)
Pod test-pod-53 already exists in the cluster.
Pod(name=test-pod-53, label_set=LabelSet(labels={'app': 'app-c', 'role': 'database'}), node=Node(name=worker)
Pod test-pod-24 already exists in the cluster.
Pod(name=test-pod-24, label_set=LabelSet(labels={'app': 'app-c', 'role': 'frontend'}), node=Node(name=worker)
Pod test-pod-90 already exists in the cluster.
Pod(name=test-pod-90, label_set=LabelSet(labels={'app': 'app-a', 'role': 'frontend'}), node=Node(name=worker)
Pod test-pod-104 already exists in the cluster.
Pod(name=test-pod-104, label_set=LabelSet(labels={'app': 'app-b', 'role': 'database'}), node=Node(name=worker)
Pod test-pod-97 already exists in the cluster.
Pod(name=test-pod-97, label_set=LabelSet(labels={'app': 'app-c', 'role': 'backend'}), node=Node(name=worker)
Pod test-pod-106 already exists in the cluster.
Pod(name=test-pod-106, label_set=LabelSet(labels={'app': 'app-c', 'role': 'backend'}), node=Node(name=worker-1)
Pod test-pod-134 already exists in the cluster.
Pod(name=test-pod-134, label_set=LabelSet(labels={'app': 'app-c', 'role': 'database'}), node=Node(name=worker-2)
Pod test-pod-187 already exists in the cluster.
Pod(name=test-pod-187, label_set=LabelSet(labels={'app': 'app-c', 'role': 'backend'}), node=Node(name=worker)
Pod test-pod-145 already exists in the cluster.
Pod(name=test-pod-145, label_set=LabelSet(labels={'app': 'app-a', 'role': 'backend'}), node=Node(name=worker)
Pod test-pod-72 already exists in the cluster.
Pod(name=test-pod-72, label_set=LabelSet(labels={'app': 'app-a', 'role': 'frontend'}), node=Node(name=worker)
Pod test-pod-85 already exists in the cluster.
Pod(name=test-pod-85, label_set=LabelSet(labels={'app': 'app-b', 'role': 'backend'}), node=Node(name=worker-1)
Pod test-pod-110 already exists in the cluster.
Pod(name=test-pod-110, label_set=LabelSet(labels={'app': 'app-a', 'role': 'database'}), node=Node(name=worker)
Pod test-pod-132 already exists in the cluster.
Pod(name=test-pod-132, label_set=LabelSet(labels={'app': 'app-c', 'role': 'frontend'}), node=Node(name=worker-2)
Pod test-pod-88 already exists in the cluster.
Pod(name=test-pod-88, label_set=LabelSet(labels={'app': 'app-c', 'role': 'backend'}), node=Node(name=worker)
Pod test-pod-133 already exists in the cluster.
Pod(name=test-pod-133, label_set=LabelSet(labels={'app': 'app-c', 'role': 'backend'}), node=Node(name=worker-2)
Pod test-pod-86 already exists in the cluster.
Pod(name=test-pod-86, label_set=LabelSet(labels={'app': 'app-b', 'role': 'database'}), node=Node(name=worker)
Pod test-pod-2 already exists in the cluster.
Pod(name=test-pod-2, label_set=LabelSet(labels={'app': 'app-a', 'role': 'database'}), node=Node(name=worker)
Pod test-pod-116 already exists in the cluster.
Pod(name=test-pod-116, label_set=LabelSet(labels={'app': 'app-c', 'role': 'database'}), node=Node(name=worker-1)
Pod test-pod-122 already exists in the cluster.
Pod(name=test-pod-122, label_set=LabelSet(labels={'app': 'app-b', 'role': 'database'}), node=Node(name=worker)
Pod test-pod-122 already exists in the cluster.
Pod(name=test-pod-122, label_set=LabelSet(labels={'app': 'app-b', 'role': 'database'}), node=Node(name=worker)
Pod test-pod-102 already exists in the cluster.
Pod(name=test-pod-102, label_set=LabelSet(labels={'app': 'app-b', 'role': 'frontend'}), node=Node(name=worker)
Pod test-pod-156 already exists in the cluster.
Pod(name=test-pod-156, label_set=LabelSet(labels={'app': 'app-b', 'role': 'frontend'}), node=Node(name=worker-2)
Pod test-pod-112 already exists in the cluster.
Pod(name=test-pod-112, label_set=LabelSet(labels={'app': 'app-b', 'role': 'backend'}), node=Node(name=worker-1)
Pod test-pod-182 already exists in the cluster.
Pod(name=test-pod-182, label_set=LabelSet(labels={'app': 'app-a', 'role': 'database'}), node=Node(name=worker)
Pod test-pod-119 already exists in the cluster.
Pod(name=test-pod-119, label_set=LabelSet(labels={'app': 'app-a', 'role': 'database'}), node=Node(name=worker-1)
Pod test-pod-109 already exists in the cluster.
Pod(name=test-pod-109, label_set=LabelSet(labels={'app': 'app-a', 'role': 'backend'}), node=Node(name=worker)
Pod test-pod-123 already exists in the cluster.
Pod(name=test-pod-123, label_set=LabelSet(labels={'app': 'app-c', 'role': 'frontend'}), node=Node(name=worker)
Pod test-pod-181 already exists in the cluster.
Pod(name=test-pod-181, label_set=LabelSet(labels={'app': 'app-a', 'role': 'backend'}), node=Node(name=worker-1)
Pod test-pod-118 already exists in the cluster.
Pod(name=test-pod-118, label_set=LabelSet(labels={'app': 'app-a', 'role': 'backend'}), node=Node(name=worker-1)
Pod test-pod-162 already exists in the cluster.
Pod(name=test-pod-162, label_set=LabelSet(labels={'app': 'app-a', 'role': 'frontend'}), node=Node(name=worker-1)
Pod test-pod-138 already exists in the cluster.
Pod(name=test-pod-138, label_set=LabelSet(labels={'app': 'app-b', 'role': 'frontend'}), node=Node(name=worker-2)
Pod test-pod-113 already exists in the cluster.
Pod(name=test-pod-113, label_set=LabelSet(labels={'app': 'app-b', 'role': 'database'}), node=Node(name=worker)
Pod test-pod-127 already exists in the cluster.
Pod(name=test-pod-127, label_set=LabelSet(labels={'app': 'app-a', 'role': 'backend'}), node=Node(name=worker-2)
Pod test-pod-144 already exists in the cluster.
Pod(name=test-pod-144, label_set=LabelSet(labels={'app': 'app-a', 'role': 'frontend'}), node=Node(name=worker-2)
Pod test-pod-167 already exists in the cluster.
Pod(name=test-pod-167, label_set=LabelSet(labels={'app': 'app-b', 'role': 'database'}), node=Node(name=worker-1)
Pod test-pod-130 already exists in the cluster.
Pod(name=test-pod-130, label_set=LabelSet(labels={'app': 'app-b', 'role': 'backend'}), node=Node(name=worker)
Pod test-pod-125 already exists in the cluster.
Pod(name=test-pod-125, label_set=LabelSet(labels={'app': 'app-c', 'role': 'database'}), node=Node(name=worker-1)
Pod test-pod-141 already exists in the cluster.
Pod(name=test-pod-141, label_set=LabelSet(labels={'app': 'app-c', 'role': 'frontend'}), node=Node(name=worker-2)
Pod test-pod-135 already exists in the cluster.
Pod(name=test-pod-135, label_set=LabelSet(labels={'app': 'app-a', 'role': 'frontend'}), node=Node(name=worker)
Pod test-pod-124 already exists in the cluster.
Pod(name=test-pod-124, label_set=LabelSet(labels={'app': 'app-c', 'role': 'backend'}), node=Node(name=worker-1)
Pod test-pod-151 already exists in the cluster.
Pod(name=test-pod-151, label_set=LabelSet(labels={'app': 'app-c', 'role': 'backend'}), node=Node(name=worker-1)
Pod test-pod-126 already exists in the cluster.
Pod(name=test-pod-126, label_set=LabelSet(labels={'app': 'app-a', 'role': 'frontend'}), node=Node(name=worker)
Pod test-pod-18 already exists in the cluster.
Pod(name=test-pod-18, label_set=LabelSet(labels={'app': 'app-a', 'role': 'frontend'}), node=Node(name=worker)
Pod test-pod-121 already exists in the cluster.
Pod(name=test-pod-121, label_set=LabelSet(labels={'app': 'app-b', 'role': 'backend'}), node=Node(name=worker-1)
Pod test-pod-7 already exists in the cluster.
Pod(name=test-pod-7, label_set=LabelSet(labels={'app': 'app-c', 'role': 'backend'}), node=Node(name=worker)
Pod test-pod-136 already exists in the cluster.
Pod(name=test-pod-136, label_set=LabelSet(labels={'app': 'app-a', 'role': 'backend'}), node=Node(name=worker-1)
Pod test-pod-143 already exists in the cluster.
Pod(name=test-pod-143, label_set=LabelSet(labels={'app': 'app-c', 'role': 'database'}), node=Node(name=worker-1)
Pod test-pod-16 already exists in the cluster.
Pod(name=test-pod-16, label_set=LabelSet(labels={'app': 'app-c', 'role': 'backend'}), node=Node(name=worker)
Pod test-pod-120 already exists in the cluster.
Pod(name=test-pod-120, label_set=LabelSet(labels={'app': 'app-b', 'role': 'frontend'}), node=Node(name=worker)
Pod test-pod-129 already exists in the cluster.
Pod(name=test-pod-129, label_set=LabelSet(labels={'app': 'app-b', 'role': 'frontend'}), node=Node(name=worker-1)
Pod test-pod-9 already exists in the cluster.
Pod(name=test-pod-9, label_set=LabelSet(labels={'app': 'app-a', 'role': 'frontend'}), node=Node(name=worker)
Pod test-pod-4 already exists in the cluster.
Pod(name=test-pod-4, label_set=LabelSet(labels={'app': 'app-b', 'role': 'backend'}), node=Node(name=worker)
Pod test-pod-158 already exists in the cluster.
Pod(name=test-pod-158, label_set=LabelSet(labels={'app': 'app-b', 'role': 'database'}), node=Node(name=worker-2)
Pod test-pod-187 already exists in the cluster.
Pod(name=test-pod-187, label_set=LabelSet(labels={'app': 'app-c', 'role': 'backend'}), node=Node(name=worker)
Pod test-pod-155 already exists in the cluster.
Pod(name=test-pod-155, label_set=LabelSet(labels={'app': 'app-a', 'role': 'database'}), node=Node(name=worker-1)
Pod test-pod-53 already exists in the cluster.
Pod(name=test-pod-53, label_set=LabelSet(labels={'app': 'app-c', 'role': 'database'}), node=Node(name=worker)
Pod test-pod-154 already exists in the cluster.
Pod(name=test-pod-154, label_set=LabelSet(labels={'app': 'app-a', 'role': 'backend'}), node=Node(name=worker-2)
Pod test-pod-131 already exists in the cluster.
Pod(name=test-pod-131, label_set=LabelSet(labels={'app': 'app-b', 'role': 'database'}), node=Node(name=worker)
Pod test-pod-149 already exists in the cluster.
Pod(name=test-pod-149, label_set=LabelSet(labels={'app': 'app-b', 'role': 'database'}), node=Node(name=worker-2)
Pod test-pod-39 already exists in the cluster.
Pod(name=test-pod-39, label_set=LabelSet(labels={'app': 'app-b', 'role': 'frontend'}), node=Node(name=worker)
Pod test-pod-13 already exists in the cluster.
Pod(name=test-pod-13, label_set=LabelSet(labels={'app': 'app-b', 'role': 'backend'}), node=Node(name=worker)
Pod test-pod-137 already exists in the cluster.
Pod(name=test-pod-137, label_set=LabelSet(labels={'app': 'app-a', 'role': 'database'}), node=Node(name=worker)
Pod test-pod-140 already exists in the cluster.
Pod(name=test-pod-140, label_set=LabelSet(labels={'app': 'app-b', 'role': 'database'}), node=Node(name=worker)
Pod test-pod-159 already exists in the cluster.
Pod(name=test-pod-159, label_set=LabelSet(labels={'app': 'app-c', 'role': 'frontend'}), node=Node(name=worker-2)
Pod test-pod-52 already exists in the cluster.
Pod(name=test-pod-52, label_set=LabelSet(labels={'app': 'app-c', 'role': 'backend'}), node=Node(name=worker)
Pod test-pod-37 already exists in the cluster.
Pod(name=test-pod-37, label_set=LabelSet(labels={'app': 'app-a', 'role': 'backend'}), node=Node(name=worker)
Pod test-pod-28 already exists in the cluster.
Pod(name=test-pod-28, label_set=LabelSet(labels={'app': 'app-a', 'role': 'backend'}), node=Node(name=worker)
Pod test-pod-160 already exists in the cluster.
Pod(name=test-pod-160, label_set=LabelSet(labels={'app': 'app-c', 'role': 'backend'}), node=Node(name=worker-2)
Pod test-pod-84 already exists in the cluster.
Pod(name=test-pod-84, label_set=LabelSet(labels={'app': 'app-b', 'role': 'frontend'}), node=Node(name=worker)
Pod test-pod-166 already exists in the cluster.
Pod(name=test-pod-166, label_set=LabelSet(labels={'app': 'app-b', 'role': 'backend'}), node=Node(name=worker-2)
Pod test-pod-164 already exists in the cluster.
Pod(name=test-pod-164, label_set=LabelSet(labels={'app': 'app-a', 'role': 'database'}), node=Node(name=worker-2)
Pod test-pod-161 already exists in the cluster.
Pod(name=test-pod-161, label_set=LabelSet(labels={'app': 'app-c', 'role': 'database'}), node=Node(name=worker-2)
Pod test-pod-23 already exists in the cluster.
Pod(name=test-pod-23, label_set=LabelSet(labels={'app': 'app-b', 'role': 'database'}), node=Node(name=worker)
Pod test-pod-56 already exists in the cluster.
Pod(name=test-pod-56, label_set=LabelSet(labels={'app': 'app-a', 'role': 'database'}), node=Node(name=worker)
Pod test-pod-31 already exists in the cluster.
Pod(name=test-pod-31, label_set=LabelSet(labels={'app': 'app-b', 'role': 'backend'}), node=Node(name=worker)
Pod test-pod-179 already exists in the cluster.
Pod(name=test-pod-179, label_set=LabelSet(labels={'app': 'app-c', 'role': 'database'}), node=Node(name=worker-1)
Pod test-pod-189 already exists in the cluster.
Pod(name=test-pod-189, label_set=LabelSet(labels={'app': 'app-a', 'role': 'frontend'}), node=Node(name=worker)
Pod test-pod-35 already exists in the cluster.
Pod(name=test-pod-35, label_set=LabelSet(labels={'app': 'app-c', 'role': 'database'}), node=Node(name=worker)
Pod test-pod-165 already exists in the cluster.
Pod(name=test-pod-165, label_set=LabelSet(labels={'app': 'app-b', 'role': 'frontend'}), node=Node(name=worker-2)
Pod test-pod-168 already exists in the cluster.
Pod(name=test-pod-168, label_set=LabelSet(labels={'app': 'app-c', 'role': 'frontend'}), node=Node(name=worker-1)
Pod test-pod-180 already exists in the cluster.
Pod(name=test-pod-180, label_set=LabelSet(labels={'app': 'app-a', 'role': 'frontend'}), node=Node(name=worker-2)
Pod test-pod-57 already exists in the cluster.
Pod(name=test-pod-57, label_set=LabelSet(labels={'app': 'app-b', 'role': 'frontend'}), node=Node(name=worker)
Pod test-pod-145 already exists in the cluster.
Pod(name=test-pod-145, label_set=LabelSet(labels={'app': 'app-a', 'role': 'backend'}), node=Node(name=worker)
Pod test-pod-148 already exists in the cluster.
Pod(name=test-pod-148, label_set=LabelSet(labels={'app': 'app-b', 'role': 'backend'}), node=Node(name=worker-2)
Pod test-pod-193 already exists in the cluster.
Pod(name=test-pod-193, label_set=LabelSet(labels={'app': 'app-b', 'role': 'backend'}), node=Node(name=worker-2)
Pod test-pod-139 already exists in the cluster.
Pod(name=test-pod-139, label_set=LabelSet(labels={'app': 'app-b', 'role': 'backend'}), node=Node(name=worker)
Pod test-pod-69 already exists in the cluster.
Pod(name=test-pod-69, label_set=LabelSet(labels={'app': 'app-c', 'role': 'frontend'}), node=Node(name=worker)
Pod test-pod-88 already exists in the cluster.
Pod(name=test-pod-88, label_set=LabelSet(labels={'app': 'app-c', 'role': 'backend'}), node=Node(name=worker)
Pod test-pod-61 already exists in the cluster.
Pod(name=test-pod-61, label_set=LabelSet(labels={'app': 'app-c', 'role': 'backend'}), node=Node(name=worker)
Pod test-pod-68 already exists in the cluster.
Pod(name=test-pod-68, label_set=LabelSet(labels={'app': 'app-b', 'role': 'database'}), node=Node(name=worker)
Pod test-pod-142 already exists in the cluster.
Pod(name=test-pod-142, label_set=LabelSet(labels={'app': 'app-c', 'role': 'backend'}), node=Node(name=worker-1)
Pod test-pod-183 already exists in the cluster.
Pod(name=test-pod-183, label_set=LabelSet(labels={'app': 'app-b', 'role': 'frontend'}), node=Node(name=worker-2)
Pod test-pod-185 already exists in the cluster.
Pod(name=test-pod-185, label_set=LabelSet(labels={'app': 'app-b', 'role': 'database'}), node=Node(name=worker-2)
Pod test-pod-128 already exists in the cluster.
Pod(name=test-pod-128, label_set=LabelSet(labels={'app': 'app-a', 'role': 'database'}), node=Node(name=worker-1)
Pod test-pod-72 already exists in the cluster.
Pod(name=test-pod-72, label_set=LabelSet(labels={'app': 'app-a', 'role': 'frontend'}), node=Node(name=worker)
Pod test-pod-196 already exists in the cluster.
Pod(name=test-pod-196, label_set=LabelSet(labels={'app': 'app-c', 'role': 'backend'}), node=Node(name=worker)
Pod test-pod-175 already exists in the cluster.
Pod(name=test-pod-175, label_set=LabelSet(labels={'app': 'app-b', 'role': 'backend'}), node=Node(name=worker-2)
Pod test-pod-198 already exists in the cluster.
Pod(name=test-pod-198, label_set=LabelSet(labels={'app': 'app-a', 'role': 'frontend'}), node=Node(name=worker-2)
Pod test-pod-74 already exists in the cluster.
Pod(name=test-pod-74, label_set=LabelSet(labels={'app': 'app-a', 'role': 'database'}), node=Node(name=worker)
Pod test-pod-146 already exists in the cluster.
Pod(name=test-pod-146, label_set=LabelSet(labels={'app': 'app-a', 'role': 'database'}), node=Node(name=worker)
Pod test-pod-163 already exists in the cluster.
Pod(name=test-pod-163, label_set=LabelSet(labels={'app': 'app-a', 'role': 'backend'}), node=Node(name=worker-1)
Pod test-pod-157 already exists in the cluster.
Pod(name=test-pod-157, label_set=LabelSet(labels={'app': 'app-b', 'role': 'backend'}), node=Node(name=worker-1)
Pod test-pod-191 already exists in the cluster.
Pod(name=test-pod-191, label_set=LabelSet(labels={'app': 'app-a', 'role': 'database'}), node=Node(name=worker-1)
Pod test-pod-77 already exists in the cluster.
Pod(name=test-pod-77, label_set=LabelSet(labels={'app': 'app-b', 'role': 'database'}), node=Node(name=worker)
Pod test-pod-178 already exists in the cluster.
Pod(name=test-pod-178, label_set=LabelSet(labels={'app': 'app-c', 'role': 'backend'}), node=Node(name=worker-1)
Pod test-pod-169 already exists in the cluster.
Pod(name=test-pod-169, label_set=LabelSet(labels={'app': 'app-c', 'role': 'backend'}), node=Node(name=worker-1)
Pod test-pod-173 already exists in the cluster.
Pod(name=test-pod-173, label_set=LabelSet(labels={'app': 'app-a', 'role': 'database'}), node=Node(name=worker-1)
Pod test-pod-147 already exists in the cluster.
Pod(name=test-pod-147, label_set=LabelSet(labels={'app': 'app-b', 'role': 'frontend'}), node=Node(name=worker)
Pod test-pod-192 already exists in the cluster.
Pod(name=test-pod-192, label_set=LabelSet(labels={'app': 'app-b', 'role': 'frontend'}), node=Node(name=worker-1)
Pod test-pod-174 already exists in the cluster.
Pod(name=test-pod-174, label_set=LabelSet(labels={'app': 'app-b', 'role': 'frontend'}), node=Node(name=worker-1)
Pod test-pod-197 already exists in the cluster.
Pod(name=test-pod-197, label_set=LabelSet(labels={'app': 'app-c', 'role': 'database'}), node=Node(name=worker-1)
Pod test-pod-182 already exists in the cluster.
Pod(name=test-pod-182, label_set=LabelSet(labels={'app': 'app-a', 'role': 'database'}), node=Node(name=worker)
Pod test-pod-172 already exists in the cluster.
Pod(name=test-pod-172, label_set=LabelSet(labels={'app': 'app-a', 'role': 'backend'}), node=Node(name=worker-1)
Pod test-pod-153 already exists in the cluster.
Pod(name=test-pod-153, label_set=LabelSet(labels={'app': 'app-a', 'role': 'frontend'}), node=Node(name=worker)
Pod test-pod-199 already exists in the cluster.
