Running locally. Using kubeconfig.
🌿 Starting GrassHopper in PLS mode
Running in PLS-mode...
================================= FRESH INITIALISATION DONE =====================================
Watching policies now in namespace test-thesis ...
Watching pods now in namespace test-thesis ...
Handling policy event
Handling new policy event in Watchdog: app-c-deny-all
Successfully added policy app-c-deny-all to ClusterState
Handling policy event
Handling new policy event in Watchdog: app-c-allow-frontend-backend
PLS: Configuring new spol Policy(name=app-c-allow-frontend-backend, sel=LabelSet(labels={'app': 'app-c', 'role': 'frontend'}), allow=[
(LabelSet(labels={'app': 'app-c', 'role': 'backend'}), Traffic(direction=ingress, port=80, protocol=TCP)) 
])
PLS: Configuring new spol Policy(name=app-c-allow-frontend-backend, sel=LabelSet(labels={'app': 'app-c', 'role': 'frontend'}), allow=[
(LabelSet(labels={'app': 'app-c', 'role': 'backend'}), Traffic(direction=egress, port=80, protocol=TCP)) 
])
Successfully added policy app-c-allow-frontend-backend to ClusterState
Handling policy event
Handling new policy event in Watchdog: app-c-allow-database-backend
PLS: Configuring new spol Policy(name=app-c-allow-database-backend, sel=LabelSet(labels={'app': 'app-c', 'role': 'database'}), allow=[
(LabelSet(labels={'app': 'app-c', 'role': 'backend'}), Traffic(direction=ingress, port=80, protocol=TCP)) 
])
PLS: Configuring new spol Policy(name=app-c-allow-database-backend, sel=LabelSet(labels={'app': 'app-c', 'role': 'database'}), allow=[
(LabelSet(labels={'app': 'app-c', 'role': 'backend'}), Traffic(direction=egress, port=80, protocol=TCP)) 
])
Successfully added policy app-c-allow-database-backend to ClusterState
Handling policy event
Handling new policy event in Watchdog: app-c-allow-backend-frontend
PLS: Configuring new spol Policy(name=app-c-allow-backend-frontend, sel=LabelSet(labels={'app': 'app-c', 'role': 'backend'}), allow=[
(LabelSet(labels={'app': 'app-c', 'role': 'frontend'}), Traffic(direction=ingress, port=80, protocol=TCP)) 
])
PLS: Configuring new spol Policy(name=app-c-allow-backend-frontend, sel=LabelSet(labels={'app': 'app-c', 'role': 'backend'}), allow=[
(LabelSet(labels={'app': 'app-c', 'role': 'frontend'}), Traffic(direction=egress, port=80, protocol=TCP)) 
])
Successfully added policy app-c-allow-backend-frontend to ClusterState
Handling policy event
Handling new policy event in Watchdog: app-c-allow-backend-database
PLS: Configuring new spol Policy(name=app-c-allow-backend-database, sel=LabelSet(labels={'app': 'app-c', 'role': 'backend'}), allow=[
(LabelSet(labels={'app': 'app-c', 'role': 'database'}), Traffic(direction=ingress, port=80, protocol=TCP)) 
])
PLS: Configuring new spol Policy(name=app-c-allow-backend-database, sel=LabelSet(labels={'app': 'app-c', 'role': 'backend'}), allow=[
(LabelSet(labels={'app': 'app-c', 'role': 'database'}), Traffic(direction=egress, port=80, protocol=TCP)) 
])
Successfully added policy app-c-allow-backend-database to ClusterState
Handling policy event
Handling new policy event in Watchdog: app-b-allow-backend-database
PLS: Configuring new spol Policy(name=app-b-allow-backend-database, sel=LabelSet(labels={'app': 'app-b', 'role': 'backend'}), allow=[
(LabelSet(labels={'app': 'app-b', 'role': 'database'}), Traffic(direction=ingress, port=80, protocol=TCP)) 
])
PLS: Configuring new spol Policy(name=app-b-allow-backend-database, sel=LabelSet(labels={'app': 'app-b', 'role': 'backend'}), allow=[
(LabelSet(labels={'app': 'app-b', 'role': 'database'}), Traffic(direction=egress, port=80, protocol=TCP)) 
])
Successfully added policy app-b-allow-backend-database to ClusterState
Handling policy event
Handling new policy event in Watchdog: app-b-allow-database-backend
PLS: Configuring new spol Policy(name=app-b-allow-database-backend, sel=LabelSet(labels={'app': 'app-b', 'role': 'database'}), allow=[
(LabelSet(labels={'app': 'app-b', 'role': 'backend'}), Traffic(direction=ingress, port=80, protocol=TCP)) 
])
PLS: Configuring new spol Policy(name=app-b-allow-database-backend, sel=LabelSet(labels={'app': 'app-b', 'role': 'database'}), allow=[
(LabelSet(labels={'app': 'app-b', 'role': 'backend'}), Traffic(direction=egress, port=80, protocol=TCP)) 
])
Successfully added policy app-b-allow-database-backend to ClusterState
Handling policy event
Handling new policy event in Watchdog: app-b-allow-frontend-backend
PLS: Configuring new spol Policy(name=app-b-allow-frontend-backend, sel=LabelSet(labels={'app': 'app-b', 'role': 'frontend'}), allow=[
(LabelSet(labels={'app': 'app-b', 'role': 'backend'}), Traffic(direction=ingress, port=80, protocol=TCP)) 
])
PLS: Configuring new spol Policy(name=app-b-allow-frontend-backend, sel=LabelSet(labels={'app': 'app-b', 'role': 'frontend'}), allow=[
(LabelSet(labels={'app': 'app-b', 'role': 'backend'}), Traffic(direction=egress, port=80, protocol=TCP)) 
])
Successfully added policy app-b-allow-frontend-backend to ClusterState
Handling policy event
Handling new policy event in Watchdog: app-b-deny-all
Successfully added policy app-b-deny-all to ClusterState
Handling policy event
Handling new policy event in Watchdog: app-b-allow-backend-frontend
PLS: Configuring new spol Policy(name=app-b-allow-backend-frontend, sel=LabelSet(labels={'app': 'app-b', 'role': 'backend'}), allow=[
(LabelSet(labels={'app': 'app-b', 'role': 'frontend'}), Traffic(direction=ingress, port=80, protocol=TCP)) 
])
PLS: Configuring new spol Policy(name=app-b-allow-backend-frontend, sel=LabelSet(labels={'app': 'app-b', 'role': 'backend'}), allow=[
(LabelSet(labels={'app': 'app-b', 'role': 'frontend'}), Traffic(direction=egress, port=80, protocol=TCP)) 
])
Successfully added policy app-b-allow-backend-frontend to ClusterState
Handling policy event
Handling new policy event in Watchdog: app-a-allow-backend-database
PLS: Configuring new spol Policy(name=app-a-allow-backend-database, sel=LabelSet(labels={'app': 'app-a', 'role': 'backend'}), allow=[
(LabelSet(labels={'app': 'app-a', 'role': 'database'}), Traffic(direction=ingress, port=80, protocol=TCP)) 
])
PLS: Configuring new spol Policy(name=app-a-allow-backend-database, sel=LabelSet(labels={'app': 'app-a', 'role': 'backend'}), allow=[
(LabelSet(labels={'app': 'app-a', 'role': 'database'}), Traffic(direction=egress, port=80, protocol=TCP)) 
])
Successfully added policy app-a-allow-backend-database to ClusterState
Handling policy event
Handling new policy event in Watchdog: app-a-allow-frontend-backend
PLS: Configuring new spol Policy(name=app-a-allow-frontend-backend, sel=LabelSet(labels={'app': 'app-a', 'role': 'frontend'}), allow=[
(LabelSet(labels={'app': 'app-a', 'role': 'backend'}), Traffic(direction=ingress, port=80, protocol=TCP)) 
])
PLS: Configuring new spol Policy(name=app-a-allow-frontend-backend, sel=LabelSet(labels={'app': 'app-a', 'role': 'frontend'}), allow=[
(LabelSet(labels={'app': 'app-a', 'role': 'backend'}), Traffic(direction=egress, port=80, protocol=TCP)) 
])
Successfully added policy app-a-allow-frontend-backend to ClusterState
Handling policy event
Handling new policy event in Watchdog: app-a-allow-backend-frontend
PLS: Configuring new spol Policy(name=app-a-allow-backend-frontend, sel=LabelSet(labels={'app': 'app-a', 'role': 'backend'}), allow=[
(LabelSet(labels={'app': 'app-a', 'role': 'frontend'}), Traffic(direction=ingress, port=80, protocol=TCP)) 
])
PLS: Configuring new spol Policy(name=app-a-allow-backend-frontend, sel=LabelSet(labels={'app': 'app-a', 'role': 'backend'}), allow=[
(LabelSet(labels={'app': 'app-a', 'role': 'frontend'}), Traffic(direction=egress, port=80, protocol=TCP)) 
])
Successfully added policy app-a-allow-backend-frontend to ClusterState
Handling policy event
Handling new policy event in Watchdog: app-a-deny-all
Successfully added policy app-a-deny-all to ClusterState
Handling policy event
Handling new policy event in Watchdog: app-a-allow-database-backend
PLS: Configuring new spol Policy(name=app-a-allow-database-backend, sel=LabelSet(labels={'app': 'app-a', 'role': 'database'}), allow=[
(LabelSet(labels={'app': 'app-a', 'role': 'backend'}), Traffic(direction=ingress, port=80, protocol=TCP)) 
])
PLS: Configuring new spol Policy(name=app-a-allow-database-backend, sel=LabelSet(labels={'app': 'app-a', 'role': 'database'}), allow=[
(LabelSet(labels={'app': 'app-a', 'role': 'backend'}), Traffic(direction=egress, port=80, protocol=TCP)) 
])
Successfully added policy app-a-allow-database-backend to ClusterState
New pod: test-pod-0, on node: worker-1
PLS: Configuring new pod with labelset: {L}
PLS: Configuring new spol Policy(name=app-a-allow-backend-frontend, sel=LabelSet(labels={'app': 'app-a', 'role': 'backend'}), allow=[
(LabelSet(labels={'app': 'app-a', 'role': 'frontend'}), Traffic(direction=ingress, port=80, protocol=TCP)) 
])
PLS: Configuring new spol Policy(name=app-a-allow-frontend-backend, sel=LabelSet(labels={'app': 'app-a', 'role': 'frontend'}), allow=[
(LabelSet(labels={'app': 'app-a', 'role': 'backend'}), Traffic(direction=ingress, port=80, protocol=TCP)) 
])
Adding Security Group for select labelset: LabelSet(labels={'app': 'app-a', 'role': 'frontend'})
Initializing Openstack Client!
Creating security group: SG-app:app-arole:frontend
Attaching security group SG-app:app-arole:frontend to instance worker-1
Adding Security Group for allow labelset: LabelSet(labels={'app': 'app-a', 'role': 'backend'})
Creating security group: SG-app:app-arole:backend
SGMod: Adding rule to SG-app:app-arole:frontend, remote SG-app:app-arole:backend, port 80, type ingress
PLS: Configuring new spol Policy(name=app-a-allow-backend-frontend, sel=LabelSet(labels={'app': 'app-a', 'role': 'backend'}), allow=[
(LabelSet(labels={'app': 'app-a', 'role': 'frontend'}), Traffic(direction=egress, port=80, protocol=TCP)) 
])
PLS: Configuring new spol Policy(name=app-a-allow-frontend-backend, sel=LabelSet(labels={'app': 'app-a', 'role': 'frontend'}), allow=[
(LabelSet(labels={'app': 'app-a', 'role': 'backend'}), Traffic(direction=egress, port=80, protocol=TCP)) 
])
Adding Security Group for select labelset: LabelSet(labels={'app': 'app-a', 'role': 'frontend'})
Adding Security Group for allow labelset: LabelSet(labels={'app': 'app-a', 'role': 'backend'})
SGMod: Adding rule to SG-app:app-arole:frontend, remote SG-app:app-arole:backend, port 80, type egress
SG-app:app-arole:frontend already attached to worker-1
Pod(name=test-pod-0, label_set=LabelSet(labels={'app': 'app-a', 'role': 'frontend'}), node=Node(name=worker-1)
New pod: test-pod-1, on node: worker
PLS: Configuring new pod with labelset: {L}
PLS: Configuring new spol Policy(name=app-a-allow-database-backend, sel=LabelSet(labels={'app': 'app-a', 'role': 'database'}), allow=[
(LabelSet(labels={'app': 'app-a', 'role': 'backend'}), Traffic(direction=egress, port=80, protocol=TCP)) 
])
PLS: Configuring new spol Policy(name=app-a-allow-frontend-backend, sel=LabelSet(labels={'app': 'app-a', 'role': 'frontend'}), allow=[
(LabelSet(labels={'app': 'app-a', 'role': 'backend'}), Traffic(direction=ingress, port=80, protocol=TCP)) 
])
Adding Security Group for select labelset: LabelSet(labels={'app': 'app-a', 'role': 'frontend'})
Adding Security Group for allow labelset: LabelSet(labels={'app': 'app-a', 'role': 'backend'})
SGMod: Adding rule to SG-app:app-arole:frontend, remote SG-app:app-arole:backend, port 80, type ingress
Cannot add rule to remotes: Security group rule already exists. Rule id is 4758c0f5-61a1-4f52-9e2c-f28f76ba41e1.
Neutron server returns request_ids: ['req-5ea3fdb2-9e34-4f86-ac48-3d95b97e6940']
PLS: Configuring new spol Policy(name=app-a-allow-backend-database, sel=LabelSet(labels={'app': 'app-a', 'role': 'backend'}), allow=[
(LabelSet(labels={'app': 'app-a', 'role': 'database'}), Traffic(direction=egress, port=80, protocol=TCP)) 
])
Adding Security Group for select labelset: LabelSet(labels={'app': 'app-a', 'role': 'backend'})
Adding Security Group for allow labelset: LabelSet(labels={'app': 'app-a', 'role': 'database'})
Creating security group: SG-app:app-arole:database
SGMod: Adding rule to SG-app:app-arole:backend, remote SG-app:app-arole:database, port 80, type egress
PLS: Configuring new spol Policy(name=app-a-allow-frontend-backend, sel=LabelSet(labels={'app': 'app-a', 'role': 'frontend'}), allow=[
(LabelSet(labels={'app': 'app-a', 'role': 'backend'}), Traffic(direction=egress, port=80, protocol=TCP)) 
])
Adding Security Group for select labelset: LabelSet(labels={'app': 'app-a', 'role': 'frontend'})
Adding Security Group for allow labelset: LabelSet(labels={'app': 'app-a', 'role': 'backend'})
SGMod: Adding rule to SG-app:app-arole:frontend, remote SG-app:app-arole:backend, port 80, type egress
Cannot add rule to remotes: Security group rule already exists. Rule id is d0f6b332-83df-4a8a-8540-5744032429e0.
Neutron server returns request_ids: ['req-146416bc-125e-4d1c-bda9-9bccc41de7bd']
PLS: Configuring new spol Policy(name=app-a-allow-backend-database, sel=LabelSet(labels={'app': 'app-a', 'role': 'backend'}), allow=[
(LabelSet(labels={'app': 'app-a', 'role': 'database'}), Traffic(direction=ingress, port=80, protocol=TCP)) 
])
Adding Security Group for select labelset: LabelSet(labels={'app': 'app-a', 'role': 'backend'})
Adding Security Group for allow labelset: LabelSet(labels={'app': 'app-a', 'role': 'database'})
SGMod: Adding rule to SG-app:app-arole:backend, remote SG-app:app-arole:database, port 80, type ingress
PLS: Configuring new spol Policy(name=app-a-allow-backend-frontend, sel=LabelSet(labels={'app': 'app-a', 'role': 'backend'}), allow=[
(LabelSet(labels={'app': 'app-a', 'role': 'frontend'}), Traffic(direction=ingress, port=80, protocol=TCP)) 
])
Adding Security Group for select labelset: LabelSet(labels={'app': 'app-a', 'role': 'backend'})
Adding Security Group for allow labelset: LabelSet(labels={'app': 'app-a', 'role': 'frontend'})
SGMod: Adding rule to SG-app:app-arole:backend, remote SG-app:app-arole:frontend, port 80, type ingress
PLS: Configuring new spol Policy(name=app-a-allow-database-backend, sel=LabelSet(labels={'app': 'app-a', 'role': 'database'}), allow=[
(LabelSet(labels={'app': 'app-a', 'role': 'backend'}), Traffic(direction=ingress, port=80, protocol=TCP)) 
])
PLS: Configuring new spol Policy(name=app-a-allow-backend-frontend, sel=LabelSet(labels={'app': 'app-a', 'role': 'backend'}), allow=[
(LabelSet(labels={'app': 'app-a', 'role': 'frontend'}), Traffic(direction=egress, port=80, protocol=TCP)) 
])
Adding Security Group for select labelset: LabelSet(labels={'app': 'app-a', 'role': 'backend'})
Adding Security Group for allow labelset: LabelSet(labels={'app': 'app-a', 'role': 'frontend'})
SGMod: Adding rule to SG-app:app-arole:backend, remote SG-app:app-arole:frontend, port 80, type egress
Attaching security group SG-app:app-arole:backend to instance worker
Pod(name=test-pod-1, label_set=LabelSet(labels={'app': 'app-a', 'role': 'backend'}), node=Node(name=worker)
New pod: test-pod-2, on node: worker-2
PLS: Configuring new pod with labelset: {L}
PLS: Configuring new spol Policy(name=app-a-allow-database-backend, sel=LabelSet(labels={'app': 'app-a', 'role': 'database'}), allow=[
(LabelSet(labels={'app': 'app-a', 'role': 'backend'}), Traffic(direction=egress, port=80, protocol=TCP)) 
])
Adding Security Group for select labelset: LabelSet(labels={'app': 'app-a', 'role': 'database'})
Adding Security Group for allow labelset: LabelSet(labels={'app': 'app-a', 'role': 'backend'})
SGMod: Adding rule to SG-app:app-arole:database, remote SG-app:app-arole:backend, port 80, type egress
PLS: Configuring new spol Policy(name=app-a-allow-database-backend, sel=LabelSet(labels={'app': 'app-a', 'role': 'database'}), allow=[
(LabelSet(labels={'app': 'app-a', 'role': 'backend'}), Traffic(direction=ingress, port=80, protocol=TCP)) 
])
Adding Security Group for select labelset: LabelSet(labels={'app': 'app-a', 'role': 'database'})
Adding Security Group for allow labelset: LabelSet(labels={'app': 'app-a', 'role': 'backend'})
SGMod: Adding rule to SG-app:app-arole:database, remote SG-app:app-arole:backend, port 80, type ingress
PLS: Configuring new spol Policy(name=app-a-allow-backend-database, sel=LabelSet(labels={'app': 'app-a', 'role': 'backend'}), allow=[
(LabelSet(labels={'app': 'app-a', 'role': 'database'}), Traffic(direction=egress, port=80, protocol=TCP)) 
])
Adding Security Group for select labelset: LabelSet(labels={'app': 'app-a', 'role': 'backend'})
Adding Security Group for allow labelset: LabelSet(labels={'app': 'app-a', 'role': 'database'})
SGMod: Adding rule to SG-app:app-arole:backend, remote SG-app:app-arole:database, port 80, type egress
Cannot add rule to remotes: Security group rule already exists. Rule id is 2a3bda33-0c9c-4855-8e09-a69e9bbd4906.
Neutron server returns request_ids: ['req-b42ee102-a976-449a-b0b3-c7167fe8b1be']
PLS: Configuring new spol Policy(name=app-a-allow-backend-database, sel=LabelSet(labels={'app': 'app-a', 'role': 'backend'}), allow=[
(LabelSet(labels={'app': 'app-a', 'role': 'database'}), Traffic(direction=ingress, port=80, protocol=TCP)) 
])
Adding Security Group for select labelset: LabelSet(labels={'app': 'app-a', 'role': 'backend'})
Adding Security Group for allow labelset: LabelSet(labels={'app': 'app-a', 'role': 'database'})
SGMod: Adding rule to SG-app:app-arole:backend, remote SG-app:app-arole:database, port 80, type ingress
Cannot add rule to remotes: Security group rule already exists. Rule id is 58f19f86-b76d-4358-9739-e9898c8ffdb6.
Neutron server returns request_ids: ['req-cc909bb1-b329-4be1-855e-9ddeb14ba41b']
Attaching security group SG-app:app-arole:database to instance worker-2
Pod(name=test-pod-2, label_set=LabelSet(labels={'app': 'app-a', 'role': 'database'}), node=Node(name=worker-2)
Pod test-pod-0 already exists in the cluster.
Pod(name=test-pod-0, label_set=LabelSet(labels={'app': 'app-a', 'role': 'frontend'}), node=Node(name=worker-1)
Pod test-pod-1 already exists in the cluster.
Pod(name=test-pod-1, label_set=LabelSet(labels={'app': 'app-a', 'role': 'backend'}), node=Node(name=worker)
New pod: test-pod-3, on node: worker-2
PLS: Configuring new pod with labelset: {L}
PLS: Configuring new spol Policy(name=app-b-allow-backend-frontend, sel=LabelSet(labels={'app': 'app-b', 'role': 'backend'}), allow=[
(LabelSet(labels={'app': 'app-b', 'role': 'frontend'}), Traffic(direction=ingress, port=80, protocol=TCP)) 
])
PLS: Configuring new spol Policy(name=app-b-allow-backend-frontend, sel=LabelSet(labels={'app': 'app-b', 'role': 'backend'}), allow=[
(LabelSet(labels={'app': 'app-b', 'role': 'frontend'}), Traffic(direction=egress, port=80, protocol=TCP)) 
])
PLS: Configuring new spol Policy(name=app-b-allow-frontend-backend, sel=LabelSet(labels={'app': 'app-b', 'role': 'frontend'}), allow=[
(LabelSet(labels={'app': 'app-b', 'role': 'backend'}), Traffic(direction=ingress, port=80, protocol=TCP)) 
])
Adding Security Group for select labelset: LabelSet(labels={'app': 'app-b', 'role': 'frontend'})
Creating security group: SG-app:app-brole:frontend
Attaching security group SG-app:app-brole:frontend to instance worker-2
Adding Security Group for allow labelset: LabelSet(labels={'app': 'app-b', 'role': 'backend'})
Creating security group: SG-app:app-brole:backend
SGMod: Adding rule to SG-app:app-brole:frontend, remote SG-app:app-brole:backend, port 80, type ingress
PLS: Configuring new spol Policy(name=app-b-allow-frontend-backend, sel=LabelSet(labels={'app': 'app-b', 'role': 'frontend'}), allow=[
(LabelSet(labels={'app': 'app-b', 'role': 'backend'}), Traffic(direction=egress, port=80, protocol=TCP)) 
])
Adding Security Group for select labelset: LabelSet(labels={'app': 'app-b', 'role': 'frontend'})
Adding Security Group for allow labelset: LabelSet(labels={'app': 'app-b', 'role': 'backend'})
SGMod: Adding rule to SG-app:app-brole:frontend, remote SG-app:app-brole:backend, port 80, type egress
SG-app:app-brole:frontend already attached to worker-2
Pod(name=test-pod-3, label_set=LabelSet(labels={'app': 'app-b', 'role': 'frontend'}), node=Node(name=worker-2)
Pod test-pod-2 already exists in the cluster.
Pod(name=test-pod-2, label_set=LabelSet(labels={'app': 'app-a', 'role': 'database'}), node=Node(name=worker-2)
New pod: test-pod-4, on node: worker-1
PLS: Configuring new pod with labelset: {L}
PLS: Configuring new spol Policy(name=app-b-allow-database-backend, sel=LabelSet(labels={'app': 'app-b', 'role': 'database'}), allow=[
(LabelSet(labels={'app': 'app-b', 'role': 'backend'}), Traffic(direction=egress, port=80, protocol=TCP)) 
])
PLS: Configuring new spol Policy(name=app-b-allow-backend-database, sel=LabelSet(labels={'app': 'app-b', 'role': 'backend'}), allow=[
(LabelSet(labels={'app': 'app-b', 'role': 'database'}), Traffic(direction=egress, port=80, protocol=TCP)) 
])
Adding Security Group for select labelset: LabelSet(labels={'app': 'app-b', 'role': 'backend'})
Adding Security Group for allow labelset: LabelSet(labels={'app': 'app-b', 'role': 'database'})
Creating security group: SG-app:app-brole:database
SGMod: Adding rule to SG-app:app-brole:backend, remote SG-app:app-brole:database, port 80, type egress
PLS: Configuring new spol Policy(name=app-b-allow-backend-frontend, sel=LabelSet(labels={'app': 'app-b', 'role': 'backend'}), allow=[
(LabelSet(labels={'app': 'app-b', 'role': 'frontend'}), Traffic(direction=ingress, port=80, protocol=TCP)) 
])
Adding Security Group for select labelset: LabelSet(labels={'app': 'app-b', 'role': 'backend'})
Adding Security Group for allow labelset: LabelSet(labels={'app': 'app-b', 'role': 'frontend'})
SGMod: Adding rule to SG-app:app-brole:backend, remote SG-app:app-brole:frontend, port 80, type ingress
PLS: Configuring new spol Policy(name=app-b-allow-backend-database, sel=LabelSet(labels={'app': 'app-b', 'role': 'backend'}), allow=[
(LabelSet(labels={'app': 'app-b', 'role': 'database'}), Traffic(direction=ingress, port=80, protocol=TCP)) 
])
Adding Security Group for select labelset: LabelSet(labels={'app': 'app-b', 'role': 'backend'})
Adding Security Group for allow labelset: LabelSet(labels={'app': 'app-b', 'role': 'database'})
SGMod: Adding rule to SG-app:app-brole:backend, remote SG-app:app-brole:database, port 80, type ingress
PLS: Configuring new spol Policy(name=app-b-allow-frontend-backend, sel=LabelSet(labels={'app': 'app-b', 'role': 'frontend'}), allow=[
(LabelSet(labels={'app': 'app-b', 'role': 'backend'}), Traffic(direction=egress, port=80, protocol=TCP)) 
])
Adding Security Group for select labelset: LabelSet(labels={'app': 'app-b', 'role': 'frontend'})
Adding Security Group for allow labelset: LabelSet(labels={'app': 'app-b', 'role': 'backend'})
SGMod: Adding rule to SG-app:app-brole:frontend, remote SG-app:app-brole:backend, port 80, type egress
Cannot add rule to remotes: Security group rule already exists. Rule id is 1c865831-0adf-4494-b8c4-49ddda5bc568.
Neutron server returns request_ids: ['req-8e7d9109-dd56-4f1b-b3bc-4554ad6892e3']
PLS: Configuring new spol Policy(name=app-b-allow-database-backend, sel=LabelSet(labels={'app': 'app-b', 'role': 'database'}), allow=[
(LabelSet(labels={'app': 'app-b', 'role': 'backend'}), Traffic(direction=ingress, port=80, protocol=TCP)) 
])
PLS: Configuring new spol Policy(name=app-b-allow-backend-frontend, sel=LabelSet(labels={'app': 'app-b', 'role': 'backend'}), allow=[
(LabelSet(labels={'app': 'app-b', 'role': 'frontend'}), Traffic(direction=egress, port=80, protocol=TCP)) 
])
Adding Security Group for select labelset: LabelSet(labels={'app': 'app-b', 'role': 'backend'})
Adding Security Group for allow labelset: LabelSet(labels={'app': 'app-b', 'role': 'frontend'})
SGMod: Adding rule to SG-app:app-brole:backend, remote SG-app:app-brole:frontend, port 80, type egress
PLS: Configuring new spol Policy(name=app-b-allow-frontend-backend, sel=LabelSet(labels={'app': 'app-b', 'role': 'frontend'}), allow=[
(LabelSet(labels={'app': 'app-b', 'role': 'backend'}), Traffic(direction=ingress, port=80, protocol=TCP)) 
])
Adding Security Group for select labelset: LabelSet(labels={'app': 'app-b', 'role': 'frontend'})
Adding Security Group for allow labelset: LabelSet(labels={'app': 'app-b', 'role': 'backend'})
SGMod: Adding rule to SG-app:app-brole:frontend, remote SG-app:app-brole:backend, port 80, type ingress
Cannot add rule to remotes: Security group rule already exists. Rule id is ee3c8a26-f7fa-4ff8-9914-685d7b6e3227.
Neutron server returns request_ids: ['req-11337440-b58c-4af2-88bb-2e9d0d88bb06']
Attaching security group SG-app:app-brole:backend to instance worker-1
Pod(name=test-pod-4, label_set=LabelSet(labels={'app': 'app-b', 'role': 'backend'}), node=Node(name=worker-1)
New pod: test-pod-5, on node: worker
PLS: Configuring new pod with labelset: {L}
PLS: Configuring new spol Policy(name=app-b-allow-database-backend, sel=LabelSet(labels={'app': 'app-b', 'role': 'database'}), allow=[
(LabelSet(labels={'app': 'app-b', 'role': 'backend'}), Traffic(direction=egress, port=80, protocol=TCP)) 
])
Adding Security Group for select labelset: LabelSet(labels={'app': 'app-b', 'role': 'database'})
Adding Security Group for allow labelset: LabelSet(labels={'app': 'app-b', 'role': 'backend'})
SGMod: Adding rule to SG-app:app-brole:database, remote SG-app:app-brole:backend, port 80, type egress
PLS: Configuring new spol Policy(name=app-b-allow-database-backend, sel=LabelSet(labels={'app': 'app-b', 'role': 'database'}), allow=[
(LabelSet(labels={'app': 'app-b', 'role': 'backend'}), Traffic(direction=ingress, port=80, protocol=TCP)) 
])
Adding Security Group for select labelset: LabelSet(labels={'app': 'app-b', 'role': 'database'})
Adding Security Group for allow labelset: LabelSet(labels={'app': 'app-b', 'role': 'backend'})
SGMod: Adding rule to SG-app:app-brole:database, remote SG-app:app-brole:backend, port 80, type ingress
PLS: Configuring new spol Policy(name=app-b-allow-backend-database, sel=LabelSet(labels={'app': 'app-b', 'role': 'backend'}), allow=[
(LabelSet(labels={'app': 'app-b', 'role': 'database'}), Traffic(direction=ingress, port=80, protocol=TCP)) 
])
Adding Security Group for select labelset: LabelSet(labels={'app': 'app-b', 'role': 'backend'})
Adding Security Group for allow labelset: LabelSet(labels={'app': 'app-b', 'role': 'database'})
SGMod: Adding rule to SG-app:app-brole:backend, remote SG-app:app-brole:database, port 80, type ingress
Cannot add rule to remotes: Security group rule already exists. Rule id is 9c1a3917-d6cc-4f91-ab55-26e9d89dc547.
Neutron server returns request_ids: ['req-ede4140a-e576-4b32-92a1-136f92fa6ed5']
PLS: Configuring new spol Policy(name=app-b-allow-backend-database, sel=LabelSet(labels={'app': 'app-b', 'role': 'backend'}), allow=[
(LabelSet(labels={'app': 'app-b', 'role': 'database'}), Traffic(direction=egress, port=80, protocol=TCP)) 
])
Adding Security Group for select labelset: LabelSet(labels={'app': 'app-b', 'role': 'backend'})
Adding Security Group for allow labelset: LabelSet(labels={'app': 'app-b', 'role': 'database'})
SGMod: Adding rule to SG-app:app-brole:backend, remote SG-app:app-brole:database, port 80, type egress
Cannot add rule to remotes: Security group rule already exists. Rule id is a22f6826-f9ec-41e6-be0c-c3bc05e0cb7b.
Neutron server returns request_ids: ['req-33aad72f-097a-4d9e-b327-38b6cc3b94a8']
Attaching security group SG-app:app-brole:database to instance worker
Pod(name=test-pod-5, label_set=LabelSet(labels={'app': 'app-b', 'role': 'database'}), node=Node(name=worker)
Pod test-pod-4 already exists in the cluster.
Pod(name=test-pod-4, label_set=LabelSet(labels={'app': 'app-b', 'role': 'backend'}), node=Node(name=worker-1)
Pod test-pod-3 already exists in the cluster.
Pod(name=test-pod-3, label_set=LabelSet(labels={'app': 'app-b', 'role': 'frontend'}), node=Node(name=worker-2)
New pod: test-pod-6, on node: worker
PLS: Configuring new pod with labelset: {L}
PLS: Configuring new spol Policy(name=app-c-allow-backend-frontend, sel=LabelSet(labels={'app': 'app-c', 'role': 'backend'}), allow=[
(LabelSet(labels={'app': 'app-c', 'role': 'frontend'}), Traffic(direction=egress, port=80, protocol=TCP)) 
])
PLS: Configuring new spol Policy(name=app-c-allow-backend-frontend, sel=LabelSet(labels={'app': 'app-c', 'role': 'backend'}), allow=[
(LabelSet(labels={'app': 'app-c', 'role': 'frontend'}), Traffic(direction=ingress, port=80, protocol=TCP)) 
])
PLS: Configuring new spol Policy(name=app-c-allow-frontend-backend, sel=LabelSet(labels={'app': 'app-c', 'role': 'frontend'}), allow=[
(LabelSet(labels={'app': 'app-c', 'role': 'backend'}), Traffic(direction=egress, port=80, protocol=TCP)) 
])
Adding Security Group for select labelset: LabelSet(labels={'app': 'app-c', 'role': 'frontend'})
Creating security group: SG-app:app-crole:frontend
Attaching security group SG-app:app-crole:frontend to instance worker
Adding Security Group for allow labelset: LabelSet(labels={'app': 'app-c', 'role': 'backend'})
Creating security group: SG-app:app-crole:backend
SGMod: Adding rule to SG-app:app-crole:frontend, remote SG-app:app-crole:backend, port 80, type egress
PLS: Configuring new spol Policy(name=app-c-allow-frontend-backend, sel=LabelSet(labels={'app': 'app-c', 'role': 'frontend'}), allow=[
(LabelSet(labels={'app': 'app-c', 'role': 'backend'}), Traffic(direction=ingress, port=80, protocol=TCP)) 
])
Adding Security Group for select labelset: LabelSet(labels={'app': 'app-c', 'role': 'frontend'})
Adding Security Group for allow labelset: LabelSet(labels={'app': 'app-c', 'role': 'backend'})
SGMod: Adding rule to SG-app:app-crole:frontend, remote SG-app:app-crole:backend, port 80, type ingress
SG-app:app-crole:frontend already attached to worker
Pod(name=test-pod-6, label_set=LabelSet(labels={'app': 'app-c', 'role': 'frontend'}), node=Node(name=worker)
Pod test-pod-5 already exists in the cluster.
Pod(name=test-pod-5, label_set=LabelSet(labels={'app': 'app-b', 'role': 'database'}), node=Node(name=worker)
New pod: test-pod-7, on node: worker-2
PLS: Configuring new pod with labelset: {L}
PLS: Configuring new spol Policy(name=app-c-allow-database-backend, sel=LabelSet(labels={'app': 'app-c', 'role': 'database'}), allow=[
(LabelSet(labels={'app': 'app-c', 'role': 'backend'}), Traffic(direction=egress, port=80, protocol=TCP)) 
])
PLS: Configuring new spol Policy(name=app-c-allow-frontend-backend, sel=LabelSet(labels={'app': 'app-c', 'role': 'frontend'}), allow=[
(LabelSet(labels={'app': 'app-c', 'role': 'backend'}), Traffic(direction=egress, port=80, protocol=TCP)) 
])
Adding Security Group for select labelset: LabelSet(labels={'app': 'app-c', 'role': 'frontend'})
Adding Security Group for allow labelset: LabelSet(labels={'app': 'app-c', 'role': 'backend'})
SGMod: Adding rule to SG-app:app-crole:frontend, remote SG-app:app-crole:backend, port 80, type egress
Cannot add rule to remotes: Security group rule already exists. Rule id is 21d6aa1b-e24f-4aa9-9c7c-3c4176fae705.
Neutron server returns request_ids: ['req-e547aca8-b94c-4e01-bcba-4dcfeb5f0773']
PLS: Configuring new spol Policy(name=app-c-allow-backend-database, sel=LabelSet(labels={'app': 'app-c', 'role': 'backend'}), allow=[
(LabelSet(labels={'app': 'app-c', 'role': 'database'}), Traffic(direction=ingress, port=80, protocol=TCP)) 
])
Adding Security Group for select labelset: LabelSet(labels={'app': 'app-c', 'role': 'backend'})
Adding Security Group for allow labelset: LabelSet(labels={'app': 'app-c', 'role': 'database'})
Creating security group: SG-app:app-crole:database
SGMod: Adding rule to SG-app:app-crole:backend, remote SG-app:app-crole:database, port 80, type ingress
PLS: Configuring new spol Policy(name=app-c-allow-database-backend, sel=LabelSet(labels={'app': 'app-c', 'role': 'database'}), allow=[
(LabelSet(labels={'app': 'app-c', 'role': 'backend'}), Traffic(direction=ingress, port=80, protocol=TCP)) 
])
PLS: Configuring new spol Policy(name=app-c-allow-frontend-backend, sel=LabelSet(labels={'app': 'app-c', 'role': 'frontend'}), allow=[
(LabelSet(labels={'app': 'app-c', 'role': 'backend'}), Traffic(direction=ingress, port=80, protocol=TCP)) 
])
Adding Security Group for select labelset: LabelSet(labels={'app': 'app-c', 'role': 'frontend'})
Adding Security Group for allow labelset: LabelSet(labels={'app': 'app-c', 'role': 'backend'})
SGMod: Adding rule to SG-app:app-crole:frontend, remote SG-app:app-crole:backend, port 80, type ingress
Cannot add rule to remotes: Security group rule already exists. Rule id is 1ca579ac-484d-4155-a36c-6d15dd0e039d.
Neutron server returns request_ids: ['req-44a6807e-3017-47a5-aff2-b5db2bf707d3']
PLS: Configuring new spol Policy(name=app-c-allow-backend-frontend, sel=LabelSet(labels={'app': 'app-c', 'role': 'backend'}), allow=[
(LabelSet(labels={'app': 'app-c', 'role': 'frontend'}), Traffic(direction=ingress, port=80, protocol=TCP)) 
])
Adding Security Group for select labelset: LabelSet(labels={'app': 'app-c', 'role': 'backend'})
Adding Security Group for allow labelset: LabelSet(labels={'app': 'app-c', 'role': 'frontend'})
SGMod: Adding rule to SG-app:app-crole:backend, remote SG-app:app-crole:frontend, port 80, type ingress
PLS: Configuring new spol Policy(name=app-c-allow-backend-frontend, sel=LabelSet(labels={'app': 'app-c', 'role': 'backend'}), allow=[
(LabelSet(labels={'app': 'app-c', 'role': 'frontend'}), Traffic(direction=egress, port=80, protocol=TCP)) 
])
Adding Security Group for select labelset: LabelSet(labels={'app': 'app-c', 'role': 'backend'})
Adding Security Group for allow labelset: LabelSet(labels={'app': 'app-c', 'role': 'frontend'})
SGMod: Adding rule to SG-app:app-crole:backend, remote SG-app:app-crole:frontend, port 80, type egress
PLS: Configuring new spol Policy(name=app-c-allow-backend-database, sel=LabelSet(labels={'app': 'app-c', 'role': 'backend'}), allow=[
(LabelSet(labels={'app': 'app-c', 'role': 'database'}), Traffic(direction=egress, port=80, protocol=TCP)) 
])
Adding Security Group for select labelset: LabelSet(labels={'app': 'app-c', 'role': 'backend'})
Adding Security Group for allow labelset: LabelSet(labels={'app': 'app-c', 'role': 'database'})
SGMod: Adding rule to SG-app:app-crole:backend, remote SG-app:app-crole:database, port 80, type egress
Attaching security group SG-app:app-crole:backend to instance worker-2
Pod(name=test-pod-7, label_set=LabelSet(labels={'app': 'app-c', 'role': 'backend'}), node=Node(name=worker-2)
Pod test-pod-6 already exists in the cluster.
Pod(name=test-pod-6, label_set=LabelSet(labels={'app': 'app-c', 'role': 'frontend'}), node=Node(name=worker)
New pod: test-pod-8, on node: worker-1
PLS: Configuring new pod with labelset: {L}
PLS: Configuring new spol Policy(name=app-c-allow-database-backend, sel=LabelSet(labels={'app': 'app-c', 'role': 'database'}), allow=[
(LabelSet(labels={'app': 'app-c', 'role': 'backend'}), Traffic(direction=egress, port=80, protocol=TCP)) 
])
Adding Security Group for select labelset: LabelSet(labels={'app': 'app-c', 'role': 'database'})
Adding Security Group for allow labelset: LabelSet(labels={'app': 'app-c', 'role': 'backend'})
SGMod: Adding rule to SG-app:app-crole:database, remote SG-app:app-crole:backend, port 80, type egress
PLS: Configuring new spol Policy(name=app-c-allow-backend-database, sel=LabelSet(labels={'app': 'app-c', 'role': 'backend'}), allow=[
(LabelSet(labels={'app': 'app-c', 'role': 'database'}), Traffic(direction=egress, port=80, protocol=TCP)) 
])
Adding Security Group for select labelset: LabelSet(labels={'app': 'app-c', 'role': 'backend'})
Adding Security Group for allow labelset: LabelSet(labels={'app': 'app-c', 'role': 'database'})
SGMod: Adding rule to SG-app:app-crole:backend, remote SG-app:app-crole:database, port 80, type egress
Cannot add rule to remotes: Security group rule already exists. Rule id is 4df0a64f-d36a-433b-99c0-0d32dcff9042.
Neutron server returns request_ids: ['req-de82d002-72cf-4eae-884f-65ed83189ba0']
PLS: Configuring new spol Policy(name=app-c-allow-database-backend, sel=LabelSet(labels={'app': 'app-c', 'role': 'database'}), allow=[
(LabelSet(labels={'app': 'app-c', 'role': 'backend'}), Traffic(direction=ingress, port=80, protocol=TCP)) 
])
Adding Security Group for select labelset: LabelSet(labels={'app': 'app-c', 'role': 'database'})
Adding Security Group for allow labelset: LabelSet(labels={'app': 'app-c', 'role': 'backend'})
SGMod: Adding rule to SG-app:app-crole:database, remote SG-app:app-crole:backend, port 80, type ingress
PLS: Configuring new spol Policy(name=app-c-allow-backend-database, sel=LabelSet(labels={'app': 'app-c', 'role': 'backend'}), allow=[
(LabelSet(labels={'app': 'app-c', 'role': 'database'}), Traffic(direction=ingress, port=80, protocol=TCP)) 
])
Adding Security Group for select labelset: LabelSet(labels={'app': 'app-c', 'role': 'backend'})
Adding Security Group for allow labelset: LabelSet(labels={'app': 'app-c', 'role': 'database'})
SGMod: Adding rule to SG-app:app-crole:backend, remote SG-app:app-crole:database, port 80, type ingress
Cannot add rule to remotes: Security group rule already exists. Rule id is a207fb5d-c5f1-4350-a741-e80d984a5029.
Neutron server returns request_ids: ['req-277b8baf-7c7b-4064-8d7e-d1254f5f3d35']
Attaching security group SG-app:app-crole:database to instance worker-1
Pod(name=test-pod-8, label_set=LabelSet(labels={'app': 'app-c', 'role': 'database'}), node=Node(name=worker-1)
Pod test-pod-7 already exists in the cluster.
Pod(name=test-pod-7, label_set=LabelSet(labels={'app': 'app-c', 'role': 'backend'}), node=Node(name=worker-2)
New pod: test-pod-9, on node: worker-2
PLS: Configuring new pod with labelset: {L}
PLS: Configuring new spol Policy(name=app-a-allow-backend-frontend, sel=LabelSet(labels={'app': 'app-a', 'role': 'backend'}), allow=[
(LabelSet(labels={'app': 'app-a', 'role': 'frontend'}), Traffic(direction=ingress, port=80, protocol=TCP)) 
])
Adding Security Group for select labelset: LabelSet(labels={'app': 'app-a', 'role': 'backend'})
Adding Security Group for allow labelset: LabelSet(labels={'app': 'app-a', 'role': 'frontend'})
SGMod: Adding rule to SG-app:app-arole:backend, remote SG-app:app-arole:frontend, port 80, type ingress
Cannot add rule to remotes: Security group rule already exists. Rule id is 0a842e53-6db3-4854-b493-feb2b878b80d.
Neutron server returns request_ids: ['req-6c5e6063-1ef0-4614-a8a1-a624527e9de6']
PLS: Configuring new spol Policy(name=app-a-allow-frontend-backend, sel=LabelSet(labels={'app': 'app-a', 'role': 'frontend'}), allow=[
(LabelSet(labels={'app': 'app-a', 'role': 'backend'}), Traffic(direction=ingress, port=80, protocol=TCP)) 
])
Adding Security Group for select labelset: LabelSet(labels={'app': 'app-a', 'role': 'frontend'})
Adding Security Group for allow labelset: LabelSet(labels={'app': 'app-a', 'role': 'backend'})
SGMod: Adding rule to SG-app:app-arole:frontend, remote SG-app:app-arole:backend, port 80, type ingress
Cannot add rule to remotes: Security group rule already exists. Rule id is 4758c0f5-61a1-4f52-9e2c-f28f76ba41e1.
Neutron server returns request_ids: ['req-66b3ee9b-b56d-469f-8230-2245c0e6183f']
PLS: Configuring new spol Policy(name=app-a-allow-backend-frontend, sel=LabelSet(labels={'app': 'app-a', 'role': 'backend'}), allow=[
(LabelSet(labels={'app': 'app-a', 'role': 'frontend'}), Traffic(direction=egress, port=80, protocol=TCP)) 
])
Adding Security Group for select labelset: LabelSet(labels={'app': 'app-a', 'role': 'backend'})
Adding Security Group for allow labelset: LabelSet(labels={'app': 'app-a', 'role': 'frontend'})
SGMod: Adding rule to SG-app:app-arole:backend, remote SG-app:app-arole:frontend, port 80, type egress
Cannot add rule to remotes: Security group rule already exists. Rule id is 292ac3c5-8f23-4077-a3a7-0a21e3187cc8.
Neutron server returns request_ids: ['req-66eafd15-d34b-4e52-9bf8-d09212251db0']
PLS: Configuring new spol Policy(name=app-a-allow-frontend-backend, sel=LabelSet(labels={'app': 'app-a', 'role': 'frontend'}), allow=[
(LabelSet(labels={'app': 'app-a', 'role': 'backend'}), Traffic(direction=egress, port=80, protocol=TCP)) 
])
Adding Security Group for select labelset: LabelSet(labels={'app': 'app-a', 'role': 'frontend'})
Adding Security Group for allow labelset: LabelSet(labels={'app': 'app-a', 'role': 'backend'})
SGMod: Adding rule to SG-app:app-arole:frontend, remote SG-app:app-arole:backend, port 80, type egress
Cannot add rule to remotes: Security group rule already exists. Rule id is d0f6b332-83df-4a8a-8540-5744032429e0.
Neutron server returns request_ids: ['req-5e0126fe-95c8-41be-8321-2ba8ac06c68e']
Attaching security group SG-app:app-arole:frontend to instance worker-2
Pod(name=test-pod-9, label_set=LabelSet(labels={'app': 'app-a', 'role': 'frontend'}), node=Node(name=worker-2)
Pod test-pod-8 already exists in the cluster.
Pod(name=test-pod-8, label_set=LabelSet(labels={'app': 'app-c', 'role': 'database'}), node=Node(name=worker-1)
New pod: test-pod-10, on node: worker-1
PLS: Configuring new pod with labelset: {L}
PLS: Configuring new spol Policy(name=app-a-allow-database-backend, sel=LabelSet(labels={'app': 'app-a', 'role': 'database'}), allow=[
(LabelSet(labels={'app': 'app-a', 'role': 'backend'}), Traffic(direction=egress, port=80, protocol=TCP)) 
])
Adding Security Group for select labelset: LabelSet(labels={'app': 'app-a', 'role': 'database'})
Adding Security Group for allow labelset: LabelSet(labels={'app': 'app-a', 'role': 'backend'})
SGMod: Adding rule to SG-app:app-arole:database, remote SG-app:app-arole:backend, port 80, type egress
Cannot add rule to remotes: Security group rule already exists. Rule id is 59d89485-70b9-46c6-8de1-973cc59c50eb.
Neutron server returns request_ids: ['req-2af082da-e412-4d73-aa16-9427b7d1678a']
PLS: Configuring new spol Policy(name=app-a-allow-frontend-backend, sel=LabelSet(labels={'app': 'app-a', 'role': 'frontend'}), allow=[
(LabelSet(labels={'app': 'app-a', 'role': 'backend'}), Traffic(direction=ingress, port=80, protocol=TCP)) 
])
Adding Security Group for select labelset: LabelSet(labels={'app': 'app-a', 'role': 'frontend'})
Adding Security Group for allow labelset: LabelSet(labels={'app': 'app-a', 'role': 'backend'})
SGMod: Adding rule to SG-app:app-arole:frontend, remote SG-app:app-arole:backend, port 80, type ingress
Cannot add rule to remotes: Security group rule already exists. Rule id is 4758c0f5-61a1-4f52-9e2c-f28f76ba41e1.
Neutron server returns request_ids: ['req-eeed05eb-d799-4b20-b30d-341e660f0cee']
PLS: Configuring new spol Policy(name=app-a-allow-backend-database, sel=LabelSet(labels={'app': 'app-a', 'role': 'backend'}), allow=[
(LabelSet(labels={'app': 'app-a', 'role': 'database'}), Traffic(direction=egress, port=80, protocol=TCP)) 
])
Adding Security Group for select labelset: LabelSet(labels={'app': 'app-a', 'role': 'backend'})
Adding Security Group for allow labelset: LabelSet(labels={'app': 'app-a', 'role': 'database'})
SGMod: Adding rule to SG-app:app-arole:backend, remote SG-app:app-arole:database, port 80, type egress
Cannot add rule to remotes: Security group rule already exists. Rule id is 2a3bda33-0c9c-4855-8e09-a69e9bbd4906.
Neutron server returns request_ids: ['req-510b20d8-b357-452c-93bd-1a18d36ca982']
PLS: Configuring new spol Policy(name=app-a-allow-frontend-backend, sel=LabelSet(labels={'app': 'app-a', 'role': 'frontend'}), allow=[
(LabelSet(labels={'app': 'app-a', 'role': 'backend'}), Traffic(direction=egress, port=80, protocol=TCP)) 
])
Adding Security Group for select labelset: LabelSet(labels={'app': 'app-a', 'role': 'frontend'})
Adding Security Group for allow labelset: LabelSet(labels={'app': 'app-a', 'role': 'backend'})
SGMod: Adding rule to SG-app:app-arole:frontend, remote SG-app:app-arole:backend, port 80, type egress
Cannot add rule to remotes: Security group rule already exists. Rule id is d0f6b332-83df-4a8a-8540-5744032429e0.
Neutron server returns request_ids: ['req-6cedd710-7033-4e89-b3b5-dfd4d53a421a']
PLS: Configuring new spol Policy(name=app-a-allow-backend-database, sel=LabelSet(labels={'app': 'app-a', 'role': 'backend'}), allow=[
(LabelSet(labels={'app': 'app-a', 'role': 'database'}), Traffic(direction=ingress, port=80, protocol=TCP)) 
])
Adding Security Group for select labelset: LabelSet(labels={'app': 'app-a', 'role': 'backend'})
Adding Security Group for allow labelset: LabelSet(labels={'app': 'app-a', 'role': 'database'})
SGMod: Adding rule to SG-app:app-arole:backend, remote SG-app:app-arole:database, port 80, type ingress
Cannot add rule to remotes: Security group rule already exists. Rule id is 58f19f86-b76d-4358-9739-e9898c8ffdb6.
Neutron server returns request_ids: ['req-d63f60fb-1386-42d9-9291-0f600db308b4']
PLS: Configuring new spol Policy(name=app-a-allow-backend-frontend, sel=LabelSet(labels={'app': 'app-a', 'role': 'backend'}), allow=[
(LabelSet(labels={'app': 'app-a', 'role': 'frontend'}), Traffic(direction=ingress, port=80, protocol=TCP)) 
])
Adding Security Group for select labelset: LabelSet(labels={'app': 'app-a', 'role': 'backend'})
Adding Security Group for allow labelset: LabelSet(labels={'app': 'app-a', 'role': 'frontend'})
SGMod: Adding rule to SG-app:app-arole:backend, remote SG-app:app-arole:frontend, port 80, type ingress
Cannot add rule to remotes: Security group rule already exists. Rule id is 0a842e53-6db3-4854-b493-feb2b878b80d.
Neutron server returns request_ids: ['req-270ec94c-eee2-4fc2-9d1e-06508da22d69']
PLS: Configuring new spol Policy(name=app-a-allow-database-backend, sel=LabelSet(labels={'app': 'app-a', 'role': 'database'}), allow=[
(LabelSet(labels={'app': 'app-a', 'role': 'backend'}), Traffic(direction=ingress, port=80, protocol=TCP)) 
])
Adding Security Group for select labelset: LabelSet(labels={'app': 'app-a', 'role': 'database'})
Adding Security Group for allow labelset: LabelSet(labels={'app': 'app-a', 'role': 'backend'})
SGMod: Adding rule to SG-app:app-arole:database, remote SG-app:app-arole:backend, port 80, type ingress
Cannot add rule to remotes: Security group rule already exists. Rule id is d87d53e6-f1a0-4a83-98e5-8982e2fb2b45.
Neutron server returns request_ids: ['req-ed37aa55-5086-40e9-a8c7-fcb321c04fab']
PLS: Configuring new spol Policy(name=app-a-allow-backend-frontend, sel=LabelSet(labels={'app': 'app-a', 'role': 'backend'}), allow=[
(LabelSet(labels={'app': 'app-a', 'role': 'frontend'}), Traffic(direction=egress, port=80, protocol=TCP)) 
])
Adding Security Group for select labelset: LabelSet(labels={'app': 'app-a', 'role': 'backend'})
Adding Security Group for allow labelset: LabelSet(labels={'app': 'app-a', 'role': 'frontend'})
SGMod: Adding rule to SG-app:app-arole:backend, remote SG-app:app-arole:frontend, port 80, type egress
Cannot add rule to remotes: Security group rule already exists. Rule id is 292ac3c5-8f23-4077-a3a7-0a21e3187cc8.
Neutron server returns request_ids: ['req-7ccc48ea-de6d-4ba4-b60a-c6e9bf38953a']
Attaching security group SG-app:app-arole:backend to instance worker-1
Pod(name=test-pod-10, label_set=LabelSet(labels={'app': 'app-a', 'role': 'backend'}), node=Node(name=worker-1)
Pod test-pod-9 already exists in the cluster.
Pod(name=test-pod-9, label_set=LabelSet(labels={'app': 'app-a', 'role': 'frontend'}), node=Node(name=worker-2)
New pod: test-pod-11, on node: worker
PLS: Configuring new pod with labelset: {L}
PLS: Configuring new spol Policy(name=app-a-allow-database-backend, sel=LabelSet(labels={'app': 'app-a', 'role': 'database'}), allow=[
(LabelSet(labels={'app': 'app-a', 'role': 'backend'}), Traffic(direction=egress, port=80, protocol=TCP)) 
])
Adding Security Group for select labelset: LabelSet(labels={'app': 'app-a', 'role': 'database'})
Adding Security Group for allow labelset: LabelSet(labels={'app': 'app-a', 'role': 'backend'})
SGMod: Adding rule to SG-app:app-arole:database, remote SG-app:app-arole:backend, port 80, type egress
Cannot add rule to remotes: Security group rule already exists. Rule id is 59d89485-70b9-46c6-8de1-973cc59c50eb.
Neutron server returns request_ids: ['req-6734e5b9-ea72-4160-805d-f0e4354c48d2']
PLS: Configuring new spol Policy(name=app-a-allow-database-backend, sel=LabelSet(labels={'app': 'app-a', 'role': 'database'}), allow=[
(LabelSet(labels={'app': 'app-a', 'role': 'backend'}), Traffic(direction=ingress, port=80, protocol=TCP)) 
])
Adding Security Group for select labelset: LabelSet(labels={'app': 'app-a', 'role': 'database'})
Adding Security Group for allow labelset: LabelSet(labels={'app': 'app-a', 'role': 'backend'})
SGMod: Adding rule to SG-app:app-arole:database, remote SG-app:app-arole:backend, port 80, type ingress
Cannot add rule to remotes: Security group rule already exists. Rule id is d87d53e6-f1a0-4a83-98e5-8982e2fb2b45.
Neutron server returns request_ids: ['req-38901394-d922-46c9-9546-eff397de9164']
PLS: Configuring new spol Policy(name=app-a-allow-backend-database, sel=LabelSet(labels={'app': 'app-a', 'role': 'backend'}), allow=[
(LabelSet(labels={'app': 'app-a', 'role': 'database'}), Traffic(direction=egress, port=80, protocol=TCP)) 
])
Adding Security Group for select labelset: LabelSet(labels={'app': 'app-a', 'role': 'backend'})
Adding Security Group for allow labelset: LabelSet(labels={'app': 'app-a', 'role': 'database'})
SGMod: Adding rule to SG-app:app-arole:backend, remote SG-app:app-arole:database, port 80, type egress
Cannot add rule to remotes: Security group rule already exists. Rule id is 2a3bda33-0c9c-4855-8e09-a69e9bbd4906.
Neutron server returns request_ids: ['req-0dd0f391-ddb0-4e91-ab61-3d7924182f88']
PLS: Configuring new spol Policy(name=app-a-allow-backend-database, sel=LabelSet(labels={'app': 'app-a', 'role': 'backend'}), allow=[
(LabelSet(labels={'app': 'app-a', 'role': 'database'}), Traffic(direction=ingress, port=80, protocol=TCP)) 
])
Adding Security Group for select labelset: LabelSet(labels={'app': 'app-a', 'role': 'backend'})
Adding Security Group for allow labelset: LabelSet(labels={'app': 'app-a', 'role': 'database'})
SGMod: Adding rule to SG-app:app-arole:backend, remote SG-app:app-arole:database, port 80, type ingress
Cannot add rule to remotes: Security group rule already exists. Rule id is 58f19f86-b76d-4358-9739-e9898c8ffdb6.
Neutron server returns request_ids: ['req-222cc2fe-9f45-48e8-a148-28040dbe934f']
Attaching security group SG-app:app-arole:database to instance worker
Pod(name=test-pod-11, label_set=LabelSet(labels={'app': 'app-a', 'role': 'database'}), node=Node(name=worker)
New pod: test-pod-12, on node: worker
PLS: Configuring new pod with labelset: {L}
PLS: Configuring new spol Policy(name=app-b-allow-backend-frontend, sel=LabelSet(labels={'app': 'app-b', 'role': 'backend'}), allow=[
(LabelSet(labels={'app': 'app-b', 'role': 'frontend'}), Traffic(direction=ingress, port=80, protocol=TCP)) 
])
Adding Security Group for select labelset: LabelSet(labels={'app': 'app-b', 'role': 'backend'})
Adding Security Group for allow labelset: LabelSet(labels={'app': 'app-b', 'role': 'frontend'})
SGMod: Adding rule to SG-app:app-brole:backend, remote SG-app:app-brole:frontend, port 80, type ingress
Cannot add rule to remotes: Security group rule already exists. Rule id is e9e0560c-fe47-43de-92e3-ce495c98063d.
Neutron server returns request_ids: ['req-e875e95a-7840-4e81-9792-4cc5479bb083']
PLS: Configuring new spol Policy(name=app-b-allow-backend-frontend, sel=LabelSet(labels={'app': 'app-b', 'role': 'backend'}), allow=[
(LabelSet(labels={'app': 'app-b', 'role': 'frontend'}), Traffic(direction=egress, port=80, protocol=TCP)) 
])
Adding Security Group for select labelset: LabelSet(labels={'app': 'app-b', 'role': 'backend'})
Adding Security Group for allow labelset: LabelSet(labels={'app': 'app-b', 'role': 'frontend'})
SGMod: Adding rule to SG-app:app-brole:backend, remote SG-app:app-brole:frontend, port 80, type egress
Cannot add rule to remotes: Security group rule already exists. Rule id is 21b293bd-0210-400c-98fc-96ad5667613b.
Neutron server returns request_ids: ['req-02f88742-7046-423d-91e9-af0e86c7ba74']
PLS: Configuring new spol Policy(name=app-b-allow-frontend-backend, sel=LabelSet(labels={'app': 'app-b', 'role': 'frontend'}), allow=[
(LabelSet(labels={'app': 'app-b', 'role': 'backend'}), Traffic(direction=ingress, port=80, protocol=TCP)) 
])
Adding Security Group for select labelset: LabelSet(labels={'app': 'app-b', 'role': 'frontend'})
Adding Security Group for allow labelset: LabelSet(labels={'app': 'app-b', 'role': 'backend'})
SGMod: Adding rule to SG-app:app-brole:frontend, remote SG-app:app-brole:backend, port 80, type ingress
Cannot add rule to remotes: Security group rule already exists. Rule id is ee3c8a26-f7fa-4ff8-9914-685d7b6e3227.
Neutron server returns request_ids: ['req-5496c25a-dba7-4b97-a7a3-e1bf0af14601']
PLS: Configuring new spol Policy(name=app-b-allow-frontend-backend, sel=LabelSet(labels={'app': 'app-b', 'role': 'frontend'}), allow=[
(LabelSet(labels={'app': 'app-b', 'role': 'backend'}), Traffic(direction=egress, port=80, protocol=TCP)) 
])
Adding Security Group for select labelset: LabelSet(labels={'app': 'app-b', 'role': 'frontend'})
Adding Security Group for allow labelset: LabelSet(labels={'app': 'app-b', 'role': 'backend'})
SGMod: Adding rule to SG-app:app-brole:frontend, remote SG-app:app-brole:backend, port 80, type egress
Cannot add rule to remotes: Security group rule already exists. Rule id is 1c865831-0adf-4494-b8c4-49ddda5bc568.
Neutron server returns request_ids: ['req-6d33fcf6-5205-4573-a81f-f6b4ea0af1fc']
Attaching security group SG-app:app-brole:frontend to instance worker
Pod(name=test-pod-12, label_set=LabelSet(labels={'app': 'app-b', 'role': 'frontend'}), node=Node(name=worker)
Pod test-pod-10 already exists in the cluster.
Pod(name=test-pod-10, label_set=LabelSet(labels={'app': 'app-a', 'role': 'backend'}), node=Node(name=worker-1)
Pod test-pod-11 already exists in the cluster.
Pod(name=test-pod-11, label_set=LabelSet(labels={'app': 'app-a', 'role': 'database'}), node=Node(name=worker)
New pod: test-pod-13, on node: worker-2
PLS: Configuring new pod with labelset: {L}
PLS: Configuring new spol Policy(name=app-b-allow-database-backend, sel=LabelSet(labels={'app': 'app-b', 'role': 'database'}), allow=[
(LabelSet(labels={'app': 'app-b', 'role': 'backend'}), Traffic(direction=egress, port=80, protocol=TCP)) 
])
Adding Security Group for select labelset: LabelSet(labels={'app': 'app-b', 'role': 'database'})
Adding Security Group for allow labelset: LabelSet(labels={'app': 'app-b', 'role': 'backend'})
SGMod: Adding rule to SG-app:app-brole:database, remote SG-app:app-brole:backend, port 80, type egress
Cannot add rule to remotes: Security group rule already exists. Rule id is 0e5017ba-db66-424f-bd94-379f04482344.
Neutron server returns request_ids: ['req-2f6e273a-430f-4b47-9730-899518f5e1b2']
PLS: Configuring new spol Policy(name=app-b-allow-backend-database, sel=LabelSet(labels={'app': 'app-b', 'role': 'backend'}), allow=[
(LabelSet(labels={'app': 'app-b', 'role': 'database'}), Traffic(direction=egress, port=80, protocol=TCP)) 
])
Adding Security Group for select labelset: LabelSet(labels={'app': 'app-b', 'role': 'backend'})
Adding Security Group for allow labelset: LabelSet(labels={'app': 'app-b', 'role': 'database'})
SGMod: Adding rule to SG-app:app-brole:backend, remote SG-app:app-brole:database, port 80, type egress
Cannot add rule to remotes: Security group rule already exists. Rule id is a22f6826-f9ec-41e6-be0c-c3bc05e0cb7b.
Neutron server returns request_ids: ['req-56d1b433-94c4-4d09-8c50-32ec4f015829']
PLS: Configuring new spol Policy(name=app-b-allow-backend-frontend, sel=LabelSet(labels={'app': 'app-b', 'role': 'backend'}), allow=[
(LabelSet(labels={'app': 'app-b', 'role': 'frontend'}), Traffic(direction=ingress, port=80, protocol=TCP)) 
])
Adding Security Group for select labelset: LabelSet(labels={'app': 'app-b', 'role': 'backend'})
Adding Security Group for allow labelset: LabelSet(labels={'app': 'app-b', 'role': 'frontend'})
SGMod: Adding rule to SG-app:app-brole:backend, remote SG-app:app-brole:frontend, port 80, type ingress
Cannot add rule to remotes: <html><body><h1>429 Too Many Requests</h1>
You have sent too many requests in a given amount of time.
</body></html>

PLS: Configuring new spol Policy(name=app-b-allow-backend-database, sel=LabelSet(labels={'app': 'app-b', 'role': 'backend'}), allow=[
(LabelSet(labels={'app': 'app-b', 'role': 'database'}), Traffic(direction=ingress, port=80, protocol=TCP)) 
])
Adding Security Group for select labelset: LabelSet(labels={'app': 'app-b', 'role': 'backend'})
Adding Security Group for allow labelset: LabelSet(labels={'app': 'app-b', 'role': 'database'})
SGMod: Adding rule to SG-app:app-brole:backend, remote SG-app:app-brole:database, port 80, type ingress
Cannot add rule to remotes: <html><body><h1>429 Too Many Requests</h1>
You have sent too many requests in a given amount of time.
</body></html>

PLS: Configuring new spol Policy(name=app-b-allow-frontend-backend, sel=LabelSet(labels={'app': 'app-b', 'role': 'frontend'}), allow=[
(LabelSet(labels={'app': 'app-b', 'role': 'backend'}), Traffic(direction=egress, port=80, protocol=TCP)) 
])
Adding Security Group for select labelset: LabelSet(labels={'app': 'app-b', 'role': 'frontend'})
Adding Security Group for allow labelset: LabelSet(labels={'app': 'app-b', 'role': 'backend'})
SGMod: Adding rule to SG-app:app-brole:frontend, remote SG-app:app-brole:backend, port 80, type egress
Cannot add rule to remotes: <html><body><h1>429 Too Many Requests</h1>
You have sent too many requests in a given amount of time.
</body></html>

PLS: Configuring new spol Policy(name=app-b-allow-database-backend, sel=LabelSet(labels={'app': 'app-b', 'role': 'database'}), allow=[
(LabelSet(labels={'app': 'app-b', 'role': 'backend'}), Traffic(direction=ingress, port=80, protocol=TCP)) 
])
Adding Security Group for select labelset: LabelSet(labels={'app': 'app-b', 'role': 'database'})
Adding Security Group for allow labelset: LabelSet(labels={'app': 'app-b', 'role': 'backend'})
SGMod: Adding rule to SG-app:app-brole:database, remote SG-app:app-brole:backend, port 80, type ingress
Cannot add rule to remotes: <html><body><h1>429 Too Many Requests</h1>
You have sent too many requests in a given amount of time.
</body></html>

PLS: Configuring new spol Policy(name=app-b-allow-backend-frontend, sel=LabelSet(labels={'app': 'app-b', 'role': 'backend'}), allow=[
(LabelSet(labels={'app': 'app-b', 'role': 'frontend'}), Traffic(direction=egress, port=80, protocol=TCP)) 
])
Adding Security Group for select labelset: LabelSet(labels={'app': 'app-b', 'role': 'backend'})
Adding Security Group for allow labelset: LabelSet(labels={'app': 'app-b', 'role': 'frontend'})
SGMod: Adding rule to SG-app:app-brole:backend, remote SG-app:app-brole:frontend, port 80, type egress
Cannot add rule to remotes: <html><body><h1>429 Too Many Requests</h1>
You have sent too many requests in a given amount of time.
</body></html>

PLS: Configuring new spol Policy(name=app-b-allow-frontend-backend, sel=LabelSet(labels={'app': 'app-b', 'role': 'frontend'}), allow=[
(LabelSet(labels={'app': 'app-b', 'role': 'backend'}), Traffic(direction=ingress, port=80, protocol=TCP)) 
])
Adding Security Group for select labelset: LabelSet(labels={'app': 'app-b', 'role': 'frontend'})
Adding Security Group for allow labelset: LabelSet(labels={'app': 'app-b', 'role': 'backend'})
SGMod: Adding rule to SG-app:app-brole:frontend, remote SG-app:app-brole:backend, port 80, type ingress
Cannot add rule to remotes: <html><body><h1>429 Too Many Requests</h1>
You have sent too many requests in a given amount of time.
</body></html>

Attaching security group SG-app:app-brole:backend to instance worker-2
Pod(name=test-pod-13, label_set=LabelSet(labels={'app': 'app-b', 'role': 'backend'}), node=Node(name=worker-2)
New pod: test-pod-14, on node: worker-1
PLS: Configuring new pod with labelset: {L}
PLS: Configuring new spol Policy(name=app-b-allow-database-backend, sel=LabelSet(labels={'app': 'app-b', 'role': 'database'}), allow=[
(LabelSet(labels={'app': 'app-b', 'role': 'backend'}), Traffic(direction=egress, port=80, protocol=TCP)) 
])
Adding Security Group for select labelset: LabelSet(labels={'app': 'app-b', 'role': 'database'})
Adding Security Group for allow labelset: LabelSet(labels={'app': 'app-b', 'role': 'backend'})
SGMod: Adding rule to SG-app:app-brole:database, remote SG-app:app-brole:backend, port 80, type egress
Cannot add rule to remotes: <html><body><h1>429 Too Many Requests</h1>
You have sent too many requests in a given amount of time.
</body></html>

PLS: Configuring new spol Policy(name=app-b-allow-database-backend, sel=LabelSet(labels={'app': 'app-b', 'role': 'database'}), allow=[
(LabelSet(labels={'app': 'app-b', 'role': 'backend'}), Traffic(direction=ingress, port=80, protocol=TCP)) 
])
Adding Security Group for select labelset: LabelSet(labels={'app': 'app-b', 'role': 'database'})
Adding Security Group for allow labelset: LabelSet(labels={'app': 'app-b', 'role': 'backend'})
SGMod: Adding rule to SG-app:app-brole:database, remote SG-app:app-brole:backend, port 80, type ingress
Cannot add rule to remotes: <html><body><h1>429 Too Many Requests</h1>
You have sent too many requests in a given amount of time.
</body></html>

PLS: Configuring new spol Policy(name=app-b-allow-backend-database, sel=LabelSet(labels={'app': 'app-b', 'role': 'backend'}), allow=[
(LabelSet(labels={'app': 'app-b', 'role': 'database'}), Traffic(direction=ingress, port=80, protocol=TCP)) 
])
Adding Security Group for select labelset: LabelSet(labels={'app': 'app-b', 'role': 'backend'})
Adding Security Group for allow labelset: LabelSet(labels={'app': 'app-b', 'role': 'database'})
SGMod: Adding rule to SG-app:app-brole:backend, remote SG-app:app-brole:database, port 80, type ingress
Cannot add rule to remotes: <html><body><h1>429 Too Many Requests</h1>
You have sent too many requests in a given amount of time.
</body></html>

PLS: Configuring new spol Policy(name=app-b-allow-backend-database, sel=LabelSet(labels={'app': 'app-b', 'role': 'backend'}), allow=[
(LabelSet(labels={'app': 'app-b', 'role': 'database'}), Traffic(direction=egress, port=80, protocol=TCP)) 
])
Adding Security Group for select labelset: LabelSet(labels={'app': 'app-b', 'role': 'backend'})
Adding Security Group for allow labelset: LabelSet(labels={'app': 'app-b', 'role': 'database'})
SGMod: Adding rule to SG-app:app-brole:backend, remote SG-app:app-brole:database, port 80, type egress
Cannot add rule to remotes: <html><body><h1>429 Too Many Requests</h1>
You have sent too many requests in a given amount of time.
</body></html>

Attaching security group SG-app:app-brole:database to instance worker-1
Pod(name=test-pod-14, label_set=LabelSet(labels={'app': 'app-b', 'role': 'database'}), node=Node(name=worker-1)
Pod test-pod-12 already exists in the cluster.
Pod(name=test-pod-12, label_set=LabelSet(labels={'app': 'app-b', 'role': 'frontend'}), node=Node(name=worker)
New pod: test-pod-15, on node: worker-2
PLS: Configuring new pod with labelset: {L}
PLS: Configuring new spol Policy(name=app-c-allow-backend-frontend, sel=LabelSet(labels={'app': 'app-c', 'role': 'backend'}), allow=[
(LabelSet(labels={'app': 'app-c', 'role': 'frontend'}), Traffic(direction=egress, port=80, protocol=TCP)) 
])
Adding Security Group for select labelset: LabelSet(labels={'app': 'app-c', 'role': 'backend'})
Adding Security Group for allow labelset: LabelSet(labels={'app': 'app-c', 'role': 'frontend'})
SGMod: Adding rule to SG-app:app-crole:backend, remote SG-app:app-crole:frontend, port 80, type egress
Cannot add rule to remotes: <html><body><h1>429 Too Many Requests</h1>
You have sent too many requests in a given amount of time.
</body></html>

PLS: Configuring new spol Policy(name=app-c-allow-backend-frontend, sel=LabelSet(labels={'app': 'app-c', 'role': 'backend'}), allow=[
(LabelSet(labels={'app': 'app-c', 'role': 'frontend'}), Traffic(direction=ingress, port=80, protocol=TCP)) 
])
Adding Security Group for select labelset: LabelSet(labels={'app': 'app-c', 'role': 'backend'})
Adding Security Group for allow labelset: LabelSet(labels={'app': 'app-c', 'role': 'frontend'})
SGMod: Adding rule to SG-app:app-crole:backend, remote SG-app:app-crole:frontend, port 80, type ingress
Cannot add rule to remotes: <html><body><h1>429 Too Many Requests</h1>
You have sent too many requests in a given amount of time.
</body></html>

PLS: Configuring new spol Policy(name=app-c-allow-frontend-backend, sel=LabelSet(labels={'app': 'app-c', 'role': 'frontend'}), allow=[
(LabelSet(labels={'app': 'app-c', 'role': 'backend'}), Traffic(direction=egress, port=80, protocol=TCP)) 
])
Adding Security Group for select labelset: LabelSet(labels={'app': 'app-c', 'role': 'frontend'})
Adding Security Group for allow labelset: LabelSet(labels={'app': 'app-c', 'role': 'backend'})
SGMod: Adding rule to SG-app:app-crole:frontend, remote SG-app:app-crole:backend, port 80, type egress
Cannot add rule to remotes: <html><body><h1>429 Too Many Requests</h1>
You have sent too many requests in a given amount of time.
</body></html>

PLS: Configuring new spol Policy(name=app-c-allow-frontend-backend, sel=LabelSet(labels={'app': 'app-c', 'role': 'frontend'}), allow=[
(LabelSet(labels={'app': 'app-c', 'role': 'backend'}), Traffic(direction=ingress, port=80, protocol=TCP)) 
])
Adding Security Group for select labelset: LabelSet(labels={'app': 'app-c', 'role': 'frontend'})
Adding Security Group for allow labelset: LabelSet(labels={'app': 'app-c', 'role': 'backend'})
SGMod: Adding rule to SG-app:app-crole:frontend, remote SG-app:app-crole:backend, port 80, type ingress
Cannot add rule to remotes: <html><body><h1>429 Too Many Requests</h1>
You have sent too many requests in a given amount of time.
</body></html>

Attaching security group SG-app:app-crole:frontend to instance worker-2
Pod(name=test-pod-15, label_set=LabelSet(labels={'app': 'app-c', 'role': 'frontend'}), node=Node(name=worker-2)
Pod test-pod-13 already exists in the cluster.
Pod(name=test-pod-13, label_set=LabelSet(labels={'app': 'app-b', 'role': 'backend'}), node=Node(name=worker-2)
Pod test-pod-14 already exists in the cluster.
Pod(name=test-pod-14, label_set=LabelSet(labels={'app': 'app-b', 'role': 'database'}), node=Node(name=worker-1)
New pod: test-pod-16, on node: worker
PLS: Configuring new pod with labelset: {L}
PLS: Configuring new spol Policy(name=app-c-allow-database-backend, sel=LabelSet(labels={'app': 'app-c', 'role': 'database'}), allow=[
(LabelSet(labels={'app': 'app-c', 'role': 'backend'}), Traffic(direction=egress, port=80, protocol=TCP)) 
])
Adding Security Group for select labelset: LabelSet(labels={'app': 'app-c', 'role': 'database'})
Adding Security Group for allow labelset: LabelSet(labels={'app': 'app-c', 'role': 'backend'})
SGMod: Adding rule to SG-app:app-crole:database, remote SG-app:app-crole:backend, port 80, type egress
Cannot add rule to remotes: <html><body><h1>429 Too Many Requests</h1>
You have sent too many requests in a given amount of time.
</body></html>

PLS: Configuring new spol Policy(name=app-c-allow-frontend-backend, sel=LabelSet(labels={'app': 'app-c', 'role': 'frontend'}), allow=[
(LabelSet(labels={'app': 'app-c', 'role': 'backend'}), Traffic(direction=egress, port=80, protocol=TCP)) 
])
Adding Security Group for select labelset: LabelSet(labels={'app': 'app-c', 'role': 'frontend'})
Adding Security Group for allow labelset: LabelSet(labels={'app': 'app-c', 'role': 'backend'})
SGMod: Adding rule to SG-app:app-crole:frontend, remote SG-app:app-crole:backend, port 80, type egress
Cannot add rule to remotes: <html><body><h1>429 Too Many Requests</h1>
You have sent too many requests in a given amount of time.
</body></html>

PLS: Configuring new spol Policy(name=app-c-allow-backend-database, sel=LabelSet(labels={'app': 'app-c', 'role': 'backend'}), allow=[
(LabelSet(labels={'app': 'app-c', 'role': 'database'}), Traffic(direction=ingress, port=80, protocol=TCP)) 
])
Adding Security Group for select labelset: LabelSet(labels={'app': 'app-c', 'role': 'backend'})
Adding Security Group for allow labelset: LabelSet(labels={'app': 'app-c', 'role': 'database'})
SGMod: Adding rule to SG-app:app-crole:backend, remote SG-app:app-crole:database, port 80, type ingress
Cannot add rule to remotes: <html><body><h1>429 Too Many Requests</h1>
You have sent too many requests in a given amount of time.
</body></html>

PLS: Configuring new spol Policy(name=app-c-allow-database-backend, sel=LabelSet(labels={'app': 'app-c', 'role': 'database'}), allow=[
(LabelSet(labels={'app': 'app-c', 'role': 'backend'}), Traffic(direction=ingress, port=80, protocol=TCP)) 
])
Adding Security Group for select labelset: LabelSet(labels={'app': 'app-c', 'role': 'database'})
Adding Security Group for allow labelset: LabelSet(labels={'app': 'app-c', 'role': 'backend'})
SGMod: Adding rule to SG-app:app-crole:database, remote SG-app:app-crole:backend, port 80, type ingress
Cannot add rule to remotes: <html><body><h1>429 Too Many Requests</h1>
You have sent too many requests in a given amount of time.
</body></html>

PLS: Configuring new spol Policy(name=app-c-allow-frontend-backend, sel=LabelSet(labels={'app': 'app-c', 'role': 'frontend'}), allow=[
(LabelSet(labels={'app': 'app-c', 'role': 'backend'}), Traffic(direction=ingress, port=80, protocol=TCP)) 
])
Adding Security Group for select labelset: LabelSet(labels={'app': 'app-c', 'role': 'frontend'})
Adding Security Group for allow labelset: LabelSet(labels={'app': 'app-c', 'role': 'backend'})
SGMod: Adding rule to SG-app:app-crole:frontend, remote SG-app:app-crole:backend, port 80, type ingress
Cannot add rule to remotes: <html><body><h1>429 Too Many Requests</h1>
You have sent too many requests in a given amount of time.
</body></html>

PLS: Configuring new spol Policy(name=app-c-allow-backend-frontend, sel=LabelSet(labels={'app': 'app-c', 'role': 'backend'}), allow=[
(LabelSet(labels={'app': 'app-c', 'role': 'frontend'}), Traffic(direction=ingress, port=80, protocol=TCP)) 
])
Adding Security Group for select labelset: LabelSet(labels={'app': 'app-c', 'role': 'backend'})
Adding Security Group for allow labelset: LabelSet(labels={'app': 'app-c', 'role': 'frontend'})
SGMod: Adding rule to SG-app:app-crole:backend, remote SG-app:app-crole:frontend, port 80, type ingress
Cannot add rule to remotes: <html><body><h1>429 Too Many Requests</h1>
You have sent too many requests in a given amount of time.
</body></html>

PLS: Configuring new spol Policy(name=app-c-allow-backend-frontend, sel=LabelSet(labels={'app': 'app-c', 'role': 'backend'}), allow=[
(LabelSet(labels={'app': 'app-c', 'role': 'frontend'}), Traffic(direction=egress, port=80, protocol=TCP)) 
])
Adding Security Group for select labelset: LabelSet(labels={'app': 'app-c', 'role': 'backend'})
Adding Security Group for allow labelset: LabelSet(labels={'app': 'app-c', 'role': 'frontend'})
SGMod: Adding rule to SG-app:app-crole:backend, remote SG-app:app-crole:frontend, port 80, type egress
Cannot add rule to remotes: <html><body><h1>429 Too Many Requests</h1>
You have sent too many requests in a given amount of time.
</body></html>

PLS: Configuring new spol Policy(name=app-c-allow-backend-database, sel=LabelSet(labels={'app': 'app-c', 'role': 'backend'}), allow=[
(LabelSet(labels={'app': 'app-c', 'role': 'database'}), Traffic(direction=egress, port=80, protocol=TCP)) 
])
Adding Security Group for select labelset: LabelSet(labels={'app': 'app-c', 'role': 'backend'})
Adding Security Group for allow labelset: LabelSet(labels={'app': 'app-c', 'role': 'database'})
SGMod: Adding rule to SG-app:app-crole:backend, remote SG-app:app-crole:database, port 80, type egress
Cannot add rule to remotes: <html><body><h1>429 Too Many Requests</h1>
You have sent too many requests in a given amount of time.
</body></html>

Attaching security group SG-app:app-crole:backend to instance worker
Pod(name=test-pod-16, label_set=LabelSet(labels={'app': 'app-c', 'role': 'backend'}), node=Node(name=worker)
Pod test-pod-15 already exists in the cluster.
Pod(name=test-pod-15, label_set=LabelSet(labels={'app': 'app-c', 'role': 'frontend'}), node=Node(name=worker-2)
New pod: test-pod-17, on node: worker-1
Pod(name=test-pod-17, label_set=LabelSet(labels={'app': 'app-c', 'role': 'database'}), node=Node(name=worker-1)
Pod test-pod-16 already exists in the cluster.
Pod(name=test-pod-16, label_set=LabelSet(labels={'app': 'app-c', 'role': 'backend'}), node=Node(name=worker)
New pod: test-pod-18, on node: worker-1
Pod(name=test-pod-18, label_set=LabelSet(labels={'app': 'app-a', 'role': 'frontend'}), node=Node(name=worker-1)
Pod test-pod-17 already exists in the cluster.
Pod(name=test-pod-17, label_set=LabelSet(labels={'app': 'app-c', 'role': 'database'}), node=Node(name=worker-1)
New pod: test-pod-19, on node: worker-2
PLS: Configuring new pod with labelset: {L}
PLS: Configuring new spol Policy(name=app-a-allow-database-backend, sel=LabelSet(labels={'app': 'app-a', 'role': 'database'}), allow=[
(LabelSet(labels={'app': 'app-a', 'role': 'backend'}), Traffic(direction=egress, port=80, protocol=TCP)) 
])
Adding Security Group for select labelset: LabelSet(labels={'app': 'app-a', 'role': 'database'})
Adding Security Group for allow labelset: LabelSet(labels={'app': 'app-a', 'role': 'backend'})
SGMod: Adding rule to SG-app:app-arole:database, remote SG-app:app-arole:backend, port 80, type egress
Cannot add rule to remotes: <html><body><h1>429 Too Many Requests</h1>
You have sent too many requests in a given amount of time.
</body></html>

PLS: Configuring new spol Policy(name=app-a-allow-frontend-backend, sel=LabelSet(labels={'app': 'app-a', 'role': 'frontend'}), allow=[
(LabelSet(labels={'app': 'app-a', 'role': 'backend'}), Traffic(direction=ingress, port=80, protocol=TCP)) 
])
Adding Security Group for select labelset: LabelSet(labels={'app': 'app-a', 'role': 'frontend'})
Adding Security Group for allow labelset: LabelSet(labels={'app': 'app-a', 'role': 'backend'})
SGMod: Adding rule to SG-app:app-arole:frontend, remote SG-app:app-arole:backend, port 80, type ingress
Cannot add rule to remotes: <html><body><h1>429 Too Many Requests</h1>
You have sent too many requests in a given amount of time.
</body></html>

PLS: Configuring new spol Policy(name=app-a-allow-backend-database, sel=LabelSet(labels={'app': 'app-a', 'role': 'backend'}), allow=[
(LabelSet(labels={'app': 'app-a', 'role': 'database'}), Traffic(direction=egress, port=80, protocol=TCP)) 
])
Adding Security Group for select labelset: LabelSet(labels={'app': 'app-a', 'role': 'backend'})
Adding Security Group for allow labelset: LabelSet(labels={'app': 'app-a', 'role': 'database'})
SGMod: Adding rule to SG-app:app-arole:backend, remote SG-app:app-arole:database, port 80, type egress
Cannot add rule to remotes: <html><body><h1>429 Too Many Requests</h1>
You have sent too many requests in a given amount of time.
</body></html>

PLS: Configuring new spol Policy(name=app-a-allow-frontend-backend, sel=LabelSet(labels={'app': 'app-a', 'role': 'frontend'}), allow=[
(LabelSet(labels={'app': 'app-a', 'role': 'backend'}), Traffic(direction=egress, port=80, protocol=TCP)) 
])
Adding Security Group for select labelset: LabelSet(labels={'app': 'app-a', 'role': 'frontend'})
Adding Security Group for allow labelset: LabelSet(labels={'app': 'app-a', 'role': 'backend'})
SGMod: Adding rule to SG-app:app-arole:frontend, remote SG-app:app-arole:backend, port 80, type egress
Cannot add rule to remotes: <html><body><h1>429 Too Many Requests</h1>
You have sent too many requests in a given amount of time.
</body></html>

PLS: Configuring new spol Policy(name=app-a-allow-backend-database, sel=LabelSet(labels={'app': 'app-a', 'role': 'backend'}), allow=[
(LabelSet(labels={'app': 'app-a', 'role': 'database'}), Traffic(direction=ingress, port=80, protocol=TCP)) 
])
Adding Security Group for select labelset: LabelSet(labels={'app': 'app-a', 'role': 'backend'})
Adding Security Group for allow labelset: LabelSet(labels={'app': 'app-a', 'role': 'database'})
SGMod: Adding rule to SG-app:app-arole:backend, remote SG-app:app-arole:database, port 80, type ingress
Cannot add rule to remotes: <html><body><h1>429 Too Many Requests</h1>
You have sent too many requests in a given amount of time.
</body></html>

PLS: Configuring new spol Policy(name=app-a-allow-backend-frontend, sel=LabelSet(labels={'app': 'app-a', 'role': 'backend'}), allow=[
(LabelSet(labels={'app': 'app-a', 'role': 'frontend'}), Traffic(direction=ingress, port=80, protocol=TCP)) 
])
Adding Security Group for select labelset: LabelSet(labels={'app': 'app-a', 'role': 'backend'})
Adding Security Group for allow labelset: LabelSet(labels={'app': 'app-a', 'role': 'frontend'})
SGMod: Adding rule to SG-app:app-arole:backend, remote SG-app:app-arole:frontend, port 80, type ingress
Cannot add rule to remotes: <html><body><h1>429 Too Many Requests</h1>
You have sent too many requests in a given amount of time.
</body></html>

PLS: Configuring new spol Policy(name=app-a-allow-database-backend, sel=LabelSet(labels={'app': 'app-a', 'role': 'database'}), allow=[
(LabelSet(labels={'app': 'app-a', 'role': 'backend'}), Traffic(direction=ingress, port=80, protocol=TCP)) 
])
Adding Security Group for select labelset: LabelSet(labels={'app': 'app-a', 'role': 'database'})
Adding Security Group for allow labelset: LabelSet(labels={'app': 'app-a', 'role': 'backend'})
SGMod: Adding rule to SG-app:app-arole:database, remote SG-app:app-arole:backend, port 80, type ingress
Cannot add rule to remotes: <html><body><h1>429 Too Many Requests</h1>
You have sent too many requests in a given amount of time.
</body></html>

PLS: Configuring new spol Policy(name=app-a-allow-backend-frontend, sel=LabelSet(labels={'app': 'app-a', 'role': 'backend'}), allow=[
(LabelSet(labels={'app': 'app-a', 'role': 'frontend'}), Traffic(direction=egress, port=80, protocol=TCP)) 
])
Adding Security Group for select labelset: LabelSet(labels={'app': 'app-a', 'role': 'backend'})
Adding Security Group for allow labelset: LabelSet(labels={'app': 'app-a', 'role': 'frontend'})
SGMod: Adding rule to SG-app:app-arole:backend, remote SG-app:app-arole:frontend, port 80, type egress
Cannot add rule to remotes: <html><body><h1>429 Too Many Requests</h1>
You have sent too many requests in a given amount of time.
</body></html>

Attaching security group SG-app:app-arole:backend to instance worker-2
Pod(name=test-pod-19, label_set=LabelSet(labels={'app': 'app-a', 'role': 'backend'}), node=Node(name=worker-2)
New pod: test-pod-20, on node: worker
Pod(name=test-pod-20, label_set=LabelSet(labels={'app': 'app-a', 'role': 'database'}), node=Node(name=worker)
Pod test-pod-19 already exists in the cluster.
Pod(name=test-pod-19, label_set=LabelSet(labels={'app': 'app-a', 'role': 'backend'}), node=Node(name=worker-2)
Pod test-pod-18 already exists in the cluster.
Pod(name=test-pod-18, label_set=LabelSet(labels={'app': 'app-a', 'role': 'frontend'}), node=Node(name=worker-1)
New pod: test-pod-21, on node: worker-1
PLS: Configuring new pod with labelset: {L}
PLS: Configuring new spol Policy(name=app-b-allow-backend-frontend, sel=LabelSet(labels={'app': 'app-b', 'role': 'backend'}), allow=[
(LabelSet(labels={'app': 'app-b', 'role': 'frontend'}), Traffic(direction=ingress, port=80, protocol=TCP)) 
])
Adding Security Group for select labelset: LabelSet(labels={'app': 'app-b', 'role': 'backend'})
Adding Security Group for allow labelset: LabelSet(labels={'app': 'app-b', 'role': 'frontend'})
SGMod: Adding rule to SG-app:app-brole:backend, remote SG-app:app-brole:frontend, port 80, type ingress
Cannot add rule to remotes: <html><body><h1>429 Too Many Requests</h1>
You have sent too many requests in a given amount of time.
</body></html>

PLS: Configuring new spol Policy(name=app-b-allow-backend-frontend, sel=LabelSet(labels={'app': 'app-b', 'role': 'backend'}), allow=[
(LabelSet(labels={'app': 'app-b', 'role': 'frontend'}), Traffic(direction=egress, port=80, protocol=TCP)) 
])
Adding Security Group for select labelset: LabelSet(labels={'app': 'app-b', 'role': 'backend'})
Adding Security Group for allow labelset: LabelSet(labels={'app': 'app-b', 'role': 'frontend'})
SGMod: Adding rule to SG-app:app-brole:backend, remote SG-app:app-brole:frontend, port 80, type egress
Cannot add rule to remotes: <html><body><h1>429 Too Many Requests</h1>
You have sent too many requests in a given amount of time.
</body></html>

PLS: Configuring new spol Policy(name=app-b-allow-frontend-backend, sel=LabelSet(labels={'app': 'app-b', 'role': 'frontend'}), allow=[
(LabelSet(labels={'app': 'app-b', 'role': 'backend'}), Traffic(direction=ingress, port=80, protocol=TCP)) 
])
Adding Security Group for select labelset: LabelSet(labels={'app': 'app-b', 'role': 'frontend'})
Adding Security Group for allow labelset: LabelSet(labels={'app': 'app-b', 'role': 'backend'})
SGMod: Adding rule to SG-app:app-brole:frontend, remote SG-app:app-brole:backend, port 80, type ingress
Cannot add rule to remotes: <html><body><h1>429 Too Many Requests</h1>
You have sent too many requests in a given amount of time.
</body></html>

PLS: Configuring new spol Policy(name=app-b-allow-frontend-backend, sel=LabelSet(labels={'app': 'app-b', 'role': 'frontend'}), allow=[
(LabelSet(labels={'app': 'app-b', 'role': 'backend'}), Traffic(direction=egress, port=80, protocol=TCP)) 
])
Adding Security Group for select labelset: LabelSet(labels={'app': 'app-b', 'role': 'frontend'})
Adding Security Group for allow labelset: LabelSet(labels={'app': 'app-b', 'role': 'backend'})
SGMod: Adding rule to SG-app:app-brole:frontend, remote SG-app:app-brole:backend, port 80, type egress
Cannot add rule to remotes: <html><body><h1>429 Too Many Requests</h1>
You have sent too many requests in a given amount of time.
</body></html>

Attaching security group SG-app:app-brole:frontend to instance worker-1
Pod(name=test-pod-21, label_set=LabelSet(labels={'app': 'app-b', 'role': 'frontend'}), node=Node(name=worker-1)
New pod: test-pod-22, on node: worker
PLS: Configuring new pod with labelset: {L}
PLS: Configuring new spol Policy(name=app-b-allow-database-backend, sel=LabelSet(labels={'app': 'app-b', 'role': 'database'}), allow=[
(LabelSet(labels={'app': 'app-b', 'role': 'backend'}), Traffic(direction=egress, port=80, protocol=TCP)) 
])
Adding Security Group for select labelset: LabelSet(labels={'app': 'app-b', 'role': 'database'})
Adding Security Group for allow labelset: LabelSet(labels={'app': 'app-b', 'role': 'backend'})
SGMod: Adding rule to SG-app:app-brole:database, remote SG-app:app-brole:backend, port 80, type egress
Cannot add rule to remotes: <html><body><h1>429 Too Many Requests</h1>
You have sent too many requests in a given amount of time.
</body></html>

PLS: Configuring new spol Policy(name=app-b-allow-backend-database, sel=LabelSet(labels={'app': 'app-b', 'role': 'backend'}), allow=[
(LabelSet(labels={'app': 'app-b', 'role': 'database'}), Traffic(direction=egress, port=80, protocol=TCP)) 
])
Adding Security Group for select labelset: LabelSet(labels={'app': 'app-b', 'role': 'backend'})
Adding Security Group for allow labelset: LabelSet(labels={'app': 'app-b', 'role': 'database'})
SGMod: Adding rule to SG-app:app-brole:backend, remote SG-app:app-brole:database, port 80, type egress
Cannot add rule to remotes: <html><body><h1>429 Too Many Requests</h1>
You have sent too many requests in a given amount of time.
</body></html>

PLS: Configuring new spol Policy(name=app-b-allow-backend-frontend, sel=LabelSet(labels={'app': 'app-b', 'role': 'backend'}), allow=[
(LabelSet(labels={'app': 'app-b', 'role': 'frontend'}), Traffic(direction=ingress, port=80, protocol=TCP)) 
])
Adding Security Group for select labelset: LabelSet(labels={'app': 'app-b', 'role': 'backend'})
Adding Security Group for allow labelset: LabelSet(labels={'app': 'app-b', 'role': 'frontend'})
SGMod: Adding rule to SG-app:app-brole:backend, remote SG-app:app-brole:frontend, port 80, type ingress
Cannot add rule to remotes: <html><body><h1>429 Too Many Requests</h1>
You have sent too many requests in a given amount of time.
</body></html>

PLS: Configuring new spol Policy(name=app-b-allow-backend-database, sel=LabelSet(labels={'app': 'app-b', 'role': 'backend'}), allow=[
(LabelSet(labels={'app': 'app-b', 'role': 'database'}), Traffic(direction=ingress, port=80, protocol=TCP)) 
])
Adding Security Group for select labelset: LabelSet(labels={'app': 'app-b', 'role': 'backend'})
Adding Security Group for allow labelset: LabelSet(labels={'app': 'app-b', 'role': 'database'})
SGMod: Adding rule to SG-app:app-brole:backend, remote SG-app:app-brole:database, port 80, type ingress
Cannot add rule to remotes: <html><body><h1>429 Too Many Requests</h1>
You have sent too many requests in a given amount of time.
</body></html>

PLS: Configuring new spol Policy(name=app-b-allow-frontend-backend, sel=LabelSet(labels={'app': 'app-b', 'role': 'frontend'}), allow=[
(LabelSet(labels={'app': 'app-b', 'role': 'backend'}), Traffic(direction=egress, port=80, protocol=TCP)) 
])
Adding Security Group for select labelset: LabelSet(labels={'app': 'app-b', 'role': 'frontend'})
Adding Security Group for allow labelset: LabelSet(labels={'app': 'app-b', 'role': 'backend'})
SGMod: Adding rule to SG-app:app-brole:frontend, remote SG-app:app-brole:backend, port 80, type egress
Cannot add rule to remotes: <html><body><h1>429 Too Many Requests</h1>
You have sent too many requests in a given amount of time.
</body></html>

PLS: Configuring new spol Policy(name=app-b-allow-database-backend, sel=LabelSet(labels={'app': 'app-b', 'role': 'database'}), allow=[
(LabelSet(labels={'app': 'app-b', 'role': 'backend'}), Traffic(direction=ingress, port=80, protocol=TCP)) 
])
Adding Security Group for select labelset: LabelSet(labels={'app': 'app-b', 'role': 'database'})
Adding Security Group for allow labelset: LabelSet(labels={'app': 'app-b', 'role': 'backend'})
SGMod: Adding rule to SG-app:app-brole:database, remote SG-app:app-brole:backend, port 80, type ingress
Cannot add rule to remotes: <html><body><h1>429 Too Many Requests</h1>
You have sent too many requests in a given amount of time.
</body></html>

PLS: Configuring new spol Policy(name=app-b-allow-backend-frontend, sel=LabelSet(labels={'app': 'app-b', 'role': 'backend'}), allow=[
(LabelSet(labels={'app': 'app-b', 'role': 'frontend'}), Traffic(direction=egress, port=80, protocol=TCP)) 
])
Adding Security Group for select labelset: LabelSet(labels={'app': 'app-b', 'role': 'backend'})
Adding Security Group for allow labelset: LabelSet(labels={'app': 'app-b', 'role': 'frontend'})
SGMod: Adding rule to SG-app:app-brole:backend, remote SG-app:app-brole:frontend, port 80, type egress
Cannot add rule to remotes: <html><body><h1>429 Too Many Requests</h1>
You have sent too many requests in a given amount of time.
</body></html>

PLS: Configuring new spol Policy(name=app-b-allow-frontend-backend, sel=LabelSet(labels={'app': 'app-b', 'role': 'frontend'}), allow=[
(LabelSet(labels={'app': 'app-b', 'role': 'backend'}), Traffic(direction=ingress, port=80, protocol=TCP)) 
])
Adding Security Group for select labelset: LabelSet(labels={'app': 'app-b', 'role': 'frontend'})
Adding Security Group for allow labelset: LabelSet(labels={'app': 'app-b', 'role': 'backend'})
SGMod: Adding rule to SG-app:app-brole:frontend, remote SG-app:app-brole:backend, port 80, type ingress
Cannot add rule to remotes: <html><body><h1>429 Too Many Requests</h1>
You have sent too many requests in a given amount of time.
</body></html>

Attaching security group SG-app:app-brole:backend to instance worker
Pod(name=test-pod-22, label_set=LabelSet(labels={'app': 'app-b', 'role': 'backend'}), node=Node(name=worker)
Pod test-pod-20 already exists in the cluster.
Pod(name=test-pod-20, label_set=LabelSet(labels={'app': 'app-a', 'role': 'database'}), node=Node(name=worker)
New pod: test-pod-23, on node: worker-2
PLS: Configuring new pod with labelset: {L}
PLS: Configuring new spol Policy(name=app-b-allow-database-backend, sel=LabelSet(labels={'app': 'app-b', 'role': 'database'}), allow=[
(LabelSet(labels={'app': 'app-b', 'role': 'backend'}), Traffic(direction=egress, port=80, protocol=TCP)) 
])
Adding Security Group for select labelset: LabelSet(labels={'app': 'app-b', 'role': 'database'})
Adding Security Group for allow labelset: LabelSet(labels={'app': 'app-b', 'role': 'backend'})
SGMod: Adding rule to SG-app:app-brole:database, remote SG-app:app-brole:backend, port 80, type egress
Cannot add rule to remotes: <html><body><h1>429 Too Many Requests</h1>
You have sent too many requests in a given amount of time.
</body></html>

PLS: Configuring new spol Policy(name=app-b-allow-database-backend, sel=LabelSet(labels={'app': 'app-b', 'role': 'database'}), allow=[
(LabelSet(labels={'app': 'app-b', 'role': 'backend'}), Traffic(direction=ingress, port=80, protocol=TCP)) 
])
Adding Security Group for select labelset: LabelSet(labels={'app': 'app-b', 'role': 'database'})
Adding Security Group for allow labelset: LabelSet(labels={'app': 'app-b', 'role': 'backend'})
SGMod: Adding rule to SG-app:app-brole:database, remote SG-app:app-brole:backend, port 80, type ingress
Cannot add rule to remotes: <html><body><h1>429 Too Many Requests</h1>
You have sent too many requests in a given amount of time.
</body></html>

PLS: Configuring new spol Policy(name=app-b-allow-backend-database, sel=LabelSet(labels={'app': 'app-b', 'role': 'backend'}), allow=[
(LabelSet(labels={'app': 'app-b', 'role': 'database'}), Traffic(direction=ingress, port=80, protocol=TCP)) 
])
Adding Security Group for select labelset: LabelSet(labels={'app': 'app-b', 'role': 'backend'})
Adding Security Group for allow labelset: LabelSet(labels={'app': 'app-b', 'role': 'database'})
SGMod: Adding rule to SG-app:app-brole:backend, remote SG-app:app-brole:database, port 80, type ingress
Cannot add rule to remotes: <html><body><h1>429 Too Many Requests</h1>
You have sent too many requests in a given amount of time.
</body></html>

PLS: Configuring new spol Policy(name=app-b-allow-backend-database, sel=LabelSet(labels={'app': 'app-b', 'role': 'backend'}), allow=[
(LabelSet(labels={'app': 'app-b', 'role': 'database'}), Traffic(direction=egress, port=80, protocol=TCP)) 
])
Adding Security Group for select labelset: LabelSet(labels={'app': 'app-b', 'role': 'backend'})
Adding Security Group for allow labelset: LabelSet(labels={'app': 'app-b', 'role': 'database'})
SGMod: Adding rule to SG-app:app-brole:backend, remote SG-app:app-brole:database, port 80, type egress
Cannot add rule to remotes: <html><body><h1>429 Too Many Requests</h1>
You have sent too many requests in a given amount of time.
</body></html>

Attaching security group SG-app:app-brole:database to instance worker-2
Pod(name=test-pod-23, label_set=LabelSet(labels={'app': 'app-b', 'role': 'database'}), node=Node(name=worker-2)
Pod test-pod-22 already exists in the cluster.
Pod(name=test-pod-22, label_set=LabelSet(labels={'app': 'app-b', 'role': 'backend'}), node=Node(name=worker)
Pod test-pod-21 already exists in the cluster.
Pod(name=test-pod-21, label_set=LabelSet(labels={'app': 'app-b', 'role': 'frontend'}), node=Node(name=worker-1)
New pod: test-pod-24, on node: worker
Pod(name=test-pod-24, label_set=LabelSet(labels={'app': 'app-c', 'role': 'frontend'}), node=Node(name=worker)
Pod test-pod-23 already exists in the cluster.
Pod(name=test-pod-23, label_set=LabelSet(labels={'app': 'app-b', 'role': 'database'}), node=Node(name=worker-2)
New pod: test-pod-25, on node: worker-1
PLS: Configuring new pod with labelset: {L}
PLS: Configuring new spol Policy(name=app-c-allow-database-backend, sel=LabelSet(labels={'app': 'app-c', 'role': 'database'}), allow=[
(LabelSet(labels={'app': 'app-c', 'role': 'backend'}), Traffic(direction=egress, port=80, protocol=TCP)) 
])
Adding Security Group for select labelset: LabelSet(labels={'app': 'app-c', 'role': 'database'})
Adding Security Group for allow labelset: LabelSet(labels={'app': 'app-c', 'role': 'backend'})
SGMod: Adding rule to SG-app:app-crole:database, remote SG-app:app-crole:backend, port 80, type egress
Cannot add rule to remotes: <html><body><h1>429 Too Many Requests</h1>
You have sent too many requests in a given amount of time.
</body></html>

PLS: Configuring new spol Policy(name=app-c-allow-frontend-backend, sel=LabelSet(labels={'app': 'app-c', 'role': 'frontend'}), allow=[
(LabelSet(labels={'app': 'app-c', 'role': 'backend'}), Traffic(direction=egress, port=80, protocol=TCP)) 
])
Adding Security Group for select labelset: LabelSet(labels={'app': 'app-c', 'role': 'frontend'})
Adding Security Group for allow labelset: LabelSet(labels={'app': 'app-c', 'role': 'backend'})
SGMod: Adding rule to SG-app:app-crole:frontend, remote SG-app:app-crole:backend, port 80, type egress
Cannot add rule to remotes: <html><body><h1>429 Too Many Requests</h1>
You have sent too many requests in a given amount of time.
</body></html>

PLS: Configuring new spol Policy(name=app-c-allow-backend-database, sel=LabelSet(labels={'app': 'app-c', 'role': 'backend'}), allow=[
(LabelSet(labels={'app': 'app-c', 'role': 'database'}), Traffic(direction=ingress, port=80, protocol=TCP)) 
])
Adding Security Group for select labelset: LabelSet(labels={'app': 'app-c', 'role': 'backend'})
Adding Security Group for allow labelset: LabelSet(labels={'app': 'app-c', 'role': 'database'})
SGMod: Adding rule to SG-app:app-crole:backend, remote SG-app:app-crole:database, port 80, type ingress
Cannot add rule to remotes: <html><body><h1>429 Too Many Requests</h1>
You have sent too many requests in a given amount of time.
</body></html>

PLS: Configuring new spol Policy(name=app-c-allow-database-backend, sel=LabelSet(labels={'app': 'app-c', 'role': 'database'}), allow=[
(LabelSet(labels={'app': 'app-c', 'role': 'backend'}), Traffic(direction=ingress, port=80, protocol=TCP)) 
])
Adding Security Group for select labelset: LabelSet(labels={'app': 'app-c', 'role': 'database'})
Adding Security Group for allow labelset: LabelSet(labels={'app': 'app-c', 'role': 'backend'})
SGMod: Adding rule to SG-app:app-crole:database, remote SG-app:app-crole:backend, port 80, type ingress
Cannot add rule to remotes: <html><body><h1>429 Too Many Requests</h1>
You have sent too many requests in a given amount of time.
</body></html>

PLS: Configuring new spol Policy(name=app-c-allow-frontend-backend, sel=LabelSet(labels={'app': 'app-c', 'role': 'frontend'}), allow=[
(LabelSet(labels={'app': 'app-c', 'role': 'backend'}), Traffic(direction=ingress, port=80, protocol=TCP)) 
])
Adding Security Group for select labelset: LabelSet(labels={'app': 'app-c', 'role': 'frontend'})
Adding Security Group for allow labelset: LabelSet(labels={'app': 'app-c', 'role': 'backend'})
SGMod: Adding rule to SG-app:app-crole:frontend, remote SG-app:app-crole:backend, port 80, type ingress
Cannot add rule to remotes: <html><body><h1>429 Too Many Requests</h1>
You have sent too many requests in a given amount of time.
</body></html>

PLS: Configuring new spol Policy(name=app-c-allow-backend-frontend, sel=LabelSet(labels={'app': 'app-c', 'role': 'backend'}), allow=[
(LabelSet(labels={'app': 'app-c', 'role': 'frontend'}), Traffic(direction=ingress, port=80, protocol=TCP)) 
])
Adding Security Group for select labelset: LabelSet(labels={'app': 'app-c', 'role': 'backend'})
Adding Security Group for allow labelset: LabelSet(labels={'app': 'app-c', 'role': 'frontend'})
SGMod: Adding rule to SG-app:app-crole:backend, remote SG-app:app-crole:frontend, port 80, type ingress
Cannot add rule to remotes: <html><body><h1>429 Too Many Requests</h1>
You have sent too many requests in a given amount of time.
</body></html>

PLS: Configuring new spol Policy(name=app-c-allow-backend-frontend, sel=LabelSet(labels={'app': 'app-c', 'role': 'backend'}), allow=[
(LabelSet(labels={'app': 'app-c', 'role': 'frontend'}), Traffic(direction=egress, port=80, protocol=TCP)) 
])
Adding Security Group for select labelset: LabelSet(labels={'app': 'app-c', 'role': 'backend'})
Adding Security Group for allow labelset: LabelSet(labels={'app': 'app-c', 'role': 'frontend'})
SGMod: Adding rule to SG-app:app-crole:backend, remote SG-app:app-crole:frontend, port 80, type egress
Cannot add rule to remotes: <html><body><h1>429 Too Many Requests</h1>
You have sent too many requests in a given amount of time.
</body></html>

PLS: Configuring new spol Policy(name=app-c-allow-backend-database, sel=LabelSet(labels={'app': 'app-c', 'role': 'backend'}), allow=[
(LabelSet(labels={'app': 'app-c', 'role': 'database'}), Traffic(direction=egress, port=80, protocol=TCP)) 
])
Adding Security Group for select labelset: LabelSet(labels={'app': 'app-c', 'role': 'backend'})
Adding Security Group for allow labelset: LabelSet(labels={'app': 'app-c', 'role': 'database'})
SGMod: Adding rule to SG-app:app-crole:backend, remote SG-app:app-crole:database, port 80, type egress
Cannot add rule to remotes: <html><body><h1>429 Too Many Requests</h1>
You have sent too many requests in a given amount of time.
</body></html>

Attaching security group SG-app:app-crole:backend to instance worker-1
Pod(name=test-pod-25, label_set=LabelSet(labels={'app': 'app-c', 'role': 'backend'}), node=Node(name=worker-1)
Pod test-pod-24 already exists in the cluster.
Pod(name=test-pod-24, label_set=LabelSet(labels={'app': 'app-c', 'role': 'frontend'}), node=Node(name=worker)
New pod: test-pod-26, on node: worker-2
PLS: Configuring new pod with labelset: {L}
PLS: Configuring new spol Policy(name=app-c-allow-database-backend, sel=LabelSet(labels={'app': 'app-c', 'role': 'database'}), allow=[
(LabelSet(labels={'app': 'app-c', 'role': 'backend'}), Traffic(direction=egress, port=80, protocol=TCP)) 
])
Adding Security Group for select labelset: LabelSet(labels={'app': 'app-c', 'role': 'database'})
Adding Security Group for allow labelset: LabelSet(labels={'app': 'app-c', 'role': 'backend'})
SGMod: Adding rule to SG-app:app-crole:database, remote SG-app:app-crole:backend, port 80, type egress
Cannot add rule to remotes: <html><body><h1>429 Too Many Requests</h1>
You have sent too many requests in a given amount of time.
</body></html>

PLS: Configuring new spol Policy(name=app-c-allow-backend-database, sel=LabelSet(labels={'app': 'app-c', 'role': 'backend'}), allow=[
(LabelSet(labels={'app': 'app-c', 'role': 'database'}), Traffic(direction=egress, port=80, protocol=TCP)) 
])
Adding Security Group for select labelset: LabelSet(labels={'app': 'app-c', 'role': 'backend'})
Adding Security Group for allow labelset: LabelSet(labels={'app': 'app-c', 'role': 'database'})
SGMod: Adding rule to SG-app:app-crole:backend, remote SG-app:app-crole:database, port 80, type egress
Cannot add rule to remotes: <html><body><h1>429 Too Many Requests</h1>
You have sent too many requests in a given amount of time.
</body></html>

PLS: Configuring new spol Policy(name=app-c-allow-database-backend, sel=LabelSet(labels={'app': 'app-c', 'role': 'database'}), allow=[
(LabelSet(labels={'app': 'app-c', 'role': 'backend'}), Traffic(direction=ingress, port=80, protocol=TCP)) 
])
Adding Security Group for select labelset: LabelSet(labels={'app': 'app-c', 'role': 'database'})
Adding Security Group for allow labelset: LabelSet(labels={'app': 'app-c', 'role': 'backend'})
SGMod: Adding rule to SG-app:app-crole:database, remote SG-app:app-crole:backend, port 80, type ingress
Cannot add rule to remotes: <html><body><h1>429 Too Many Requests</h1>
You have sent too many requests in a given amount of time.
</body></html>

PLS: Configuring new spol Policy(name=app-c-allow-backend-database, sel=LabelSet(labels={'app': 'app-c', 'role': 'backend'}), allow=[
(LabelSet(labels={'app': 'app-c', 'role': 'database'}), Traffic(direction=ingress, port=80, protocol=TCP)) 
])
Adding Security Group for select labelset: LabelSet(labels={'app': 'app-c', 'role': 'backend'})
Adding Security Group for allow labelset: LabelSet(labels={'app': 'app-c', 'role': 'database'})
SGMod: Adding rule to SG-app:app-crole:backend, remote SG-app:app-crole:database, port 80, type ingress
Cannot add rule to remotes: <html><body><h1>429 Too Many Requests</h1>
You have sent too many requests in a given amount of time.
</body></html>

Attaching security group SG-app:app-crole:database to instance worker-2
Pod(name=test-pod-26, label_set=LabelSet(labels={'app': 'app-c', 'role': 'database'}), node=Node(name=worker-2)
Pod test-pod-25 already exists in the cluster.
Pod(name=test-pod-25, label_set=LabelSet(labels={'app': 'app-c', 'role': 'backend'}), node=Node(name=worker-1)
New pod: test-pod-27, on node: worker-1
Pod(name=test-pod-27, label_set=LabelSet(labels={'app': 'app-a', 'role': 'frontend'}), node=Node(name=worker-1)
Pod test-pod-26 already exists in the cluster.
Pod(name=test-pod-26, label_set=LabelSet(labels={'app': 'app-c', 'role': 'database'}), node=Node(name=worker-2)
New pod: test-pod-28, on node: worker-2
Pod(name=test-pod-28, label_set=LabelSet(labels={'app': 'app-a', 'role': 'backend'}), node=Node(name=worker-2)
New pod: test-pod-29, on node: worker
Pod(name=test-pod-29, label_set=LabelSet(labels={'app': 'app-a', 'role': 'database'}), node=Node(name=worker)
Pod test-pod-27 already exists in the cluster.
Pod(name=test-pod-27, label_set=LabelSet(labels={'app': 'app-a', 'role': 'frontend'}), node=Node(name=worker-1)
New pod: test-pod-30, on node: worker-1
Pod(name=test-pod-30, label_set=LabelSet(labels={'app': 'app-b', 'role': 'frontend'}), node=Node(name=worker-1)
Pod test-pod-28 already exists in the cluster.
Pod(name=test-pod-28, label_set=LabelSet(labels={'app': 'app-a', 'role': 'backend'}), node=Node(name=worker-2)
Pod test-pod-29 already exists in the cluster.
Pod(name=test-pod-29, label_set=LabelSet(labels={'app': 'app-a', 'role': 'database'}), node=Node(name=worker)
New pod: test-pod-31, on node: worker
Pod(name=test-pod-31, label_set=LabelSet(labels={'app': 'app-b', 'role': 'backend'}), node=Node(name=worker)
Pod test-pod-30 already exists in the cluster.
Pod(name=test-pod-30, label_set=LabelSet(labels={'app': 'app-b', 'role': 'frontend'}), node=Node(name=worker-1)
New pod: test-pod-32, on node: worker-2
Pod(name=test-pod-32, label_set=LabelSet(labels={'app': 'app-b', 'role': 'database'}), node=Node(name=worker-2)
Pod test-pod-31 already exists in the cluster.
Pod(name=test-pod-31, label_set=LabelSet(labels={'app': 'app-b', 'role': 'backend'}), node=Node(name=worker)
New pod: test-pod-33, on node: worker
Pod(name=test-pod-33, label_set=LabelSet(labels={'app': 'app-c', 'role': 'frontend'}), node=Node(name=worker)
Pod test-pod-32 already exists in the cluster.
Pod(name=test-pod-32, label_set=LabelSet(labels={'app': 'app-b', 'role': 'database'}), node=Node(name=worker-2)
New pod: test-pod-34, on node: worker-1
Pod(name=test-pod-34, label_set=LabelSet(labels={'app': 'app-c', 'role': 'backend'}), node=Node(name=worker-1)
Pod test-pod-33 already exists in the cluster.
Pod(name=test-pod-33, label_set=LabelSet(labels={'app': 'app-c', 'role': 'frontend'}), node=Node(name=worker)
New pod: test-pod-35, on node: worker-2
Pod(name=test-pod-35, label_set=LabelSet(labels={'app': 'app-c', 'role': 'database'}), node=Node(name=worker-2)
Pod test-pod-34 already exists in the cluster.
Pod(name=test-pod-34, label_set=LabelSet(labels={'app': 'app-c', 'role': 'backend'}), node=Node(name=worker-1)
New pod: test-pod-36, on node: worker
PLS: Configuring new pod with labelset: {L}
PLS: Configuring new spol Policy(name=app-a-allow-backend-frontend, sel=LabelSet(labels={'app': 'app-a', 'role': 'backend'}), allow=[
(LabelSet(labels={'app': 'app-a', 'role': 'frontend'}), Traffic(direction=ingress, port=80, protocol=TCP)) 
])
Adding Security Group for select labelset: LabelSet(labels={'app': 'app-a', 'role': 'backend'})
Adding Security Group for allow labelset: LabelSet(labels={'app': 'app-a', 'role': 'frontend'})
SGMod: Adding rule to SG-app:app-arole:backend, remote SG-app:app-arole:frontend, port 80, type ingress
Cannot add rule to remotes: <html><body><h1>429 Too Many Requests</h1>
You have sent too many requests in a given amount of time.
</body></html>

PLS: Configuring new spol Policy(name=app-a-allow-frontend-backend, sel=LabelSet(labels={'app': 'app-a', 'role': 'frontend'}), allow=[
(LabelSet(labels={'app': 'app-a', 'role': 'backend'}), Traffic(direction=ingress, port=80, protocol=TCP)) 
])
Adding Security Group for select labelset: LabelSet(labels={'app': 'app-a', 'role': 'frontend'})
Adding Security Group for allow labelset: LabelSet(labels={'app': 'app-a', 'role': 'backend'})
SGMod: Adding rule to SG-app:app-arole:frontend, remote SG-app:app-arole:backend, port 80, type ingress
Cannot add rule to remotes: <html><body><h1>429 Too Many Requests</h1>
You have sent too many requests in a given amount of time.
</body></html>

PLS: Configuring new spol Policy(name=app-a-allow-backend-frontend, sel=LabelSet(labels={'app': 'app-a', 'role': 'backend'}), allow=[
(LabelSet(labels={'app': 'app-a', 'role': 'frontend'}), Traffic(direction=egress, port=80, protocol=TCP)) 
])
Adding Security Group for select labelset: LabelSet(labels={'app': 'app-a', 'role': 'backend'})
Adding Security Group for allow labelset: LabelSet(labels={'app': 'app-a', 'role': 'frontend'})
SGMod: Adding rule to SG-app:app-arole:backend, remote SG-app:app-arole:frontend, port 80, type egress
Cannot add rule to remotes: <html><body><h1>429 Too Many Requests</h1>
You have sent too many requests in a given amount of time.
</body></html>

PLS: Configuring new spol Policy(name=app-a-allow-frontend-backend, sel=LabelSet(labels={'app': 'app-a', 'role': 'frontend'}), allow=[
(LabelSet(labels={'app': 'app-a', 'role': 'backend'}), Traffic(direction=egress, port=80, protocol=TCP)) 
])
Adding Security Group for select labelset: LabelSet(labels={'app': 'app-a', 'role': 'frontend'})
Adding Security Group for allow labelset: LabelSet(labels={'app': 'app-a', 'role': 'backend'})
SGMod: Adding rule to SG-app:app-arole:frontend, remote SG-app:app-arole:backend, port 80, type egress
Cannot add rule to remotes: <html><body><h1>429 Too Many Requests</h1>
You have sent too many requests in a given amount of time.
</body></html>

Attaching security group SG-app:app-arole:frontend to instance worker
Pod(name=test-pod-36, label_set=LabelSet(labels={'app': 'app-a', 'role': 'frontend'}), node=Node(name=worker)
Pod test-pod-35 already exists in the cluster.
Pod(name=test-pod-35, label_set=LabelSet(labels={'app': 'app-c', 'role': 'database'}), node=Node(name=worker-2)
New pod: test-pod-37, on node: worker-2
Pod(name=test-pod-37, label_set=LabelSet(labels={'app': 'app-a', 'role': 'backend'}), node=Node(name=worker-2)
New pod: test-pod-38, on node: worker-1
PLS: Configuring new pod with labelset: {L}
PLS: Configuring new spol Policy(name=app-a-allow-database-backend, sel=LabelSet(labels={'app': 'app-a', 'role': 'database'}), allow=[
(LabelSet(labels={'app': 'app-a', 'role': 'backend'}), Traffic(direction=egress, port=80, protocol=TCP)) 
])
Adding Security Group for select labelset: LabelSet(labels={'app': 'app-a', 'role': 'database'})
Adding Security Group for allow labelset: LabelSet(labels={'app': 'app-a', 'role': 'backend'})
SGMod: Adding rule to SG-app:app-arole:database, remote SG-app:app-arole:backend, port 80, type egress
Cannot add rule to remotes: <html><body><h1>429 Too Many Requests</h1>
You have sent too many requests in a given amount of time.
</body></html>

PLS: Configuring new spol Policy(name=app-a-allow-database-backend, sel=LabelSet(labels={'app': 'app-a', 'role': 'database'}), allow=[
(LabelSet(labels={'app': 'app-a', 'role': 'backend'}), Traffic(direction=ingress, port=80, protocol=TCP)) 
])
Adding Security Group for select labelset: LabelSet(labels={'app': 'app-a', 'role': 'database'})
Adding Security Group for allow labelset: LabelSet(labels={'app': 'app-a', 'role': 'backend'})
SGMod: Adding rule to SG-app:app-arole:database, remote SG-app:app-arole:backend, port 80, type ingress
Cannot add rule to remotes: <html><body><h1>429 Too Many Requests</h1>
You have sent too many requests in a given amount of time.
</body></html>

PLS: Configuring new spol Policy(name=app-a-allow-backend-database, sel=LabelSet(labels={'app': 'app-a', 'role': 'backend'}), allow=[
(LabelSet(labels={'app': 'app-a', 'role': 'database'}), Traffic(direction=egress, port=80, protocol=TCP)) 
])
Adding Security Group for select labelset: LabelSet(labels={'app': 'app-a', 'role': 'backend'})
Adding Security Group for allow labelset: LabelSet(labels={'app': 'app-a', 'role': 'database'})
SGMod: Adding rule to SG-app:app-arole:backend, remote SG-app:app-arole:database, port 80, type egress
Cannot add rule to remotes: <html><body><h1>429 Too Many Requests</h1>
You have sent too many requests in a given amount of time.
</body></html>

PLS: Configuring new spol Policy(name=app-a-allow-backend-database, sel=LabelSet(labels={'app': 'app-a', 'role': 'backend'}), allow=[
(LabelSet(labels={'app': 'app-a', 'role': 'database'}), Traffic(direction=ingress, port=80, protocol=TCP)) 
])
Adding Security Group for select labelset: LabelSet(labels={'app': 'app-a', 'role': 'backend'})
Adding Security Group for allow labelset: LabelSet(labels={'app': 'app-a', 'role': 'database'})
SGMod: Adding rule to SG-app:app-arole:backend, remote SG-app:app-arole:database, port 80, type ingress
Cannot add rule to remotes: <html><body><h1>429 Too Many Requests</h1>
You have sent too many requests in a given amount of time.
</body></html>

Attaching security group SG-app:app-arole:database to instance worker-1
Pod(name=test-pod-38, label_set=LabelSet(labels={'app': 'app-a', 'role': 'database'}), node=Node(name=worker-1)
Pod test-pod-36 already exists in the cluster.
Pod(name=test-pod-36, label_set=LabelSet(labels={'app': 'app-a', 'role': 'frontend'}), node=Node(name=worker)
New pod: test-pod-39, on node: worker-1
Pod(name=test-pod-39, label_set=LabelSet(labels={'app': 'app-b', 'role': 'frontend'}), node=Node(name=worker-1)
Pod test-pod-37 already exists in the cluster.
Pod(name=test-pod-37, label_set=LabelSet(labels={'app': 'app-a', 'role': 'backend'}), node=Node(name=worker-2)
New pod: test-pod-40, on node: worker-2
Pod(name=test-pod-40, label_set=LabelSet(labels={'app': 'app-b', 'role': 'backend'}), node=Node(name=worker-2)
Pod test-pod-38 already exists in the cluster.
Pod(name=test-pod-38, label_set=LabelSet(labels={'app': 'app-a', 'role': 'database'}), node=Node(name=worker-1)
New pod: test-pod-41, on node: worker-2
Pod(name=test-pod-41, label_set=LabelSet(labels={'app': 'app-b', 'role': 'database'}), node=Node(name=worker-2)
New pod: test-pod-42, on node: worker-1
PLS: Configuring new pod with labelset: {L}
PLS: Configuring new spol Policy(name=app-c-allow-backend-frontend, sel=LabelSet(labels={'app': 'app-c', 'role': 'backend'}), allow=[
(LabelSet(labels={'app': 'app-c', 'role': 'frontend'}), Traffic(direction=egress, port=80, protocol=TCP)) 
])
Adding Security Group for select labelset: LabelSet(labels={'app': 'app-c', 'role': 'backend'})
Adding Security Group for allow labelset: LabelSet(labels={'app': 'app-c', 'role': 'frontend'})
SGMod: Adding rule to SG-app:app-crole:backend, remote SG-app:app-crole:frontend, port 80, type egress
Cannot add rule to remotes: <html><body><h1>429 Too Many Requests</h1>
You have sent too many requests in a given amount of time.
</body></html>

PLS: Configuring new spol Policy(name=app-c-allow-backend-frontend, sel=LabelSet(labels={'app': 'app-c', 'role': 'backend'}), allow=[
(LabelSet(labels={'app': 'app-c', 'role': 'frontend'}), Traffic(direction=ingress, port=80, protocol=TCP)) 
])
Adding Security Group for select labelset: LabelSet(labels={'app': 'app-c', 'role': 'backend'})
Adding Security Group for allow labelset: LabelSet(labels={'app': 'app-c', 'role': 'frontend'})
SGMod: Adding rule to SG-app:app-crole:backend, remote SG-app:app-crole:frontend, port 80, type ingress
Cannot add rule to remotes: <html><body><h1>429 Too Many Requests</h1>
You have sent too many requests in a given amount of time.
</body></html>

PLS: Configuring new spol Policy(name=app-c-allow-frontend-backend, sel=LabelSet(labels={'app': 'app-c', 'role': 'frontend'}), allow=[
(LabelSet(labels={'app': 'app-c', 'role': 'backend'}), Traffic(direction=egress, port=80, protocol=TCP)) 
])
Adding Security Group for select labelset: LabelSet(labels={'app': 'app-c', 'role': 'frontend'})
Adding Security Group for allow labelset: LabelSet(labels={'app': 'app-c', 'role': 'backend'})
SGMod: Adding rule to SG-app:app-crole:frontend, remote SG-app:app-crole:backend, port 80, type egress
Cannot add rule to remotes: <html><body><h1>429 Too Many Requests</h1>
You have sent too many requests in a given amount of time.
</body></html>

PLS: Configuring new spol Policy(name=app-c-allow-frontend-backend, sel=LabelSet(labels={'app': 'app-c', 'role': 'frontend'}), allow=[
(LabelSet(labels={'app': 'app-c', 'role': 'backend'}), Traffic(direction=ingress, port=80, protocol=TCP)) 
])
Adding Security Group for select labelset: LabelSet(labels={'app': 'app-c', 'role': 'frontend'})
Adding Security Group for allow labelset: LabelSet(labels={'app': 'app-c', 'role': 'backend'})
SGMod: Adding rule to SG-app:app-crole:frontend, remote SG-app:app-crole:backend, port 80, type ingress
Cannot add rule to remotes: <html><body><h1>429 Too Many Requests</h1>
You have sent too many requests in a given amount of time.
</body></html>

Attaching security group SG-app:app-crole:frontend to instance worker-1
Pod(name=test-pod-42, label_set=LabelSet(labels={'app': 'app-c', 'role': 'frontend'}), node=Node(name=worker-1)
Pod test-pod-40 already exists in the cluster.
Pod(name=test-pod-40, label_set=LabelSet(labels={'app': 'app-b', 'role': 'backend'}), node=Node(name=worker-2)
Pod test-pod-39 already exists in the cluster.
Pod(name=test-pod-39, label_set=LabelSet(labels={'app': 'app-b', 'role': 'frontend'}), node=Node(name=worker-1)
New pod: test-pod-43, on node: worker
Pod(name=test-pod-43, label_set=LabelSet(labels={'app': 'app-c', 'role': 'backend'}), node=Node(name=worker)
Pod test-pod-41 already exists in the cluster.
Pod(name=test-pod-41, label_set=LabelSet(labels={'app': 'app-b', 'role': 'database'}), node=Node(name=worker-2)
Pod test-pod-42 already exists in the cluster.
Pod(name=test-pod-42, label_set=LabelSet(labels={'app': 'app-c', 'role': 'frontend'}), node=Node(name=worker-1)
New pod: test-pod-44, on node: worker-2
Pod(name=test-pod-44, label_set=LabelSet(labels={'app': 'app-c', 'role': 'database'}), node=Node(name=worker-2)
Pod test-pod-43 already exists in the cluster.
Pod(name=test-pod-43, label_set=LabelSet(labels={'app': 'app-c', 'role': 'backend'}), node=Node(name=worker)
New pod: test-pod-45, on node: worker-1
Pod(name=test-pod-45, label_set=LabelSet(labels={'app': 'app-a', 'role': 'frontend'}), node=Node(name=worker-1)
Pod test-pod-1 already exists in the cluster.
Pod(name=test-pod-1, label_set=LabelSet(labels={'app': 'app-a', 'role': 'backend'}), node=Node(name=worker)
New pod: test-pod-46, on node: worker-1
Pod(name=test-pod-46, label_set=LabelSet(labels={'app': 'app-a', 'role': 'backend'}), node=Node(name=worker-1)
Pod test-pod-44 already exists in the cluster.
Pod(name=test-pod-44, label_set=LabelSet(labels={'app': 'app-c', 'role': 'database'}), node=Node(name=worker-2)
Pod test-pod-45 already exists in the cluster.
Pod(name=test-pod-45, label_set=LabelSet(labels={'app': 'app-a', 'role': 'frontend'}), node=Node(name=worker-1)
New pod: test-pod-47, on node: worker
Pod(name=test-pod-47, label_set=LabelSet(labels={'app': 'app-a', 'role': 'database'}), node=Node(name=worker)
Pod test-pod-46 already exists in the cluster.
Pod(name=test-pod-46, label_set=LabelSet(labels={'app': 'app-a', 'role': 'backend'}), node=Node(name=worker-1)
New pod: test-pod-48, on node: worker-2
Pod(name=test-pod-48, label_set=LabelSet(labels={'app': 'app-b', 'role': 'frontend'}), node=Node(name=worker-2)
Pod test-pod-47 already exists in the cluster.
Pod(name=test-pod-47, label_set=LabelSet(labels={'app': 'app-a', 'role': 'database'}), node=Node(name=worker)
Pod test-pod-3 already exists in the cluster.
Pod(name=test-pod-3, label_set=LabelSet(labels={'app': 'app-b', 'role': 'frontend'}), node=Node(name=worker-2)
New pod: test-pod-49, on node: worker-1
Pod(name=test-pod-49, label_set=LabelSet(labels={'app': 'app-b', 'role': 'backend'}), node=Node(name=worker-1)
New pod: test-pod-50, on node: worker-1
Pod(name=test-pod-50, label_set=LabelSet(labels={'app': 'app-b', 'role': 'database'}), node=Node(name=worker-1)
Pod test-pod-48 already exists in the cluster.
Pod(name=test-pod-48, label_set=LabelSet(labels={'app': 'app-b', 'role': 'frontend'}), node=Node(name=worker-2)
New pod: test-pod-51, on node: worker-2
Pod(name=test-pod-51, label_set=LabelSet(labels={'app': 'app-c', 'role': 'frontend'}), node=Node(name=worker-2)
Pod test-pod-49 already exists in the cluster.
Pod(name=test-pod-49, label_set=LabelSet(labels={'app': 'app-b', 'role': 'backend'}), node=Node(name=worker-1)
Pod test-pod-0 already exists in the cluster.
Pod(name=test-pod-0, label_set=LabelSet(labels={'app': 'app-a', 'role': 'frontend'}), node=Node(name=worker-1)
New pod: test-pod-52, on node: worker-2
Pod(name=test-pod-52, label_set=LabelSet(labels={'app': 'app-c', 'role': 'backend'}), node=Node(name=worker-2)
New pod: test-pod-53, on node: worker-2
Pod(name=test-pod-53, label_set=LabelSet(labels={'app': 'app-c', 'role': 'database'}), node=Node(name=worker-2)
Pod test-pod-5 already exists in the cluster.
Pod(name=test-pod-5, label_set=LabelSet(labels={'app': 'app-b', 'role': 'database'}), node=Node(name=worker)
Pod test-pod-51 already exists in the cluster.
Pod(name=test-pod-51, label_set=LabelSet(labels={'app': 'app-c', 'role': 'frontend'}), node=Node(name=worker-2)
Pod test-pod-50 already exists in the cluster.
Pod(name=test-pod-50, label_set=LabelSet(labels={'app': 'app-b', 'role': 'database'}), node=Node(name=worker-1)
Pod test-pod-6 already exists in the cluster.
Pod(name=test-pod-6, label_set=LabelSet(labels={'app': 'app-c', 'role': 'frontend'}), node=Node(name=worker)
Pod test-pod-2 already exists in the cluster.
Pod(name=test-pod-2, label_set=LabelSet(labels={'app': 'app-a', 'role': 'database'}), node=Node(name=worker-2)
New pod: test-pod-54, on node: worker-2
Pod(name=test-pod-54, label_set=LabelSet(labels={'app': 'app-a', 'role': 'frontend'}), node=Node(name=worker-2)
Pod test-pod-9 already exists in the cluster.
Pod(name=test-pod-9, label_set=LabelSet(labels={'app': 'app-a', 'role': 'frontend'}), node=Node(name=worker-2)
New pod: test-pod-55, on node: worker-1
Pod(name=test-pod-55, label_set=LabelSet(labels={'app': 'app-a', 'role': 'backend'}), node=Node(name=worker-1)
Pod test-pod-52 already exists in the cluster.
Pod(name=test-pod-52, label_set=LabelSet(labels={'app': 'app-c', 'role': 'backend'}), node=Node(name=worker-2)
New pod: test-pod-56, on node: worker-1
Pod(name=test-pod-56, label_set=LabelSet(labels={'app': 'app-a', 'role': 'database'}), node=Node(name=worker-1)
Pod test-pod-4 already exists in the cluster.
Pod(name=test-pod-4, label_set=LabelSet(labels={'app': 'app-b', 'role': 'backend'}), node=Node(name=worker-1)
New pod: test-pod-57, on node: worker
Pod(name=test-pod-57, label_set=LabelSet(labels={'app': 'app-b', 'role': 'frontend'}), node=Node(name=worker)
Pod test-pod-53 already exists in the cluster.
Pod(name=test-pod-53, label_set=LabelSet(labels={'app': 'app-c', 'role': 'database'}), node=Node(name=worker-2)
Pod test-pod-55 already exists in the cluster.
Pod(name=test-pod-55, label_set=LabelSet(labels={'app': 'app-a', 'role': 'backend'}), node=Node(name=worker-1)
New pod: test-pod-58, on node: worker
Pod(name=test-pod-58, label_set=LabelSet(labels={'app': 'app-b', 'role': 'backend'}), node=Node(name=worker)
Pod test-pod-57 already exists in the cluster.
Pod(name=test-pod-57, label_set=LabelSet(labels={'app': 'app-b', 'role': 'frontend'}), node=Node(name=worker)
New pod: test-pod-59, on node: worker
Pod(name=test-pod-59, label_set=LabelSet(labels={'app': 'app-b', 'role': 'database'}), node=Node(name=worker)
Pod test-pod-54 already exists in the cluster.
Pod(name=test-pod-54, label_set=LabelSet(labels={'app': 'app-a', 'role': 'frontend'}), node=Node(name=worker-2)
Pod test-pod-56 already exists in the cluster.
Pod(name=test-pod-56, label_set=LabelSet(labels={'app': 'app-a', 'role': 'database'}), node=Node(name=worker-1)
New pod: test-pod-60, on node: worker-1
Pod(name=test-pod-60, label_set=LabelSet(labels={'app': 'app-c', 'role': 'frontend'}), node=Node(name=worker-1)
Pod test-pod-7 already exists in the cluster.
Pod(name=test-pod-7, label_set=LabelSet(labels={'app': 'app-c', 'role': 'backend'}), node=Node(name=worker-2)
Pod test-pod-58 already exists in the cluster.
Pod(name=test-pod-58, label_set=LabelSet(labels={'app': 'app-b', 'role': 'backend'}), node=Node(name=worker)
New pod: test-pod-61, on node: worker-1
Pod(name=test-pod-61, label_set=LabelSet(labels={'app': 'app-c', 'role': 'backend'}), node=Node(name=worker-1)
Pod test-pod-59 already exists in the cluster.
Pod(name=test-pod-59, label_set=LabelSet(labels={'app': 'app-b', 'role': 'database'}), node=Node(name=worker)
New pod: test-pod-62, on node: worker-2
Pod(name=test-pod-62, label_set=LabelSet(labels={'app': 'app-c', 'role': 'database'}), node=Node(name=worker-2)
New pod: test-pod-63, on node: worker
Pod(name=test-pod-63, label_set=LabelSet(labels={'app': 'app-a', 'role': 'frontend'}), node=Node(name=worker)
Pod test-pod-60 already exists in the cluster.
Pod(name=test-pod-60, label_set=LabelSet(labels={'app': 'app-c', 'role': 'frontend'}), node=Node(name=worker-1)
New pod: test-pod-64, on node: worker-1
Pod(name=test-pod-64, label_set=LabelSet(labels={'app': 'app-a', 'role': 'backend'}), node=Node(name=worker-1)
Pod test-pod-62 already exists in the cluster.
Pod(name=test-pod-62, label_set=LabelSet(labels={'app': 'app-c', 'role': 'database'}), node=Node(name=worker-2)
Pod test-pod-63 already exists in the cluster.
Pod(name=test-pod-63, label_set=LabelSet(labels={'app': 'app-a', 'role': 'frontend'}), node=Node(name=worker)
Pod test-pod-8 already exists in the cluster.
Pod(name=test-pod-8, label_set=LabelSet(labels={'app': 'app-c', 'role': 'database'}), node=Node(name=worker-1)
Pod test-pod-11 already exists in the cluster.
Pod(name=test-pod-11, label_set=LabelSet(labels={'app': 'app-a', 'role': 'database'}), node=Node(name=worker)
Pod test-pod-61 already exists in the cluster.
Pod(name=test-pod-61, label_set=LabelSet(labels={'app': 'app-c', 'role': 'backend'}), node=Node(name=worker-1)
Pod test-pod-13 already exists in the cluster.
Pod(name=test-pod-13, label_set=LabelSet(labels={'app': 'app-b', 'role': 'backend'}), node=Node(name=worker-2)
Pod test-pod-12 already exists in the cluster.
Pod(name=test-pod-12, label_set=LabelSet(labels={'app': 'app-b', 'role': 'frontend'}), node=Node(name=worker)
Pod test-pod-64 already exists in the cluster.
Pod(name=test-pod-64, label_set=LabelSet(labels={'app': 'app-a', 'role': 'backend'}), node=Node(name=worker-1)
New pod: test-pod-66, on node: worker-2
Pod(name=test-pod-66, label_set=LabelSet(labels={'app': 'app-b', 'role': 'frontend'}), node=Node(name=worker-2)
New pod: test-pod-70, on node: worker-2
Pod(name=test-pod-70, label_set=LabelSet(labels={'app': 'app-c', 'role': 'backend'}), node=Node(name=worker-2)
New pod: test-pod-67, on node: worker-1
Pod(name=test-pod-67, label_set=LabelSet(labels={'app': 'app-b', 'role': 'backend'}), node=Node(name=worker-1)
New pod: test-pod-68, on node: worker
Pod(name=test-pod-68, label_set=LabelSet(labels={'app': 'app-b', 'role': 'database'}), node=Node(name=worker)
New pod: test-pod-69, on node: worker-1
Pod(name=test-pod-69, label_set=LabelSet(labels={'app': 'app-c', 'role': 'frontend'}), node=Node(name=worker-1)
New pod: test-pod-65, on node: worker-1
Pod(name=test-pod-65, label_set=LabelSet(labels={'app': 'app-a', 'role': 'database'}), node=Node(name=worker-1)
New pod: test-pod-71, on node: worker-2
Pod(name=test-pod-71, label_set=LabelSet(labels={'app': 'app-c', 'role': 'database'}), node=Node(name=worker-2)
New pod: test-pod-72, on node: worker-1
Pod(name=test-pod-72, label_set=LabelSet(labels={'app': 'app-a', 'role': 'frontend'}), node=Node(name=worker-1)
New pod: test-pod-73, on node: worker-1
Pod(name=test-pod-73, label_set=LabelSet(labels={'app': 'app-a', 'role': 'backend'}), node=Node(name=worker-1)
New pod: test-pod-75, on node: worker-1
Pod(name=test-pod-75, label_set=LabelSet(labels={'app': 'app-b', 'role': 'frontend'}), node=Node(name=worker-1)
New pod: test-pod-78, on node: worker-1
Pod(name=test-pod-78, label_set=LabelSet(labels={'app': 'app-c', 'role': 'frontend'}), node=Node(name=worker-1)
New pod: test-pod-77, on node: worker-2
Pod(name=test-pod-77, label_set=LabelSet(labels={'app': 'app-b', 'role': 'database'}), node=Node(name=worker-2)
New pod: test-pod-74, on node: worker-1
Pod(name=test-pod-74, label_set=LabelSet(labels={'app': 'app-a', 'role': 'database'}), node=Node(name=worker-1)
New pod: test-pod-76, on node: worker-2
Pod(name=test-pod-76, label_set=LabelSet(labels={'app': 'app-b', 'role': 'backend'}), node=Node(name=worker-2)
New pod: test-pod-79, on node: worker
Pod(name=test-pod-79, label_set=LabelSet(labels={'app': 'app-c', 'role': 'backend'}), node=Node(name=worker)
Pod test-pod-10 already exists in the cluster.
Pod(name=test-pod-10, label_set=LabelSet(labels={'app': 'app-a', 'role': 'backend'}), node=Node(name=worker-1)
Pod test-pod-68 already exists in the cluster.
Pod(name=test-pod-68, label_set=LabelSet(labels={'app': 'app-b', 'role': 'database'}), node=Node(name=worker)
New pod: test-pod-80, on node: worker-2
Pod(name=test-pod-80, label_set=LabelSet(labels={'app': 'app-c', 'role': 'database'}), node=Node(name=worker-2)
New pod: test-pod-81, on node: worker-1
Pod(name=test-pod-81, label_set=LabelSet(labels={'app': 'app-a', 'role': 'frontend'}), node=Node(name=worker-1)
Pod test-pod-79 already exists in the cluster.
Pod(name=test-pod-79, label_set=LabelSet(labels={'app': 'app-c', 'role': 'backend'}), node=Node(name=worker)
Pod test-pod-67 already exists in the cluster.
Pod(name=test-pod-67, label_set=LabelSet(labels={'app': 'app-b', 'role': 'backend'}), node=Node(name=worker-1)
New pod: test-pod-82, on node: worker-2
Pod(name=test-pod-82, label_set=LabelSet(labels={'app': 'app-a', 'role': 'backend'}), node=Node(name=worker-2)
Pod test-pod-16 already exists in the cluster.
Pod(name=test-pod-16, label_set=LabelSet(labels={'app': 'app-c', 'role': 'backend'}), node=Node(name=worker)
New pod: test-pod-83, on node: worker-2
Pod(name=test-pod-83, label_set=LabelSet(labels={'app': 'app-a', 'role': 'database'}), node=Node(name=worker-2)
Pod test-pod-65 already exists in the cluster.
Pod(name=test-pod-65, label_set=LabelSet(labels={'app': 'app-a', 'role': 'database'}), node=Node(name=worker-1)
New pod: test-pod-84, on node: worker
Pod(name=test-pod-84, label_set=LabelSet(labels={'app': 'app-b', 'role': 'frontend'}), node=Node(name=worker)
New pod: test-pod-85, on node: worker-2
Pod(name=test-pod-85, label_set=LabelSet(labels={'app': 'app-b', 'role': 'backend'}), node=Node(name=worker-2)
Pod test-pod-69 already exists in the cluster.
Pod(name=test-pod-69, label_set=LabelSet(labels={'app': 'app-c', 'role': 'frontend'}), node=Node(name=worker-1)
Pod test-pod-84 already exists in the cluster.
Pod(name=test-pod-84, label_set=LabelSet(labels={'app': 'app-b', 'role': 'frontend'}), node=Node(name=worker)
Pod test-pod-17 already exists in the cluster.
Pod(name=test-pod-17, label_set=LabelSet(labels={'app': 'app-c', 'role': 'database'}), node=Node(name=worker-1)
Pod test-pod-70 already exists in the cluster.
Pod(name=test-pod-70, label_set=LabelSet(labels={'app': 'app-c', 'role': 'backend'}), node=Node(name=worker-2)
New pod: test-pod-86, on node: worker-1
Pod(name=test-pod-86, label_set=LabelSet(labels={'app': 'app-b', 'role': 'database'}), node=Node(name=worker-1)
New pod: test-pod-87, on node: worker
Pod(name=test-pod-87, label_set=LabelSet(labels={'app': 'app-c', 'role': 'frontend'}), node=Node(name=worker)
Pod test-pod-81 already exists in the cluster.
Pod(name=test-pod-81, label_set=LabelSet(labels={'app': 'app-a', 'role': 'frontend'}), node=Node(name=worker-1)
New pod: test-pod-88, on node: worker
Pod(name=test-pod-88, label_set=LabelSet(labels={'app': 'app-c', 'role': 'backend'}), node=Node(name=worker)
Pod test-pod-85 already exists in the cluster.
Pod(name=test-pod-85, label_set=LabelSet(labels={'app': 'app-b', 'role': 'backend'}), node=Node(name=worker-2)
New pod: test-pod-89, on node: worker-1
Pod(name=test-pod-89, label_set=LabelSet(labels={'app': 'app-c', 'role': 'database'}), node=Node(name=worker-1)
Pod test-pod-87 already exists in the cluster.
Pod(name=test-pod-87, label_set=LabelSet(labels={'app': 'app-c', 'role': 'frontend'}), node=Node(name=worker)
New pod: test-pod-90, on node: worker-2
Pod(name=test-pod-90, label_set=LabelSet(labels={'app': 'app-a', 'role': 'frontend'}), node=Node(name=worker-2)
Pod test-pod-83 already exists in the cluster.
Pod(name=test-pod-83, label_set=LabelSet(labels={'app': 'app-a', 'role': 'database'}), node=Node(name=worker-2)
New pod: test-pod-91, on node: worker
Pod(name=test-pod-91, label_set=LabelSet(labels={'app': 'app-a', 'role': 'backend'}), node=Node(name=worker)
Pod test-pod-66 already exists in the cluster.
Pod(name=test-pod-66, label_set=LabelSet(labels={'app': 'app-b', 'role': 'frontend'}), node=Node(name=worker-2)
Pod test-pod-15 already exists in the cluster.
Pod(name=test-pod-15, label_set=LabelSet(labels={'app': 'app-c', 'role': 'frontend'}), node=Node(name=worker-2)
Pod test-pod-74 already exists in the cluster.
Pod(name=test-pod-74, label_set=LabelSet(labels={'app': 'app-a', 'role': 'database'}), node=Node(name=worker-1)
New pod: test-pod-92, on node: worker-1
Pod(name=test-pod-92, label_set=LabelSet(labels={'app': 'app-a', 'role': 'database'}), node=Node(name=worker-1)
New pod: test-pod-93, on node: worker-1
Pod(name=test-pod-93, label_set=LabelSet(labels={'app': 'app-b', 'role': 'frontend'}), node=Node(name=worker-1)
Pod test-pod-77 already exists in the cluster.
Pod(name=test-pod-77, label_set=LabelSet(labels={'app': 'app-b', 'role': 'database'}), node=Node(name=worker-2)
Pod test-pod-88 already exists in the cluster.
Pod(name=test-pod-88, label_set=LabelSet(labels={'app': 'app-c', 'role': 'backend'}), node=Node(name=worker)
Pod test-pod-72 already exists in the cluster.
Pod(name=test-pod-72, label_set=LabelSet(labels={'app': 'app-a', 'role': 'frontend'}), node=Node(name=worker-1)
New pod: test-pod-94, on node: worker-2
Pod(name=test-pod-94, label_set=LabelSet(labels={'app': 'app-b', 'role': 'backend'}), node=Node(name=worker-2)
Pod test-pod-80 already exists in the cluster.
Pod(name=test-pod-80, label_set=LabelSet(labels={'app': 'app-c', 'role': 'database'}), node=Node(name=worker-2)
New pod: test-pod-95, on node: worker-1
Pod(name=test-pod-95, label_set=LabelSet(labels={'app': 'app-b', 'role': 'database'}), node=Node(name=worker-1)
Pod test-pod-78 already exists in the cluster.
Pod(name=test-pod-78, label_set=LabelSet(labels={'app': 'app-c', 'role': 'frontend'}), node=Node(name=worker-1)
Pod test-pod-82 already exists in the cluster.
Pod(name=test-pod-82, label_set=LabelSet(labels={'app': 'app-a', 'role': 'backend'}), node=Node(name=worker-2)
New pod: test-pod-96, on node: worker-2
Pod(name=test-pod-96, label_set=LabelSet(labels={'app': 'app-c', 'role': 'frontend'}), node=Node(name=worker-2)
Pod test-pod-91 already exists in the cluster.
Pod(name=test-pod-91, label_set=LabelSet(labels={'app': 'app-a', 'role': 'backend'}), node=Node(name=worker)
Pod test-pod-22 already exists in the cluster.
Pod(name=test-pod-22, label_set=LabelSet(labels={'app': 'app-b', 'role': 'backend'}), node=Node(name=worker)
New pod: test-pod-97, on node: worker
Pod(name=test-pod-97, label_set=LabelSet(labels={'app': 'app-c', 'role': 'backend'}), node=Node(name=worker)
Pod test-pod-76 already exists in the cluster.
Pod(name=test-pod-76, label_set=LabelSet(labels={'app': 'app-b', 'role': 'backend'}), node=Node(name=worker-2)
New pod: test-pod-98, on node: worker-1
Pod(name=test-pod-98, label_set=LabelSet(labels={'app': 'app-c', 'role': 'database'}), node=Node(name=worker-1)
Pod test-pod-20 already exists in the cluster.
Pod(name=test-pod-20, label_set=LabelSet(labels={'app': 'app-a', 'role': 'database'}), node=Node(name=worker)
Pod test-pod-71 already exists in the cluster.
Pod(name=test-pod-71, label_set=LabelSet(labels={'app': 'app-c', 'role': 'database'}), node=Node(name=worker-2)
Pod test-pod-97 already exists in the cluster.
Pod(name=test-pod-97, label_set=LabelSet(labels={'app': 'app-c', 'role': 'backend'}), node=Node(name=worker)
Pod test-pod-94 already exists in the cluster.
Pod(name=test-pod-94, label_set=LabelSet(labels={'app': 'app-b', 'role': 'backend'}), node=Node(name=worker-2)
Pod test-pod-73 already exists in the cluster.
Pod(name=test-pod-73, label_set=LabelSet(labels={'app': 'app-a', 'role': 'backend'}), node=Node(name=worker-1)
Pod test-pod-96 already exists in the cluster.
Pod(name=test-pod-96, label_set=LabelSet(labels={'app': 'app-c', 'role': 'frontend'}), node=Node(name=worker-2)
Pod test-pod-75 already exists in the cluster.
Pod(name=test-pod-75, label_set=LabelSet(labels={'app': 'app-b', 'role': 'frontend'}), node=Node(name=worker-1)
Pod test-pod-90 already exists in the cluster.
Pod(name=test-pod-90, label_set=LabelSet(labels={'app': 'app-a', 'role': 'frontend'}), node=Node(name=worker-2)
Pod test-pod-86 already exists in the cluster.
Pod(name=test-pod-86, label_set=LabelSet(labels={'app': 'app-b', 'role': 'database'}), node=Node(name=worker-1)
Pod test-pod-95 already exists in the cluster.
Pod(name=test-pod-95, label_set=LabelSet(labels={'app': 'app-b', 'role': 'database'}), node=Node(name=worker-1)
Pod test-pod-19 already exists in the cluster.
Pod(name=test-pod-19, label_set=LabelSet(labels={'app': 'app-a', 'role': 'backend'}), node=Node(name=worker-2)
Pod test-pod-98 already exists in the cluster.
Pod(name=test-pod-98, label_set=LabelSet(labels={'app': 'app-c', 'role': 'database'}), node=Node(name=worker-1)
Pod test-pod-93 already exists in the cluster.
Pod(name=test-pod-93, label_set=LabelSet(labels={'app': 'app-b', 'role': 'frontend'}), node=Node(name=worker-1)
Pod test-pod-89 already exists in the cluster.
Pod(name=test-pod-89, label_set=LabelSet(labels={'app': 'app-c', 'role': 'database'}), node=Node(name=worker-1)
Pod test-pod-92 already exists in the cluster.
Pod(name=test-pod-92, label_set=LabelSet(labels={'app': 'app-a', 'role': 'database'}), node=Node(name=worker-1)
Pod test-pod-23 already exists in the cluster.
Pod(name=test-pod-23, label_set=LabelSet(labels={'app': 'app-b', 'role': 'database'}), node=Node(name=worker-2)
Pod test-pod-14 already exists in the cluster.
Pod(name=test-pod-14, label_set=LabelSet(labels={'app': 'app-b', 'role': 'database'}), node=Node(name=worker-1)
Pod test-pod-24 already exists in the cluster.
Pod(name=test-pod-24, label_set=LabelSet(labels={'app': 'app-c', 'role': 'frontend'}), node=Node(name=worker)
Pod test-pod-32 already exists in the cluster.
Pod(name=test-pod-32, label_set=LabelSet(labels={'app': 'app-b', 'role': 'database'}), node=Node(name=worker-2)
Pod test-pod-29 already exists in the cluster.
Pod(name=test-pod-29, label_set=LabelSet(labels={'app': 'app-a', 'role': 'database'}), node=Node(name=worker)
Pod test-pod-26 already exists in the cluster.
Pod(name=test-pod-26, label_set=LabelSet(labels={'app': 'app-c', 'role': 'database'}), node=Node(name=worker-2)
Pod test-pod-18 already exists in the cluster.
Pod(name=test-pod-18, label_set=LabelSet(labels={'app': 'app-a', 'role': 'frontend'}), node=Node(name=worker-1)
Pod test-pod-36 already exists in the cluster.
Pod(name=test-pod-36, label_set=LabelSet(labels={'app': 'app-a', 'role': 'frontend'}), node=Node(name=worker)
Pod test-pod-28 already exists in the cluster.
Pod(name=test-pod-28, label_set=LabelSet(labels={'app': 'app-a', 'role': 'backend'}), node=Node(name=worker-2)
Pod test-pod-27 already exists in the cluster.
Pod(name=test-pod-27, label_set=LabelSet(labels={'app': 'app-a', 'role': 'frontend'}), node=Node(name=worker-1)
Pod test-pod-21 already exists in the cluster.
Pod(name=test-pod-21, label_set=LabelSet(labels={'app': 'app-b', 'role': 'frontend'}), node=Node(name=worker-1)
Pod test-pod-31 already exists in the cluster.
Pod(name=test-pod-31, label_set=LabelSet(labels={'app': 'app-b', 'role': 'backend'}), node=Node(name=worker)
Pod test-pod-33 already exists in the cluster.
Pod(name=test-pod-33, label_set=LabelSet(labels={'app': 'app-c', 'role': 'frontend'}), node=Node(name=worker)
Pod test-pod-35 already exists in the cluster.
Pod(name=test-pod-35, label_set=LabelSet(labels={'app': 'app-c', 'role': 'database'}), node=Node(name=worker-2)
Pod test-pod-37 already exists in the cluster.
Pod(name=test-pod-37, label_set=LabelSet(labels={'app': 'app-a', 'role': 'backend'}), node=Node(name=worker-2)
Pod test-pod-34 already exists in the cluster.
Pod(name=test-pod-34, label_set=LabelSet(labels={'app': 'app-c', 'role': 'backend'}), node=Node(name=worker-1)
Pod test-pod-30 already exists in the cluster.
Pod(name=test-pod-30, label_set=LabelSet(labels={'app': 'app-b', 'role': 'frontend'}), node=Node(name=worker-1)
Pod test-pod-54 already exists in the cluster.
Pod(name=test-pod-54, label_set=LabelSet(labels={'app': 'app-a', 'role': 'frontend'}), node=Node(name=worker-2)
Pod test-pod-43 already exists in the cluster.
Pod(name=test-pod-43, label_set=LabelSet(labels={'app': 'app-c', 'role': 'backend'}), node=Node(name=worker)
Pod test-pod-40 already exists in the cluster.
Pod(name=test-pod-40, label_set=LabelSet(labels={'app': 'app-b', 'role': 'backend'}), node=Node(name=worker-2)
Pod test-pod-41 already exists in the cluster.
Pod(name=test-pod-41, label_set=LabelSet(labels={'app': 'app-b', 'role': 'database'}), node=Node(name=worker-2)
Pod test-pod-42 already exists in the cluster.
Pod(name=test-pod-42, label_set=LabelSet(labels={'app': 'app-c', 'role': 'frontend'}), node=Node(name=worker-1)
Pod test-pod-47 already exists in the cluster.
Pod(name=test-pod-47, label_set=LabelSet(labels={'app': 'app-a', 'role': 'database'}), node=Node(name=worker)
Pod test-pod-48 already exists in the cluster.
Pod(name=test-pod-48, label_set=LabelSet(labels={'app': 'app-b', 'role': 'frontend'}), node=Node(name=worker-2)
Pod test-pod-44 already exists in the cluster.
Pod(name=test-pod-44, label_set=LabelSet(labels={'app': 'app-c', 'role': 'database'}), node=Node(name=worker-2)
Pod test-pod-58 already exists in the cluster.
Pod(name=test-pod-58, label_set=LabelSet(labels={'app': 'app-b', 'role': 'backend'}), node=Node(name=worker)
Pod test-pod-62 already exists in the cluster.
Pod(name=test-pod-62, label_set=LabelSet(labels={'app': 'app-c', 'role': 'database'}), node=Node(name=worker-2)
Pod test-pod-57 already exists in the cluster.
Pod(name=test-pod-57, label_set=LabelSet(labels={'app': 'app-b', 'role': 'frontend'}), node=Node(name=worker)
Pod test-pod-53 already exists in the cluster.
Pod(name=test-pod-53, label_set=LabelSet(labels={'app': 'app-c', 'role': 'database'}), node=Node(name=worker-2)
Pod test-pod-52 already exists in the cluster.
Pod(name=test-pod-52, label_set=LabelSet(labels={'app': 'app-c', 'role': 'backend'}), node=Node(name=worker-2)
Pod test-pod-63 already exists in the cluster.
Pod(name=test-pod-63, label_set=LabelSet(labels={'app': 'app-a', 'role': 'frontend'}), node=Node(name=worker)
Pod test-pod-50 already exists in the cluster.
Pod(name=test-pod-50, label_set=LabelSet(labels={'app': 'app-b', 'role': 'database'}), node=Node(name=worker-1)
Pod test-pod-59 already exists in the cluster.
Pod(name=test-pod-59, label_set=LabelSet(labels={'app': 'app-b', 'role': 'database'}), node=Node(name=worker)
Pod test-pod-97 already exists in the cluster.
Pod(name=test-pod-97, label_set=LabelSet(labels={'app': 'app-c', 'role': 'backend'}), node=Node(name=worker)
Pod test-pod-49 already exists in the cluster.
Pod(name=test-pod-49, label_set=LabelSet(labels={'app': 'app-b', 'role': 'backend'}), node=Node(name=worker-1)
Pod test-pod-68 already exists in the cluster.
Pod(name=test-pod-68, label_set=LabelSet(labels={'app': 'app-b', 'role': 'database'}), node=Node(name=worker)
Pod test-pod-39 already exists in the cluster.
Pod(name=test-pod-39, label_set=LabelSet(labels={'app': 'app-b', 'role': 'frontend'}), node=Node(name=worker-1)
Pod test-pod-91 already exists in the cluster.
Pod(name=test-pod-91, label_set=LabelSet(labels={'app': 'app-a', 'role': 'backend'}), node=Node(name=worker)
Pod test-pod-79 already exists in the cluster.
Pod(name=test-pod-79, label_set=LabelSet(labels={'app': 'app-c', 'role': 'backend'}), node=Node(name=worker)
Pod test-pod-88 already exists in the cluster.
Pod(name=test-pod-88, label_set=LabelSet(labels={'app': 'app-c', 'role': 'backend'}), node=Node(name=worker)
Pod test-pod-87 already exists in the cluster.
Pod(name=test-pod-87, label_set=LabelSet(labels={'app': 'app-c', 'role': 'frontend'}), node=Node(name=worker)
Pod test-pod-84 already exists in the cluster.
Pod(name=test-pod-84, label_set=LabelSet(labels={'app': 'app-b', 'role': 'frontend'}), node=Node(name=worker)
Pod test-pod-93 already exists in the cluster.
Pod(name=test-pod-93, label_set=LabelSet(labels={'app': 'app-b', 'role': 'frontend'}), node=Node(name=worker-1)
Pod test-pod-60 already exists in the cluster.
Pod(name=test-pod-60, label_set=LabelSet(labels={'app': 'app-c', 'role': 'frontend'}), node=Node(name=worker-1)
Pod test-pod-90 already exists in the cluster.
Pod(name=test-pod-90, label_set=LabelSet(labels={'app': 'app-a', 'role': 'frontend'}), node=Node(name=worker-2)
Pod test-pod-76 already exists in the cluster.
Pod(name=test-pod-76, label_set=LabelSet(labels={'app': 'app-b', 'role': 'backend'}), node=Node(name=worker-2)
Pod test-pod-66 already exists in the cluster.
Pod(name=test-pod-66, label_set=LabelSet(labels={'app': 'app-b', 'role': 'frontend'}), node=Node(name=worker-2)
Pod test-pod-51 already exists in the cluster.
Pod(name=test-pod-51, label_set=LabelSet(labels={'app': 'app-c', 'role': 'frontend'}), node=Node(name=worker-2)
Pod test-pod-70 already exists in the cluster.
Pod(name=test-pod-70, label_set=LabelSet(labels={'app': 'app-c', 'role': 'backend'}), node=Node(name=worker-2)
Pod test-pod-71 already exists in the cluster.
Pod(name=test-pod-71, label_set=LabelSet(labels={'app': 'app-c', 'role': 'database'}), node=Node(name=worker-2)
Pod test-pod-82 already exists in the cluster.
Pod(name=test-pod-82, label_set=LabelSet(labels={'app': 'app-a', 'role': 'backend'}), node=Node(name=worker-2)
Pod test-pod-61 already exists in the cluster.
Pod(name=test-pod-61, label_set=LabelSet(labels={'app': 'app-c', 'role': 'backend'}), node=Node(name=worker-1)
Pod test-pod-77 already exists in the cluster.
Pod(name=test-pod-77, label_set=LabelSet(labels={'app': 'app-b', 'role': 'database'}), node=Node(name=worker-2)
Pod test-pod-94 already exists in the cluster.
Pod(name=test-pod-94, label_set=LabelSet(labels={'app': 'app-b', 'role': 'backend'}), node=Node(name=worker-2)
Pod test-pod-85 already exists in the cluster.
Pod(name=test-pod-85, label_set=LabelSet(labels={'app': 'app-b', 'role': 'backend'}), node=Node(name=worker-2)
Pod test-pod-83 already exists in the cluster.
Pod(name=test-pod-83, label_set=LabelSet(labels={'app': 'app-a', 'role': 'database'}), node=Node(name=worker-2)
Pod test-pod-80 already exists in the cluster.
Pod(name=test-pod-80, label_set=LabelSet(labels={'app': 'app-c', 'role': 'database'}), node=Node(name=worker-2)
Pod test-pod-96 already exists in the cluster.
Pod(name=test-pod-96, label_set=LabelSet(labels={'app': 'app-c', 'role': 'frontend'}), node=Node(name=worker-2)
Pod test-pod-25 already exists in the cluster.
Pod(name=test-pod-25, label_set=LabelSet(labels={'app': 'app-c', 'role': 'backend'}), node=Node(name=worker-1)
Pod test-pod-55 already exists in the cluster.
Pod(name=test-pod-55, label_set=LabelSet(labels={'app': 'app-a', 'role': 'backend'}), node=Node(name=worker-1)
Pod test-pod-38 already exists in the cluster.
Pod(name=test-pod-38, label_set=LabelSet(labels={'app': 'app-a', 'role': 'database'}), node=Node(name=worker-1)
Pod test-pod-64 already exists in the cluster.
Pod(name=test-pod-64, label_set=LabelSet(labels={'app': 'app-a', 'role': 'backend'}), node=Node(name=worker-1)
Pod test-pod-72 already exists in the cluster.
Pod(name=test-pod-72, label_set=LabelSet(labels={'app': 'app-a', 'role': 'frontend'}), node=Node(name=worker-1)
Pod test-pod-81 already exists in the cluster.
Pod(name=test-pod-81, label_set=LabelSet(labels={'app': 'app-a', 'role': 'frontend'}), node=Node(name=worker-1)
Pod test-pod-46 already exists in the cluster.
Pod(name=test-pod-46, label_set=LabelSet(labels={'app': 'app-a', 'role': 'backend'}), node=Node(name=worker-1)
Pod test-pod-69 already exists in the cluster.
Pod(name=test-pod-69, label_set=LabelSet(labels={'app': 'app-c', 'role': 'frontend'}), node=Node(name=worker-1)
Pod test-pod-56 already exists in the cluster.
Pod(name=test-pod-56, label_set=LabelSet(labels={'app': 'app-a', 'role': 'database'}), node=Node(name=worker-1)
Pod test-pod-6 already exists in the cluster.
Pod(name=test-pod-6, label_set=LabelSet(labels={'app': 'app-c', 'role': 'frontend'}), node=Node(name=worker)
Pod test-pod-1 already exists in the cluster.
Pod(name=test-pod-1, label_set=LabelSet(labels={'app': 'app-a', 'role': 'backend'}), node=Node(name=worker)
Pod test-pod-73 already exists in the cluster.
Pod(name=test-pod-73, label_set=LabelSet(labels={'app': 'app-a', 'role': 'backend'}), node=Node(name=worker-1)
Pod test-pod-67 already exists in the cluster.
Pod(name=test-pod-67, label_set=LabelSet(labels={'app': 'app-b', 'role': 'backend'}), node=Node(name=worker-1)
Pod test-pod-98 already exists in the cluster.
Pod(name=test-pod-98, label_set=LabelSet(labels={'app': 'app-c', 'role': 'database'}), node=Node(name=worker-1)
Pod test-pod-65 already exists in the cluster.
Pod(name=test-pod-65, label_set=LabelSet(labels={'app': 'app-a', 'role': 'database'}), node=Node(name=worker-1)
Pod test-pod-75 already exists in the cluster.
Pod(name=test-pod-75, label_set=LabelSet(labels={'app': 'app-b', 'role': 'frontend'}), node=Node(name=worker-1)
Pod test-pod-89 already exists in the cluster.
Pod(name=test-pod-89, label_set=LabelSet(labels={'app': 'app-c', 'role': 'database'}), node=Node(name=worker-1)
Pod test-pod-45 already exists in the cluster.
Pod(name=test-pod-45, label_set=LabelSet(labels={'app': 'app-a', 'role': 'frontend'}), node=Node(name=worker-1)
Pod test-pod-86 already exists in the cluster.
Pod(name=test-pod-86, label_set=LabelSet(labels={'app': 'app-b', 'role': 'database'}), node=Node(name=worker-1)
Pod test-pod-92 already exists in the cluster.
Pod(name=test-pod-92, label_set=LabelSet(labels={'app': 'app-a', 'role': 'database'}), node=Node(name=worker-1)
Pod test-pod-95 already exists in the cluster.
Pod(name=test-pod-95, label_set=LabelSet(labels={'app': 'app-b', 'role': 'database'}), node=Node(name=worker-1)
Pod test-pod-74 already exists in the cluster.
Pod(name=test-pod-74, label_set=LabelSet(labels={'app': 'app-a', 'role': 'database'}), node=Node(name=worker-1)
Pod test-pod-78 already exists in the cluster.
Pod(name=test-pod-78, label_set=LabelSet(labels={'app': 'app-c', 'role': 'frontend'}), node=Node(name=worker-1)
Pod test-pod-7 already exists in the cluster.
Pod(name=test-pod-7, label_set=LabelSet(labels={'app': 'app-c', 'role': 'backend'}), node=Node(name=worker-2)
Pod test-pod-3 already exists in the cluster.
Pod(name=test-pod-3, label_set=LabelSet(labels={'app': 'app-b', 'role': 'frontend'}), node=Node(name=worker-2)
Pod test-pod-5 already exists in the cluster.
Pod(name=test-pod-5, label_set=LabelSet(labels={'app': 'app-b', 'role': 'database'}), node=Node(name=worker)
Pod test-pod-11 already exists in the cluster.
Pod(name=test-pod-11, label_set=LabelSet(labels={'app': 'app-a', 'role': 'database'}), node=Node(name=worker)
Pod test-pod-2 already exists in the cluster.
Pod(name=test-pod-2, label_set=LabelSet(labels={'app': 'app-a', 'role': 'database'}), node=Node(name=worker-2)
Pod test-pod-8 already exists in the cluster.
Pod(name=test-pod-8, label_set=LabelSet(labels={'app': 'app-c', 'role': 'database'}), node=Node(name=worker-1)
Pod test-pod-0 already exists in the cluster.
Pod(name=test-pod-0, label_set=LabelSet(labels={'app': 'app-a', 'role': 'frontend'}), node=Node(name=worker-1)
Pod test-pod-12 already exists in the cluster.
Pod(name=test-pod-12, label_set=LabelSet(labels={'app': 'app-b', 'role': 'frontend'}), node=Node(name=worker)
Pod test-pod-9 already exists in the cluster.
Pod(name=test-pod-9, label_set=LabelSet(labels={'app': 'app-a', 'role': 'frontend'}), node=Node(name=worker-2)
Pod test-pod-10 already exists in the cluster.
Pod(name=test-pod-10, label_set=LabelSet(labels={'app': 'app-a', 'role': 'backend'}), node=Node(name=worker-1)
Pod test-pod-4 already exists in the cluster.
Pod(name=test-pod-4, label_set=LabelSet(labels={'app': 'app-b', 'role': 'backend'}), node=Node(name=worker-1)
Pod test-pod-16 already exists in the cluster.
Pod(name=test-pod-16, label_set=LabelSet(labels={'app': 'app-c', 'role': 'backend'}), node=Node(name=worker)
Pod test-pod-13 already exists in the cluster.
Pod(name=test-pod-13, label_set=LabelSet(labels={'app': 'app-b', 'role': 'backend'}), node=Node(name=worker-2)
Pod test-pod-15 already exists in the cluster.
Pod(name=test-pod-15, label_set=LabelSet(labels={'app': 'app-c', 'role': 'frontend'}), node=Node(name=worker-2)
Pod test-pod-17 already exists in the cluster.
Pod(name=test-pod-17, label_set=LabelSet(labels={'app': 'app-c', 'role': 'database'}), node=Node(name=worker-1)
Pod test-pod-22 already exists in the cluster.
Pod(name=test-pod-22, label_set=LabelSet(labels={'app': 'app-b', 'role': 'backend'}), node=Node(name=worker)
Pod test-pod-20 already exists in the cluster.
Pod(name=test-pod-20, label_set=LabelSet(labels={'app': 'app-a', 'role': 'database'}), node=Node(name=worker)
Pod test-pod-19 already exists in the cluster.
Pod(name=test-pod-19, label_set=LabelSet(labels={'app': 'app-a', 'role': 'backend'}), node=Node(name=worker-2)
Pod test-pod-14 already exists in the cluster.
Pod(name=test-pod-14, label_set=LabelSet(labels={'app': 'app-b', 'role': 'database'}), node=Node(name=worker-1)
Pod test-pod-24 already exists in the cluster.
Pod(name=test-pod-24, label_set=LabelSet(labels={'app': 'app-c', 'role': 'frontend'}), node=Node(name=worker)
Pod test-pod-23 already exists in the cluster.
Pod(name=test-pod-23, label_set=LabelSet(labels={'app': 'app-b', 'role': 'database'}), node=Node(name=worker-2)
Pod test-pod-18 already exists in the cluster.
Pod(name=test-pod-18, label_set=LabelSet(labels={'app': 'app-a', 'role': 'frontend'}), node=Node(name=worker-1)
Pod test-pod-27 already exists in the cluster.
Pod(name=test-pod-27, label_set=LabelSet(labels={'app': 'app-a', 'role': 'frontend'}), node=Node(name=worker-1)
Pod test-pod-29 already exists in the cluster.
Pod(name=test-pod-29, label_set=LabelSet(labels={'app': 'app-a', 'role': 'database'}), node=Node(name=worker)
Pod test-pod-35 already exists in the cluster.
Pod(name=test-pod-35, label_set=LabelSet(labels={'app': 'app-c', 'role': 'database'}), node=Node(name=worker-2)
Pod test-pod-32 already exists in the cluster.
Pod(name=test-pod-32, label_set=LabelSet(labels={'app': 'app-b', 'role': 'database'}), node=Node(name=worker-2)
Pod test-pod-30 already exists in the cluster.
Pod(name=test-pod-30, label_set=LabelSet(labels={'app': 'app-b', 'role': 'frontend'}), node=Node(name=worker-1)
Pod test-pod-33 already exists in the cluster.
Pod(name=test-pod-33, label_set=LabelSet(labels={'app': 'app-c', 'role': 'frontend'}), node=Node(name=worker)
Pod test-pod-36 already exists in the cluster.
Pod(name=test-pod-36, label_set=LabelSet(labels={'app': 'app-a', 'role': 'frontend'}), node=Node(name=worker)
Pod test-pod-28 already exists in the cluster.
Pod(name=test-pod-28, label_set=LabelSet(labels={'app': 'app-a', 'role': 'backend'}), node=Node(name=worker-2)
Pod test-pod-21 already exists in the cluster.
Pod(name=test-pod-21, label_set=LabelSet(labels={'app': 'app-b', 'role': 'frontend'}), node=Node(name=worker-1)
Pod test-pod-31 already exists in the cluster.
Pod(name=test-pod-31, label_set=LabelSet(labels={'app': 'app-b', 'role': 'backend'}), node=Node(name=worker)
Pod test-pod-26 already exists in the cluster.
Pod(name=test-pod-26, label_set=LabelSet(labels={'app': 'app-c', 'role': 'database'}), node=Node(name=worker-2)
Pod test-pod-34 already exists in the cluster.
Pod(name=test-pod-34, label_set=LabelSet(labels={'app': 'app-c', 'role': 'backend'}), node=Node(name=worker-1)
Pod test-pod-42 already exists in the cluster.
Pod(name=test-pod-42, label_set=LabelSet(labels={'app': 'app-c', 'role': 'frontend'}), node=Node(name=worker-1)
Pod test-pod-43 already exists in the cluster.
Pod(name=test-pod-43, label_set=LabelSet(labels={'app': 'app-c', 'role': 'backend'}), node=Node(name=worker)
Pod test-pod-37 already exists in the cluster.
Pod(name=test-pod-37, label_set=LabelSet(labels={'app': 'app-a', 'role': 'backend'}), node=Node(name=worker-2)
Pod test-pod-50 already exists in the cluster.
Pod(name=test-pod-50, label_set=LabelSet(labels={'app': 'app-b', 'role': 'database'}), node=Node(name=worker-1)
Pod test-pod-57 already exists in the cluster.
Pod(name=test-pod-57, label_set=LabelSet(labels={'app': 'app-b', 'role': 'frontend'}), node=Node(name=worker)
Pod test-pod-58 already exists in the cluster.
Pod(name=test-pod-58, label_set=LabelSet(labels={'app': 'app-b', 'role': 'backend'}), node=Node(name=worker)
Pod test-pod-41 already exists in the cluster.
Pod(name=test-pod-41, label_set=LabelSet(labels={'app': 'app-b', 'role': 'database'}), node=Node(name=worker-2)
Pod test-pod-54 already exists in the cluster.
Pod(name=test-pod-54, label_set=LabelSet(labels={'app': 'app-a', 'role': 'frontend'}), node=Node(name=worker-2)
Pod test-pod-39 already exists in the cluster.
Pod(name=test-pod-39, label_set=LabelSet(labels={'app': 'app-b', 'role': 'frontend'}), node=Node(name=worker-1)
Pod test-pod-59 already exists in the cluster.
Pod(name=test-pod-59, label_set=LabelSet(labels={'app': 'app-b', 'role': 'database'}), node=Node(name=worker)
Pod test-pod-40 already exists in the cluster.
Pod(name=test-pod-40, label_set=LabelSet(labels={'app': 'app-b', 'role': 'backend'}), node=Node(name=worker-2)
Pod test-pod-49 already exists in the cluster.
Pod(name=test-pod-49, label_set=LabelSet(labels={'app': 'app-b', 'role': 'backend'}), node=Node(name=worker-1)
Pod test-pod-60 already exists in the cluster.
Pod(name=test-pod-60, label_set=LabelSet(labels={'app': 'app-c', 'role': 'frontend'}), node=Node(name=worker-1)
Pod test-pod-47 already exists in the cluster.
Pod(name=test-pod-47, label_set=LabelSet(labels={'app': 'app-a', 'role': 'database'}), node=Node(name=worker)
Pod test-pod-63 already exists in the cluster.
Pod(name=test-pod-63, label_set=LabelSet(labels={'app': 'app-a', 'role': 'frontend'}), node=Node(name=worker)
Pod test-pod-48 already exists in the cluster.
Pod(name=test-pod-48, label_set=LabelSet(labels={'app': 'app-b', 'role': 'frontend'}), node=Node(name=worker-2)
Pod test-pod-61 already exists in the cluster.
Pod(name=test-pod-61, label_set=LabelSet(labels={'app': 'app-c', 'role': 'backend'}), node=Node(name=worker-1)
Pod test-pod-91 already exists in the cluster.
Pod(name=test-pod-91, label_set=LabelSet(labels={'app': 'app-a', 'role': 'backend'}), node=Node(name=worker)
Pod test-pod-53 already exists in the cluster.
Pod(name=test-pod-53, label_set=LabelSet(labels={'app': 'app-c', 'role': 'database'}), node=Node(name=worker-2)
Pod test-pod-62 already exists in the cluster.
Pod(name=test-pod-62, label_set=LabelSet(labels={'app': 'app-c', 'role': 'database'}), node=Node(name=worker-2)
Pod test-pod-93 already exists in the cluster.
Pod(name=test-pod-93, label_set=LabelSet(labels={'app': 'app-b', 'role': 'frontend'}), node=Node(name=worker-1)
Pod test-pod-68 already exists in the cluster.
Pod(name=test-pod-68, label_set=LabelSet(labels={'app': 'app-b', 'role': 'database'}), node=Node(name=worker)
Pod test-pod-52 already exists in the cluster.
Pod(name=test-pod-52, label_set=LabelSet(labels={'app': 'app-c', 'role': 'backend'}), node=Node(name=worker-2)
Pod test-pod-25 already exists in the cluster.
Pod(name=test-pod-25, label_set=LabelSet(labels={'app': 'app-c', 'role': 'backend'}), node=Node(name=worker-1)
Pod test-pod-64 already exists in the cluster.
Pod(name=test-pod-64, label_set=LabelSet(labels={'app': 'app-a', 'role': 'backend'}), node=Node(name=worker-1)
Pod test-pod-97 already exists in the cluster.
Pod(name=test-pod-97, label_set=LabelSet(labels={'app': 'app-c', 'role': 'backend'}), node=Node(name=worker)
Pod test-pod-87 already exists in the cluster.
Pod(name=test-pod-87, label_set=LabelSet(labels={'app': 'app-c', 'role': 'frontend'}), node=Node(name=worker)
Pod test-pod-44 already exists in the cluster.
Pod(name=test-pod-44, label_set=LabelSet(labels={'app': 'app-c', 'role': 'database'}), node=Node(name=worker-2)
Pod test-pod-38 already exists in the cluster.
Pod(name=test-pod-38, label_set=LabelSet(labels={'app': 'app-a', 'role': 'database'}), node=Node(name=worker-1)
Pod test-pod-79 already exists in the cluster.
Pod(name=test-pod-79, label_set=LabelSet(labels={'app': 'app-c', 'role': 'backend'}), node=Node(name=worker)
Pod test-pod-76 already exists in the cluster.
Pod(name=test-pod-76, label_set=LabelSet(labels={'app': 'app-b', 'role': 'backend'}), node=Node(name=worker-2)
Pod test-pod-90 already exists in the cluster.
Pod(name=test-pod-90, label_set=LabelSet(labels={'app': 'app-a', 'role': 'frontend'}), node=Node(name=worker-2)
Pod test-pod-69 already exists in the cluster.
Pod(name=test-pod-69, label_set=LabelSet(labels={'app': 'app-c', 'role': 'frontend'}), node=Node(name=worker-1)
Pod test-pod-88 already exists in the cluster.
Pod(name=test-pod-88, label_set=LabelSet(labels={'app': 'app-c', 'role': 'backend'}), node=Node(name=worker)
Pod test-pod-66 already exists in the cluster.
Pod(name=test-pod-66, label_set=LabelSet(labels={'app': 'app-b', 'role': 'frontend'}), node=Node(name=worker-2)
Pod test-pod-81 already exists in the cluster.
Pod(name=test-pod-81, label_set=LabelSet(labels={'app': 'app-a', 'role': 'frontend'}), node=Node(name=worker-1)
Pod test-pod-84 already exists in the cluster.
Pod(name=test-pod-84, label_set=LabelSet(labels={'app': 'app-b', 'role': 'frontend'}), node=Node(name=worker)
Pod test-pod-70 already exists in the cluster.
Pod(name=test-pod-70, label_set=LabelSet(labels={'app': 'app-c', 'role': 'backend'}), node=Node(name=worker-2)
Pod test-pod-55 already exists in the cluster.
Pod(name=test-pod-55, label_set=LabelSet(labels={'app': 'app-a', 'role': 'backend'}), node=Node(name=worker-1)
Pod test-pod-78 already exists in the cluster.
Pod(name=test-pod-78, label_set=LabelSet(labels={'app': 'app-c', 'role': 'frontend'}), node=Node(name=worker-1)
Pod test-pod-71 already exists in the cluster.
Pod(name=test-pod-71, label_set=LabelSet(labels={'app': 'app-c', 'role': 'database'}), node=Node(name=worker-2)
Pod test-pod-46 already exists in the cluster.
Pod(name=test-pod-46, label_set=LabelSet(labels={'app': 'app-a', 'role': 'backend'}), node=Node(name=worker-1)
Pod test-pod-85 already exists in the cluster.
Pod(name=test-pod-85, label_set=LabelSet(labels={'app': 'app-b', 'role': 'backend'}), node=Node(name=worker-2)
Pod test-pod-67 already exists in the cluster.
Pod(name=test-pod-67, label_set=LabelSet(labels={'app': 'app-b', 'role': 'backend'}), node=Node(name=worker-1)
Pod test-pod-56 already exists in the cluster.
Pod(name=test-pod-56, label_set=LabelSet(labels={'app': 'app-a', 'role': 'database'}), node=Node(name=worker-1)
Pod test-pod-82 already exists in the cluster.
Pod(name=test-pod-82, label_set=LabelSet(labels={'app': 'app-a', 'role': 'backend'}), node=Node(name=worker-2)
Pod test-pod-51 already exists in the cluster.
Pod(name=test-pod-51, label_set=LabelSet(labels={'app': 'app-c', 'role': 'frontend'}), node=Node(name=worker-2)
Pod test-pod-74 already exists in the cluster.
Pod(name=test-pod-74, label_set=LabelSet(labels={'app': 'app-a', 'role': 'database'}), node=Node(name=worker-1)
Pod test-pod-80 already exists in the cluster.
Pod(name=test-pod-80, label_set=LabelSet(labels={'app': 'app-c', 'role': 'database'}), node=Node(name=worker-2)
Pod test-pod-45 already exists in the cluster.
Pod(name=test-pod-45, label_set=LabelSet(labels={'app': 'app-a', 'role': 'frontend'}), node=Node(name=worker-1)
Pod test-pod-94 already exists in the cluster.
Pod(name=test-pod-94, label_set=LabelSet(labels={'app': 'app-b', 'role': 'backend'}), node=Node(name=worker-2)
Pod test-pod-77 already exists in the cluster.
Pod(name=test-pod-77, label_set=LabelSet(labels={'app': 'app-b', 'role': 'database'}), node=Node(name=worker-2)
Pod test-pod-86 already exists in the cluster.
Pod(name=test-pod-86, label_set=LabelSet(labels={'app': 'app-b', 'role': 'database'}), node=Node(name=worker-1)
Pod test-pod-72 already exists in the cluster.
Pod(name=test-pod-72, label_set=LabelSet(labels={'app': 'app-a', 'role': 'frontend'}), node=Node(name=worker-1)
Pod test-pod-96 already exists in the cluster.
Pod(name=test-pod-96, label_set=LabelSet(labels={'app': 'app-c', 'role': 'frontend'}), node=Node(name=worker-2)
Pod test-pod-65 already exists in the cluster.
Pod(name=test-pod-65, label_set=LabelSet(labels={'app': 'app-a', 'role': 'database'}), node=Node(name=worker-1)
Pod test-pod-83 already exists in the cluster.
Pod(name=test-pod-83, label_set=LabelSet(labels={'app': 'app-a', 'role': 'database'}), node=Node(name=worker-2)
Pod test-pod-73 already exists in the cluster.
Pod(name=test-pod-73, label_set=LabelSet(labels={'app': 'app-a', 'role': 'backend'}), node=Node(name=worker-1)
Pod test-pod-92 already exists in the cluster.
Pod(name=test-pod-92, label_set=LabelSet(labels={'app': 'app-a', 'role': 'database'}), node=Node(name=worker-1)
Pod test-pod-75 already exists in the cluster.
Pod(name=test-pod-75, label_set=LabelSet(labels={'app': 'app-b', 'role': 'frontend'}), node=Node(name=worker-1)
Pod test-pod-89 already exists in the cluster.
Pod(name=test-pod-89, label_set=LabelSet(labels={'app': 'app-c', 'role': 'database'}), node=Node(name=worker-1)
Pod test-pod-95 already exists in the cluster.
Pod(name=test-pod-95, label_set=LabelSet(labels={'app': 'app-b', 'role': 'database'}), node=Node(name=worker-1)
Pod test-pod-98 already exists in the cluster.
Pod(name=test-pod-98, label_set=LabelSet(labels={'app': 'app-c', 'role': 'database'}), node=Node(name=worker-1)
Pod test-pod-6 already exists in the cluster.
Pod(name=test-pod-6, label_set=LabelSet(labels={'app': 'app-c', 'role': 'frontend'}), node=Node(name=worker)
Pod test-pod-1 already exists in the cluster.
Pod(name=test-pod-1, label_set=LabelSet(labels={'app': 'app-a', 'role': 'backend'}), node=Node(name=worker)
Pod test-pod-7 already exists in the cluster.
Pod(name=test-pod-7, label_set=LabelSet(labels={'app': 'app-c', 'role': 'backend'}), node=Node(name=worker-2)
Pod test-pod-3 already exists in the cluster.
Pod(name=test-pod-3, label_set=LabelSet(labels={'app': 'app-b', 'role': 'frontend'}), node=Node(name=worker-2)
Pod test-pod-0 already exists in the cluster.
Pod(name=test-pod-0, label_set=LabelSet(labels={'app': 'app-a', 'role': 'frontend'}), node=Node(name=worker-1)
Pod test-pod-5 already exists in the cluster.
Pod(name=test-pod-5, label_set=LabelSet(labels={'app': 'app-b', 'role': 'database'}), node=Node(name=worker)
Pod test-pod-11 already exists in the cluster.
Pod(name=test-pod-11, label_set=LabelSet(labels={'app': 'app-a', 'role': 'database'}), node=Node(name=worker)
Pod test-pod-6 already exists in the cluster.
Pod(name=test-pod-6, label_set=LabelSet(labels={'app': 'app-c', 'role': 'frontend'}), node=Node(name=worker)
Pod test-pod-7 already exists in the cluster.
Pod(name=test-pod-7, label_set=LabelSet(labels={'app': 'app-c', 'role': 'backend'}), node=Node(name=worker-2)
Pod test-pod-2 already exists in the cluster.
Pod(name=test-pod-2, label_set=LabelSet(labels={'app': 'app-a', 'role': 'database'}), node=Node(name=worker-2)
Pod test-pod-8 already exists in the cluster.
Pod(name=test-pod-8, label_set=LabelSet(labels={'app': 'app-c', 'role': 'database'}), node=Node(name=worker-1)
Pod test-pod-4 already exists in the cluster.
Pod(name=test-pod-4, label_set=LabelSet(labels={'app': 'app-b', 'role': 'backend'}), node=Node(name=worker-1)
Pod test-pod-12 already exists in the cluster.
Pod(name=test-pod-12, label_set=LabelSet(labels={'app': 'app-b', 'role': 'frontend'}), node=Node(name=worker)
Pod test-pod-0 already exists in the cluster.
Pod(name=test-pod-0, label_set=LabelSet(labels={'app': 'app-a', 'role': 'frontend'}), node=Node(name=worker-1)
Pod test-pod-1 already exists in the cluster.
Pod(name=test-pod-1, label_set=LabelSet(labels={'app': 'app-a', 'role': 'backend'}), node=Node(name=worker)
Pod test-pod-9 already exists in the cluster.
Pod(name=test-pod-9, label_set=LabelSet(labels={'app': 'app-a', 'role': 'frontend'}), node=Node(name=worker-2)
Pod test-pod-13 already exists in the cluster.
Pod(name=test-pod-13, label_set=LabelSet(labels={'app': 'app-b', 'role': 'backend'}), node=Node(name=worker-2)
Pod test-pod-3 already exists in the cluster.
Pod(name=test-pod-3, label_set=LabelSet(labels={'app': 'app-b', 'role': 'frontend'}), node=Node(name=worker-2)
Pod test-pod-10 already exists in the cluster.
Pod(name=test-pod-10, label_set=LabelSet(labels={'app': 'app-a', 'role': 'backend'}), node=Node(name=worker-1)
Pod test-pod-8 already exists in the cluster.
Pod(name=test-pod-8, label_set=LabelSet(labels={'app': 'app-c', 'role': 'database'}), node=Node(name=worker-1)
Pod test-pod-5 already exists in the cluster.
Pod(name=test-pod-5, label_set=LabelSet(labels={'app': 'app-b', 'role': 'database'}), node=Node(name=worker)
Pod test-pod-16 already exists in the cluster.
Pod(name=test-pod-16, label_set=LabelSet(labels={'app': 'app-c', 'role': 'backend'}), node=Node(name=worker)
Pod test-pod-2 already exists in the cluster.
Pod(name=test-pod-2, label_set=LabelSet(labels={'app': 'app-a', 'role': 'database'}), node=Node(name=worker-2)
Pod test-pod-15 already exists in the cluster.
Pod(name=test-pod-15, label_set=LabelSet(labels={'app': 'app-c', 'role': 'frontend'}), node=Node(name=worker-2)
Pod test-pod-17 already exists in the cluster.
Pod(name=test-pod-17, label_set=LabelSet(labels={'app': 'app-c', 'role': 'database'}), node=Node(name=worker-1)
Pod test-pod-4 already exists in the cluster.
Pod(name=test-pod-4, label_set=LabelSet(labels={'app': 'app-b', 'role': 'backend'}), node=Node(name=worker-1)
Pod test-pod-22 already exists in the cluster.
Pod(name=test-pod-22, label_set=LabelSet(labels={'app': 'app-b', 'role': 'backend'}), node=Node(name=worker)
Pod test-pod-11 already exists in the cluster.
Pod(name=test-pod-11, label_set=LabelSet(labels={'app': 'app-a', 'role': 'database'}), node=Node(name=worker)
Pod test-pod-12 already exists in the cluster.
Pod(name=test-pod-12, label_set=LabelSet(labels={'app': 'app-b', 'role': 'frontend'}), node=Node(name=worker)
Pod test-pod-20 already exists in the cluster.
Pod(name=test-pod-20, label_set=LabelSet(labels={'app': 'app-a', 'role': 'database'}), node=Node(name=worker)
Pod test-pod-19 already exists in the cluster.
Pod(name=test-pod-19, label_set=LabelSet(labels={'app': 'app-a', 'role': 'backend'}), node=Node(name=worker-2)
Pod test-pod-9 already exists in the cluster.
Pod(name=test-pod-9, label_set=LabelSet(labels={'app': 'app-a', 'role': 'frontend'}), node=Node(name=worker-2)
Pod test-pod-17 already exists in the cluster.
Pod(name=test-pod-17, label_set=LabelSet(labels={'app': 'app-c', 'role': 'database'}), node=Node(name=worker-1)
Pod test-pod-14 already exists in the cluster.
Pod(name=test-pod-14, label_set=LabelSet(labels={'app': 'app-b', 'role': 'database'}), node=Node(name=worker-1)
Pod test-pod-18 already exists in the cluster.
Pod(name=test-pod-18, label_set=LabelSet(labels={'app': 'app-a', 'role': 'frontend'}), node=Node(name=worker-1)
Pod test-pod-10 already exists in the cluster.
Pod(name=test-pod-10, label_set=LabelSet(labels={'app': 'app-a', 'role': 'backend'}), node=Node(name=worker-1)
Pod test-pod-16 already exists in the cluster.
Pod(name=test-pod-16, label_set=LabelSet(labels={'app': 'app-c', 'role': 'backend'}), node=Node(name=worker)
Pod test-pod-24 already exists in the cluster.
Pod(name=test-pod-24, label_set=LabelSet(labels={'app': 'app-c', 'role': 'frontend'}), node=Node(name=worker)
Pod test-pod-35 already exists in the cluster.
Pod(name=test-pod-35, label_set=LabelSet(labels={'app': 'app-c', 'role': 'database'}), node=Node(name=worker-2)
Pod test-pod-23 already exists in the cluster.
Pod(name=test-pod-23, label_set=LabelSet(labels={'app': 'app-b', 'role': 'database'}), node=Node(name=worker-2)
Pod test-pod-13 already exists in the cluster.
Pod(name=test-pod-13, label_set=LabelSet(labels={'app': 'app-b', 'role': 'backend'}), node=Node(name=worker-2)
Pod test-pod-27 already exists in the cluster.
Pod(name=test-pod-27, label_set=LabelSet(labels={'app': 'app-a', 'role': 'frontend'}), node=Node(name=worker-1)
Pod test-pod-22 already exists in the cluster.
Pod(name=test-pod-22, label_set=LabelSet(labels={'app': 'app-b', 'role': 'backend'}), node=Node(name=worker)
Pod test-pod-14 already exists in the cluster.
Pod(name=test-pod-14, label_set=LabelSet(labels={'app': 'app-b', 'role': 'database'}), node=Node(name=worker-1)
Pod test-pod-29 already exists in the cluster.
Pod(name=test-pod-29, label_set=LabelSet(labels={'app': 'app-a', 'role': 'database'}), node=Node(name=worker)
Pod test-pod-20 already exists in the cluster.
Pod(name=test-pod-20, label_set=LabelSet(labels={'app': 'app-a', 'role': 'database'}), node=Node(name=worker)
Pod test-pod-36 already exists in the cluster.
Pod(name=test-pod-36, label_set=LabelSet(labels={'app': 'app-a', 'role': 'frontend'}), node=Node(name=worker)
Pod test-pod-32 already exists in the cluster.
Pod(name=test-pod-32, label_set=LabelSet(labels={'app': 'app-b', 'role': 'database'}), node=Node(name=worker-2)
Pod test-pod-15 already exists in the cluster.
Pod(name=test-pod-15, label_set=LabelSet(labels={'app': 'app-c', 'role': 'frontend'}), node=Node(name=worker-2)
Pod test-pod-18 already exists in the cluster.
Pod(name=test-pod-18, label_set=LabelSet(labels={'app': 'app-a', 'role': 'frontend'}), node=Node(name=worker-1)
Pod test-pod-30 already exists in the cluster.
Pod(name=test-pod-30, label_set=LabelSet(labels={'app': 'app-b', 'role': 'frontend'}), node=Node(name=worker-1)
Pod test-pod-33 already exists in the cluster.
Pod(name=test-pod-33, label_set=LabelSet(labels={'app': 'app-c', 'role': 'frontend'}), node=Node(name=worker)
Pod test-pod-24 already exists in the cluster.
Pod(name=test-pod-24, label_set=LabelSet(labels={'app': 'app-c', 'role': 'frontend'}), node=Node(name=worker)
Pod test-pod-35 already exists in the cluster.
Pod(name=test-pod-35, label_set=LabelSet(labels={'app': 'app-c', 'role': 'database'}), node=Node(name=worker-2)
Pod test-pod-28 already exists in the cluster.
Pod(name=test-pod-28, label_set=LabelSet(labels={'app': 'app-a', 'role': 'backend'}), node=Node(name=worker-2)
Pod test-pod-19 already exists in the cluster.
Pod(name=test-pod-19, label_set=LabelSet(labels={'app': 'app-a', 'role': 'backend'}), node=Node(name=worker-2)
Pod test-pod-34 already exists in the cluster.
Pod(name=test-pod-34, label_set=LabelSet(labels={'app': 'app-c', 'role': 'backend'}), node=Node(name=worker-1)
Pod test-pod-21 already exists in the cluster.
Pod(name=test-pod-21, label_set=LabelSet(labels={'app': 'app-b', 'role': 'frontend'}), node=Node(name=worker-1)
Pod test-pod-31 already exists in the cluster.
Pod(name=test-pod-31, label_set=LabelSet(labels={'app': 'app-b', 'role': 'backend'}), node=Node(name=worker)
Pod test-pod-27 already exists in the cluster.
Pod(name=test-pod-27, label_set=LabelSet(labels={'app': 'app-a', 'role': 'frontend'}), node=Node(name=worker-1)
Pod test-pod-29 already exists in the cluster.
Pod(name=test-pod-29, label_set=LabelSet(labels={'app': 'app-a', 'role': 'database'}), node=Node(name=worker)
Pod test-pod-23 already exists in the cluster.
Pod(name=test-pod-23, label_set=LabelSet(labels={'app': 'app-b', 'role': 'database'}), node=Node(name=worker-2)
Pod test-pod-26 already exists in the cluster.
Pod(name=test-pod-26, label_set=LabelSet(labels={'app': 'app-c', 'role': 'database'}), node=Node(name=worker-2)
Pod test-pod-34 already exists in the cluster.
Pod(name=test-pod-34, label_set=LabelSet(labels={'app': 'app-c', 'role': 'backend'}), node=Node(name=worker-1)
Pod test-pod-33 already exists in the cluster.
Pod(name=test-pod-33, label_set=LabelSet(labels={'app': 'app-c', 'role': 'frontend'}), node=Node(name=worker)
Pod test-pod-42 already exists in the cluster.
Pod(name=test-pod-42, label_set=LabelSet(labels={'app': 'app-c', 'role': 'frontend'}), node=Node(name=worker-1)
Pod test-pod-43 already exists in the cluster.
Pod(name=test-pod-43, label_set=LabelSet(labels={'app': 'app-c', 'role': 'backend'}), node=Node(name=worker)
Pod test-pod-30 already exists in the cluster.
Pod(name=test-pod-30, label_set=LabelSet(labels={'app': 'app-b', 'role': 'frontend'}), node=Node(name=worker-1)
Pod test-pod-36 already exists in the cluster.
Pod(name=test-pod-36, label_set=LabelSet(labels={'app': 'app-a', 'role': 'frontend'}), node=Node(name=worker)
Pod test-pod-58 already exists in the cluster.
Pod(name=test-pod-58, label_set=LabelSet(labels={'app': 'app-b', 'role': 'backend'}), node=Node(name=worker)
Pod test-pod-37 already exists in the cluster.
Pod(name=test-pod-37, label_set=LabelSet(labels={'app': 'app-a', 'role': 'backend'}), node=Node(name=worker-2)
Pod test-pod-32 already exists in the cluster.
Pod(name=test-pod-32, label_set=LabelSet(labels={'app': 'app-b', 'role': 'database'}), node=Node(name=worker-2)
Pod test-pod-54 already exists in the cluster.
Pod(name=test-pod-54, label_set=LabelSet(labels={'app': 'app-a', 'role': 'frontend'}), node=Node(name=worker-2)
Pod test-pod-50 already exists in the cluster.
Pod(name=test-pod-50, label_set=LabelSet(labels={'app': 'app-b', 'role': 'database'}), node=Node(name=worker-1)
Pod test-pod-21 already exists in the cluster.
Pod(name=test-pod-21, label_set=LabelSet(labels={'app': 'app-b', 'role': 'frontend'}), node=Node(name=worker-1)
Pod test-pod-57 already exists in the cluster.
Pod(name=test-pod-57, label_set=LabelSet(labels={'app': 'app-b', 'role': 'frontend'}), node=Node(name=worker)
Pod test-pod-31 already exists in the cluster.
Pod(name=test-pod-31, label_set=LabelSet(labels={'app': 'app-b', 'role': 'backend'}), node=Node(name=worker)
Pod test-pod-28 already exists in the cluster.
Pod(name=test-pod-28, label_set=LabelSet(labels={'app': 'app-a', 'role': 'backend'}), node=Node(name=worker-2)
Pod test-pod-26 already exists in the cluster.
Pod(name=test-pod-26, label_set=LabelSet(labels={'app': 'app-c', 'role': 'database'}), node=Node(name=worker-2)
Pod test-pod-41 already exists in the cluster.
Pod(name=test-pod-41, label_set=LabelSet(labels={'app': 'app-b', 'role': 'database'}), node=Node(name=worker-2)
Pod test-pod-47 already exists in the cluster.
Pod(name=test-pod-47, label_set=LabelSet(labels={'app': 'app-a', 'role': 'database'}), node=Node(name=worker)
Pod test-pod-39 already exists in the cluster.
Pod(name=test-pod-39, label_set=LabelSet(labels={'app': 'app-b', 'role': 'frontend'}), node=Node(name=worker-1)
Pod test-pod-58 already exists in the cluster.
Pod(name=test-pod-58, label_set=LabelSet(labels={'app': 'app-b', 'role': 'backend'}), node=Node(name=worker)
Pod test-pod-59 already exists in the cluster.
Pod(name=test-pod-59, label_set=LabelSet(labels={'app': 'app-b', 'role': 'database'}), node=Node(name=worker)
Pod test-pod-42 already exists in the cluster.
Pod(name=test-pod-42, label_set=LabelSet(labels={'app': 'app-c', 'role': 'frontend'}), node=Node(name=worker-1)
Pod test-pod-49 already exists in the cluster.
Pod(name=test-pod-49, label_set=LabelSet(labels={'app': 'app-b', 'role': 'backend'}), node=Node(name=worker-1)
Pod test-pod-37 already exists in the cluster.
Pod(name=test-pod-37, label_set=LabelSet(labels={'app': 'app-a', 'role': 'backend'}), node=Node(name=worker-2)
Pod test-pod-40 already exists in the cluster.
Pod(name=test-pod-40, label_set=LabelSet(labels={'app': 'app-b', 'role': 'backend'}), node=Node(name=worker-2)
Pod test-pod-43 already exists in the cluster.
Pod(name=test-pod-43, label_set=LabelSet(labels={'app': 'app-c', 'role': 'backend'}), node=Node(name=worker)
Pod test-pod-63 already exists in the cluster.
Pod(name=test-pod-63, label_set=LabelSet(labels={'app': 'app-a', 'role': 'frontend'}), node=Node(name=worker)
Pod test-pod-57 already exists in the cluster.
Pod(name=test-pod-57, label_set=LabelSet(labels={'app': 'app-b', 'role': 'frontend'}), node=Node(name=worker)
Pod test-pod-60 already exists in the cluster.
Pod(name=test-pod-60, label_set=LabelSet(labels={'app': 'app-c', 'role': 'frontend'}), node=Node(name=worker-1)
Pod test-pod-50 already exists in the cluster.
Pod(name=test-pod-50, label_set=LabelSet(labels={'app': 'app-b', 'role': 'database'}), node=Node(name=worker-1)
Pod test-pod-39 already exists in the cluster.
Pod(name=test-pod-39, label_set=LabelSet(labels={'app': 'app-b', 'role': 'frontend'}), node=Node(name=worker-1)
Pod test-pod-54 already exists in the cluster.
Pod(name=test-pod-54, label_set=LabelSet(labels={'app': 'app-a', 'role': 'frontend'}), node=Node(name=worker-2)
Pod test-pod-48 already exists in the cluster.
Pod(name=test-pod-48, label_set=LabelSet(labels={'app': 'app-b', 'role': 'frontend'}), node=Node(name=worker-2)
Pod test-pod-53 already exists in the cluster.
Pod(name=test-pod-53, label_set=LabelSet(labels={'app': 'app-c', 'role': 'database'}), node=Node(name=worker-2)
Pod test-pod-41 already exists in the cluster.
Pod(name=test-pod-41, label_set=LabelSet(labels={'app': 'app-b', 'role': 'database'}), node=Node(name=worker-2)
Pod test-pod-47 already exists in the cluster.
Pod(name=test-pod-47, label_set=LabelSet(labels={'app': 'app-a', 'role': 'database'}), node=Node(name=worker)
Pod test-pod-91 already exists in the cluster.
Pod(name=test-pod-91, label_set=LabelSet(labels={'app': 'app-a', 'role': 'backend'}), node=Node(name=worker)
Pod test-pod-61 already exists in the cluster.
Pod(name=test-pod-61, label_set=LabelSet(labels={'app': 'app-c', 'role': 'backend'}), node=Node(name=worker-1)
Pod test-pod-49 already exists in the cluster.
Pod(name=test-pod-49, label_set=LabelSet(labels={'app': 'app-b', 'role': 'backend'}), node=Node(name=worker-1)
Pod test-pod-93 already exists in the cluster.
Pod(name=test-pod-93, label_set=LabelSet(labels={'app': 'app-b', 'role': 'frontend'}), node=Node(name=worker-1)
Pod test-pod-62 already exists in the cluster.
Pod(name=test-pod-62, label_set=LabelSet(labels={'app': 'app-c', 'role': 'database'}), node=Node(name=worker-2)
Pod test-pod-59 already exists in the cluster.
Pod(name=test-pod-59, label_set=LabelSet(labels={'app': 'app-b', 'role': 'database'}), node=Node(name=worker)
Pod test-pod-68 already exists in the cluster.
Pod(name=test-pod-68, label_set=LabelSet(labels={'app': 'app-b', 'role': 'database'}), node=Node(name=worker)
Pod test-pod-97 already exists in the cluster.
Pod(name=test-pod-97, label_set=LabelSet(labels={'app': 'app-c', 'role': 'backend'}), node=Node(name=worker)
Pod test-pod-63 already exists in the cluster.
Pod(name=test-pod-63, label_set=LabelSet(labels={'app': 'app-a', 'role': 'frontend'}), node=Node(name=worker)
Pod test-pod-25 already exists in the cluster.
Pod(name=test-pod-25, label_set=LabelSet(labels={'app': 'app-c', 'role': 'backend'}), node=Node(name=worker-1)
Pod test-pod-60 already exists in the cluster.
Pod(name=test-pod-60, label_set=LabelSet(labels={'app': 'app-c', 'role': 'frontend'}), node=Node(name=worker-1)
Pod test-pod-40 already exists in the cluster.
Pod(name=test-pod-40, label_set=LabelSet(labels={'app': 'app-b', 'role': 'backend'}), node=Node(name=worker-2)
Pod test-pod-48 already exists in the cluster.
Pod(name=test-pod-48, label_set=LabelSet(labels={'app': 'app-b', 'role': 'frontend'}), node=Node(name=worker-2)
Pod test-pod-52 already exists in the cluster.
Pod(name=test-pod-52, label_set=LabelSet(labels={'app': 'app-c', 'role': 'backend'}), node=Node(name=worker-2)
Pod test-pod-87 already exists in the cluster.
Pod(name=test-pod-87, label_set=LabelSet(labels={'app': 'app-c', 'role': 'frontend'}), node=Node(name=worker)
Pod test-pod-91 already exists in the cluster.
Pod(name=test-pod-91, label_set=LabelSet(labels={'app': 'app-a', 'role': 'backend'}), node=Node(name=worker)
Pod test-pod-61 already exists in the cluster.
Pod(name=test-pod-61, label_set=LabelSet(labels={'app': 'app-c', 'role': 'backend'}), node=Node(name=worker-1)
Pod test-pod-93 already exists in the cluster.
Pod(name=test-pod-93, label_set=LabelSet(labels={'app': 'app-b', 'role': 'frontend'}), node=Node(name=worker-1)
Pod test-pod-64 already exists in the cluster.
Pod(name=test-pod-64, label_set=LabelSet(labels={'app': 'app-a', 'role': 'backend'}), node=Node(name=worker-1)
Pod test-pod-44 already exists in the cluster.
Pod(name=test-pod-44, label_set=LabelSet(labels={'app': 'app-c', 'role': 'database'}), node=Node(name=worker-2)
Pod test-pod-90 already exists in the cluster.
Pod(name=test-pod-90, label_set=LabelSet(labels={'app': 'app-a', 'role': 'frontend'}), node=Node(name=worker-2)
Pod test-pod-53 already exists in the cluster.
Pod(name=test-pod-53, label_set=LabelSet(labels={'app': 'app-c', 'role': 'database'}), node=Node(name=worker-2)
Pod test-pod-79 already exists in the cluster.
Pod(name=test-pod-79, label_set=LabelSet(labels={'app': 'app-c', 'role': 'backend'}), node=Node(name=worker)
Pod test-pod-97 already exists in the cluster.
Pod(name=test-pod-97, label_set=LabelSet(labels={'app': 'app-c', 'role': 'backend'}), node=Node(name=worker)
Pod test-pod-38 already exists in the cluster.
Pod(name=test-pod-38, label_set=LabelSet(labels={'app': 'app-a', 'role': 'database'}), node=Node(name=worker-1)
Pod test-pod-25 already exists in the cluster.
Pod(name=test-pod-25, label_set=LabelSet(labels={'app': 'app-c', 'role': 'backend'}), node=Node(name=worker-1)
Pod test-pod-76 already exists in the cluster.
Pod(name=test-pod-76, label_set=LabelSet(labels={'app': 'app-b', 'role': 'backend'}), node=Node(name=worker-2)
Pod test-pod-62 already exists in the cluster.
Pod(name=test-pod-62, label_set=LabelSet(labels={'app': 'app-c', 'role': 'database'}), node=Node(name=worker-2)
Pod test-pod-88 already exists in the cluster.
Pod(name=test-pod-88, label_set=LabelSet(labels={'app': 'app-c', 'role': 'backend'}), node=Node(name=worker)
Pod test-pod-68 already exists in the cluster.
Pod(name=test-pod-68, label_set=LabelSet(labels={'app': 'app-b', 'role': 'database'}), node=Node(name=worker)
Pod test-pod-87 already exists in the cluster.
Pod(name=test-pod-87, label_set=LabelSet(labels={'app': 'app-c', 'role': 'frontend'}), node=Node(name=worker)
Pod test-pod-84 already exists in the cluster.
Pod(name=test-pod-84, label_set=LabelSet(labels={'app': 'app-b', 'role': 'frontend'}), node=Node(name=worker)
Pod test-pod-38 already exists in the cluster.
Pod(name=test-pod-38, label_set=LabelSet(labels={'app': 'app-a', 'role': 'database'}), node=Node(name=worker-1)
Pod test-pod-64 already exists in the cluster.
Pod(name=test-pod-64, label_set=LabelSet(labels={'app': 'app-a', 'role': 'backend'}), node=Node(name=worker-1)
Pod test-pod-81 already exists in the cluster.
Pod(name=test-pod-81, label_set=LabelSet(labels={'app': 'app-a', 'role': 'frontend'}), node=Node(name=worker-1)
Pod test-pod-69 already exists in the cluster.
Pod(name=test-pod-69, label_set=LabelSet(labels={'app': 'app-c', 'role': 'frontend'}), node=Node(name=worker-1)
Pod test-pod-66 already exists in the cluster.
Pod(name=test-pod-66, label_set=LabelSet(labels={'app': 'app-b', 'role': 'frontend'}), node=Node(name=worker-2)
Pod test-pod-44 already exists in the cluster.
Pod(name=test-pod-44, label_set=LabelSet(labels={'app': 'app-c', 'role': 'database'}), node=Node(name=worker-2)
Pod test-pod-52 already exists in the cluster.
Pod(name=test-pod-52, label_set=LabelSet(labels={'app': 'app-c', 'role': 'backend'}), node=Node(name=worker-2)
Pod test-pod-79 already exists in the cluster.
Pod(name=test-pod-79, label_set=LabelSet(labels={'app': 'app-c', 'role': 'backend'}), node=Node(name=worker)
Pod test-pod-55 already exists in the cluster.
Pod(name=test-pod-55, label_set=LabelSet(labels={'app': 'app-a', 'role': 'backend'}), node=Node(name=worker-1)
Pod test-pod-69 already exists in the cluster.
Pod(name=test-pod-69, label_set=LabelSet(labels={'app': 'app-c', 'role': 'frontend'}), node=Node(name=worker-1)
Pod test-pod-70 already exists in the cluster.
Pod(name=test-pod-70, label_set=LabelSet(labels={'app': 'app-c', 'role': 'backend'}), node=Node(name=worker-2)
Pod test-pod-90 already exists in the cluster.
Pod(name=test-pod-90, label_set=LabelSet(labels={'app': 'app-a', 'role': 'frontend'}), node=Node(name=worker-2)
Pod test-pod-71 already exists in the cluster.
Pod(name=test-pod-71, label_set=LabelSet(labels={'app': 'app-c', 'role': 'database'}), node=Node(name=worker-2)
Pod test-pod-88 already exists in the cluster.
Pod(name=test-pod-88, label_set=LabelSet(labels={'app': 'app-c', 'role': 'backend'}), node=Node(name=worker)
Pod test-pod-78 already exists in the cluster.
Pod(name=test-pod-78, label_set=LabelSet(labels={'app': 'app-c', 'role': 'frontend'}), node=Node(name=worker-1)
Pod test-pod-46 already exists in the cluster.
Pod(name=test-pod-46, label_set=LabelSet(labels={'app': 'app-a', 'role': 'backend'}), node=Node(name=worker-1)
Pod test-pod-81 already exists in the cluster.
Pod(name=test-pod-81, label_set=LabelSet(labels={'app': 'app-a', 'role': 'frontend'}), node=Node(name=worker-1)
Pod test-pod-76 already exists in the cluster.
Pod(name=test-pod-76, label_set=LabelSet(labels={'app': 'app-b', 'role': 'backend'}), node=Node(name=worker-2)
Pod test-pod-85 already exists in the cluster.
Pod(name=test-pod-85, label_set=LabelSet(labels={'app': 'app-b', 'role': 'backend'}), node=Node(name=worker-2)
Pod test-pod-84 already exists in the cluster.
Pod(name=test-pod-84, label_set=LabelSet(labels={'app': 'app-b', 'role': 'frontend'}), node=Node(name=worker)
Pod test-pod-67 already exists in the cluster.
Pod(name=test-pod-67, label_set=LabelSet(labels={'app': 'app-b', 'role': 'backend'}), node=Node(name=worker-1)
Pod test-pod-55 already exists in the cluster.
Pod(name=test-pod-55, label_set=LabelSet(labels={'app': 'app-a', 'role': 'backend'}), node=Node(name=worker-1)
Pod test-pod-82 already exists in the cluster.
Pod(name=test-pod-82, label_set=LabelSet(labels={'app': 'app-a', 'role': 'backend'}), node=Node(name=worker-2)
Pod test-pod-66 already exists in the cluster.
Pod(name=test-pod-66, label_set=LabelSet(labels={'app': 'app-b', 'role': 'frontend'}), node=Node(name=worker-2)
Pod test-pod-78 already exists in the cluster.
Pod(name=test-pod-78, label_set=LabelSet(labels={'app': 'app-c', 'role': 'frontend'}), node=Node(name=worker-1)
Pod test-pod-56 already exists in the cluster.
